                      :-) GROMACS - gmx mdrun, 2026.1 (-:

Copyright 1991-2026 The GROMACS Authors.
GROMACS is free software; you can redistribute it and/or modify it
under the terms of the GNU Lesser General Public License
as published by the Free Software Foundation; either version 2.1
of the License, or (at your option) any later version.

                         Current GROMACS contributors:
       Mark Abraham           Andrey Alekseenko           Brian Andrews       
        Paul Bauer              Cathrine Bergh              Hugh Bird         
      Eliane Briand               Ania Brown                Yiqi Chen         
      Mahesh Doijade            Giacomo Fiorin          Stefan Fleischmann    
      Sergey Gorelov         Gilles Gouaillardet            Alan Gray         
   Farzaneh Jalalypour         Petter Johansson          Carsten Kutzner      
    Grzegorz Łazarski         Justin A. Lemkul          Magnus Lundborg      
        Julio Maia               Pascal Merz             Vedran Miletić      
      Dmitry Morozov           Lukas Müllender           Szilárd Páll      
 Andrea Pasquadibisceglie     Michele Pellegrino         Nicola Piasentin     
     Daniele Rapetti         Muhammad Umair Sadiq         Hubert Santuz       
      Michael Shirts           Tatiana Shugaeva          Alexey Shvetsov      
     Bálint Soproni            Philip Turner            Alessandra Villa     
        Yang Zhang        

                         Previous GROMACS contributors:
        Emile Apol             Rossen Apostolov           James Barnett       
      Vladimir Basov        Herman J.C. Berendsen          Par Bjelkmar       
      Christian Blau          Viacheslav Bolnykh            Kevin Boyd        
    Aldert van Buuren          Carlo Camilloni           Rudi van Drunen      
      Anton Feenstra           Oliver Fleetwood            Vytas Gapsys       
       Gaurav Garg             Gerrit Groenhof            Bert de Groot       
      Anca Hamuraru           Vincent Hindriksen          Victor Holanda      
     M. Eric Irrgang           Aleksei Iupinov              Joe Jordan        
    Christoph Junghans        Prashanth Kanduri        Dimitrios Karkoulis    
       Peter Kasson             Sebastian Kehl           Sebastian Keller     
        Jiri Kraus               Per Larsson              Viveca Lindahl      
      Erik Marklund           Pieter Meulenhoff           Teemu Murtola       
       Julien Nabet              Sander Pronk             Roland Schulz       
      Alfons Sijbers         David van der Spoel          Peter Tieleman      
      Carsten Uphoff             Jon Vincent             Teemu Virolainen     
    Christian Wennberg     Sebastian Wingbermühle         Maarten Wolf       
      Artem Zhmurov       

                  Coordinated by the GROMACS project leaders:
                           Berk Hess and Erik Lindahl

GROMACS:      gmx mdrun, version 2026.1
Executable:   /projects/u6sp/software-aarch64/gromacs-2026.1-mpi/bin/gmx_mpi
Data prefix:  /projects/u6sp/software-aarch64/gromacs-2026.1-mpi
Working dir:  /lus/lfs1aip2/scratch/u6sp/hpcuser.u6sp/md_cdk2_38651/EDS00480994_rep1
Process ID:   44218
Command line:
  gmx_mpi mdrun -v -deffnm md -ntomp 8 -nb gpu -pme gpu

GROMACS version:     2026.1
Precision:           mixed
Memory model:        64 bit
MPI library:         MPI (GPU-aware: CUDA)
MPI version:         Open MPI v4.1.7, package: Open MPI root@login41 Distribution, ident: 4.1.7, repo rev: v4.1.7, Oct 31, 2024
OpenMP support:      enabled (GMX_OPENMP_MAX_THREADS = 128)
GPU support:         CUDA
NBNxM GPU setup:     super-cluster 2x2x2 / cluster 8 (cluster-pair splitting on)
SIMD instructions:   ARM_SVE
CPU FFT library:     fftw-3.3.10
GPU FFT library:     cuFFT
Multi-GPU FFT:       none
TNG support:         enabled
Hwloc support:       disabled
Tracing support:     disabled
Colvars support:     enabled (version 2025-10-13)
CP2K support:        disabled
Torch support:       disabled
Plumed support:      enabled
C compiler:          /opt/cray/pe/gcc-native/13/bin/gcc GNU 13.3.1
C compiler flags:    -fexcess-precision=fast -funroll-all-loops -march=armv8.2-a+sve -msve-vector-bits=128 -Wno-missing-field-initializers -O3 -DNDEBUG
C++ compiler:        /opt/cray/pe/gcc-native/13/bin/g++ GNU 13.3.1
C++ compiler flags:  -fexcess-precision=fast -funroll-all-loops -march=armv8.2-a+sve -msve-vector-bits=128 -Wno-missing-field-initializers -Wno-stringop-truncation -Wno-old-style-cast -Wno-cast-qual -Wno-suggest-override -Wno-suggest-destructor-override -Wno-zero-as-null-pointer-constant -Wno-cast-function-type-strict SHELL:-fopenmp -O3 -DNDEBUG
BLAS library:        Internal
LAPACK library:      Internal
CUDA compiler:       /opt/nvidia/hpc_sdk/Linux_aarch64/24.11/cuda/12.6/bin/nvcc (NVIDIA 12.6.77)
CUDA compiler flags:  -D_FORCE_INLINES -O3 -DNDEBUG -use_fast_math -Xptxas=-warn-double-usage -Xptxas=-Werror -diag-suppress=177 -O3 -DNDEBUG
CUDA targets:        50;52-real;60-real;61-real;70-real;75-real;80-real;86-real;89-real;90
CUDA driver:         12.70
CUDA runtime:        12.60
NVSHMEM:             disabled


Running on 1 node with total 72 cores, 72 processing units, 1 compatible GPU
Hardware detected on host nid010503 (the node of MPI rank 0):
  CPU info:
    Vendor: ARM
    Brand:  0xd4f
    Family: 8   Model: 0   Stepping: 0
    Features: neon neon_asimd sve
  Hardware topology: Basic
    Packages, cores, and logical processors:
    [indices refer to OS logical processors]
      Package 285212672: [  72] [  73] [  74] [  75] [  76] [  77] [  78] [  79] [  80] [  81] [  82] [  83] [  84] [  85] [  86] [  87] [  88] [  89] [  90] [  91] [  92] [  93] [  94] [  95] [  96] [  97] [  98] [  99] [ 100] [ 101] [ 102] [ 103] [ 104] [ 105] [ 106] [ 107] [ 108] [ 109] [ 110] [ 111] [ 112] [ 113] [ 114] [ 115] [ 116] [ 117] [ 118] [ 119] [ 120] [ 121] [ 122] [ 123] [ 124] [ 125] [ 126] [ 127] [ 128] [ 129] [ 130] [ 131] [ 132] [ 133] [ 134] [ 135] [ 136] [ 137] [ 138] [ 139] [ 140] [ 141] [ 142] [ 143]
    CPU limit set by OS: -1   Recommended max number of threads: 72
  GPU info:
    Number of GPUs detected: 1
    #0: NVIDIA NVIDIA GH200 120GB, compute cap.: 9.0, ECC: yes, stat: compatible

There are multiple SIMD instruction sets that are supported by all nodes but
the best cannot be determined. Check the install guide SIMD Support section
for recommendations for your particular case.
SIMD instructions selected at compile time: ARM_SVE

++++ PLEASE READ AND CITE THE FOLLOWING REFERENCE ++++
M. J. Abraham, T. Murtola, R. Schulz, S. Páll, J. C. Smith, B. Hess, E.
Lindahl
GROMACS: High performance molecular simulations through multi-level
parallelism from laptops to supercomputers
SoftwareX (2015)
https://doi.org/10.1016/j.softx.2015.06.001
-------- -------- --- Thank You --- -------- --------


++++ PLEASE READ AND CITE THE FOLLOWING REFERENCE ++++
S. Páll, M. J. Abraham, C. Kutzner, B. Hess, E. Lindahl
Tackling Exascale Software Challenges in Molecular Dynamics Simulations with
GROMACS
In S. Markidis & E. Laure (Eds.), Solving Software Challenges for Exascale (2015)
https://doi.org/10.1007/978-3-319-15976-8_1
-------- -------- --- Thank You --- -------- --------


++++ PLEASE READ AND CITE THE FOLLOWING REFERENCE ++++
S. Pronk, S. Páll, R. Schulz, P. Larsson, P. Bjelkmar, R. Apostolov, M. R.
Shirts, J. C. Smith, P. M. Kasson, D. van der Spoel, B. Hess, E. Lindahl
GROMACS 4.5: a high-throughput and highly parallel open source molecular
simulation toolkit
Bioinformatics (2013)
https://doi.org/10.1093/bioinformatics/btt055
-------- -------- --- Thank You --- -------- --------


++++ PLEASE READ AND CITE THE FOLLOWING REFERENCE ++++
B. Hess, C. Kutzner, D. van der Spoel, E. Lindahl
GROMACS 4: Algorithms for highly efficient, load-balanced, and scalable
molecular simulation
J. Chem. Theory Comput. (2008)
https://doi.org/10.1021/ct700301q
-------- -------- --- Thank You --- -------- --------


++++ PLEASE READ AND CITE THE FOLLOWING REFERENCE ++++
D. van der Spoel, E. Lindahl, B. Hess, G. Groenhof, A. E. Mark, H. J. C.
Berendsen
GROMACS: Fast, Flexible and Free
J. Comp. Chem. (2005)
https://doi.org/10.1002/jcc.20291
-------- -------- --- Thank You --- -------- --------


++++ PLEASE READ AND CITE THE FOLLOWING REFERENCE ++++
E. Lindahl, B. Hess, D. van der Spoel
GROMACS 3.0: A package for molecular simulation and trajectory analysis
J. Mol. Mod. (2001)
https://doi.org/10.1007/s008940100045
-------- -------- --- Thank You --- -------- --------


++++ PLEASE READ AND CITE THE FOLLOWING REFERENCE ++++
H. J. C. Berendsen, D. van der Spoel and R. van Drunen
GROMACS: A message-passing parallel molecular dynamics implementation
Comp. Phys. Comm. (1995)
https://doi.org/10.1016/0010-4655(95)00042-E
-------- -------- --- Thank You --- -------- --------


++++ PLEASE CITE THE DOI FOR THIS VERSION OF GROMACS ++++
https://doi.org/10.5281/zenodo.18887033
-------- -------- --- Thank You --- -------- --------

Input Parameters:
   integrator                     = md
   tinit                          = 0
   dt                             = 0.002
   nsteps                         = 5000000
   init-step                      = 0
   simulation-part                = 1
   mts                            = false
   mass-repartition-factor        = 1
   comm-mode                      = Linear
   nstcomm                        = 100
   bd-fric                        = 0
   ld-seed                        = -3157067
   emtol                          = 10
   emstep                         = 0.01
   niter                          = 20
   fcstep                         = 0
   nstcgsteep                     = 1000
   nbfgscorr                      = 10
   rtpi                           = 0.05
   nstxout                        = 0
   nstvout                        = 0
   nstfout                        = 0
   nstlog                         = 5000
   nstcalcenergy                  = 100
   nstenergy                      = 5000
   nstxout-compressed             = 5000
   compressed-x-precision         = 1000
   cutoff-scheme                  = Verlet
   nstlist                        = 10
   pbc                            = xyz
   periodic-molecules             = false
   verlet-buffer-tolerance        = 0.005
   verlet-buffer-pressure-tolerance = 0.5
   rlist                          = 1
   coulombtype                    = PME
   coulomb-modifier               = Potential-shift
   rcoulomb-switch                = 0
   rcoulomb                       = 1
   epsilon-r                      = 1
   epsilon-rf                     = inf
   vdw-type                       = Cut-off
   vdw-modifier                   = Potential-shift
   rvdw-switch                    = 0
   rvdw                           = 1
   DispCorr                       = No
   table-extension                = 1
   fourierspacing                 = 0.12
   fourier-nx                     = 96
   fourier-ny                     = 96
   fourier-nz                     = 96
   pme-order                      = 4
   ewald-rtol                     = 1e-05
   ewald-rtol-lj                  = 0.001
   lj-pme-comb-rule               = Geometric
   ewald-geometry                 = 3d
   epsilon-surface                = 0
   ensemble-temperature-setting   = constant
   ensemble-temperature           = 300
   tcoupl                         = V-rescale
   nsttcouple                     = 10
   nh-chain-length                = 0
   print-nose-hoover-chain-variables = false
   pcoupl                         = Parrinello-Rahman
   pcoupltype                     = Isotropic
   nstpcouple                     = 5
   tau-p                          = 2
   compressibility (3x3):
      compressibility[    0]={ 4.50000e-05,  0.00000e+00,  0.00000e+00}
      compressibility[    1]={ 0.00000e+00,  4.50000e-05,  0.00000e+00}
      compressibility[    2]={ 0.00000e+00,  0.00000e+00,  4.50000e-05}
   ref-p (3x3):
      ref-p[    0]={ 1.00000e+00,  0.00000e+00,  0.00000e+00}
      ref-p[    1]={ 0.00000e+00,  1.00000e+00,  0.00000e+00}
      ref-p[    2]={ 0.00000e+00,  0.00000e+00,  1.00000e+00}
   refcoord-scaling               = No
   posres-com: not available
   posres-comB: not available
   QMMM                           = false
qm-opts:
   ngQM                           = 0
   constraint-algorithm           = Lincs
   continuation                   = true
   Shake-SOR                      = false
   shake-tol                      = 0.0001
   lincs-order                    = 4
   lincs-iter                     = 1
   lincs-warnangle                = 30
   nwall                          = 0
   wall-type                      = 9-3
   wall-r-linpot                  = -1
   wall-atomtype[0]               = -1
   wall-atomtype[1]               = -1
   wall-density[0]                = 0
   wall-density[1]                = 0
   wall-ewald-zfac                = 3
   pull                           = false
   awh                            = false
   rotation                       = false
   interactiveMD                  = false
   disre                          = No
   disre-weighting                = Conservative
   disre-mixed                    = false
   dr-fc                          = 1000
   dr-tau                         = 0
   nstdisreout                    = 100
   orire-fc                       = 0
   orire-tau                      = 0
   nstorireout                    = 100
   free-energy                    = no
   cos-acceleration               = 0
   deform (3x3):
      deform[    0]={ 0.00000e+00,  0.00000e+00,  0.00000e+00}
      deform[    1]={ 0.00000e+00,  0.00000e+00,  0.00000e+00}
      deform[    2]={ 0.00000e+00,  0.00000e+00,  0.00000e+00}
   simulated-tempering            = false
   swapcoords                     = no
   userint1                       = 0
   userint2                       = 0
   userint3                       = 0
   userint4                       = 0
   userreal1                      = 0
   userreal2                      = 0
   userreal3                      = 0
   userreal4                      = 0
   applied-forces:
     electric-field:
       x:
         E0                       = 0
         omega                    = 0
         t0                       = 0
         sigma                    = 0
       y:
         E0                       = 0
         omega                    = 0
         t0                       = 0
         sigma                    = 0
       z:
         E0                       = 0
         omega                    = 0
         t0                       = 0
         sigma                    = 0
     density-guided-simulation:
       active                     = false
       group                      = protein
       similarity-measure         = inner-product
       atom-spreading-weight      = unity
       force-constant             = 1e+09
       gaussian-transform-spreading-width = 0.2
       gaussian-transform-spreading-range-in-multiples-of-width = 4
       reference-density-filename = reference.mrc
       nst                        = 1
       normalize-densities        = true
       adaptive-force-scaling     = false
       adaptive-force-scaling-time-constant = 4
       shift-vector               = 
       transformation-matrix      = 
     qmmm-cp2k:
       active                     = false
       qmgroup                    = System
       qmmethod                   = PBE
       qmfilenames                = 
       qmcharge                   = 0
       qmmultiplicity             = 1
     colvars:
       active                     = false
       configfile                 = 
       seed                       = -1
     nnpot:
       active                     = false
       modelfile                  = model.pt
       input-group                = System
       link-type                  = H
       link-distance              = 0.1
       pair-cutoff                = 0
       embedding                  = mechanical
       nnp-charge                 = 0
       model-input1               = 
       model-input2               = 
       model-input3               = 
       model-input4               = 
       model-input5               = 
       model-input6               = 
       model-input7               = 
       model-input8               = 
       model-input9               = 
   fast-multipole-method:
     fmm:
       backend                    = inactive
       exafmm-order               = 6
       exafmm-direct-range        = 2
       exafmm-direct-provider     = GROMACS
       exafmm-tree-type           = uniform
       exafmm-tree-depth          = 0
       exafmm-max-particles-per-cell = 0
       fmsolvr-order              = 8
       fmsolvr-direct-range       = 1
       fmsolvr-direct-provider    = FMM
       fmsolvr-dipole-compensation = true
       fmsolvr-tree-depth         = 3
       fmsolvr-sparse             = false
grpopts:
   nrdf:     23057.6      157872
   ref-t:         300         300
   tau-t:         0.1         0.1
annealing:          No          No
annealing-npoints:           0           0
   acc:	           0           0           0
   nfreeze:           N           N           N
   energygrp-flags[  0]: 0

Changing nstlist from 10 to 100, rlist from 1 to 1.176

Update groups can not be used for this system because atoms that are (in)directly constrained together are interdispersed with other atoms

GPU-aware MPI detected, enabling direct GPU communication. If GROMACS crashes at the beginning of the run, try fixing your MPI installation, or set the GMX_DISABLE_DIRECT_GPU_COMM environment variable as a workaround.

Local state does not use filler particles

1 GPU selected for this run.
Mapping of GPU IDs to the 2 GPU tasks in the 1 rank on this node:
  PP:0,PME:0
PP tasks will do non-perturbed short-ranged interactions on the GPU
PP task will update and constrain coordinates on the GPU
PME tasks will do all aspects on the GPU
Using 1 MPI process

Non-default thread affinity set, disabling internal thread affinity

Using 8 OpenMP threads 

System total charge: 0.000
Will do PME sum in reciprocal space for electrostatic interactions.

++++ PLEASE READ AND CITE THE FOLLOWING REFERENCE ++++
U. Essmann, L. Perera, M. L. Berkowitz, T. Darden, H. Lee, L. G. Pedersen 
A smooth particle mesh Ewald method
J. Chem. Phys. (1995)
https://doi.org/10.1063/1.470117
-------- -------- --- Thank You --- -------- --------

Using a Gaussian width (1/beta) of 0.320163 nm for Ewald
Potential shift: LJ r^-12: -1.000e+00 r^-6: -1.000e+00, Ewald -1.000e-05
Initialized non-bonded Coulomb Ewald tables, spacing: 9.33e-04 size: 1073

Generated table with 1088 data points for 1-4 COUL.
Tabscale = 500 points/nm
Generated table with 1088 data points for 1-4 LJ6.
Tabscale = 500 points/nm
Generated table with 1088 data points for 1-4 LJ12.
Tabscale = 500 points/nm


Using GPU 8x4 nonbonded short-range kernels

NBNxM GPU setup: super-cluster 2x2x2

Using a dual 8x4 pair-list setup updated with dynamic, rolling pruning:
  outer list: updated every 100 steps, buffer 0.176 nm, rlist 1.176 nm
  inner list: updated every   8 steps, buffer 0.001 nm, rlist 1.001 nm
At tolerance 0.005 kJ/mol/ps per atom, equivalent classical 1x1 list would be:
  outer list: updated every 100 steps, buffer 0.305 nm, rlist 1.305 nm
  inner list: updated every   8 steps, buffer 0.029 nm, rlist 1.029 nm

The average pressure is off by at most 0.56 bar due to missing LJ interactions

Using Lorentz-Berthelot Lennard-Jones combination rule

Initializing LINear Constraint Solver

++++ PLEASE READ AND CITE THE FOLLOWING REFERENCE ++++
B. Hess, H. Bekker, H. J. C. Berendsen, J. G. E. M. Fraaije
LINCS: A Linear Constraint Solver for molecular simulations
J. Comp. Chem. (1997)
https://doi.org/10.1002/(sici)1096-987x(199709)18:12<1463::aid-jcc4>3.0.co;2-h
-------- -------- --- Thank You --- -------- --------

The number of constraints is 4677

++++ PLEASE READ AND CITE THE FOLLOWING REFERENCE ++++
S. Miyamoto, P. A. Kollman
SETTLE: An Analytical Version of the SHAKE and RATTLE Algorithms for Rigid
Water Models
J. Comp. Chem. (1992)
https://doi.org/10.1002/jcc.540130805
-------- -------- --- Thank You --- -------- --------


++++ PLEASE READ AND CITE THE FOLLOWING REFERENCE ++++
G. Bussi, D. Donadio, M. Parrinello
Canonical sampling through velocity rescaling
J. Chem. Phys. (2007)
https://doi.org/10.1063/1.2408420
-------- -------- --- Thank You --- -------- --------

There are: 88070 Atoms

Updating coordinates and applying constraints on the GPU.
Center of mass motion removal mode is Linear
We have the following groups for center of mass motion removal:
  0:  rest

Started mdrun on rank 0 Sat Sep 12 23:35:11 2026

           Step           Time
              0        0.00000

   Energies (kJ/mol)
           Bond          Angle    Proper Dih. Per. Imp. Dih.          LJ-14
    7.17415e+03    1.89959e+04    2.98850e+04    1.19319e+03    9.23445e+03
     Coulomb-14        LJ (SR)   Coulomb (SR)   Coul. recip.      Potential
    1.00521e+05    1.48341e+05   -1.48439e+06    8.75967e+03   -1.16029e+06
    Kinetic En.   Total Energy  Conserved En.    Temperature Pressure (bar)
    2.25012e+05   -9.35279e+05   -9.35225e+05    2.99151e+02    1.52130e+02
   Constr. rmsd
    0.00000e+00

           Step           Time
           5000       10.00000

   Energies (kJ/mol)
           Bond          Angle    Proper Dih. Per. Imp. Dih.          LJ-14
    6.98280e+03    1.99639e+04    2.95340e+04    1.16247e+03    9.12062e+03
     Coulomb-14        LJ (SR)   Coulomb (SR)   Coul. recip.      Potential
    1.00237e+05    1.47155e+05   -1.48370e+06    8.80021e+03   -1.16075e+06
    Kinetic En.   Total Energy  Conserved En.    Temperature Pressure (bar)
    2.25787e+05   -9.34962e+05   -9.35222e+05    3.00182e+02    6.12465e+01
   Constr. rmsd
    0.00000e+00

           Step           Time
          10000       20.00000

   Energies (kJ/mol)
           Bond          Angle    Proper Dih. Per. Imp. Dih.          LJ-14
    7.17114e+03    2.01027e+04    2.96793e+04    1.13031e+03    9.07196e+03
     Coulomb-14        LJ (SR)   Coulomb (SR)   Coul. recip.      Potential
    1.00298e+05    1.46289e+05   -1.47859e+06    8.68164e+03   -1.15616e+06
    Kinetic En.   Total Energy  Conserved En.    Temperature Pressure (bar)
    2.25833e+05   -9.30331e+05   -9.35199e+05    3.00243e+02   -5.22743e+01
   Constr. rmsd
    0.00000e+00


step 12800: timed with pme grid 96 96 96, coulomb cutoff 1.000: 39.2 M-cycles
step 13000: timed with pme grid 80 80 80, coulomb cutoff 1.124: 39.6 M-cycles
step 13200: timed with pme grid 72 72 72, coulomb cutoff 1.249: 44.5 M-cycles
step 13400: timed with pme grid 80 80 80, coulomb cutoff 1.124: 39.7 M-cycles
step 13600: timed with pme grid 84 84 84, coulomb cutoff 1.070: 39.3 M-cycles
step 13800: timed with pme grid 96 96 96, coulomb cutoff 1.000: 39.3 M-cycles
              optimal pme grid 96 96 96, coulomb cutoff 1.000
           Step           Time
          15000       30.00000

   Energies (kJ/mol)
           Bond          Angle    Proper Dih. Per. Imp. Dih.          LJ-14
    7.12658e+03    1.98045e+04    2.94008e+04    1.09547e+03    9.15591e+03
     Coulomb-14        LJ (SR)   Coulomb (SR)   Coul. recip.      Potential
    1.00414e+05    1.46402e+05   -1.47864e+06    8.77171e+03   -1.15647e+06
    Kinetic En.   Total Energy  Conserved En.    Temperature Pressure (bar)
    2.24649e+05   -9.31818e+05   -9.35142e+05    2.98669e+02    2.15848e+00
   Constr. rmsd
    0.00000e+00

           Step           Time
          20000       40.00000

   Energies (kJ/mol)
           Bond          Angle    Proper Dih. Per. Imp. Dih.          LJ-14
    7.17672e+03    1.97347e+04    2.96694e+04    1.10079e+03    9.08739e+03
     Coulomb-14        LJ (SR)   Coulomb (SR)   Coul. recip.      Potential
    1.00116e+05    1.47759e+05   -1.48210e+06    8.80281e+03   -1.15865e+06
    Kinetic En.   Total Energy  Conserved En.    Temperature Pressure (bar)
    2.25372e+05   -9.33283e+05   -9.35191e+05    2.99630e+02    1.99899e+01
   Constr. rmsd
    0.00000e+00

           Step           Time
          25000       50.00000

   Energies (kJ/mol)
           Bond          Angle    Proper Dih. Per. Imp. Dih.          LJ-14
    7.06738e+03    1.98132e+04    2.98310e+04    1.15686e+03    9.23624e+03
     Coulomb-14        LJ (SR)   Coulomb (SR)   Coul. recip.      Potential
    1.00429e+05    1.47176e+05   -1.48135e+06    8.57285e+03   -1.15807e+06
    Kinetic En.   Total Energy  Conserved En.    Temperature Pressure (bar)
    2.25594e+05   -9.32476e+05   -9.35123e+05    2.99926e+02    1.54694e+02
   Constr. rmsd
    0.00000e+00

           Step           Time
          30000       60.00000

   Energies (kJ/mol)
           Bond          Angle    Proper Dih. Per. Imp. Dih.          LJ-14
    7.21109e+03    1.98921e+04    2.96277e+04    1.16611e+03    9.10907e+03
     Coulomb-14        LJ (SR)   Coulomb (SR)   Coul. recip.      Potential
    1.00157e+05    1.47006e+05   -1.48045e+06    8.77406e+03   -1.15751e+06
    Kinetic En.   Total Energy  Conserved En.    Temperature Pressure (bar)
    2.26959e+05   -9.30550e+05   -9.35131e+05    3.01740e+02    3.18676e+01
   Constr. rmsd
    0.00000e+00

           Step           Time
          35000       70.00000

   Energies (kJ/mol)
           Bond          Angle    Proper Dih. Per. Imp. Dih.          LJ-14
    7.34319e+03    1.94503e+04    2.97738e+04    1.13207e+03    9.14427e+03
     Coulomb-14        LJ (SR)   Coulomb (SR)   Coul. recip.      Potential
    1.00442e+05    1.47837e+05   -1.48170e+06    8.75842e+03   -1.15781e+06
    Kinetic En.   Total Energy  Conserved En.    Temperature Pressure (bar)
    2.25359e+05   -9.32455e+05   -9.35077e+05    2.99613e+02    1.34000e+02
   Constr. rmsd
    0.00000e+00

           Step           Time
          40000       80.00000

   Energies (kJ/mol)
           Bond          Angle    Proper Dih. Per. Imp. Dih.          LJ-14
    7.26789e+03    1.98957e+04    2.96070e+04    1.15586e+03    9.20164e+03
     Coulomb-14        LJ (SR)   Coulomb (SR)   Coul. recip.      Potential
    1.00342e+05    1.48990e+05   -1.48345e+06    8.70831e+03   -1.15828e+06
    Kinetic En.   Total Energy  Conserved En.    Temperature Pressure (bar)
    2.26581e+05   -9.31701e+05   -9.35041e+05    3.01237e+02    2.06100e+02
   Constr. rmsd
    0.00000e+00

           Step           Time
          45000       90.00000

   Energies (kJ/mol)
           Bond          Angle    Proper Dih. Per. Imp. Dih.          LJ-14
    6.87022e+03    2.02067e+04    2.97390e+04    1.06247e+03    9.08133e+03
     Coulomb-14        LJ (SR)   Coulomb (SR)   Coul. recip.      Potential
    1.00151e+05    1.47654e+05   -1.48203e+06    8.71715e+03   -1.15855e+06
    Kinetic En.   Total Energy  Conserved En.    Temperature Pressure (bar)
    2.25638e+05   -9.32913e+05   -9.35055e+05    2.99983e+02    1.88057e+01
   Constr. rmsd
    0.00000e+00

           Step           Time
          50000      100.00000

   Energies (kJ/mol)
           Bond          Angle    Proper Dih. Per. Imp. Dih.          LJ-14
    7.16292e+03    1.97434e+04    2.96559e+04    1.11767e+03    9.10859e+03
     Coulomb-14        LJ (SR)   Coulomb (SR)   Coul. recip.      Potential
    9.99991e+04    1.47122e+05   -1.48224e+06    8.86915e+03   -1.15946e+06
    Kinetic En.   Total Energy  Conserved En.    Temperature Pressure (bar)
    2.26028e+05   -9.33431e+05   -9.35053e+05    3.00502e+02   -1.36435e+01
   Constr. rmsd
    0.00000e+00

           Step           Time
          55000      110.00000

   Energies (kJ/mol)
           Bond          Angle    Proper Dih. Per. Imp. Dih.          LJ-14
    7.02473e+03    1.97938e+04    2.95920e+04    1.06849e+03    9.09890e+03
     Coulomb-14        LJ (SR)   Coulomb (SR)   Coul. recip.      Potential
    1.00149e+05    1.48061e+05   -1.48432e+06    8.79929e+03   -1.16073e+06
    Kinetic En.   Total Energy  Conserved En.    Temperature Pressure (bar)
    2.26776e+05   -9.33953e+05   -9.35027e+05    3.01496e+02    1.32508e+01
   Constr. rmsd
    0.00000e+00

           Step           Time
          60000      120.00000

   Energies (kJ/mol)
           Bond          Angle    Proper Dih. Per. Imp. Dih.          LJ-14
    7.23849e+03    1.98887e+04    2.96118e+04    1.08510e+03    9.06082e+03
     Coulomb-14        LJ (SR)   Coulomb (SR)   Coul. recip.      Potential
    1.00091e+05    1.48842e+05   -1.48395e+06    8.85331e+03   -1.15928e+06
    Kinetic En.   Total Energy  Conserved En.    Temperature Pressure (bar)
    2.25366e+05   -9.33913e+05   -9.34978e+05    2.99622e+02   -1.61701e+01
   Constr. rmsd
    0.00000e+00

           Step           Time
          65000      130.00000

   Energies (kJ/mol)
           Bond          Angle    Proper Dih. Per. Imp. Dih.          LJ-14
    6.94556e+03    1.95053e+04    2.94237e+04    1.04591e+03    9.11029e+03
     Coulomb-14        LJ (SR)   Coulomb (SR)   Coul. recip.      Potential
    1.00496e+05    1.47673e+05   -1.48238e+06    8.77788e+03   -1.15941e+06
    Kinetic En.   Total Energy  Conserved En.    Temperature Pressure (bar)
    2.23445e+05   -9.35962e+05   -9.35004e+05    2.97067e+02    1.29716e+01
   Constr. rmsd
    0.00000e+00

           Step           Time
          70000      140.00000

   Energies (kJ/mol)
           Bond          Angle    Proper Dih. Per. Imp. Dih.          LJ-14
    6.94555e+03    1.95076e+04    2.96426e+04    1.06893e+03    9.04343e+03
     Coulomb-14        LJ (SR)   Coulomb (SR)   Coul. recip.      Potential
    1.00172e+05    1.45838e+05   -1.47989e+06    8.65186e+03   -1.15902e+06
    Kinetic En.   Total Energy  Conserved En.    Temperature Pressure (bar)
    2.25000e+05   -9.34015e+05   -9.34996e+05    2.99135e+02   -1.49885e+02
   Constr. rmsd
    0.00000e+00

           Step           Time
          75000      150.00000

   Energies (kJ/mol)
           Bond          Angle    Proper Dih. Per. Imp. Dih.          LJ-14
    7.25762e+03    1.98274e+04    2.97415e+04    1.07871e+03    9.03272e+03
     Coulomb-14        LJ (SR)   Coulomb (SR)   Coul. recip.      Potential
    1.00092e+05    1.47274e+05   -1.48164e+06    8.77758e+03   -1.15855e+06
    Kinetic En.   Total Energy  Conserved En.    Temperature Pressure (bar)
    2.25415e+05   -9.33140e+05   -9.34934e+05    2.99687e+02    8.99098e+00
   Constr. rmsd
    0.00000e+00

           Step           Time
          80000      160.00000

   Energies (kJ/mol)
           Bond          Angle    Proper Dih. Per. Imp. Dih.          LJ-14
    7.14654e+03    2.01394e+04    2.96129e+04    1.14409e+03    9.02222e+03
     Coulomb-14        LJ (SR)   Coulomb (SR)   Coul. recip.      Potential
    1.00246e+05    1.48214e+05   -1.48278e+06    8.64510e+03   -1.15861e+06
    Kinetic En.   Total Energy  Conserved En.    Temperature Pressure (bar)
    2.25741e+05   -9.32869e+05   -9.34884e+05    3.00120e+02   -7.31071e+00
   Constr. rmsd
    0.00000e+00

           Step           Time
          85000      170.00000

   Energies (kJ/mol)
           Bond          Angle    Proper Dih. Per. Imp. Dih.          LJ-14
    7.22936e+03    1.96564e+04    2.96775e+04    1.14663e+03    9.08023e+03
     Coulomb-14        LJ (SR)   Coulomb (SR)   Coul. recip.      Potential
    1.00160e+05    1.46409e+05   -1.47919e+06    8.82528e+03   -1.15701e+06
    Kinetic En.   Total Energy  Conserved En.    Temperature Pressure (bar)
    2.24601e+05   -9.32408e+05   -9.34862e+05    2.98605e+02   -4.50961e-01
   Constr. rmsd
    0.00000e+00

           Step           Time
          90000      180.00000

   Energies (kJ/mol)
           Bond          Angle    Proper Dih. Per. Imp. Dih.          LJ-14
    7.28959e+03    1.96690e+04    2.94129e+04    1.10513e+03    9.18667e+03
     Coulomb-14        LJ (SR)   Coulomb (SR)   Coul. recip.      Potential
    1.00054e+05    1.46163e+05   -1.47979e+06    8.69754e+03   -1.15821e+06
    Kinetic En.   Total Energy  Conserved En.    Temperature Pressure (bar)
    2.26696e+05   -9.31515e+05   -9.34889e+05    3.01390e+02   -2.91158e+01
   Constr. rmsd
    0.00000e+00

           Step           Time
          95000      190.00000

   Energies (kJ/mol)
           Bond          Angle    Proper Dih. Per. Imp. Dih.          LJ-14
    7.09172e+03    1.94800e+04    2.96495e+04    1.05258e+03    9.22665e+03
     Coulomb-14        LJ (SR)   Coulomb (SR)   Coul. recip.      Potential
    1.00261e+05    1.45844e+05   -1.47902e+06    8.76921e+03   -1.15764e+06
    Kinetic En.   Total Energy  Conserved En.    Temperature Pressure (bar)
    2.25058e+05   -9.32583e+05   -9.34898e+05    2.99212e+02    1.24268e+01
   Constr. rmsd
    0.00000e+00

           Step           Time
         100000      200.00000

   Energies (kJ/mol)
           Bond          Angle    Proper Dih. Per. Imp. Dih.          LJ-14
    7.20406e+03    1.99767e+04    2.96018e+04    1.05265e+03    9.07423e+03
     Coulomb-14        LJ (SR)   Coulomb (SR)   Coul. recip.      Potential
    1.00174e+05    1.47006e+05   -1.48000e+06    8.76114e+03   -1.15715e+06
    Kinetic En.   Total Energy  Conserved En.    Temperature Pressure (bar)
    2.25667e+05   -9.31482e+05   -9.34836e+05    3.00022e+02   -6.37040e+01
   Constr. rmsd
    0.00000e+00

           Step           Time
         105000      210.00000

   Energies (kJ/mol)
           Bond          Angle    Proper Dih. Per. Imp. Dih.          LJ-14
    6.83752e+03    1.95823e+04    2.95030e+04    1.11504e+03    9.12852e+03
     Coulomb-14        LJ (SR)   Coulomb (SR)   Coul. recip.      Potential
    1.00458e+05    1.48053e+05   -1.48338e+06    8.62502e+03   -1.16008e+06
    Kinetic En.   Total Energy  Conserved En.    Temperature Pressure (bar)
    2.24490e+05   -9.35590e+05   -9.34878e+05    2.98458e+02    7.05965e+01
   Constr. rmsd
    0.00000e+00

           Step           Time
         110000      220.00000

   Energies (kJ/mol)
           Bond          Angle    Proper Dih. Per. Imp. Dih.          LJ-14
    7.14736e+03    1.99582e+04    2.96235e+04    1.11877e+03    9.10485e+03
     Coulomb-14        LJ (SR)   Coulomb (SR)   Coul. recip.      Potential
    1.00366e+05    1.50234e+05   -1.48517e+06    8.71880e+03   -1.15890e+06
    Kinetic En.   Total Energy  Conserved En.    Temperature Pressure (bar)
    2.25873e+05   -9.33028e+05   -9.34825e+05    3.00296e+02    1.35108e+02
   Constr. rmsd
    0.00000e+00

           Step           Time
         115000      230.00000

   Energies (kJ/mol)
           Bond          Angle    Proper Dih. Per. Imp. Dih.          LJ-14
    7.12375e+03    2.02734e+04    2.96249e+04    1.11738e+03    8.89030e+03
     Coulomb-14        LJ (SR)   Coulomb (SR)   Coul. recip.      Potential
    9.99598e+04    1.48122e+05   -1.48201e+06    8.66616e+03   -1.15823e+06
    Kinetic En.   Total Energy  Conserved En.    Temperature Pressure (bar)
    2.25702e+05   -9.32527e+05   -9.34808e+05    3.00068e+02   -8.41641e+01
   Constr. rmsd
    0.00000e+00

           Step           Time
         120000      240.00000

   Energies (kJ/mol)
           Bond          Angle    Proper Dih. Per. Imp. Dih.          LJ-14
    7.20430e+03    2.01139e+04    2.92486e+04    1.06430e+03    9.26273e+03
     Coulomb-14        LJ (SR)   Coulomb (SR)   Coul. recip.      Potential
    1.00139e+05    1.46143e+05   -1.48044e+06    8.64466e+03   -1.15862e+06
    Kinetic En.   Total Energy  Conserved En.    Temperature Pressure (bar)
    2.25652e+05   -9.32964e+05   -9.34770e+05    3.00003e+02    8.22515e-01
   Constr. rmsd
    0.00000e+00

           Step           Time
         125000      250.00000

   Energies (kJ/mol)
           Bond          Angle    Proper Dih. Per. Imp. Dih.          LJ-14
    7.08960e+03    1.97380e+04    2.96098e+04    1.07662e+03    9.06079e+03
     Coulomb-14        LJ (SR)   Coulomb (SR)   Coul. recip.      Potential
    1.00516e+05    1.47326e+05   -1.48089e+06    8.82178e+03   -1.15766e+06
    Kinetic En.   Total Energy  Conserved En.    Temperature Pressure (bar)
    2.25440e+05   -9.32216e+05   -9.34751e+05    2.99720e+02   -3.21106e+01
   Constr. rmsd
    0.00000e+00

           Step           Time
         130000      260.00000

   Energies (kJ/mol)
           Bond          Angle    Proper Dih. Per. Imp. Dih.          LJ-14
    7.07387e+03    1.97721e+04    2.95111e+04    1.07849e+03    9.15716e+03
     Coulomb-14        LJ (SR)   Coulomb (SR)   Coul. recip.      Potential
    1.00443e+05    1.46884e+05   -1.48029e+06    8.65301e+03   -1.15772e+06
    Kinetic En.   Total Energy  Conserved En.    Temperature Pressure (bar)
    2.25459e+05   -9.32257e+05   -9.34732e+05    2.99745e+02    4.96471e+00
   Constr. rmsd
    0.00000e+00

           Step           Time
         135000      270.00000

   Energies (kJ/mol)
           Bond          Angle    Proper Dih. Per. Imp. Dih.          LJ-14
    7.08073e+03    1.97548e+04    2.95663e+04    1.12314e+03    8.94249e+03
     Coulomb-14        LJ (SR)   Coulomb (SR)   Coul. recip.      Potential
    9.98368e+04    1.47274e+05   -1.48238e+06    8.75554e+03   -1.16004e+06
    Kinetic En.   Total Energy  Conserved En.    Temperature Pressure (bar)
    2.27377e+05   -9.32666e+05   -9.34781e+05    3.02295e+02   -5.51739e+01
   Constr. rmsd
    0.00000e+00

           Step           Time
         140000      280.00000

   Energies (kJ/mol)
           Bond          Angle    Proper Dih. Per. Imp. Dih.          LJ-14
    7.20575e+03    1.96234e+04    2.96364e+04    1.11847e+03    8.99819e+03
     Coulomb-14        LJ (SR)   Coulomb (SR)   Coul. recip.      Potential
    1.00077e+05    1.47726e+05   -1.48225e+06    8.76292e+03   -1.15910e+06
    Kinetic En.   Total Energy  Conserved En.    Temperature Pressure (bar)
    2.25515e+05   -9.33584e+05   -9.34725e+05    2.99819e+02    1.59538e+01
   Constr. rmsd
    0.00000e+00

           Step           Time
         145000      290.00000

   Energies (kJ/mol)
           Bond          Angle    Proper Dih. Per. Imp. Dih.          LJ-14
    7.41527e+03    1.93970e+04    2.96989e+04    1.12423e+03    9.14299e+03
     Coulomb-14        LJ (SR)   Coulomb (SR)   Coul. recip.      Potential
    1.00194e+05    1.46326e+05   -1.47846e+06    8.82072e+03   -1.15634e+06
    Kinetic En.   Total Energy  Conserved En.    Temperature Pressure (bar)
    2.24177e+05   -9.32161e+05   -9.34647e+05    2.98041e+02   -5.16605e+01
   Constr. rmsd
    0.00000e+00

           Step           Time
         150000      300.00000

   Energies (kJ/mol)
           Bond          Angle    Proper Dih. Per. Imp. Dih.          LJ-14
    7.04435e+03    1.96637e+04    2.95066e+04    1.11804e+03    9.05344e+03
     Coulomb-14        LJ (SR)   Coulomb (SR)   Coul. recip.      Potential
    1.00208e+05    1.48776e+05   -1.48426e+06    8.56983e+03   -1.16032e+06
    Kinetic En.   Total Energy  Conserved En.    Temperature Pressure (bar)
    2.24775e+05   -9.35542e+05   -9.34658e+05    2.98837e+02    6.65707e+01
   Constr. rmsd
    0.00000e+00

           Step           Time
         155000      310.00000

   Energies (kJ/mol)
           Bond          Angle    Proper Dih. Per. Imp. Dih.          LJ-14
    7.17987e+03    1.93992e+04    2.95635e+04    1.14048e+03    9.04684e+03
     Coulomb-14        LJ (SR)   Coulomb (SR)   Coul. recip.      Potential
    1.00299e+05    1.47481e+05   -1.48135e+06    8.76725e+03   -1.15848e+06
    Kinetic En.   Total Energy  Conserved En.    Temperature Pressure (bar)
    2.25096e+05   -9.33381e+05   -9.34659e+05    2.99263e+02    1.33831e+00
   Constr. rmsd
    0.00000e+00

           Step           Time
         160000      320.00000

   Energies (kJ/mol)
           Bond          Angle    Proper Dih. Per. Imp. Dih.          LJ-14
    7.31272e+03    1.97971e+04    2.93785e+04    1.12233e+03    9.10270e+03
     Coulomb-14        LJ (SR)   Coulomb (SR)   Coul. recip.      Potential
    1.00229e+05    1.48046e+05   -1.48180e+06    8.64637e+03   -1.15816e+06
    Kinetic En.   Total Energy  Conserved En.    Temperature Pressure (bar)
    2.27065e+05   -9.31096e+05   -9.34636e+05    3.01881e+02    5.30526e+01
   Constr. rmsd
    0.00000e+00

           Step           Time
         165000      330.00000

   Energies (kJ/mol)
           Bond          Angle    Proper Dih. Per. Imp. Dih.          LJ-14
    6.90851e+03    1.97951e+04    2.96328e+04    1.08570e+03    9.19486e+03
     Coulomb-14        LJ (SR)   Coulomb (SR)   Coul. recip.      Potential
    1.00274e+05    1.48503e+05   -1.48367e+06    8.71139e+03   -1.15956e+06
    Kinetic En.   Total Energy  Conserved En.    Temperature Pressure (bar)
    2.25478e+05   -9.34086e+05   -9.34619e+05    2.99771e+02    8.24555e+01
   Constr. rmsd
    0.00000e+00

           Step           Time
         170000      340.00000

   Energies (kJ/mol)
           Bond          Angle    Proper Dih. Per. Imp. Dih.          LJ-14
    7.44060e+03    1.94441e+04    2.95199e+04    1.07218e+03    9.06108e+03
     Coulomb-14        LJ (SR)   Coulomb (SR)   Coul. recip.      Potential
    1.00018e+05    1.46452e+05   -1.47991e+06    8.72300e+03   -1.15818e+06
    Kinetic En.   Total Energy  Conserved En.    Temperature Pressure (bar)
    2.24962e+05   -9.33220e+05   -9.34597e+05    2.99084e+02   -4.07820e+01
   Constr. rmsd
    0.00000e+00

           Step           Time
         175000      350.00000

   Energies (kJ/mol)
           Bond          Angle    Proper Dih. Per. Imp. Dih.          LJ-14
    6.95829e+03    1.97057e+04    2.95893e+04    1.09048e+03    9.10548e+03
     Coulomb-14        LJ (SR)   Coulomb (SR)   Coul. recip.      Potential
    1.00248e+05    1.46941e+05   -1.48158e+06    8.81537e+03   -1.15913e+06
    Kinetic En.   Total Energy  Conserved En.    Temperature Pressure (bar)
    2.24126e+05   -9.35000e+05   -9.34572e+05    2.97974e+02   -6.31683e+01
   Constr. rmsd
    0.00000e+00

           Step           Time
         180000      360.00000

   Energies (kJ/mol)
           Bond          Angle    Proper Dih. Per. Imp. Dih.          LJ-14
    6.91654e+03    1.97674e+04    2.95297e+04    1.10700e+03    9.09623e+03
     Coulomb-14        LJ (SR)   Coulomb (SR)   Coul. recip.      Potential
    1.00042e+05    1.48385e+05   -1.48391e+06    8.68110e+03   -1.16039e+06
    Kinetic En.   Total Energy  Conserved En.    Temperature Pressure (bar)
    2.26113e+05   -9.34275e+05   -9.34571e+05    3.00615e+02    5.78581e+01
   Constr. rmsd
    0.00000e+00

           Step           Time
         185000      370.00000

   Energies (kJ/mol)
           Bond          Angle    Proper Dih. Per. Imp. Dih.          LJ-14
    7.32042e+03    1.98642e+04    2.97164e+04    1.18316e+03    8.91799e+03
     Coulomb-14        LJ (SR)   Coulomb (SR)   Coul. recip.      Potential
    1.00005e+05    1.47031e+05   -1.47976e+06    8.76226e+03   -1.15696e+06
    Kinetic En.   Total Energy  Conserved En.    Temperature Pressure (bar)
    2.26892e+05   -9.30068e+05   -9.34559e+05    3.01651e+02   -5.40057e+01
   Constr. rmsd
    0.00000e+00

           Step           Time
         190000      380.00000

   Energies (kJ/mol)
           Bond          Angle    Proper Dih. Per. Imp. Dih.          LJ-14
    6.90931e+03    1.94893e+04    2.95887e+04    1.12989e+03    9.17890e+03
     Coulomb-14        LJ (SR)   Coulomb (SR)   Coul. recip.      Potential
    1.00429e+05    1.47531e+05   -1.48064e+06    8.60855e+03   -1.15778e+06
    Kinetic En.   Total Energy  Conserved En.    Temperature Pressure (bar)
    2.24978e+05   -9.32800e+05   -9.34574e+05    2.99107e+02    1.22484e+02
   Constr. rmsd
    0.00000e+00

           Step           Time
         195000      390.00000

   Energies (kJ/mol)
           Bond          Angle    Proper Dih. Per. Imp. Dih.          LJ-14
    7.12051e+03    1.99354e+04    2.94615e+04    1.05768e+03    9.14001e+03
     Coulomb-14        LJ (SR)   Coulomb (SR)   Coul. recip.      Potential
    1.00164e+05    1.46255e+05   -1.48124e+06    8.65325e+03   -1.15946e+06
    Kinetic En.   Total Energy  Conserved En.    Temperature Pressure (bar)
    2.25646e+05   -9.33812e+05   -9.34542e+05    2.99994e+02   -8.92968e+01
   Constr. rmsd
    0.00000e+00

           Step           Time
         200000      400.00000

   Energies (kJ/mol)
           Bond          Angle    Proper Dih. Per. Imp. Dih.          LJ-14
    6.85591e+03    1.96026e+04    2.95714e+04    1.08369e+03    9.07165e+03
     Coulomb-14        LJ (SR)   Coulomb (SR)   Coul. recip.      Potential
    1.00271e+05    1.47830e+05   -1.48362e+06    8.72806e+03   -1.16061e+06
    Kinetic En.   Total Energy  Conserved En.    Temperature Pressure (bar)
    2.25732e+05   -9.34874e+05   -9.34498e+05    3.00108e+02    1.05013e+01
   Constr. rmsd
    0.00000e+00

           Step           Time
         205000      410.00000

   Energies (kJ/mol)
           Bond          Angle    Proper Dih. Per. Imp. Dih.          LJ-14
    7.26961e+03    1.97696e+04    2.94801e+04    1.11874e+03    9.18181e+03
     Coulomb-14        LJ (SR)   Coulomb (SR)   Coul. recip.      Potential
    1.00123e+05    1.47602e+05   -1.48030e+06    8.65163e+03   -1.15711e+06
    Kinetic En.   Total Energy  Conserved En.    Temperature Pressure (bar)
    2.25911e+05   -9.31195e+05   -9.34518e+05    3.00346e+02    5.77615e+01
   Constr. rmsd
    0.00000e+00

           Step           Time
         210000      420.00000

   Energies (kJ/mol)
           Bond          Angle    Proper Dih. Per. Imp. Dih.          LJ-14
    7.13115e+03    1.98072e+04    2.93598e+04    1.07166e+03    9.11681e+03
     Coulomb-14        LJ (SR)   Coulomb (SR)   Coul. recip.      Potential
    1.00167e+05    1.46924e+05   -1.48166e+06    8.70663e+03   -1.15937e+06
    Kinetic En.   Total Energy  Conserved En.    Temperature Pressure (bar)
    2.27496e+05   -9.31875e+05   -9.34487e+05    3.02454e+02    1.66799e+01
   Constr. rmsd
    0.00000e+00

           Step           Time
         215000      430.00000

   Energies (kJ/mol)
           Bond          Angle    Proper Dih. Per. Imp. Dih.          LJ-14
    7.27614e+03    1.98364e+04    2.95122e+04    1.04606e+03    9.01327e+03
     Coulomb-14        LJ (SR)   Coulomb (SR)   Coul. recip.      Potential
    1.00217e+05    1.47930e+05   -1.48277e+06    8.65624e+03   -1.15928e+06
    Kinetic En.   Total Energy  Conserved En.    Temperature Pressure (bar)
    2.24827e+05   -9.34456e+05   -9.34415e+05    2.98905e+02   -3.70005e+01
   Constr. rmsd
    0.00000e+00

           Step           Time
         220000      440.00000

   Energies (kJ/mol)
           Bond          Angle    Proper Dih. Per. Imp. Dih.          LJ-14
    7.10300e+03    1.95694e+04    2.94578e+04    1.08676e+03    9.03503e+03
     Coulomb-14        LJ (SR)   Coulomb (SR)   Coul. recip.      Potential
    1.00343e+05    1.48982e+05   -1.48359e+06    8.61157e+03   -1.15940e+06
    Kinetic En.   Total Energy  Conserved En.    Temperature Pressure (bar)
    2.25586e+05   -9.33816e+05   -9.34466e+05    2.99914e+02    5.06917e+01
   Constr. rmsd
    0.00000e+00

           Step           Time
         225000      450.00000

   Energies (kJ/mol)
           Bond          Angle    Proper Dih. Per. Imp. Dih.          LJ-14
    7.16737e+03    1.95374e+04    2.93903e+04    1.07754e+03    9.03578e+03
     Coulomb-14        LJ (SR)   Coulomb (SR)   Coul. recip.      Potential
    1.00053e+05    1.49241e+05   -1.48422e+06    8.73865e+03   -1.15997e+06
    Kinetic En.   Total Energy  Conserved En.    Temperature Pressure (bar)
    2.24658e+05   -9.35316e+05   -9.34422e+05    2.98681e+02    4.06636e+01
   Constr. rmsd
    0.00000e+00

           Step           Time
         230000      460.00000

   Energies (kJ/mol)
           Bond          Angle    Proper Dih. Per. Imp. Dih.          LJ-14
    7.33442e+03    1.98206e+04    2.95112e+04    1.08934e+03    9.07151e+03
     Coulomb-14        LJ (SR)   Coulomb (SR)   Coul. recip.      Potential
    1.00431e+05    1.45154e+05   -1.47840e+06    8.65202e+03   -1.15734e+06
    Kinetic En.   Total Energy  Conserved En.    Temperature Pressure (bar)
    2.25320e+05   -9.32020e+05   -9.34400e+05    2.99561e+02   -1.44642e+02
   Constr. rmsd
    0.00000e+00

           Step           Time
         235000      470.00000

   Energies (kJ/mol)
           Bond          Angle    Proper Dih. Per. Imp. Dih.          LJ-14
    7.58637e+03    1.98891e+04    2.95323e+04    1.05702e+03    9.00669e+03
     Coulomb-14        LJ (SR)   Coulomb (SR)   Coul. recip.      Potential
    1.00477e+05    1.47296e+05   -1.48149e+06    8.67727e+03   -1.15796e+06
    Kinetic En.   Total Energy  Conserved En.    Temperature Pressure (bar)
    2.25684e+05   -9.32281e+05   -9.34360e+05    3.00045e+02   -1.08618e+02
   Constr. rmsd
    0.00000e+00

           Step           Time
         240000      480.00000

   Energies (kJ/mol)
           Bond          Angle    Proper Dih. Per. Imp. Dih.          LJ-14
    7.16556e+03    1.95690e+04    2.94582e+04    1.05679e+03    9.20852e+03
     Coulomb-14        LJ (SR)   Coulomb (SR)   Coul. recip.      Potential
    1.00452e+05    1.48689e+05   -1.48507e+06    8.82669e+03   -1.16064e+06
    Kinetic En.   Total Energy  Conserved En.    Temperature Pressure (bar)
    2.24353e+05   -9.36287e+05   -9.34336e+05    2.98276e+02    1.49268e+02
   Constr. rmsd
    0.00000e+00

           Step           Time
         245000      490.00000

   Energies (kJ/mol)
           Bond          Angle    Proper Dih. Per. Imp. Dih.          LJ-14
    7.13176e+03    1.99110e+04    2.92128e+04    1.06209e+03    9.06663e+03
     Coulomb-14        LJ (SR)   Coulomb (SR)   Coul. recip.      Potential
    1.00314e+05    1.47541e+05   -1.47872e+06    8.76375e+03   -1.15572e+06
    Kinetic En.   Total Energy  Conserved En.    Temperature Pressure (bar)
    2.24106e+05   -9.31616e+05   -9.34332e+05    2.97947e+02   -2.44922e+01
   Constr. rmsd
    0.00000e+00

           Step           Time
         250000      500.00000

   Energies (kJ/mol)
           Bond          Angle    Proper Dih. Per. Imp. Dih.          LJ-14
    6.96319e+03    1.95899e+04    2.96126e+04    1.04824e+03    9.05573e+03
     Coulomb-14        LJ (SR)   Coulomb (SR)   Coul. recip.      Potential
    1.00442e+05    1.47470e+05   -1.48170e+06    8.72584e+03   -1.15879e+06
    Kinetic En.   Total Energy  Conserved En.    Temperature Pressure (bar)
    2.25557e+05   -9.33233e+05   -9.34350e+05    2.99875e+02   -5.53715e+01
   Constr. rmsd
    0.00000e+00

           Step           Time
         255000      510.00000

   Energies (kJ/mol)
           Bond          Angle    Proper Dih. Per. Imp. Dih.          LJ-14
    6.99235e+03    1.95166e+04    2.96220e+04    1.09760e+03    8.92543e+03
     Coulomb-14        LJ (SR)   Coulomb (SR)   Coul. recip.      Potential
    1.00447e+05    1.47020e+05   -1.48197e+06    8.77630e+03   -1.15957e+06
    Kinetic En.   Total Energy  Conserved En.    Temperature Pressure (bar)
    2.24962e+05   -9.34609e+05   -9.34347e+05    2.99085e+02   -3.73921e+01
   Constr. rmsd
    0.00000e+00

           Step           Time
         260000      520.00000

   Energies (kJ/mol)
           Bond          Angle    Proper Dih. Per. Imp. Dih.          LJ-14
    7.13132e+03    1.92870e+04    2.94934e+04    1.04114e+03    9.13834e+03
     Coulomb-14        LJ (SR)   Coulomb (SR)   Coul. recip.      Potential
    1.00140e+05    1.46129e+05   -1.48135e+06    8.77731e+03   -1.16021e+06
    Kinetic En.   Total Energy  Conserved En.    Temperature Pressure (bar)
    2.24157e+05   -9.36056e+05   -9.34335e+05    2.98015e+02   -1.01054e+02
   Constr. rmsd
    0.00000e+00

           Step           Time
         265000      530.00000

   Energies (kJ/mol)
           Bond          Angle    Proper Dih. Per. Imp. Dih.          LJ-14
    7.23625e+03    2.00472e+04    2.95872e+04    1.19602e+03    9.06378e+03
     Coulomb-14        LJ (SR)   Coulomb (SR)   Coul. recip.      Potential
    1.00489e+05    1.46825e+05   -1.47802e+06    8.97638e+03   -1.15460e+06
    Kinetic En.   Total Energy  Conserved En.    Temperature Pressure (bar)
    2.26629e+05   -9.27973e+05   -9.34300e+05    3.01301e+02   -5.39048e+01
   Constr. rmsd
    0.00000e+00

           Step           Time
         270000      540.00000

   Energies (kJ/mol)
           Bond          Angle    Proper Dih. Per. Imp. Dih.          LJ-14
    7.21251e+03    1.99637e+04    2.94931e+04    1.10200e+03    9.11937e+03
     Coulomb-14        LJ (SR)   Coulomb (SR)   Coul. recip.      Potential
    1.00280e+05    1.47844e+05   -1.48163e+06    8.80882e+03   -1.15781e+06
    Kinetic En.   Total Energy  Conserved En.    Temperature Pressure (bar)
    2.25618e+05   -9.32191e+05   -9.34252e+05    2.99957e+02   -5.02585e+00
   Constr. rmsd
    0.00000e+00

           Step           Time
         275000      550.00000

   Energies (kJ/mol)
           Bond          Angle    Proper Dih. Per. Imp. Dih.          LJ-14
    6.94725e+03    1.96932e+04    2.93844e+04    1.11777e+03    9.16381e+03
     Coulomb-14        LJ (SR)   Coulomb (SR)   Coul. recip.      Potential
    1.00719e+05    1.49807e+05   -1.48486e+06    8.85646e+03   -1.15917e+06
    Kinetic En.   Total Energy  Conserved En.    Temperature Pressure (bar)
    2.24268e+05   -9.34900e+05   -9.34243e+05    2.98162e+02    1.44035e+02
   Constr. rmsd
    0.00000e+00

           Step           Time
         280000      560.00000

   Energies (kJ/mol)
           Bond          Angle    Proper Dih. Per. Imp. Dih.          LJ-14
    7.20286e+03    2.00856e+04    2.96554e+04    1.17062e+03    9.06206e+03
     Coulomb-14        LJ (SR)   Coulomb (SR)   Coul. recip.      Potential
    1.00068e+05    1.46655e+05   -1.47919e+06    8.78762e+03   -1.15650e+06
    Kinetic En.   Total Energy  Conserved En.    Temperature Pressure (bar)
    2.26164e+05   -9.30340e+05   -9.34247e+05    3.00682e+02   -2.76243e+01
   Constr. rmsd
    0.00000e+00

           Step           Time
         285000      570.00000

   Energies (kJ/mol)
           Bond          Angle    Proper Dih. Per. Imp. Dih.          LJ-14
    6.96644e+03    1.98313e+04    2.93934e+04    1.17584e+03    9.04719e+03
     Coulomb-14        LJ (SR)   Coulomb (SR)   Coul. recip.      Potential
    1.00269e+05    1.49343e+05   -1.48400e+06    8.70748e+03   -1.15927e+06
    Kinetic En.   Total Energy  Conserved En.    Temperature Pressure (bar)
    2.25298e+05   -9.33973e+05   -9.34246e+05    2.99531e+02    1.31219e+02
   Constr. rmsd
    0.00000e+00

           Step           Time
         290000      580.00000

   Energies (kJ/mol)
           Bond          Angle    Proper Dih. Per. Imp. Dih.          LJ-14
    7.06460e+03    1.95840e+04    2.94852e+04    1.10406e+03    9.21355e+03
     Coulomb-14        LJ (SR)   Coulomb (SR)   Coul. recip.      Potential
    1.00403e+05    1.48179e+05   -1.48226e+06    8.78037e+03   -1.15845e+06
    Kinetic En.   Total Energy  Conserved En.    Temperature Pressure (bar)
    2.26075e+05   -9.32371e+05   -9.34254e+05    3.00564e+02    1.64015e+02
   Constr. rmsd
    0.00000e+00

           Step           Time
         295000      590.00000

   Energies (kJ/mol)
           Bond          Angle    Proper Dih. Per. Imp. Dih.          LJ-14
    7.42921e+03    1.99571e+04    2.94935e+04    1.09484e+03    9.05794e+03
     Coulomb-14        LJ (SR)   Coulomb (SR)   Coul. recip.      Potential
    1.00626e+05    1.44747e+05   -1.47701e+06    8.78064e+03   -1.15582e+06
    Kinetic En.   Total Energy  Conserved En.    Temperature Pressure (bar)
    2.24695e+05   -9.31126e+05   -9.34206e+05    2.98730e+02   -1.35030e+02
   Constr. rmsd
    0.00000e+00

           Step           Time
         300000      600.00000

   Energies (kJ/mol)
           Bond          Angle    Proper Dih. Per. Imp. Dih.          LJ-14
    6.94958e+03    1.94239e+04    2.94759e+04    1.05297e+03    9.03307e+03
     Coulomb-14        LJ (SR)   Coulomb (SR)   Coul. recip.      Potential
    1.00391e+05    1.49445e+05   -1.48616e+06    8.66523e+03   -1.16172e+06
    Kinetic En.   Total Energy  Conserved En.    Temperature Pressure (bar)
    2.24941e+05   -9.36782e+05   -9.34215e+05    2.99057e+02    4.56148e+01
   Constr. rmsd
    0.00000e+00

           Step           Time
         305000      610.00000

   Energies (kJ/mol)
           Bond          Angle    Proper Dih. Per. Imp. Dih.          LJ-14
    7.11394e+03    1.93785e+04    2.95518e+04    1.10209e+03    9.11672e+03
     Coulomb-14        LJ (SR)   Coulomb (SR)   Coul. recip.      Potential
    1.00479e+05    1.47533e+05   -1.48156e+06    8.74075e+03   -1.15855e+06
    Kinetic En.   Total Energy  Conserved En.    Temperature Pressure (bar)
    2.24976e+05   -9.33571e+05   -9.34187e+05    2.99104e+02    1.67354e+01
   Constr. rmsd
    0.00000e+00

           Step           Time
         310000      620.00000

   Energies (kJ/mol)
           Bond          Angle    Proper Dih. Per. Imp. Dih.          LJ-14
    6.98066e+03    1.94667e+04    2.96226e+04    1.13073e+03    9.16259e+03
     Coulomb-14        LJ (SR)   Coulomb (SR)   Coul. recip.      Potential
    1.00264e+05    1.47960e+05   -1.48223e+06    8.70779e+03   -1.15893e+06
    Kinetic En.   Total Energy  Conserved En.    Temperature Pressure (bar)
    2.26537e+05   -9.32398e+05   -9.34180e+05    3.01179e+02    1.36079e+02
   Constr. rmsd
    0.00000e+00

           Step           Time
         315000      630.00000

   Energies (kJ/mol)
           Bond          Angle    Proper Dih. Per. Imp. Dih.          LJ-14
    7.19689e+03    1.97997e+04    2.94524e+04    1.13346e+03    9.00089e+03
     Coulomb-14        LJ (SR)   Coulomb (SR)   Coul. recip.      Potential
    1.00461e+05    1.46758e+05   -1.48268e+06    8.71400e+03   -1.16016e+06
    Kinetic En.   Total Energy  Conserved En.    Temperature Pressure (bar)
    2.26477e+05   -9.33683e+05   -9.34154e+05    3.01099e+02   -1.84323e+02
   Constr. rmsd
    0.00000e+00

           Step           Time
         320000      640.00000

   Energies (kJ/mol)
           Bond          Angle    Proper Dih. Per. Imp. Dih.          LJ-14
    7.00562e+03    1.96953e+04    2.97245e+04    1.04123e+03    9.12999e+03
     Coulomb-14        LJ (SR)   Coulomb (SR)   Coul. recip.      Potential
    1.00565e+05    1.47664e+05   -1.48184e+06    8.83443e+03   -1.15818e+06
    Kinetic En.   Total Energy  Conserved En.    Temperature Pressure (bar)
    2.26338e+05   -9.31844e+05   -9.34103e+05    3.00914e+02    6.59957e+01
   Constr. rmsd
    0.00000e+00

           Step           Time
         325000      650.00000

   Energies (kJ/mol)
           Bond          Angle    Proper Dih. Per. Imp. Dih.          LJ-14
    6.96105e+03    1.98437e+04    2.94020e+04    1.05634e+03    9.08963e+03
     Coulomb-14        LJ (SR)   Coulomb (SR)   Coul. recip.      Potential
    1.00188e+05    1.49230e+05   -1.48373e+06    8.69079e+03   -1.15927e+06
    Kinetic En.   Total Energy  Conserved En.    Temperature Pressure (bar)
    2.26136e+05   -9.33131e+05   -9.34129e+05    3.00646e+02    1.34979e+02
   Constr. rmsd
    0.00000e+00

           Step           Time
         330000      660.00000

   Energies (kJ/mol)
           Bond          Angle    Proper Dih. Per. Imp. Dih.          LJ-14
    7.40748e+03    1.93168e+04    2.95111e+04    1.12121e+03    9.07007e+03
     Coulomb-14        LJ (SR)   Coulomb (SR)   Coul. recip.      Potential
    1.00216e+05    1.46340e+05   -1.48042e+06    8.74080e+03   -1.15870e+06
    Kinetic En.   Total Energy  Conserved En.    Temperature Pressure (bar)
    2.26003e+05   -9.32692e+05   -9.34086e+05    3.00469e+02   -1.50492e+02
   Constr. rmsd
    0.00000e+00

           Step           Time
         335000      670.00000

   Energies (kJ/mol)
           Bond          Angle    Proper Dih. Per. Imp. Dih.          LJ-14
    6.96817e+03    1.97691e+04    2.97593e+04    1.13769e+03    9.03321e+03
     Coulomb-14        LJ (SR)   Coulomb (SR)   Coul. recip.      Potential
    1.00562e+05    1.48020e+05   -1.48221e+06    8.76808e+03   -1.15819e+06
    Kinetic En.   Total Energy  Conserved En.    Temperature Pressure (bar)
    2.25124e+05   -9.33068e+05   -9.34075e+05    2.99300e+02    6.82229e+01
   Constr. rmsd
    0.00000e+00

           Step           Time
         340000      680.00000

   Energies (kJ/mol)
           Bond          Angle    Proper Dih. Per. Imp. Dih.          LJ-14
    7.45032e+03    2.00715e+04    2.96946e+04    1.17448e+03    9.05736e+03
     Coulomb-14        LJ (SR)   Coulomb (SR)   Coul. recip.      Potential
    9.99597e+04    1.48297e+05   -1.48128e+06    8.74497e+03   -1.15683e+06
    Kinetic En.   Total Energy  Conserved En.    Temperature Pressure (bar)
    2.25460e+05   -9.31371e+05   -9.34071e+05    2.99746e+02    9.26791e-01
   Constr. rmsd
    0.00000e+00

           Step           Time
         345000      690.00000

   Energies (kJ/mol)
           Bond          Angle    Proper Dih. Per. Imp. Dih.          LJ-14
    6.93646e+03    1.95422e+04    2.95842e+04    1.15456e+03    9.02923e+03
     Coulomb-14        LJ (SR)   Coulomb (SR)   Coul. recip.      Potential
    1.00301e+05    1.48160e+05   -1.48487e+06    8.59296e+03   -1.16157e+06
    Kinetic En.   Total Energy  Conserved En.    Temperature Pressure (bar)
    2.25308e+05   -9.36263e+05   -9.34082e+05    2.99545e+02    5.99969e+01
   Constr. rmsd
    0.00000e+00

           Step           Time
         350000      700.00000

   Energies (kJ/mol)
           Bond          Angle    Proper Dih. Per. Imp. Dih.          LJ-14
    6.96555e+03    1.96371e+04    2.96485e+04    1.06296e+03    9.17755e+03
     Coulomb-14        LJ (SR)   Coulomb (SR)   Coul. recip.      Potential
    1.00331e+05    1.46699e+05   -1.48217e+06    8.58479e+03   -1.16007e+06
    Kinetic En.   Total Energy  Conserved En.    Temperature Pressure (bar)
    2.25853e+05   -9.34214e+05   -9.34089e+05    3.00270e+02    1.05352e+02
   Constr. rmsd
    0.00000e+00

           Step           Time
         355000      710.00000

   Energies (kJ/mol)
           Bond          Angle    Proper Dih. Per. Imp. Dih.          LJ-14
    7.11585e+03    1.97794e+04    2.95815e+04    1.05263e+03    9.02156e+03
     Coulomb-14        LJ (SR)   Coulomb (SR)   Coul. recip.      Potential
    1.00146e+05    1.46175e+05   -1.47958e+06    8.81379e+03   -1.15790e+06
    Kinetic En.   Total Energy  Conserved En.    Temperature Pressure (bar)
    2.27032e+05   -9.30863e+05   -9.34066e+05    3.01838e+02   -1.25518e+02
   Constr. rmsd
    0.00000e+00

           Step           Time
         360000      720.00000

   Energies (kJ/mol)
           Bond          Angle    Proper Dih. Per. Imp. Dih.          LJ-14
    7.07962e+03    1.98916e+04    2.95447e+04    1.10988e+03    9.01083e+03
     Coulomb-14        LJ (SR)   Coulomb (SR)   Coul. recip.      Potential
    1.00291e+05    1.46469e+05   -1.48108e+06    8.61262e+03   -1.15907e+06
    Kinetic En.   Total Energy  Conserved En.    Temperature Pressure (bar)
    2.25711e+05   -9.33359e+05   -9.34029e+05    3.00080e+02    5.40541e+01
   Constr. rmsd
    0.00000e+00

           Step           Time
         365000      730.00000

   Energies (kJ/mol)
           Bond          Angle    Proper Dih. Per. Imp. Dih.          LJ-14
    7.16295e+03    1.99804e+04    2.96442e+04    1.13572e+03    9.08221e+03
     Coulomb-14        LJ (SR)   Coulomb (SR)   Coul. recip.      Potential
    1.00285e+05    1.46728e+05   -1.47980e+06    8.86885e+03   -1.15692e+06
    Kinetic En.   Total Energy  Conserved En.    Temperature Pressure (bar)
    2.26531e+05   -9.30386e+05   -9.34004e+05    3.01170e+02   -1.29335e+02
   Constr. rmsd
    0.00000e+00

           Step           Time
         370000      740.00000

   Energies (kJ/mol)
           Bond          Angle    Proper Dih. Per. Imp. Dih.          LJ-14
    6.90509e+03    1.98119e+04    2.95269e+04    1.11601e+03    9.23048e+03
     Coulomb-14        LJ (SR)   Coulomb (SR)   Coul. recip.      Potential
    1.00794e+05    1.46593e+05   -1.48166e+06    8.64681e+03   -1.15904e+06
    Kinetic En.   Total Energy  Conserved En.    Temperature Pressure (bar)
    2.25650e+05   -9.33387e+05   -9.34002e+05    2.99999e+02    4.71755e+01
   Constr. rmsd
    0.00000e+00

           Step           Time
         375000      750.00000

   Energies (kJ/mol)
           Bond          Angle    Proper Dih. Per. Imp. Dih.          LJ-14
    7.09219e+03    1.94839e+04    2.95117e+04    1.12096e+03    9.15238e+03
     Coulomb-14        LJ (SR)   Coulomb (SR)   Coul. recip.      Potential
    1.00535e+05    1.47315e+05   -1.48067e+06    8.67895e+03   -1.15778e+06
    Kinetic En.   Total Energy  Conserved En.    Temperature Pressure (bar)
    2.25168e+05   -9.32610e+05   -9.33972e+05    2.99358e+02    4.26358e+01
   Constr. rmsd
    0.00000e+00

           Step           Time
         380000      760.00000

   Energies (kJ/mol)
           Bond          Angle    Proper Dih. Per. Imp. Dih.          LJ-14
    7.10173e+03    1.98926e+04    2.97278e+04    1.13780e+03    9.12179e+03
     Coulomb-14        LJ (SR)   Coulomb (SR)   Coul. recip.      Potential
    1.00475e+05    1.48366e+05   -1.48332e+06    8.73713e+03   -1.15876e+06
    Kinetic En.   Total Energy  Conserved En.    Temperature Pressure (bar)
    2.24560e+05   -9.34196e+05   -9.33925e+05    2.98551e+02    8.51407e+01
   Constr. rmsd
    0.00000e+00

           Step           Time
         385000      770.00000

   Energies (kJ/mol)
           Bond          Angle    Proper Dih. Per. Imp. Dih.          LJ-14
    7.30958e+03    1.97542e+04    2.95494e+04    1.04741e+03    8.90894e+03
     Coulomb-14        LJ (SR)   Coulomb (SR)   Coul. recip.      Potential
    1.00545e+05    1.47128e+05   -1.48260e+06    8.77650e+03   -1.15958e+06
    Kinetic En.   Total Energy  Conserved En.    Temperature Pressure (bar)
    2.26200e+05   -9.33384e+05   -9.33933e+05    3.00731e+02   -4.90714e+01
   Constr. rmsd
    0.00000e+00

           Step           Time
         390000      780.00000

   Energies (kJ/mol)
           Bond          Angle    Proper Dih. Per. Imp. Dih.          LJ-14
    7.30787e+03    1.97903e+04    2.97179e+04    1.09682e+03    9.01992e+03
     Coulomb-14        LJ (SR)   Coulomb (SR)   Coul. recip.      Potential
    1.00408e+05    1.47432e+05   -1.48083e+06    8.87292e+03   -1.15719e+06
    Kinetic En.   Total Energy  Conserved En.    Temperature Pressure (bar)
    2.25899e+05   -9.31287e+05   -9.33885e+05    3.00331e+02   -2.76093e+01
   Constr. rmsd
    0.00000e+00

           Step           Time
         395000      790.00000

   Energies (kJ/mol)
           Bond          Angle    Proper Dih. Per. Imp. Dih.          LJ-14
    6.86714e+03    1.95737e+04    2.95512e+04    1.05620e+03    9.07876e+03
     Coulomb-14        LJ (SR)   Coulomb (SR)   Coul. recip.      Potential
    1.00670e+05    1.49310e+05   -1.48411e+06    8.84392e+03   -1.15916e+06
    Kinetic En.   Total Energy  Conserved En.    Temperature Pressure (bar)
    2.25038e+05   -9.34122e+05   -9.33930e+05    2.99186e+02    1.80657e+02
   Constr. rmsd
    0.00000e+00

           Step           Time
         400000      800.00000

   Energies (kJ/mol)
           Bond          Angle    Proper Dih. Per. Imp. Dih.          LJ-14
    7.04537e+03    1.98196e+04    2.97226e+04    1.02855e+03    9.11456e+03
     Coulomb-14        LJ (SR)   Coulomb (SR)   Coul. recip.      Potential
    1.00350e+05    1.47886e+05   -1.48225e+06    8.78368e+03   -1.15850e+06
    Kinetic En.   Total Energy  Conserved En.    Temperature Pressure (bar)
    2.24511e+05   -9.33991e+05   -9.33868e+05    2.98485e+02    3.66482e+00
   Constr. rmsd
    0.00000e+00

           Step           Time
         405000      810.00000

   Energies (kJ/mol)
           Bond          Angle    Proper Dih. Per. Imp. Dih.          LJ-14
    6.91856e+03    1.99098e+04    2.95322e+04    1.14586e+03    9.15817e+03
     Coulomb-14        LJ (SR)   Coulomb (SR)   Coul. recip.      Potential
    1.00759e+05    1.46326e+05   -1.47939e+06    8.95682e+03   -1.15668e+06
    Kinetic En.   Total Energy  Conserved En.    Temperature Pressure (bar)
    2.25585e+05   -9.31098e+05   -9.33837e+05    2.99914e+02    2.29490e+01
   Constr. rmsd
    0.00000e+00

           Step           Time
         410000      820.00000

   Energies (kJ/mol)
           Bond          Angle    Proper Dih. Per. Imp. Dih.          LJ-14
    7.18703e+03    1.97345e+04    2.95957e+04    1.06802e+03    9.09246e+03
     Coulomb-14        LJ (SR)   Coulomb (SR)   Coul. recip.      Potential
    1.00682e+05    1.47830e+05   -1.48089e+06    8.74371e+03   -1.15696e+06
    Kinetic En.   Total Energy  Conserved En.    Temperature Pressure (bar)
    2.25489e+05   -9.31470e+05   -9.33819e+05    2.99785e+02   -1.04977e+01
   Constr. rmsd
    0.00000e+00

           Step           Time
         415000      830.00000

   Energies (kJ/mol)
           Bond          Angle    Proper Dih. Per. Imp. Dih.          LJ-14
    7.07206e+03    1.99016e+04    2.95829e+04    1.05407e+03    9.08395e+03
     Coulomb-14        LJ (SR)   Coulomb (SR)   Coul. recip.      Potential
    1.00447e+05    1.48234e+05   -1.48145e+06    8.79713e+03   -1.15727e+06
    Kinetic En.   Total Energy  Conserved En.    Temperature Pressure (bar)
    2.26391e+05   -9.30882e+05   -9.33780e+05    3.00984e+02    4.98446e+01
   Constr. rmsd
    0.00000e+00

           Step           Time
         420000      840.00000

   Energies (kJ/mol)
           Bond          Angle    Proper Dih. Per. Imp. Dih.          LJ-14
    6.90243e+03    1.96122e+04    2.96811e+04    1.15233e+03    9.05641e+03
     Coulomb-14        LJ (SR)   Coulomb (SR)   Coul. recip.      Potential
    1.00615e+05    1.46510e+05   -1.48113e+06    8.75825e+03   -1.15884e+06
    Kinetic En.   Total Energy  Conserved En.    Temperature Pressure (bar)
    2.26422e+05   -9.32420e+05   -9.33838e+05    3.01026e+02   -9.05459e+01
   Constr. rmsd
    0.00000e+00

           Step           Time
         425000      850.00000

   Energies (kJ/mol)
           Bond          Angle    Proper Dih. Per. Imp. Dih.          LJ-14
    7.08491e+03    1.97125e+04    2.95302e+04    1.04775e+03    9.20816e+03
     Coulomb-14        LJ (SR)   Coulomb (SR)   Coul. recip.      Potential
    1.00771e+05    1.49344e+05   -1.48509e+06    8.55266e+03   -1.15984e+06
    Kinetic En.   Total Energy  Conserved En.    Temperature Pressure (bar)
    2.26395e+05   -9.33446e+05   -9.33813e+05    3.00990e+02    9.01772e+01
   Constr. rmsd
    0.00000e+00

           Step           Time
         430000      860.00000

   Energies (kJ/mol)
           Bond          Angle    Proper Dih. Per. Imp. Dih.          LJ-14
    7.24260e+03    1.98153e+04    2.98486e+04    1.07497e+03    9.08297e+03
     Coulomb-14        LJ (SR)   Coulomb (SR)   Coul. recip.      Potential
    1.00428e+05    1.45968e+05   -1.47905e+06    8.82227e+03   -1.15677e+06
    Kinetic En.   Total Energy  Conserved En.    Temperature Pressure (bar)
    2.23996e+05   -9.32775e+05   -9.33765e+05    2.97800e+02   -7.74636e+01
   Constr. rmsd
    0.00000e+00

           Step           Time
         435000      870.00000

   Energies (kJ/mol)
           Bond          Angle    Proper Dih. Per. Imp. Dih.          LJ-14
    7.26244e+03    1.97197e+04    2.97765e+04    1.13442e+03    9.10288e+03
     Coulomb-14        LJ (SR)   Coulomb (SR)   Coul. recip.      Potential
    1.00584e+05    1.47460e+05   -1.48073e+06    8.86167e+03   -1.15683e+06
    Kinetic En.   Total Energy  Conserved En.    Temperature Pressure (bar)
    2.26685e+05   -9.30146e+05   -9.33733e+05    3.01376e+02    3.57829e+01
   Constr. rmsd
    0.00000e+00

           Step           Time
         440000      880.00000

   Energies (kJ/mol)
           Bond          Angle    Proper Dih. Per. Imp. Dih.          LJ-14
    7.22012e+03    1.96916e+04    2.96476e+04    1.12646e+03    9.17734e+03
     Coulomb-14        LJ (SR)   Coulomb (SR)   Coul. recip.      Potential
    1.00534e+05    1.45072e+05   -1.47770e+06    8.59992e+03   -1.15663e+06
    Kinetic En.   Total Energy  Conserved En.    Temperature Pressure (bar)
    2.24795e+05   -9.31838e+05   -9.33756e+05    2.98863e+02   -1.51977e+02
   Constr. rmsd
    0.00000e+00

           Step           Time
         445000      890.00000

   Energies (kJ/mol)
           Bond          Angle    Proper Dih. Per. Imp. Dih.          LJ-14
    6.98646e+03    1.98101e+04    2.97774e+04    1.15903e+03    9.11738e+03
     Coulomb-14        LJ (SR)   Coulomb (SR)   Coul. recip.      Potential
    1.00348e+05    1.46824e+05   -1.48016e+06    8.68423e+03   -1.15745e+06
    Kinetic En.   Total Energy  Conserved En.    Temperature Pressure (bar)
    2.25756e+05   -9.31698e+05   -9.33750e+05    3.00141e+02   -4.49977e+01
   Constr. rmsd
    0.00000e+00

           Step           Time
         450000      900.00000

   Energies (kJ/mol)
           Bond          Angle    Proper Dih. Per. Imp. Dih.          LJ-14
    7.06096e+03    1.97005e+04    2.96863e+04    1.08008e+03    9.02657e+03
     Coulomb-14        LJ (SR)   Coulomb (SR)   Coul. recip.      Potential
    1.00576e+05    1.45593e+05   -1.47893e+06    8.85537e+03   -1.15736e+06
    Kinetic En.   Total Energy  Conserved En.    Temperature Pressure (bar)
    2.27654e+05   -9.29702e+05   -9.33723e+05    3.02663e+02   -1.44389e+02
   Constr. rmsd
    0.00000e+00

           Step           Time
         455000      910.00000

   Energies (kJ/mol)
           Bond          Angle    Proper Dih. Per. Imp. Dih.          LJ-14
    7.10993e+03    1.97548e+04    2.97456e+04    1.07063e+03    9.00807e+03
     Coulomb-14        LJ (SR)   Coulomb (SR)   Coul. recip.      Potential
    9.99605e+04    1.46812e+05   -1.48183e+06    8.50405e+03   -1.15987e+06
    Kinetic En.   Total Energy  Conserved En.    Temperature Pressure (bar)
    2.25255e+05   -9.34611e+05   -9.33658e+05    2.99474e+02   -7.33255e+01
   Constr. rmsd
    0.00000e+00

           Step           Time
         460000      920.00000

   Energies (kJ/mol)
           Bond          Angle    Proper Dih. Per. Imp. Dih.          LJ-14
    6.97913e+03    1.97695e+04    2.97425e+04    1.06367e+03    9.06586e+03
     Coulomb-14        LJ (SR)   Coulomb (SR)   Coul. recip.      Potential
    1.00094e+05    1.45793e+05   -1.47877e+06    8.70330e+03   -1.15755e+06
    Kinetic En.   Total Energy  Conserved En.    Temperature Pressure (bar)
    2.26441e+05   -9.31114e+05   -9.33659e+05    3.01051e+02   -6.74211e+00
   Constr. rmsd
    0.00000e+00

           Step           Time
         465000      930.00000

   Energies (kJ/mol)
           Bond          Angle    Proper Dih. Per. Imp. Dih.          LJ-14
    7.20862e+03    1.94278e+04    2.96998e+04    1.18755e+03    9.15268e+03
     Coulomb-14        LJ (SR)   Coulomb (SR)   Coul. recip.      Potential
    1.00081e+05    1.46465e+05   -1.48149e+06    8.77123e+03   -1.15950e+06
    Kinetic En.   Total Energy  Conserved En.    Temperature Pressure (bar)
    2.26506e+05   -9.32991e+05   -9.33638e+05    3.01138e+02    1.15263e+02
   Constr. rmsd
    0.00000e+00

           Step           Time
         470000      940.00000

   Energies (kJ/mol)
           Bond          Angle    Proper Dih. Per. Imp. Dih.          LJ-14
    7.33469e+03    1.98911e+04    2.96690e+04    1.17623e+03    8.92640e+03
     Coulomb-14        LJ (SR)   Coulomb (SR)   Coul. recip.      Potential
    9.98037e+04    1.47902e+05   -1.48290e+06    8.77708e+03   -1.15942e+06
    Kinetic En.   Total Energy  Conserved En.    Temperature Pressure (bar)
    2.26504e+05   -9.32918e+05   -9.33634e+05    3.01134e+02   -5.01126e+01
   Constr. rmsd
    0.00000e+00

           Step           Time
         475000      950.00000

   Energies (kJ/mol)
           Bond          Angle    Proper Dih. Per. Imp. Dih.          LJ-14
    7.37365e+03    1.99274e+04    2.96160e+04    1.14426e+03    8.93983e+03
     Coulomb-14        LJ (SR)   Coulomb (SR)   Coul. recip.      Potential
    9.98996e+04    1.48934e+05   -1.48320e+06    8.81536e+03   -1.15855e+06
    Kinetic En.   Total Energy  Conserved En.    Temperature Pressure (bar)
    2.26885e+05   -9.31660e+05   -9.33608e+05    3.01642e+02    5.61702e+01
   Constr. rmsd
    0.00000e+00

           Step           Time
         480000      960.00000

   Energies (kJ/mol)
           Bond          Angle    Proper Dih. Per. Imp. Dih.          LJ-14
    7.20771e+03    1.98297e+04    2.94462e+04    1.12624e+03    9.11085e+03
     Coulomb-14        LJ (SR)   Coulomb (SR)   Coul. recip.      Potential
    1.00254e+05    1.46062e+05   -1.47896e+06    8.58417e+03   -1.15734e+06
    Kinetic En.   Total Energy  Conserved En.    Temperature Pressure (bar)
    2.26955e+05   -9.30383e+05   -9.33573e+05    3.01735e+02   -1.56980e+01
   Constr. rmsd
    0.00000e+00

           Step           Time
         485000      970.00000

   Energies (kJ/mol)
           Bond          Angle    Proper Dih. Per. Imp. Dih.          LJ-14
    7.00895e+03    1.98866e+04    2.94985e+04    1.12534e+03    9.16172e+03
     Coulomb-14        LJ (SR)   Coulomb (SR)   Coul. recip.      Potential
    1.00218e+05    1.49096e+05   -1.48375e+06    8.72075e+03   -1.15904e+06
    Kinetic En.   Total Energy  Conserved En.    Temperature Pressure (bar)
    2.24732e+05   -9.34305e+05   -9.33558e+05    2.98779e+02    2.00853e+02
   Constr. rmsd
    0.00000e+00

           Step           Time
         490000      980.00000

   Energies (kJ/mol)
           Bond          Angle    Proper Dih. Per. Imp. Dih.          LJ-14
    7.14641e+03    1.94759e+04    2.96162e+04    1.10805e+03    9.16621e+03
     Coulomb-14        LJ (SR)   Coulomb (SR)   Coul. recip.      Potential
    1.00040e+05    1.47410e+05   -1.48333e+06    8.61086e+03   -1.16076e+06
    Kinetic En.   Total Energy  Conserved En.    Temperature Pressure (bar)
    2.23846e+05   -9.36915e+05   -9.33538e+05    2.97601e+02    4.15947e+01
   Constr. rmsd
    0.00000e+00

           Step           Time
         495000      990.00000

   Energies (kJ/mol)
           Bond          Angle    Proper Dih. Per. Imp. Dih.          LJ-14
    7.13757e+03    1.94922e+04    2.96674e+04    1.01163e+03    9.15974e+03
     Coulomb-14        LJ (SR)   Coulomb (SR)   Coul. recip.      Potential
    1.00133e+05    1.47409e+05   -1.47985e+06    8.72790e+03   -1.15711e+06
    Kinetic En.   Total Energy  Conserved En.    Temperature Pressure (bar)
    2.26627e+05   -9.30484e+05   -9.33572e+05    3.01298e+02    1.27472e+02
   Constr. rmsd
    0.00000e+00

           Step           Time
         500000     1000.00000

   Energies (kJ/mol)
           Bond          Angle    Proper Dih. Per. Imp. Dih.          LJ-14
    7.20810e+03    1.95032e+04    2.97599e+04    1.10985e+03    9.08554e+03
     Coulomb-14        LJ (SR)   Coulomb (SR)   Coul. recip.      Potential
    1.00258e+05    1.49426e+05   -1.48368e+06    8.79973e+03   -1.15853e+06
    Kinetic En.   Total Energy  Conserved En.    Temperature Pressure (bar)
    2.25514e+05   -9.33020e+05   -9.33530e+05    2.99818e+02    5.65090e+01
   Constr. rmsd
    0.00000e+00

           Step           Time
         505000     1010.00000

   Energies (kJ/mol)
           Bond          Angle    Proper Dih. Per. Imp. Dih.          LJ-14
    7.22651e+03    1.95982e+04    2.94683e+04    1.07452e+03    9.11622e+03
     Coulomb-14        LJ (SR)   Coulomb (SR)   Coul. recip.      Potential
    1.00258e+05    1.47579e+05   -1.48234e+06    8.76127e+03   -1.15926e+06
    Kinetic En.   Total Energy  Conserved En.    Temperature Pressure (bar)
    2.25998e+05   -9.33260e+05   -9.33476e+05    3.00462e+02   -3.43969e+01
   Constr. rmsd
    0.00000e+00

           Step           Time
         510000     1020.00000

   Energies (kJ/mol)
           Bond          Angle    Proper Dih. Per. Imp. Dih.          LJ-14
    7.03315e+03    2.00311e+04    2.95561e+04    1.15156e+03    9.15176e+03
     Coulomb-14        LJ (SR)   Coulomb (SR)   Coul. recip.      Potential
    1.00049e+05    1.46493e+05   -1.48029e+06    8.74384e+03   -1.15808e+06
    Kinetic En.   Total Energy  Conserved En.    Temperature Pressure (bar)
    2.24752e+05   -9.33330e+05   -9.33452e+05    2.98806e+02    4.99634e+01
   Constr. rmsd
    0.00000e+00

           Step           Time
         515000     1030.00000

   Energies (kJ/mol)
           Bond          Angle    Proper Dih. Per. Imp. Dih.          LJ-14
    6.82647e+03    1.98095e+04    2.95470e+04    1.09421e+03    9.24141e+03
     Coulomb-14        LJ (SR)   Coulomb (SR)   Coul. recip.      Potential
    1.00054e+05    1.48038e+05   -1.48185e+06    8.58928e+03   -1.15865e+06
    Kinetic En.   Total Energy  Conserved En.    Temperature Pressure (bar)
    2.25071e+05   -9.33579e+05   -9.33415e+05    2.99229e+02    1.14602e+02
   Constr. rmsd
    0.00000e+00

           Step           Time
         520000     1040.00000

   Energies (kJ/mol)
           Bond          Angle    Proper Dih. Per. Imp. Dih.          LJ-14
    6.77919e+03    1.95389e+04    2.95258e+04    1.09633e+03    9.03222e+03
     Coulomb-14        LJ (SR)   Coulomb (SR)   Coul. recip.      Potential
    1.00453e+05    1.48703e+05   -1.48302e+06    8.75477e+03   -1.15914e+06
    Kinetic En.   Total Energy  Conserved En.    Temperature Pressure (bar)
    2.24209e+05   -9.34928e+05   -9.33455e+05    2.98084e+02    9.88415e+01
   Constr. rmsd
    0.00000e+00

           Step           Time
         525000     1050.00000

   Energies (kJ/mol)
           Bond          Angle    Proper Dih. Per. Imp. Dih.          LJ-14
    7.28095e+03    1.96147e+04    2.94716e+04    1.10585e+03    8.99603e+03
     Coulomb-14        LJ (SR)   Coulomb (SR)   Coul. recip.      Potential
    9.98046e+04    1.48696e+05   -1.48374e+06    8.81231e+03   -1.15995e+06
    Kinetic En.   Total Energy  Conserved En.    Temperature Pressure (bar)
    2.26484e+05   -9.33469e+05   -9.33444e+05    3.01109e+02    2.06575e+01
   Constr. rmsd
    0.00000e+00

           Step           Time
         530000     1060.00000

   Energies (kJ/mol)
           Bond          Angle    Proper Dih. Per. Imp. Dih.          LJ-14
    7.07786e+03    1.96892e+04    2.95402e+04    1.11682e+03    9.05901e+03
     Coulomb-14        LJ (SR)   Coulomb (SR)   Coul. recip.      Potential
    1.00192e+05    1.47113e+05   -1.48075e+06    8.73155e+03   -1.15823e+06
    Kinetic En.   Total Energy  Conserved En.    Temperature Pressure (bar)
    2.26416e+05   -9.31816e+05   -9.33408e+05    3.01018e+02   -5.09709e+01
   Constr. rmsd
    0.00000e+00

           Step           Time
         535000     1070.00000

   Energies (kJ/mol)
           Bond          Angle    Proper Dih. Per. Imp. Dih.          LJ-14
    6.98292e+03    1.93945e+04    2.97363e+04    1.17137e+03    8.99907e+03
     Coulomb-14        LJ (SR)   Coulomb (SR)   Coul. recip.      Potential
    1.00146e+05    1.48172e+05   -1.48277e+06    8.63594e+03   -1.15953e+06
    Kinetic En.   Total Energy  Conserved En.    Temperature Pressure (bar)
    2.25933e+05   -9.33598e+05   -9.33423e+05    3.00376e+02   -2.58847e+01
   Constr. rmsd
    0.00000e+00

           Step           Time
         540000     1080.00000

   Energies (kJ/mol)
           Bond          Angle    Proper Dih. Per. Imp. Dih.          LJ-14
    7.24522e+03    1.99042e+04    2.97117e+04    1.12378e+03    9.08441e+03
     Coulomb-14        LJ (SR)   Coulomb (SR)   Coul. recip.      Potential
    9.98488e+04    1.48809e+05   -1.48260e+06    8.75299e+03   -1.15812e+06
    Kinetic En.   Total Energy  Conserved En.    Temperature Pressure (bar)
    2.26299e+05   -9.31821e+05   -9.33335e+05    3.00862e+02   -1.31474e+01
   Constr. rmsd
    0.00000e+00

           Step           Time
         545000     1090.00000

   Energies (kJ/mol)
           Bond          Angle    Proper Dih. Per. Imp. Dih.          LJ-14
    6.99451e+03    1.94786e+04    2.97080e+04    1.06939e+03    9.13902e+03
     Coulomb-14        LJ (SR)   Coulomb (SR)   Coul. recip.      Potential
    1.00453e+05    1.48375e+05   -1.48420e+06    8.74555e+03   -1.16024e+06
    Kinetic En.   Total Energy  Conserved En.    Temperature Pressure (bar)
    2.25801e+05   -9.34441e+05   -9.33365e+05    3.00200e+02    6.52985e+01
   Constr. rmsd
    0.00000e+00

           Step           Time
         550000     1100.00000

   Energies (kJ/mol)
           Bond          Angle    Proper Dih. Per. Imp. Dih.          LJ-14
    7.19578e+03    1.97636e+04    2.95634e+04    1.08165e+03    9.20931e+03
     Coulomb-14        LJ (SR)   Coulomb (SR)   Coul. recip.      Potential
    9.98075e+04    1.46921e+05   -1.48118e+06    8.79888e+03   -1.15884e+06
    Kinetic En.   Total Energy  Conserved En.    Temperature Pressure (bar)
    2.25399e+05   -9.33438e+05   -9.33317e+05    2.99666e+02    3.80901e+01
   Constr. rmsd
    0.00000e+00

           Step           Time
         555000     1110.00000

   Energies (kJ/mol)
           Bond          Angle    Proper Dih. Per. Imp. Dih.          LJ-14
    7.08213e+03    1.97682e+04    2.94066e+04    1.04190e+03    9.05544e+03
     Coulomb-14        LJ (SR)   Coulomb (SR)   Coul. recip.      Potential
    1.00073e+05    1.46430e+05   -1.48206e+06    8.78495e+03   -1.16042e+06
    Kinetic En.   Total Energy  Conserved En.    Temperature Pressure (bar)
    2.26561e+05   -9.33860e+05   -9.33310e+05    3.01210e+02   -8.13894e+01
   Constr. rmsd
    0.00000e+00

           Step           Time
         560000     1120.00000

   Energies (kJ/mol)
           Bond          Angle    Proper Dih. Per. Imp. Dih.          LJ-14
    7.09728e+03    1.99067e+04    2.94804e+04    1.06902e+03    9.06657e+03
     Coulomb-14        LJ (SR)   Coulomb (SR)   Coul. recip.      Potential
    1.00456e+05    1.47219e+05   -1.48187e+06    8.62539e+03   -1.15895e+06
    Kinetic En.   Total Energy  Conserved En.    Temperature Pressure (bar)
    2.24925e+05   -9.34021e+05   -9.33252e+05    2.99036e+02   -2.62362e+01
   Constr. rmsd
    0.00000e+00

           Step           Time
         565000     1130.00000

   Energies (kJ/mol)
           Bond          Angle    Proper Dih. Per. Imp. Dih.          LJ-14
    7.24705e+03    1.95620e+04    2.96486e+04    1.12198e+03    9.12219e+03
     Coulomb-14        LJ (SR)   Coulomb (SR)   Coul. recip.      Potential
    1.00254e+05    1.48081e+05   -1.48137e+06    8.70134e+03   -1.15763e+06
    Kinetic En.   Total Energy  Conserved En.    Temperature Pressure (bar)
    2.26950e+05   -9.30677e+05   -9.33271e+05    3.01728e+02    1.13990e+02
   Constr. rmsd
    0.00000e+00

           Step           Time
         570000     1140.00000

   Energies (kJ/mol)
           Bond          Angle    Proper Dih. Per. Imp. Dih.          LJ-14
    7.01848e+03    1.98322e+04    2.95537e+04    1.05433e+03    9.05560e+03
     Coulomb-14        LJ (SR)   Coulomb (SR)   Coul. recip.      Potential
    1.00206e+05    1.49040e+05   -1.48395e+06    8.54597e+03   -1.15964e+06
    Kinetic En.   Total Energy  Conserved En.    Temperature Pressure (bar)
    2.26046e+05   -9.33596e+05   -9.33265e+05    3.00527e+02    1.96116e+02
   Constr. rmsd
    0.00000e+00

           Step           Time
         575000     1150.00000

   Energies (kJ/mol)
           Bond          Angle    Proper Dih. Per. Imp. Dih.          LJ-14
    7.20982e+03    1.97147e+04    2.95674e+04    1.15621e+03    9.08654e+03
     Coulomb-14        LJ (SR)   Coulomb (SR)   Coul. recip.      Potential
    1.00098e+05    1.47044e+05   -1.47945e+06    8.80062e+03   -1.15677e+06
    Kinetic En.   Total Energy  Conserved En.    Temperature Pressure (bar)
    2.25955e+05   -9.30818e+05   -9.33250e+05    3.00405e+02    5.13575e+01
   Constr. rmsd
    0.00000e+00

           Step           Time
         580000     1160.00000

   Energies (kJ/mol)
           Bond          Angle    Proper Dih. Per. Imp. Dih.          LJ-14
    7.30224e+03    2.03043e+04    2.96423e+04    1.07462e+03    8.96775e+03
     Coulomb-14        LJ (SR)   Coulomb (SR)   Coul. recip.      Potential
    1.00103e+05    1.47690e+05   -1.48146e+06    8.77300e+03   -1.15760e+06
    Kinetic En.   Total Energy  Conserved En.    Temperature Pressure (bar)
    2.26621e+05   -9.30981e+05   -9.33237e+05    3.01291e+02   -1.08724e+01
   Constr. rmsd
    0.00000e+00

           Step           Time
         585000     1170.00000

   Energies (kJ/mol)
           Bond          Angle    Proper Dih. Per. Imp. Dih.          LJ-14
    7.05984e+03    1.96503e+04    2.94207e+04    1.05439e+03    9.00390e+03
     Coulomb-14        LJ (SR)   Coulomb (SR)   Coul. recip.      Potential
    1.00098e+05    1.46505e+05   -1.48056e+06    8.62618e+03   -1.15914e+06
    Kinetic En.   Total Energy  Conserved En.    Temperature Pressure (bar)
    2.24295e+05   -9.34843e+05   -9.33233e+05    2.98198e+02   -1.13911e+02
   Constr. rmsd
    0.00000e+00

           Step           Time
         590000     1180.00000

   Energies (kJ/mol)
           Bond          Angle    Proper Dih. Per. Imp. Dih.          LJ-14
    7.34938e+03    2.00305e+04    2.94445e+04    1.16508e+03    8.90849e+03
     Coulomb-14        LJ (SR)   Coulomb (SR)   Coul. recip.      Potential
    9.99136e+04    1.46259e+05   -1.47888e+06    8.83952e+03   -1.15697e+06
    Kinetic En.   Total Energy  Conserved En.    Temperature Pressure (bar)
    2.24717e+05   -9.32255e+05   -9.33163e+05    2.98759e+02   -1.28250e+02
   Constr. rmsd
    0.00000e+00

           Step           Time
         595000     1190.00000

   Energies (kJ/mol)
           Bond          Angle    Proper Dih. Per. Imp. Dih.          LJ-14
    7.19469e+03    1.96930e+04    2.94312e+04    1.02468e+03    9.05975e+03
     Coulomb-14        LJ (SR)   Coulomb (SR)   Coul. recip.      Potential
    1.00506e+05    1.45903e+05   -1.48050e+06    8.84414e+03   -1.15884e+06
    Kinetic En.   Total Energy  Conserved En.    Temperature Pressure (bar)
    2.25576e+05   -9.33266e+05   -9.33151e+05    2.99901e+02   -1.95138e+01
   Constr. rmsd
    0.00000e+00

           Step           Time
         600000     1200.00000

   Energies (kJ/mol)
           Bond          Angle    Proper Dih. Per. Imp. Dih.          LJ-14
    7.17516e+03    1.94747e+04    2.96041e+04    1.21867e+03    9.11101e+03
     Coulomb-14        LJ (SR)   Coulomb (SR)   Coul. recip.      Potential
    9.99769e+04    1.47362e+05   -1.48176e+06    8.68596e+03   -1.15915e+06
    Kinetic En.   Total Energy  Conserved En.    Temperature Pressure (bar)
    2.25348e+05   -9.33800e+05   -9.33180e+05    2.99598e+02    6.24016e+01
   Constr. rmsd
    0.00000e+00

           Step           Time
         605000     1210.00000

   Energies (kJ/mol)
           Bond          Angle    Proper Dih. Per. Imp. Dih.          LJ-14
    7.19844e+03    1.96117e+04    2.96563e+04    1.19717e+03    9.24696e+03
     Coulomb-14        LJ (SR)   Coulomb (SR)   Coul. recip.      Potential
    1.00361e+05    1.46411e+05   -1.48014e+06    8.75831e+03   -1.15770e+06
    Kinetic En.   Total Energy  Conserved En.    Temperature Pressure (bar)
    2.25833e+05   -9.31867e+05   -9.33122e+05    3.00243e+02    9.02853e+01
   Constr. rmsd
    0.00000e+00

           Step           Time
         610000     1220.00000

   Energies (kJ/mol)
           Bond          Angle    Proper Dih. Per. Imp. Dih.          LJ-14
    7.16509e+03    1.98148e+04    2.96649e+04    1.05398e+03    9.06258e+03
     Coulomb-14        LJ (SR)   Coulomb (SR)   Coul. recip.      Potential
    1.00052e+05    1.45217e+05   -1.47829e+06    8.63665e+03   -1.15762e+06
    Kinetic En.   Total Energy  Conserved En.    Temperature Pressure (bar)
    2.25039e+05   -9.32584e+05   -9.33105e+05    2.99187e+02   -1.28085e+02
   Constr. rmsd
    0.00000e+00

           Step           Time
         615000     1230.00000

   Energies (kJ/mol)
           Bond          Angle    Proper Dih. Per. Imp. Dih.          LJ-14
    7.05340e+03    1.98074e+04    2.94840e+04    1.22476e+03    9.28601e+03
     Coulomb-14        LJ (SR)   Coulomb (SR)   Coul. recip.      Potential
    1.00501e+05    1.46753e+05   -1.47948e+06    8.64532e+03   -1.15672e+06
    Kinetic En.   Total Energy  Conserved En.    Temperature Pressure (bar)
    2.24034e+05   -9.32690e+05   -9.33070e+05    2.97851e+02    1.12789e+02
   Constr. rmsd
    0.00000e+00

           Step           Time
         620000     1240.00000

   Energies (kJ/mol)
           Bond          Angle    Proper Dih. Per. Imp. Dih.          LJ-14
    7.15573e+03    1.93698e+04    2.96550e+04    1.14564e+03    9.02164e+03
     Coulomb-14        LJ (SR)   Coulomb (SR)   Coul. recip.      Potential
    1.00413e+05    1.47497e+05   -1.48251e+06    8.67498e+03   -1.15957e+06
    Kinetic En.   Total Energy  Conserved En.    Temperature Pressure (bar)
    2.25343e+05   -9.34229e+05   -9.33063e+05    2.99592e+02   -4.47641e+01
   Constr. rmsd
    0.00000e+00

           Step           Time
         625000     1250.00000

   Energies (kJ/mol)
           Bond          Angle    Proper Dih. Per. Imp. Dih.          LJ-14
    7.34211e+03    1.94406e+04    2.95399e+04    1.21572e+03    8.91738e+03
     Coulomb-14        LJ (SR)   Coulomb (SR)   Coul. recip.      Potential
    1.00037e+05    1.49029e+05   -1.48426e+06    8.63825e+03   -1.16010e+06
    Kinetic En.   Total Energy  Conserved En.    Temperature Pressure (bar)
    2.25700e+05   -9.34404e+05   -9.33038e+05    3.00066e+02    2.97233e+01
   Constr. rmsd
    0.00000e+00

           Step           Time
         630000     1260.00000

   Energies (kJ/mol)
           Bond          Angle    Proper Dih. Per. Imp. Dih.          LJ-14
    7.32842e+03    1.92952e+04    2.96253e+04    1.12791e+03    9.00907e+03
     Coulomb-14        LJ (SR)   Coulomb (SR)   Coul. recip.      Potential
    1.00542e+05    1.47647e+05   -1.48300e+06    8.51581e+03   -1.15991e+06
    Kinetic En.   Total Energy  Conserved En.    Temperature Pressure (bar)
    2.25294e+05   -9.34613e+05   -9.33040e+05    2.99527e+02   -2.96980e+01
   Constr. rmsd
    0.00000e+00

           Step           Time
         635000     1270.00000

   Energies (kJ/mol)
           Bond          Angle    Proper Dih. Per. Imp. Dih.          LJ-14
    7.16659e+03    1.98141e+04    2.96993e+04    1.06700e+03    9.02979e+03
     Coulomb-14        LJ (SR)   Coulomb (SR)   Coul. recip.      Potential
    9.98263e+04    1.47382e+05   -1.48180e+06    8.73846e+03   -1.15908e+06
    Kinetic En.   Total Energy  Conserved En.    Temperature Pressure (bar)
    2.25210e+05   -9.33866e+05   -9.32990e+05    2.99414e+02    5.86997e-01
   Constr. rmsd
    0.00000e+00

           Step           Time
         640000     1280.00000

   Energies (kJ/mol)
           Bond          Angle    Proper Dih. Per. Imp. Dih.          LJ-14
    7.27956e+03    1.97374e+04    2.95499e+04    1.13126e+03    9.00674e+03
     Coulomb-14        LJ (SR)   Coulomb (SR)   Coul. recip.      Potential
    1.00269e+05    1.46548e+05   -1.48233e+06    8.76499e+03   -1.16004e+06
    Kinetic En.   Total Energy  Conserved En.    Temperature Pressure (bar)
    2.27044e+05   -9.32999e+05   -9.32980e+05    3.01853e+02   -1.10207e+02
   Constr. rmsd
    0.00000e+00

           Step           Time
         645000     1290.00000

   Energies (kJ/mol)
           Bond          Angle    Proper Dih. Per. Imp. Dih.          LJ-14
    6.96325e+03    1.97953e+04    2.96853e+04    1.10243e+03    9.10702e+03
     Coulomb-14        LJ (SR)   Coulomb (SR)   Coul. recip.      Potential
    1.00440e+05    1.47048e+05   -1.48158e+06    8.69923e+03   -1.15874e+06
    Kinetic En.   Total Energy  Conserved En.    Temperature Pressure (bar)
    2.24042e+05   -9.34702e+05   -9.32960e+05    2.97862e+02    5.86403e+01
   Constr. rmsd
    0.00000e+00

           Step           Time
         650000     1300.00000

   Energies (kJ/mol)
           Bond          Angle    Proper Dih. Per. Imp. Dih.          LJ-14
    7.13604e+03    1.99471e+04    2.93721e+04    1.08040e+03    8.91651e+03
     Coulomb-14        LJ (SR)   Coulomb (SR)   Coul. recip.      Potential
    1.00459e+05    1.46445e+05   -1.48042e+06    8.79557e+03   -1.15827e+06
    Kinetic En.   Total Energy  Conserved En.    Temperature Pressure (bar)
    2.27686e+05   -9.30585e+05   -9.32970e+05    3.02706e+02   -1.39948e+02
   Constr. rmsd
    0.00000e+00

           Step           Time
         655000     1310.00000

   Energies (kJ/mol)
           Bond          Angle    Proper Dih. Per. Imp. Dih.          LJ-14
    7.07847e+03    1.99419e+04    2.96529e+04    1.13034e+03    9.00338e+03
     Coulomb-14        LJ (SR)   Coulomb (SR)   Coul. recip.      Potential
    1.00342e+05    1.46642e+05   -1.48210e+06    8.76129e+03   -1.15955e+06
    Kinetic En.   Total Energy  Conserved En.    Temperature Pressure (bar)
    2.26464e+05   -9.33088e+05   -9.32922e+05    3.01082e+02   -2.01126e+02
   Constr. rmsd
    0.00000e+00

           Step           Time
         660000     1320.00000

   Energies (kJ/mol)
           Bond          Angle    Proper Dih. Per. Imp. Dih.          LJ-14
    7.11523e+03    2.03726e+04    2.95776e+04    1.13611e+03    8.93319e+03
     Coulomb-14        LJ (SR)   Coulomb (SR)   Coul. recip.      Potential
    1.00435e+05    1.46650e+05   -1.48035e+06    8.54523e+03   -1.15759e+06
    Kinetic En.   Total Energy  Conserved En.    Temperature Pressure (bar)
    2.26263e+05   -9.31326e+05   -9.32880e+05    3.00814e+02    1.38833e+01
   Constr. rmsd
    0.00000e+00

           Step           Time
         665000     1330.00000

   Energies (kJ/mol)
           Bond          Angle    Proper Dih. Per. Imp. Dih.          LJ-14
    7.16270e+03    1.98088e+04    2.97378e+04    1.08778e+03    9.16653e+03
     Coulomb-14        LJ (SR)   Coulomb (SR)   Coul. recip.      Potential
    1.00702e+05    1.46319e+05   -1.48071e+06    8.74933e+03   -1.15798e+06
    Kinetic En.   Total Energy  Conserved En.    Temperature Pressure (bar)
    2.26618e+05   -9.31363e+05   -9.32877e+05    3.01286e+02   -1.69534e+01
   Constr. rmsd
    0.00000e+00

           Step           Time
         670000     1340.00000

   Energies (kJ/mol)
           Bond          Angle    Proper Dih. Per. Imp. Dih.          LJ-14
    7.21557e+03    1.96833e+04    2.95067e+04    1.05022e+03    9.03909e+03
     Coulomb-14        LJ (SR)   Coulomb (SR)   Coul. recip.      Potential
    1.00838e+05    1.46749e+05   -1.48174e+06    8.84294e+03   -1.15881e+06
    Kinetic En.   Total Energy  Conserved En.    Temperature Pressure (bar)
    2.26192e+05   -9.32621e+05   -9.32862e+05    3.00720e+02   -1.13037e+02
   Constr. rmsd
    0.00000e+00

           Step           Time
         675000     1350.00000

   Energies (kJ/mol)
           Bond          Angle    Proper Dih. Per. Imp. Dih.          LJ-14
    7.24153e+03    1.99001e+04    2.95592e+04    1.09898e+03    9.04294e+03
     Coulomb-14        LJ (SR)   Coulomb (SR)   Coul. recip.      Potential
    1.00361e+05    1.46296e+05   -1.48108e+06    8.78522e+03   -1.15879e+06
    Kinetic En.   Total Energy  Conserved En.    Temperature Pressure (bar)
    2.26024e+05   -9.32771e+05   -9.32851e+05    3.00497e+02   -1.40372e+02
   Constr. rmsd
    0.00000e+00

           Step           Time
         680000     1360.00000

   Energies (kJ/mol)
           Bond          Angle    Proper Dih. Per. Imp. Dih.          LJ-14
    7.17743e+03    1.98222e+04    2.94633e+04    1.09576e+03    9.04142e+03
     Coulomb-14        LJ (SR)   Coulomb (SR)   Coul. recip.      Potential
    1.00644e+05    1.47433e+05   -1.48270e+06    8.77557e+03   -1.15925e+06
    Kinetic En.   Total Energy  Conserved En.    Temperature Pressure (bar)
    2.25869e+05   -9.33377e+05   -9.32795e+05    3.00291e+02   -1.99501e+01
   Constr. rmsd
    0.00000e+00

           Step           Time
         685000     1370.00000

   Energies (kJ/mol)
           Bond          Angle    Proper Dih. Per. Imp. Dih.          LJ-14
    6.91763e+03    1.96301e+04    2.97533e+04    1.12155e+03    9.23841e+03
     Coulomb-14        LJ (SR)   Coulomb (SR)   Coul. recip.      Potential
    1.00354e+05    1.47630e+05   -1.48297e+06    8.61652e+03   -1.15970e+06
    Kinetic En.   Total Energy  Conserved En.    Temperature Pressure (bar)
    2.27450e+05   -9.32255e+05   -9.32805e+05    3.02392e+02   -1.35376e+01
   Constr. rmsd
    0.00000e+00

           Step           Time
         690000     1380.00000

   Energies (kJ/mol)
           Bond          Angle    Proper Dih. Per. Imp. Dih.          LJ-14
    7.37888e+03    1.96037e+04    2.95653e+04    1.11050e+03    9.05452e+03
     Coulomb-14        LJ (SR)   Coulomb (SR)   Coul. recip.      Potential
    9.99191e+04    1.48136e+05   -1.48419e+06    8.81798e+03   -1.16060e+06
    Kinetic En.   Total Energy  Conserved En.    Temperature Pressure (bar)
    2.24770e+05   -9.35832e+05   -9.32785e+05    2.98830e+02    4.37618e+01
   Constr. rmsd
    0.00000e+00

           Step           Time
         695000     1390.00000

   Energies (kJ/mol)
           Bond          Angle    Proper Dih. Per. Imp. Dih.          LJ-14
    7.15208e+03    2.00580e+04    2.94595e+04    1.11478e+03    9.12546e+03
     Coulomb-14        LJ (SR)   Coulomb (SR)   Coul. recip.      Potential
    1.00203e+05    1.47159e+05   -1.48071e+06    8.85451e+03   -1.15759e+06
    Kinetic En.   Total Energy  Conserved En.    Temperature Pressure (bar)
    2.24829e+05   -9.32759e+05   -9.32749e+05    2.98909e+02    4.62005e+01
   Constr. rmsd
    0.00000e+00

           Step           Time
         700000     1400.00000

   Energies (kJ/mol)
           Bond          Angle    Proper Dih. Per. Imp. Dih.          LJ-14
    7.08798e+03    1.97968e+04    2.94379e+04    1.13935e+03    9.13529e+03
     Coulomb-14        LJ (SR)   Coulomb (SR)   Coul. recip.      Potential
    1.00402e+05    1.48957e+05   -1.48296e+06    8.70808e+03   -1.15830e+06
    Kinetic En.   Total Energy  Conserved En.    Temperature Pressure (bar)
    2.25822e+05   -9.32476e+05   -9.32777e+05    3.00228e+02    1.41805e+02
   Constr. rmsd
    0.00000e+00

           Step           Time
         705000     1410.00000

   Energies (kJ/mol)
           Bond          Angle    Proper Dih. Per. Imp. Dih.          LJ-14
    7.25826e+03    1.98848e+04    2.97057e+04    1.12583e+03    8.97880e+03
     Coulomb-14        LJ (SR)   Coulomb (SR)   Coul. recip.      Potential
    1.00328e+05    1.48070e+05   -1.48315e+06    8.74775e+03   -1.15905e+06
    Kinetic En.   Total Energy  Conserved En.    Temperature Pressure (bar)
    2.24915e+05   -9.34135e+05   -9.32759e+05    2.99023e+02    5.95826e+00
   Constr. rmsd
    0.00000e+00

           Step           Time
         710000     1420.00000

   Energies (kJ/mol)
           Bond          Angle    Proper Dih. Per. Imp. Dih.          LJ-14
    7.30441e+03    1.98447e+04    2.96279e+04    1.11387e+03    9.15376e+03
     Coulomb-14        LJ (SR)   Coulomb (SR)   Coul. recip.      Potential
    1.00728e+05    1.47630e+05   -1.48250e+06    8.46497e+03   -1.15864e+06
    Kinetic En.   Total Energy  Conserved En.    Temperature Pressure (bar)
    2.25106e+05   -9.33530e+05   -9.32693e+05    2.99276e+02    2.60885e+01
   Constr. rmsd
    0.00000e+00

           Step           Time
         715000     1430.00000

   Energies (kJ/mol)
           Bond          Angle    Proper Dih. Per. Imp. Dih.          LJ-14
    7.33782e+03    1.99556e+04    2.97264e+04    1.14006e+03    8.98567e+03
     Coulomb-14        LJ (SR)   Coulomb (SR)   Coul. recip.      Potential
    1.00069e+05    1.49230e+05   -1.48619e+06    8.65303e+03   -1.16110e+06
    Kinetic En.   Total Energy  Conserved En.    Temperature Pressure (bar)
    2.26998e+05   -9.34100e+05   -9.32719e+05    3.01792e+02    8.66508e+01
   Constr. rmsd
    0.00000e+00

           Step           Time
         720000     1440.00000

   Energies (kJ/mol)
           Bond          Angle    Proper Dih. Per. Imp. Dih.          LJ-14
    7.20115e+03    2.02464e+04    2.95927e+04    1.11549e+03    8.87632e+03
     Coulomb-14        LJ (SR)   Coulomb (SR)   Coul. recip.      Potential
    1.00499e+05    1.47804e+05   -1.48347e+06    8.78869e+03   -1.15934e+06
    Kinetic En.   Total Energy  Conserved En.    Temperature Pressure (bar)
    2.25210e+05   -9.34133e+05   -9.32692e+05    2.99414e+02   -4.73880e+01
   Constr. rmsd
    0.00000e+00

           Step           Time
         725000     1450.00000

   Energies (kJ/mol)
           Bond          Angle    Proper Dih. Per. Imp. Dih.          LJ-14
    7.39780e+03    1.94665e+04    2.96359e+04    1.13767e+03    9.00720e+03
     Coulomb-14        LJ (SR)   Coulomb (SR)   Coul. recip.      Potential
    1.00311e+05    1.46749e+05   -1.48207e+06    8.59616e+03   -1.15977e+06
    Kinetic En.   Total Energy  Conserved En.    Temperature Pressure (bar)
    2.24528e+05   -9.35240e+05   -9.32734e+05    2.98508e+02   -9.63517e+01
   Constr. rmsd
    0.00000e+00

           Step           Time
         730000     1460.00000

   Energies (kJ/mol)
           Bond          Angle    Proper Dih. Per. Imp. Dih.          LJ-14
    7.40591e+03    1.98204e+04    2.95374e+04    1.09773e+03    9.17276e+03
     Coulomb-14        LJ (SR)   Coulomb (SR)   Coul. recip.      Potential
    1.00101e+05    1.47738e+05   -1.48180e+06    8.57551e+03   -1.15835e+06
    Kinetic En.   Total Energy  Conserved En.    Temperature Pressure (bar)
    2.25112e+05   -9.33242e+05   -9.32644e+05    2.99284e+02    3.99563e+01
   Constr. rmsd
    0.00000e+00

           Step           Time
         735000     1470.00000

   Energies (kJ/mol)
           Bond          Angle    Proper Dih. Per. Imp. Dih.          LJ-14
    7.38844e+03    2.00904e+04    2.94211e+04    1.08504e+03    9.04918e+03
     Coulomb-14        LJ (SR)   Coulomb (SR)   Coul. recip.      Potential
    1.00226e+05    1.47349e+05   -1.48092e+06    8.80813e+03   -1.15751e+06
    Kinetic En.   Total Energy  Conserved En.    Temperature Pressure (bar)
    2.24645e+05   -9.32862e+05   -9.32626e+05    2.98663e+02   -2.09999e+01
   Constr. rmsd
    0.00000e+00

           Step           Time
         740000     1480.00000

   Energies (kJ/mol)
           Bond          Angle    Proper Dih. Per. Imp. Dih.          LJ-14
    7.21250e+03    1.98834e+04    2.97688e+04    1.11804e+03    9.16067e+03
     Coulomb-14        LJ (SR)   Coulomb (SR)   Coul. recip.      Potential
    1.00332e+05    1.47653e+05   -1.48277e+06    8.64450e+03   -1.15900e+06
    Kinetic En.   Total Energy  Conserved En.    Temperature Pressure (bar)
    2.25589e+05   -9.33409e+05   -9.32591e+05    2.99918e+02    3.24933e+01
   Constr. rmsd
    0.00000e+00

           Step           Time
         745000     1490.00000

   Energies (kJ/mol)
           Bond          Angle    Proper Dih. Per. Imp. Dih.          LJ-14
    7.18958e+03    1.99500e+04    2.95379e+04    1.10863e+03    9.11993e+03
     Coulomb-14        LJ (SR)   Coulomb (SR)   Coul. recip.      Potential
    1.00333e+05    1.47151e+05   -1.47966e+06    8.76421e+03   -1.15650e+06
    Kinetic En.   Total Energy  Conserved En.    Temperature Pressure (bar)
    2.25993e+05   -9.30511e+05   -9.32594e+05    3.00456e+02    2.71543e+01
   Constr. rmsd
    0.00000e+00

           Step           Time
         750000     1500.00000

   Energies (kJ/mol)
           Bond          Angle    Proper Dih. Per. Imp. Dih.          LJ-14
    7.01085e+03    1.96647e+04    2.95887e+04    1.07273e+03    9.23231e+03
     Coulomb-14        LJ (SR)   Coulomb (SR)   Coul. recip.      Potential
    1.00417e+05    1.47665e+05   -1.48027e+06    8.80454e+03   -1.15681e+06
    Kinetic En.   Total Energy  Conserved En.    Temperature Pressure (bar)
    2.25371e+05   -9.31439e+05   -9.32630e+05    2.99629e+02    1.27115e+02
   Constr. rmsd
    0.00000e+00

           Step           Time
         755000     1510.00000

   Energies (kJ/mol)
           Bond          Angle    Proper Dih. Per. Imp. Dih.          LJ-14
    7.45633e+03    1.98170e+04    2.96354e+04    1.13853e+03    9.04819e+03
     Coulomb-14        LJ (SR)   Coulomb (SR)   Coul. recip.      Potential
    1.00213e+05    1.48014e+05   -1.48227e+06    8.73295e+03   -1.15821e+06
    Kinetic En.   Total Energy  Conserved En.    Temperature Pressure (bar)
    2.26660e+05   -9.31550e+05   -9.32548e+05    3.01343e+02    1.20907e+01
   Constr. rmsd
    0.00000e+00

           Step           Time
         760000     1520.00000

   Energies (kJ/mol)
           Bond          Angle    Proper Dih. Per. Imp. Dih.          LJ-14
    7.17503e+03    1.98640e+04    2.95678e+04    1.07916e+03    9.19107e+03
     Coulomb-14        LJ (SR)   Coulomb (SR)   Coul. recip.      Potential
    1.00347e+05    1.47789e+05   -1.48234e+06    8.77684e+03   -1.15855e+06
    Kinetic En.   Total Energy  Conserved En.    Temperature Pressure (bar)
    2.25964e+05   -9.32588e+05   -9.32576e+05    3.00417e+02    2.00993e+02
   Constr. rmsd
    0.00000e+00

           Step           Time
         765000     1530.00000

   Energies (kJ/mol)
           Bond          Angle    Proper Dih. Per. Imp. Dih.          LJ-14
    7.22710e+03    1.96031e+04    2.96789e+04    1.02476e+03    9.01668e+03
     Coulomb-14        LJ (SR)   Coulomb (SR)   Coul. recip.      Potential
    1.00309e+05    1.48079e+05   -1.48114e+06    8.88449e+03   -1.15732e+06
    Kinetic En.   Total Energy  Conserved En.    Temperature Pressure (bar)
    2.24117e+05   -9.33202e+05   -9.32560e+05    2.97961e+02   -1.02950e+02
   Constr. rmsd
    0.00000e+00

           Step           Time
         770000     1540.00000

   Energies (kJ/mol)
           Bond          Angle    Proper Dih. Per. Imp. Dih.          LJ-14
    6.97130e+03    1.95465e+04    2.96744e+04    1.14149e+03    9.13567e+03
     Coulomb-14        LJ (SR)   Coulomb (SR)   Coul. recip.      Potential
    1.00471e+05    1.45816e+05   -1.47824e+06    8.72465e+03   -1.15676e+06
    Kinetic En.   Total Energy  Conserved En.    Temperature Pressure (bar)
    2.26270e+05   -9.30490e+05   -9.32590e+05    3.00823e+02   -8.98446e+01
   Constr. rmsd
    0.00000e+00

           Step           Time
         775000     1550.00000

   Energies (kJ/mol)
           Bond          Angle    Proper Dih. Per. Imp. Dih.          LJ-14
    6.95173e+03    1.95640e+04    2.96976e+04    1.10352e+03    9.15176e+03
     Coulomb-14        LJ (SR)   Coulomb (SR)   Coul. recip.      Potential
    1.00176e+05    1.48815e+05   -1.48333e+06    8.75994e+03   -1.15911e+06
    Kinetic En.   Total Energy  Conserved En.    Temperature Pressure (bar)
    2.25537e+05   -9.33572e+05   -9.32550e+05    2.99849e+02    1.60660e+02
   Constr. rmsd
    0.00000e+00

           Step           Time
         780000     1560.00000

   Energies (kJ/mol)
           Bond          Angle    Proper Dih. Per. Imp. Dih.          LJ-14
    7.10211e+03    2.00480e+04    2.94457e+04    1.12807e+03    9.18050e+03
     Coulomb-14        LJ (SR)   Coulomb (SR)   Coul. recip.      Potential
    9.99887e+04    1.48413e+05   -1.48281e+06    8.67151e+03   -1.15884e+06
    Kinetic En.   Total Energy  Conserved En.    Temperature Pressure (bar)
    2.25291e+05   -9.33545e+05   -9.32506e+05    2.99522e+02    7.91968e+01
   Constr. rmsd
    0.00000e+00

           Step           Time
         785000     1570.00000

   Energies (kJ/mol)
           Bond          Angle    Proper Dih. Per. Imp. Dih.          LJ-14
    7.04083e+03    2.00582e+04    2.97078e+04    1.03903e+03    8.97215e+03
     Coulomb-14        LJ (SR)   Coulomb (SR)   Coul. recip.      Potential
    1.00137e+05    1.44996e+05   -1.48053e+06    8.87903e+03   -1.15970e+06
    Kinetic En.   Total Energy  Conserved En.    Temperature Pressure (bar)
    2.25486e+05   -9.34217e+05   -9.32508e+05    2.99781e+02   -1.32149e+02
   Constr. rmsd
    0.00000e+00

           Step           Time
         790000     1580.00000

   Energies (kJ/mol)
           Bond          Angle    Proper Dih. Per. Imp. Dih.          LJ-14
    7.26848e+03    1.96227e+04    2.93818e+04    1.09701e+03    9.03003e+03
     Coulomb-14        LJ (SR)   Coulomb (SR)   Coul. recip.      Potential
    1.00118e+05    1.46767e+05   -1.48294e+06    8.61462e+03   -1.16105e+06
    Kinetic En.   Total Energy  Conserved En.    Temperature Pressure (bar)
    2.24244e+05   -9.36802e+05   -9.32500e+05    2.98131e+02   -7.94443e+01
   Constr. rmsd
    0.00000e+00

           Step           Time
         795000     1590.00000

   Energies (kJ/mol)
           Bond          Angle    Proper Dih. Per. Imp. Dih.          LJ-14
    6.95565e+03    1.96870e+04    2.96070e+04    1.06746e+03    9.12716e+03
     Coulomb-14        LJ (SR)   Coulomb (SR)   Coul. recip.      Potential
    1.00551e+05    1.45268e+05   -1.48021e+06    8.64046e+03   -1.15931e+06
    Kinetic En.   Total Energy  Conserved En.    Temperature Pressure (bar)
    2.25717e+05   -9.33593e+05   -9.32466e+05    3.00088e+02   -9.04746e+01
   Constr. rmsd
    0.00000e+00

           Step           Time
         800000     1600.00000

   Energies (kJ/mol)
           Bond          Angle    Proper Dih. Per. Imp. Dih.          LJ-14
    7.29880e+03    1.97705e+04    2.96638e+04    1.08228e+03    8.97194e+03
     Coulomb-14        LJ (SR)   Coulomb (SR)   Coul. recip.      Potential
    9.99971e+04    1.47398e+05   -1.48174e+06    8.60081e+03   -1.15896e+06
    Kinetic En.   Total Energy  Conserved En.    Temperature Pressure (bar)
    2.26478e+05   -9.32478e+05   -9.32430e+05    3.01100e+02   -6.73058e+01
   Constr. rmsd
    0.00000e+00

           Step           Time
         805000     1610.00000

   Energies (kJ/mol)
           Bond          Angle    Proper Dih. Per. Imp. Dih.          LJ-14
    7.05087e+03    1.97089e+04    2.95305e+04    1.05920e+03    9.14764e+03
     Coulomb-14        LJ (SR)   Coulomb (SR)   Coul. recip.      Potential
    1.00156e+05    1.48171e+05   -1.48176e+06    8.77520e+03   -1.15816e+06
    Kinetic En.   Total Energy  Conserved En.    Temperature Pressure (bar)
    2.25414e+05   -9.32750e+05   -9.32423e+05    2.99686e+02    7.95011e+01
   Constr. rmsd
    0.00000e+00

           Step           Time
         810000     1620.00000

   Energies (kJ/mol)
           Bond          Angle    Proper Dih. Per. Imp. Dih.          LJ-14
    7.23859e+03    1.99699e+04    2.95633e+04    1.14682e+03    9.05140e+03
     Coulomb-14        LJ (SR)   Coulomb (SR)   Coul. recip.      Potential
    1.00332e+05    1.48375e+05   -1.48307e+06    8.82553e+03   -1.15856e+06
    Kinetic En.   Total Energy  Conserved En.    Temperature Pressure (bar)
    2.25928e+05   -9.32635e+05   -9.32372e+05    3.00369e+02    7.69987e+01
   Constr. rmsd
    0.00000e+00

           Step           Time
         815000     1630.00000

   Energies (kJ/mol)
           Bond          Angle    Proper Dih. Per. Imp. Dih.          LJ-14
    7.12605e+03    1.98890e+04    2.96992e+04    1.18897e+03    9.10613e+03
     Coulomb-14        LJ (SR)   Coulomb (SR)   Coul. recip.      Potential
    1.00012e+05    1.47666e+05   -1.48280e+06    8.49839e+03   -1.15962e+06
    Kinetic En.   Total Energy  Conserved En.    Temperature Pressure (bar)
    2.24891e+05   -9.34728e+05   -9.32347e+05    2.98990e+02   -4.22691e+01
   Constr. rmsd
    0.00000e+00

           Step           Time
         820000     1640.00000

   Energies (kJ/mol)
           Bond          Angle    Proper Dih. Per. Imp. Dih.          LJ-14
    7.17380e+03    1.99482e+04    2.95461e+04    1.10927e+03    9.14924e+03
     Coulomb-14        LJ (SR)   Coulomb (SR)   Coul. recip.      Potential
    9.99541e+04    1.47310e+05   -1.48098e+06    8.70899e+03   -1.15809e+06
    Kinetic En.   Total Energy  Conserved En.    Temperature Pressure (bar)
    2.26640e+05   -9.31445e+05   -9.32346e+05    3.01316e+02    9.73987e+01
   Constr. rmsd
    0.00000e+00

           Step           Time
         825000     1650.00000

   Energies (kJ/mol)
           Bond          Angle    Proper Dih. Per. Imp. Dih.          LJ-14
    7.12973e+03    1.98321e+04    2.96504e+04    1.12329e+03    9.04754e+03
     Coulomb-14        LJ (SR)   Coulomb (SR)   Coul. recip.      Potential
    1.00150e+05    1.46604e+05   -1.48076e+06    8.83474e+03   -1.15838e+06
    Kinetic En.   Total Energy  Conserved En.    Temperature Pressure (bar)
    2.24575e+05   -9.33810e+05   -9.32349e+05    2.98571e+02   -7.47740e+01
   Constr. rmsd
    0.00000e+00

           Step           Time
         830000     1660.00000

   Energies (kJ/mol)
           Bond          Angle    Proper Dih. Per. Imp. Dih.          LJ-14
    7.21029e+03    1.98482e+04    2.94523e+04    1.07230e+03    9.00201e+03
     Coulomb-14        LJ (SR)   Coulomb (SR)   Coul. recip.      Potential
    9.99110e+04    1.45596e+05   -1.47951e+06    8.65750e+03   -1.15876e+06
    Kinetic En.   Total Energy  Conserved En.    Temperature Pressure (bar)
    2.25808e+05   -9.32956e+05   -9.32338e+05    3.00210e+02   -4.96127e+01
   Constr. rmsd
    0.00000e+00

           Step           Time
         835000     1670.00000

   Energies (kJ/mol)
           Bond          Angle    Proper Dih. Per. Imp. Dih.          LJ-14
    7.23956e+03    1.98335e+04    2.95305e+04    1.11644e+03    9.06430e+03
     Coulomb-14        LJ (SR)   Coulomb (SR)   Coul. recip.      Potential
    1.00376e+05    1.46318e+05   -1.48028e+06    8.80468e+03   -1.15800e+06
    Kinetic En.   Total Energy  Conserved En.    Temperature Pressure (bar)
    2.26495e+05   -9.31503e+05   -9.32301e+05    3.01123e+02   -8.10062e+01
   Constr. rmsd
    0.00000e+00

           Step           Time
         840000     1680.00000

   Energies (kJ/mol)
           Bond          Angle    Proper Dih. Per. Imp. Dih.          LJ-14
    7.24008e+03    2.01130e+04    2.96575e+04    1.10940e+03    9.15383e+03
     Coulomb-14        LJ (SR)   Coulomb (SR)   Coul. recip.      Potential
    1.00366e+05    1.47907e+05   -1.48232e+06    8.81355e+03   -1.15796e+06
    Kinetic En.   Total Energy  Conserved En.    Temperature Pressure (bar)
    2.27397e+05   -9.30566e+05   -9.32254e+05    3.02322e+02    7.15154e+01
   Constr. rmsd
    0.00000e+00

           Step           Time
         845000     1690.00000

   Energies (kJ/mol)
           Bond          Angle    Proper Dih. Per. Imp. Dih.          LJ-14
    7.03117e+03    1.97285e+04    2.95521e+04    1.12656e+03    9.08317e+03
     Coulomb-14        LJ (SR)   Coulomb (SR)   Coul. recip.      Potential
    1.00301e+05    1.49674e+05   -1.48384e+06    8.66884e+03   -1.15868e+06
    Kinetic En.   Total Energy  Conserved En.    Temperature Pressure (bar)
    2.27044e+05   -9.31633e+05   -9.32271e+05    3.01854e+02    2.52695e+02
   Constr. rmsd
    0.00000e+00

           Step           Time
         850000     1700.00000

   Energies (kJ/mol)
           Bond          Angle    Proper Dih. Per. Imp. Dih.          LJ-14
    6.97511e+03    1.95833e+04    2.96820e+04    1.03310e+03    9.06198e+03
     Coulomb-14        LJ (SR)   Coulomb (SR)   Coul. recip.      Potential
    1.00504e+05    1.47818e+05   -1.48179e+06    8.61786e+03   -1.15851e+06
    Kinetic En.   Total Energy  Conserved En.    Temperature Pressure (bar)
    2.25732e+05   -9.32782e+05   -9.32273e+05    3.00109e+02    1.27419e+02
   Constr. rmsd
    0.00000e+00

           Step           Time
         855000     1710.00000

   Energies (kJ/mol)
           Bond          Angle    Proper Dih. Per. Imp. Dih.          LJ-14
    7.33834e+03    1.96848e+04    2.96632e+04    1.07927e+03    9.04197e+03
     Coulomb-14        LJ (SR)   Coulomb (SR)   Coul. recip.      Potential
    9.97734e+04    1.47009e+05   -1.47985e+06    8.63936e+03   -1.15762e+06
    Kinetic En.   Total Energy  Conserved En.    Temperature Pressure (bar)
    2.25884e+05   -9.31738e+05   -9.32210e+05    3.00310e+02   -2.50274e+01
   Constr. rmsd
    0.00000e+00

           Step           Time
         860000     1720.00000

   Energies (kJ/mol)
           Bond          Angle    Proper Dih. Per. Imp. Dih.          LJ-14
    6.86715e+03    1.96369e+04    2.95461e+04    1.11230e+03    9.23662e+03
     Coulomb-14        LJ (SR)   Coulomb (SR)   Coul. recip.      Potential
    1.00290e+05    1.48791e+05   -1.48222e+06    8.76208e+03   -1.15798e+06
    Kinetic En.   Total Energy  Conserved En.    Temperature Pressure (bar)
    2.27317e+05   -9.30662e+05   -9.32198e+05    3.02215e+02    1.40776e+02
   Constr. rmsd
    0.00000e+00

           Step           Time
         865000     1730.00000

   Energies (kJ/mol)
           Bond          Angle    Proper Dih. Per. Imp. Dih.          LJ-14
    7.17834e+03    1.99627e+04    2.96160e+04    1.12789e+03    8.88127e+03
     Coulomb-14        LJ (SR)   Coulomb (SR)   Coul. recip.      Potential
    9.98846e+04    1.45413e+05   -1.47939e+06    8.54404e+03   -1.15878e+06
    Kinetic En.   Total Energy  Conserved En.    Temperature Pressure (bar)
    2.25582e+05   -9.33198e+05   -9.32142e+05    2.99909e+02   -1.07778e+02
   Constr. rmsd
    0.00000e+00

           Step           Time
         870000     1740.00000

   Energies (kJ/mol)
           Bond          Angle    Proper Dih. Per. Imp. Dih.          LJ-14
    6.83738e+03    1.96924e+04    2.97902e+04    1.14966e+03    9.14922e+03
     Coulomb-14        LJ (SR)   Coulomb (SR)   Coul. recip.      Potential
    1.00220e+05    1.46435e+05   -1.47966e+06    8.64432e+03   -1.15775e+06
    Kinetic En.   Total Energy  Conserved En.    Temperature Pressure (bar)
    2.26986e+05   -9.30760e+05   -9.32170e+05    3.01776e+02    5.29621e+01
   Constr. rmsd
    0.00000e+00

           Step           Time
         875000     1750.00000

   Energies (kJ/mol)
           Bond          Angle    Proper Dih. Per. Imp. Dih.          LJ-14
    6.85554e+03    1.95798e+04    2.96326e+04    1.09619e+03    9.08974e+03
     Coulomb-14        LJ (SR)   Coulomb (SR)   Coul. recip.      Potential
    1.00070e+05    1.47575e+05   -1.48173e+06    8.70943e+03   -1.15912e+06
    Kinetic En.   Total Energy  Conserved En.    Temperature Pressure (bar)
    2.24534e+05   -9.34586e+05   -9.32131e+05    2.98515e+02    1.69427e+02
   Constr. rmsd
    0.00000e+00

           Step           Time
         880000     1760.00000

   Energies (kJ/mol)
           Bond          Angle    Proper Dih. Per. Imp. Dih.          LJ-14
    7.27725e+03    1.98918e+04    2.95454e+04    1.07800e+03    8.86937e+03
     Coulomb-14        LJ (SR)   Coulomb (SR)   Coul. recip.      Potential
    1.00080e+05    1.49361e+05   -1.48478e+06    8.57147e+03   -1.16010e+06
    Kinetic En.   Total Energy  Conserved En.    Temperature Pressure (bar)
    2.27617e+05   -9.32485e+05   -9.32132e+05    3.02614e+02   -1.84109e+01
   Constr. rmsd
    0.00000e+00

           Step           Time
         885000     1770.00000

   Energies (kJ/mol)
           Bond          Angle    Proper Dih. Per. Imp. Dih.          LJ-14
    7.22609e+03    2.02131e+04    2.95072e+04    1.07295e+03    9.00017e+03
     Coulomb-14        LJ (SR)   Coulomb (SR)   Coul. recip.      Potential
    1.00240e+05    1.47817e+05   -1.48079e+06    8.68284e+03   -1.15703e+06
    Kinetic En.   Total Energy  Conserved En.    Temperature Pressure (bar)
    2.25470e+05   -9.31558e+05   -9.32055e+05    2.99760e+02    3.69374e+01
   Constr. rmsd
    0.00000e+00

           Step           Time
         890000     1780.00000

   Energies (kJ/mol)
           Bond          Angle    Proper Dih. Per. Imp. Dih.          LJ-14
    6.97482e+03    1.96505e+04    2.96289e+04    1.11009e+03    8.88787e+03
     Coulomb-14        LJ (SR)   Coulomb (SR)   Coul. recip.      Potential
    9.99049e+04    1.46893e+05   -1.48284e+06    8.79534e+03   -1.16100e+06
    Kinetic En.   Total Energy  Conserved En.    Temperature Pressure (bar)
    2.25236e+05   -9.35763e+05   -9.32145e+05    2.99449e+02   -9.56894e+01
   Constr. rmsd
    0.00000e+00

           Step           Time
         895000     1790.00000

   Energies (kJ/mol)
           Bond          Angle    Proper Dih. Per. Imp. Dih.          LJ-14
    7.09377e+03    1.98230e+04    2.93071e+04    1.09447e+03    9.22099e+03
     Coulomb-14        LJ (SR)   Coulomb (SR)   Coul. recip.      Potential
    1.00140e+05    1.46208e+05   -1.47865e+06    8.95811e+03   -1.15681e+06
    Kinetic En.   Total Energy  Conserved En.    Temperature Pressure (bar)
    2.26355e+05   -9.30451e+05   -9.32042e+05    3.00937e+02    2.90409e+01
   Constr. rmsd
    0.00000e+00

           Step           Time
         900000     1800.00000

   Energies (kJ/mol)
           Bond          Angle    Proper Dih. Per. Imp. Dih.          LJ-14
    7.29854e+03    2.02012e+04    2.93056e+04    1.00835e+03    9.06870e+03
     Coulomb-14        LJ (SR)   Coulomb (SR)   Coul. recip.      Potential
    1.00027e+05    1.46838e+05   -1.48090e+06    8.89123e+03   -1.15826e+06
    Kinetic En.   Total Energy  Conserved En.    Temperature Pressure (bar)
    2.25348e+05   -9.32917e+05   -9.32016e+05    2.99597e+02   -1.43666e+02
   Constr. rmsd
    0.00000e+00

           Step           Time
         905000     1810.00000

   Energies (kJ/mol)
           Bond          Angle    Proper Dih. Per. Imp. Dih.          LJ-14
    6.91298e+03    1.98482e+04    2.94641e+04    1.12373e+03    8.92947e+03
     Coulomb-14        LJ (SR)   Coulomb (SR)   Coul. recip.      Potential
    1.00058e+05    1.47092e+05   -1.48172e+06    8.63628e+03   -1.15966e+06
    Kinetic En.   Total Energy  Conserved En.    Temperature Pressure (bar)
    2.24003e+05   -9.35653e+05   -9.31984e+05    2.97810e+02    6.42464e+00
   Constr. rmsd
    0.00000e+00

           Step           Time
         910000     1820.00000

   Energies (kJ/mol)
           Bond          Angle    Proper Dih. Per. Imp. Dih.          LJ-14
    7.33748e+03    1.94735e+04    2.95442e+04    1.11930e+03    8.96303e+03
     Coulomb-14        LJ (SR)   Coulomb (SR)   Coul. recip.      Potential
    9.97035e+04    1.46629e+05   -1.47922e+06    8.87204e+03   -1.15758e+06
    Kinetic En.   Total Energy  Conserved En.    Temperature Pressure (bar)
    2.25829e+05   -9.31748e+05   -9.32023e+05    3.00237e+02   -1.14236e+02
   Constr. rmsd
    0.00000e+00

           Step           Time
         915000     1830.00000

   Energies (kJ/mol)
           Bond          Angle    Proper Dih. Per. Imp. Dih.          LJ-14
    7.00175e+03    1.93498e+04    2.94916e+04    1.10225e+03    8.99382e+03
     Coulomb-14        LJ (SR)   Coulomb (SR)   Coul. recip.      Potential
    1.00016e+05    1.48306e+05   -1.48283e+06    8.80121e+03   -1.15977e+06
    Kinetic En.   Total Energy  Conserved En.    Temperature Pressure (bar)
    2.24493e+05   -9.35279e+05   -9.32026e+05    2.98462e+02   -2.01691e+01
   Constr. rmsd
    0.00000e+00

           Step           Time
         920000     1840.00000

   Energies (kJ/mol)
           Bond          Angle    Proper Dih. Per. Imp. Dih.          LJ-14
    7.27574e+03    1.92689e+04    2.95775e+04    1.12210e+03    9.02410e+03
     Coulomb-14        LJ (SR)   Coulomb (SR)   Coul. recip.      Potential
    1.00465e+05    1.47489e+05   -1.48270e+06    8.50808e+03   -1.15997e+06
    Kinetic En.   Total Energy  Conserved En.    Temperature Pressure (bar)
    2.24941e+05   -9.35034e+05   -9.32007e+05    2.99056e+02   -9.20677e+01
   Constr. rmsd
    0.00000e+00

           Step           Time
         925000     1850.00000

   Energies (kJ/mol)
           Bond          Angle    Proper Dih. Per. Imp. Dih.          LJ-14
    7.28338e+03    1.95841e+04    2.95657e+04    1.13241e+03    9.24041e+03
     Coulomb-14        LJ (SR)   Coulomb (SR)   Coul. recip.      Potential
    1.00312e+05    1.47931e+05   -1.48389e+06    8.73085e+03   -1.16011e+06
    Kinetic En.   Total Energy  Conserved En.    Temperature Pressure (bar)
    2.25415e+05   -9.34695e+05   -9.31937e+05    2.99688e+02    3.31606e+01
   Constr. rmsd
    0.00000e+00

           Step           Time
         930000     1860.00000

   Energies (kJ/mol)
           Bond          Angle    Proper Dih. Per. Imp. Dih.          LJ-14
    7.44315e+03    1.96043e+04    2.97009e+04    1.11798e+03    9.04757e+03
     Coulomb-14        LJ (SR)   Coulomb (SR)   Coul. recip.      Potential
    1.00126e+05    1.45832e+05   -1.47927e+06    8.71000e+03   -1.15769e+06
    Kinetic En.   Total Energy  Conserved En.    Temperature Pressure (bar)
    2.25914e+05   -9.31773e+05   -9.31931e+05    3.00350e+02   -7.49252e+01
   Constr. rmsd
    0.00000e+00

           Step           Time
         935000     1870.00000

   Energies (kJ/mol)
           Bond          Angle    Proper Dih. Per. Imp. Dih.          LJ-14
    7.28359e+03    1.99063e+04    2.95668e+04    1.09321e+03    9.04030e+03
     Coulomb-14        LJ (SR)   Coulomb (SR)   Coul. recip.      Potential
    1.00352e+05    1.47296e+05   -1.48113e+06    8.68353e+03   -1.15791e+06
    Kinetic En.   Total Energy  Conserved En.    Temperature Pressure (bar)
    2.25565e+05   -9.32347e+05   -9.31909e+05    2.99886e+02   -2.52655e+01
   Constr. rmsd
    0.00000e+00

           Step           Time
         940000     1880.00000

   Energies (kJ/mol)
           Bond          Angle    Proper Dih. Per. Imp. Dih.          LJ-14
    7.04787e+03    1.97652e+04    2.95792e+04    1.14068e+03    9.07774e+03
     Coulomb-14        LJ (SR)   Coulomb (SR)   Coul. recip.      Potential
    1.00377e+05    1.46090e+05   -1.48153e+06    8.61194e+03   -1.15984e+06
    Kinetic En.   Total Energy  Conserved En.    Temperature Pressure (bar)
    2.25874e+05   -9.33965e+05   -9.31904e+05    3.00297e+02   -9.24453e+01
   Constr. rmsd
    0.00000e+00

           Step           Time
         945000     1890.00000

   Energies (kJ/mol)
           Bond          Angle    Proper Dih. Per. Imp. Dih.          LJ-14
    7.18307e+03    1.99051e+04    2.93945e+04    1.13578e+03    8.97146e+03
     Coulomb-14        LJ (SR)   Coulomb (SR)   Coul. recip.      Potential
    9.98931e+04    1.48621e+05   -1.48327e+06    8.83074e+03   -1.15933e+06
    Kinetic En.   Total Energy  Conserved En.    Temperature Pressure (bar)
    2.24665e+05   -9.34666e+05   -9.31835e+05    2.98690e+02    1.53072e+02
   Constr. rmsd
    0.00000e+00

           Step           Time
         950000     1900.00000

   Energies (kJ/mol)
           Bond          Angle    Proper Dih. Per. Imp. Dih.          LJ-14
    7.24621e+03    1.98369e+04    2.94083e+04    1.05383e+03    8.95055e+03
     Coulomb-14        LJ (SR)   Coulomb (SR)   Coul. recip.      Potential
    1.00032e+05    1.46317e+05   -1.48001e+06    8.65052e+03   -1.15851e+06
    Kinetic En.   Total Energy  Conserved En.    Temperature Pressure (bar)
    2.25948e+05   -9.32566e+05   -9.31849e+05    3.00395e+02   -8.52194e+01
   Constr. rmsd
    0.00000e+00

           Step           Time
         955000     1910.00000

   Energies (kJ/mol)
           Bond          Angle    Proper Dih. Per. Imp. Dih.          LJ-14
    7.04075e+03    1.95176e+04    2.94925e+04    1.10360e+03    9.06218e+03
     Coulomb-14        LJ (SR)   Coulomb (SR)   Coul. recip.      Potential
    1.00102e+05    1.47340e+05   -1.48284e+06    8.58965e+03   -1.16059e+06
    Kinetic En.   Total Energy  Conserved En.    Temperature Pressure (bar)
    2.24106e+05   -9.36482e+05   -9.31883e+05    2.97947e+02   -7.60488e+00
   Constr. rmsd
    0.00000e+00

           Step           Time
         960000     1920.00000

   Energies (kJ/mol)
           Bond          Angle    Proper Dih. Per. Imp. Dih.          LJ-14
    7.20080e+03    1.96786e+04    2.96164e+04    1.07948e+03    9.13483e+03
     Coulomb-14        LJ (SR)   Coulomb (SR)   Coul. recip.      Potential
    1.00323e+05    1.45537e+05   -1.47893e+06    8.71269e+03   -1.15764e+06
    Kinetic En.   Total Energy  Conserved En.    Temperature Pressure (bar)
    2.26170e+05   -9.31474e+05   -9.31844e+05    3.00691e+02   -1.73988e+02
   Constr. rmsd
    0.00000e+00

           Step           Time
         965000     1930.00000

   Energies (kJ/mol)
           Bond          Angle    Proper Dih. Per. Imp. Dih.          LJ-14
    7.54908e+03    1.99133e+04    2.95967e+04    1.05559e+03    9.02835e+03
     Coulomb-14        LJ (SR)   Coulomb (SR)   Coul. recip.      Potential
    1.00174e+05    1.47734e+05   -1.48151e+06    8.63406e+03   -1.15782e+06
    Kinetic En.   Total Energy  Conserved En.    Temperature Pressure (bar)
    2.25042e+05   -9.32779e+05   -9.31794e+05    2.99192e+02   -1.52438e+01
   Constr. rmsd
    0.00000e+00

           Step           Time
         970000     1940.00000

   Energies (kJ/mol)
           Bond          Angle    Proper Dih. Per. Imp. Dih.          LJ-14
    7.26593e+03    1.99595e+04    2.97095e+04    1.13071e+03    9.06104e+03
     Coulomb-14        LJ (SR)   Coulomb (SR)   Coul. recip.      Potential
    1.00386e+05    1.48530e+05   -1.48284e+06    8.75773e+03   -1.15804e+06
    Kinetic En.   Total Energy  Conserved En.    Temperature Pressure (bar)
    2.25081e+05   -9.32962e+05   -9.31743e+05    2.99244e+02    1.77245e+01
   Constr. rmsd
    0.00000e+00

           Step           Time
         975000     1950.00000

   Energies (kJ/mol)
           Bond          Angle    Proper Dih. Per. Imp. Dih.          LJ-14
    6.98102e+03    2.00440e+04    2.97783e+04    1.08492e+03    9.09664e+03
     Coulomb-14        LJ (SR)   Coulomb (SR)   Coul. recip.      Potential
    1.00567e+05    1.46832e+05   -1.47962e+06    8.86377e+03   -1.15638e+06
    Kinetic En.   Total Energy  Conserved En.    Temperature Pressure (bar)
    2.25339e+05   -9.31038e+05   -9.31783e+05    2.99586e+02    8.93142e+01
   Constr. rmsd
    0.00000e+00

           Step           Time
         980000     1960.00000

   Energies (kJ/mol)
           Bond          Angle    Proper Dih. Per. Imp. Dih.          LJ-14
    6.91121e+03    1.94460e+04    2.97050e+04    1.08018e+03    9.23986e+03
     Coulomb-14        LJ (SR)   Coulomb (SR)   Coul. recip.      Potential
    1.00402e+05    1.45222e+05   -1.47835e+06    8.77684e+03   -1.15757e+06
    Kinetic En.   Total Energy  Conserved En.    Temperature Pressure (bar)
    2.24712e+05   -9.32857e+05   -9.31783e+05    2.98752e+02   -1.81187e-01
   Constr. rmsd
    0.00000e+00

           Step           Time
         985000     1970.00000

   Energies (kJ/mol)
           Bond          Angle    Proper Dih. Per. Imp. Dih.          LJ-14
    6.94548e+03    2.01811e+04    2.95805e+04    1.08165e+03    9.10382e+03
     Coulomb-14        LJ (SR)   Coulomb (SR)   Coul. recip.      Potential
    1.00162e+05    1.47242e+05   -1.48155e+06    8.68903e+03   -1.15857e+06
    Kinetic En.   Total Energy  Conserved En.    Temperature Pressure (bar)
    2.25197e+05   -9.33372e+05   -9.31724e+05    2.99397e+02    3.04879e+00
   Constr. rmsd
    0.00000e+00

           Step           Time
         990000     1980.00000

   Energies (kJ/mol)
           Bond          Angle    Proper Dih. Per. Imp. Dih.          LJ-14
    7.23220e+03    1.97758e+04    2.95389e+04    1.09487e+03    8.97372e+03
     Coulomb-14        LJ (SR)   Coulomb (SR)   Coul. recip.      Potential
    1.00141e+05    1.48946e+05   -1.48331e+06    8.64404e+03   -1.15897e+06
    Kinetic En.   Total Energy  Conserved En.    Temperature Pressure (bar)
    2.25491e+05   -9.33477e+05   -9.31726e+05    2.99788e+02    2.08530e+01
   Constr. rmsd
    0.00000e+00

           Step           Time
         995000     1990.00000

   Energies (kJ/mol)
           Bond          Angle    Proper Dih. Per. Imp. Dih.          LJ-14
    6.87965e+03    1.98949e+04    2.96140e+04    1.02543e+03    9.04947e+03
     Coulomb-14        LJ (SR)   Coulomb (SR)   Coul. recip.      Potential
    1.00207e+05    1.46629e+05   -1.48183e+06    8.70371e+03   -1.15982e+06
    Kinetic En.   Total Energy  Conserved En.    Temperature Pressure (bar)
    2.24842e+05   -9.34982e+05   -9.31710e+05    2.98926e+02   -6.37809e+01
   Constr. rmsd
    0.00000e+00

           Step           Time
        1000000     2000.00000

   Energies (kJ/mol)
           Bond          Angle    Proper Dih. Per. Imp. Dih.          LJ-14
    7.35976e+03    1.93731e+04    2.95365e+04    1.11912e+03    9.04814e+03
     Coulomb-14        LJ (SR)   Coulomb (SR)   Coul. recip.      Potential
    1.00585e+05    1.46177e+05   -1.48068e+06    8.72688e+03   -1.15876e+06
    Kinetic En.   Total Energy  Conserved En.    Temperature Pressure (bar)
    2.25914e+05   -9.32846e+05   -9.31667e+05    3.00350e+02   -1.05440e+02
   Constr. rmsd
    0.00000e+00

           Step           Time
        1005000     2010.00000

   Energies (kJ/mol)
           Bond          Angle    Proper Dih. Per. Imp. Dih.          LJ-14
    7.17403e+03    1.95978e+04    2.94924e+04    1.07312e+03    9.06710e+03
     Coulomb-14        LJ (SR)   Coulomb (SR)   Coul. recip.      Potential
    1.00114e+05    1.47128e+05   -1.48189e+06    8.54818e+03   -1.15969e+06
    Kinetic En.   Total Energy  Conserved En.    Temperature Pressure (bar)
    2.26278e+05   -9.33412e+05   -9.31685e+05    3.00834e+02   -1.10680e+02
   Constr. rmsd
    0.00000e+00

           Step           Time
        1010000     2020.00000

   Energies (kJ/mol)
           Bond          Angle    Proper Dih. Per. Imp. Dih.          LJ-14
    6.94292e+03    1.94377e+04    2.96761e+04    1.07289e+03    9.08269e+03
     Coulomb-14        LJ (SR)   Coulomb (SR)   Coul. recip.      Potential
    1.00545e+05    1.47600e+05   -1.48140e+06    8.64572e+03   -1.15840e+06
    Kinetic En.   Total Energy  Conserved En.    Temperature Pressure (bar)
    2.25265e+05   -9.33131e+05   -9.31627e+05    2.99488e+02    8.85154e+01
   Constr. rmsd
    0.00000e+00

           Step           Time
        1015000     2030.00000

   Energies (kJ/mol)
           Bond          Angle    Proper Dih. Per. Imp. Dih.          LJ-14
    6.97702e+03    1.97772e+04    2.94335e+04    1.07679e+03    9.25391e+03
     Coulomb-14        LJ (SR)   Coulomb (SR)   Coul. recip.      Potential
    1.00446e+05    1.47717e+05   -1.48163e+06    8.76960e+03   -1.15818e+06
    Kinetic En.   Total Energy  Conserved En.    Temperature Pressure (bar)
    2.25574e+05   -9.32610e+05   -9.31588e+05    2.99899e+02    2.72400e+00
   Constr. rmsd
    0.00000e+00

           Step           Time
        1020000     2040.00000

   Energies (kJ/mol)
           Bond          Angle    Proper Dih. Per. Imp. Dih.          LJ-14
    7.39543e+03    1.97235e+04    2.96731e+04    1.14694e+03    8.97236e+03
     Coulomb-14        LJ (SR)   Coulomb (SR)   Coul. recip.      Potential
    1.00008e+05    1.46084e+05   -1.47983e+06    8.59260e+03   -1.15824e+06
    Kinetic En.   Total Energy  Conserved En.    Temperature Pressure (bar)
    2.24534e+05   -9.33702e+05   -9.31559e+05    2.98516e+02   -1.16676e+02
   Constr. rmsd
    0.00000e+00

           Step           Time
        1025000     2050.00000

   Energies (kJ/mol)
           Bond          Angle    Proper Dih. Per. Imp. Dih.          LJ-14
    7.18697e+03    1.93354e+04    2.94245e+04    1.09874e+03    9.03175e+03
     Coulomb-14        LJ (SR)   Coulomb (SR)   Coul. recip.      Potential
    1.00379e+05    1.47436e+05   -1.48285e+06    8.75280e+03   -1.16020e+06
    Kinetic En.   Total Energy  Conserved En.    Temperature Pressure (bar)
    2.25151e+05   -9.35050e+05   -9.31566e+05    2.99337e+02   -1.24601e+02
   Constr. rmsd
    0.00000e+00

           Step           Time
        1030000     2060.00000

   Energies (kJ/mol)
           Bond          Angle    Proper Dih. Per. Imp. Dih.          LJ-14
    6.82263e+03    1.96736e+04    2.94681e+04    1.07460e+03    9.13310e+03
     Coulomb-14        LJ (SR)   Coulomb (SR)   Coul. recip.      Potential
    1.00253e+05    1.47893e+05   -1.48268e+06    8.83081e+03   -1.15953e+06
    Kinetic En.   Total Energy  Conserved En.    Temperature Pressure (bar)
    2.25089e+05   -9.34441e+05   -9.31523e+05    2.99253e+02    7.27573e+01
   Constr. rmsd
    0.00000e+00

           Step           Time
        1035000     2070.00000

   Energies (kJ/mol)
           Bond          Angle    Proper Dih. Per. Imp. Dih.          LJ-14
    7.14967e+03    1.95762e+04    2.95891e+04    1.12048e+03    8.99824e+03
     Coulomb-14        LJ (SR)   Coulomb (SR)   Coul. recip.      Potential
    1.00381e+05    1.47516e+05   -1.48119e+06    8.88800e+03   -1.15797e+06
    Kinetic En.   Total Energy  Conserved En.    Temperature Pressure (bar)
    2.26618e+05   -9.31355e+05   -9.31513e+05    3.01287e+02    7.86945e+01
   Constr. rmsd
    0.00000e+00

           Step           Time
        1040000     2080.00000

   Energies (kJ/mol)
           Bond          Angle    Proper Dih. Per. Imp. Dih.          LJ-14
    7.23586e+03    1.97253e+04    2.96708e+04    1.04002e+03    8.97397e+03
     Coulomb-14        LJ (SR)   Coulomb (SR)   Coul. recip.      Potential
    1.00291e+05    1.46462e+05   -1.48080e+06    8.73721e+03   -1.15866e+06
    Kinetic En.   Total Energy  Conserved En.    Temperature Pressure (bar)
    2.26089e+05   -9.32575e+05   -9.31485e+05    3.00583e+02   -9.47402e+01
   Constr. rmsd
    0.00000e+00

           Step           Time
        1045000     2090.00000

   Energies (kJ/mol)
           Bond          Angle    Proper Dih. Per. Imp. Dih.          LJ-14
    7.25882e+03    2.01523e+04    2.98444e+04    1.17468e+03    8.95057e+03
     Coulomb-14        LJ (SR)   Coulomb (SR)   Coul. recip.      Potential
    1.00216e+05    1.47259e+05   -1.48111e+06    8.57437e+03   -1.15768e+06
    Kinetic En.   Total Energy  Conserved En.    Temperature Pressure (bar)
    2.25164e+05   -9.32514e+05   -9.31430e+05    2.99353e+02   -2.05404e+00
   Constr. rmsd
    0.00000e+00

           Step           Time
        1050000     2100.00000

   Energies (kJ/mol)
           Bond          Angle    Proper Dih. Per. Imp. Dih.          LJ-14
    6.96103e+03    1.97982e+04    2.96525e+04    1.13585e+03    9.21167e+03
     Coulomb-14        LJ (SR)   Coulomb (SR)   Coul. recip.      Potential
    1.00177e+05    1.46358e+05   -1.48128e+06    8.85271e+03   -1.15913e+06
    Kinetic En.   Total Energy  Conserved En.    Temperature Pressure (bar)
    2.25636e+05   -9.33496e+05   -9.31484e+05    2.99980e+02    2.62392e+01
   Constr. rmsd
    0.00000e+00

           Step           Time
        1055000     2110.00000

   Energies (kJ/mol)
           Bond          Angle    Proper Dih. Per. Imp. Dih.          LJ-14
    7.11410e+03    1.98737e+04    2.94839e+04    1.09744e+03    9.04044e+03
     Coulomb-14        LJ (SR)   Coulomb (SR)   Coul. recip.      Potential
    1.00081e+05    1.46003e+05   -1.48005e+06    8.81053e+03   -1.15855e+06
    Kinetic En.   Total Energy  Conserved En.    Temperature Pressure (bar)
    2.27734e+05   -9.30814e+05   -9.31479e+05    3.02771e+02   -1.73549e+02
   Constr. rmsd
    0.00000e+00

           Step           Time
        1060000     2120.00000

   Energies (kJ/mol)
           Bond          Angle    Proper Dih. Per. Imp. Dih.          LJ-14
    7.25960e+03    1.94659e+04    2.96375e+04    1.06564e+03    9.04453e+03
     Coulomb-14        LJ (SR)   Coulomb (SR)   Coul. recip.      Potential
    1.00153e+05    1.48522e+05   -1.48432e+06    8.66828e+03   -1.16050e+06
    Kinetic En.   Total Energy  Conserved En.    Temperature Pressure (bar)
    2.24247e+05   -9.36254e+05   -9.31390e+05    2.98134e+02   -4.70012e+01
   Constr. rmsd
    0.00000e+00

           Step           Time
        1065000     2130.00000

   Energies (kJ/mol)
           Bond          Angle    Proper Dih. Per. Imp. Dih.          LJ-14
    7.01930e+03    1.96623e+04    2.95719e+04    1.12315e+03    9.07121e+03
     Coulomb-14        LJ (SR)   Coulomb (SR)   Coul. recip.      Potential
    1.00278e+05    1.45903e+05   -1.47876e+06    8.62597e+03   -1.15750e+06
    Kinetic En.   Total Energy  Conserved En.    Temperature Pressure (bar)
    2.25617e+05   -9.31886e+05   -9.31416e+05    2.99956e+02    6.72543e+01
   Constr. rmsd
    0.00000e+00

           Step           Time
        1070000     2140.00000

   Energies (kJ/mol)
           Bond          Angle    Proper Dih. Per. Imp. Dih.          LJ-14
    7.51744e+03    2.00976e+04    2.94176e+04    1.16763e+03    8.91124e+03
     Coulomb-14        LJ (SR)   Coulomb (SR)   Coul. recip.      Potential
    9.97373e+04    1.45832e+05   -1.47691e+06    8.81065e+03   -1.15542e+06
    Kinetic En.   Total Energy  Conserved En.    Temperature Pressure (bar)
    2.26299e+05   -9.29121e+05   -9.31363e+05    3.00862e+02   -1.68211e+02
   Constr. rmsd
    0.00000e+00

           Step           Time
        1075000     2150.00000

   Energies (kJ/mol)
           Bond          Angle    Proper Dih. Per. Imp. Dih.          LJ-14
    7.22483e+03    2.01359e+04    2.95902e+04    1.12297e+03    8.97517e+03
     Coulomb-14        LJ (SR)   Coulomb (SR)   Coul. recip.      Potential
    1.00105e+05    1.47509e+05   -1.48229e+06    8.71685e+03   -1.15891e+06
    Kinetic En.   Total Energy  Conserved En.    Temperature Pressure (bar)
    2.26152e+05   -9.32757e+05   -9.31336e+05    3.00667e+02   -4.35753e+01
   Constr. rmsd
    0.00000e+00

           Step           Time
        1080000     2160.00000

   Energies (kJ/mol)
           Bond          Angle    Proper Dih. Per. Imp. Dih.          LJ-14
    6.84064e+03    2.00124e+04    2.94552e+04    1.11591e+03    9.20302e+03
     Coulomb-14        LJ (SR)   Coulomb (SR)   Coul. recip.      Potential
    1.00244e+05    1.45855e+05   -1.47934e+06    8.87178e+03   -1.15774e+06
    Kinetic En.   Total Energy  Conserved En.    Temperature Pressure (bar)
    2.26190e+05   -9.31550e+05   -9.31334e+05    3.00717e+02    2.93653e+01
   Constr. rmsd
    0.00000e+00

           Step           Time
        1085000     2170.00000

   Energies (kJ/mol)
           Bond          Angle    Proper Dih. Per. Imp. Dih.          LJ-14
    7.10188e+03    2.01779e+04    2.96379e+04    1.04577e+03    9.08652e+03
     Coulomb-14        LJ (SR)   Coulomb (SR)   Coul. recip.      Potential
    1.00108e+05    1.45652e+05   -1.47824e+06    8.87225e+03   -1.15655e+06
    Kinetic En.   Total Energy  Conserved En.    Temperature Pressure (bar)
    2.26179e+05   -9.30374e+05   -9.31356e+05    3.00703e+02   -3.51789e+01
   Constr. rmsd
    0.00000e+00

           Step           Time
        1090000     2180.00000

   Energies (kJ/mol)
           Bond          Angle    Proper Dih. Per. Imp. Dih.          LJ-14
    7.03902e+03    1.99324e+04    2.95749e+04    1.14042e+03    9.07304e+03
     Coulomb-14        LJ (SR)   Coulomb (SR)   Coul. recip.      Potential
    1.00099e+05    1.47424e+05   -1.48207e+06    8.67961e+03   -1.15911e+06
    Kinetic En.   Total Energy  Conserved En.    Temperature Pressure (bar)
    2.24885e+05   -9.34224e+05   -9.31290e+05    2.98983e+02    6.74449e+01
   Constr. rmsd
    0.00000e+00

           Step           Time
        1095000     2190.00000

   Energies (kJ/mol)
           Bond          Angle    Proper Dih. Per. Imp. Dih.          LJ-14
    7.17599e+03    1.97950e+04    2.94256e+04    1.06238e+03    9.02462e+03
     Coulomb-14        LJ (SR)   Coulomb (SR)   Coul. recip.      Potential
    1.00277e+05    1.45101e+05   -1.47842e+06    8.61680e+03   -1.15795e+06
    Kinetic En.   Total Energy  Conserved En.    Temperature Pressure (bar)
    2.25155e+05   -9.32792e+05   -9.31318e+05    2.99342e+02   -1.49863e+02
   Constr. rmsd
    0.00000e+00

           Step           Time
        1100000     2200.00000

   Energies (kJ/mol)
           Bond          Angle    Proper Dih. Per. Imp. Dih.          LJ-14
    7.23314e+03    2.00541e+04    2.96371e+04    1.11145e+03    9.11856e+03
     Coulomb-14        LJ (SR)   Coulomb (SR)   Coul. recip.      Potential
    1.00313e+05    1.46173e+05   -1.47958e+06    8.66850e+03   -1.15728e+06
    Kinetic En.   Total Energy  Conserved En.    Temperature Pressure (bar)
    2.26395e+05   -9.30880e+05   -9.31253e+05    3.00990e+02   -4.83478e+01
   Constr. rmsd
    0.00000e+00

           Step           Time
        1105000     2210.00000

   Energies (kJ/mol)
           Bond          Angle    Proper Dih. Per. Imp. Dih.          LJ-14
    7.11053e+03    1.96640e+04    2.95544e+04    1.21298e+03    9.22069e+03
     Coulomb-14        LJ (SR)   Coulomb (SR)   Coul. recip.      Potential
    9.99538e+04    1.47771e+05   -1.48336e+06    8.60547e+03   -1.16027e+06
    Kinetic En.   Total Energy  Conserved En.    Temperature Pressure (bar)
    2.25632e+05   -9.34638e+05   -9.31240e+05    2.99976e+02    5.28334e+01
   Constr. rmsd
    0.00000e+00

           Step           Time
        1110000     2220.00000

   Energies (kJ/mol)
           Bond          Angle    Proper Dih. Per. Imp. Dih.          LJ-14
    7.06547e+03    1.95412e+04    2.97956e+04    1.14906e+03    9.21800e+03
     Coulomb-14        LJ (SR)   Coulomb (SR)   Coul. recip.      Potential
    1.00252e+05    1.49696e+05   -1.48381e+06    8.74261e+03   -1.15835e+06
    Kinetic En.   Total Energy  Conserved En.    Temperature Pressure (bar)
    2.25708e+05   -9.32646e+05   -9.31232e+05    3.00077e+02    1.92035e+02
   Constr. rmsd
    0.00000e+00

           Step           Time
        1115000     2230.00000

   Energies (kJ/mol)
           Bond          Angle    Proper Dih. Per. Imp. Dih.          LJ-14
    7.13631e+03    1.94204e+04    2.93141e+04    1.09670e+03    9.06958e+03
     Coulomb-14        LJ (SR)   Coulomb (SR)   Coul. recip.      Potential
    1.00091e+05    1.46976e+05   -1.48212e+06    8.67844e+03   -1.16033e+06
    Kinetic En.   Total Energy  Conserved En.    Temperature Pressure (bar)
    2.26459e+05   -9.33875e+05   -9.31237e+05    3.01075e+02    2.95762e+00
   Constr. rmsd
    0.00000e+00

           Step           Time
        1120000     2240.00000

   Energies (kJ/mol)
           Bond          Angle    Proper Dih. Per. Imp. Dih.          LJ-14
    7.16121e+03    1.99047e+04    2.92568e+04    1.07821e+03    9.10651e+03
     Coulomb-14        LJ (SR)   Coulomb (SR)   Coul. recip.      Potential
    9.99483e+04    1.46828e+05   -1.48075e+06    8.75377e+03   -1.15871e+06
    Kinetic En.   Total Energy  Conserved En.    Temperature Pressure (bar)
    2.25482e+05   -9.33226e+05   -9.31158e+05    2.99776e+02    6.26333e+00
   Constr. rmsd
    0.00000e+00

           Step           Time
        1125000     2250.00000

   Energies (kJ/mol)
           Bond          Angle    Proper Dih. Per. Imp. Dih.          LJ-14
    7.03101e+03    1.95067e+04    2.94283e+04    1.07598e+03    9.08846e+03
     Coulomb-14        LJ (SR)   Coulomb (SR)   Coul. recip.      Potential
    9.99507e+04    1.47853e+05   -1.48336e+06    8.56135e+03   -1.16086e+06
    Kinetic En.   Total Energy  Conserved En.    Temperature Pressure (bar)
    2.24342e+05   -9.36522e+05   -9.31162e+05    2.98260e+02    6.02448e+01
   Constr. rmsd
    0.00000e+00

           Step           Time
        1130000     2260.00000

   Energies (kJ/mol)
           Bond          Angle    Proper Dih. Per. Imp. Dih.          LJ-14
    7.09524e+03    1.99406e+04    2.94232e+04    1.06540e+03    9.00129e+03
     Coulomb-14        LJ (SR)   Coulomb (SR)   Coul. recip.      Potential
    1.00078e+05    1.46698e+05   -1.48076e+06    8.55404e+03   -1.15891e+06
    Kinetic En.   Total Energy  Conserved En.    Temperature Pressure (bar)
    2.25993e+05   -9.32914e+05   -9.31161e+05    3.00456e+02   -2.27870e+01
   Constr. rmsd
    0.00000e+00

           Step           Time
        1135000     2270.00000

   Energies (kJ/mol)
           Bond          Angle    Proper Dih. Per. Imp. Dih.          LJ-14
    7.02016e+03    1.93318e+04    2.95899e+04    1.16491e+03    9.25896e+03
     Coulomb-14        LJ (SR)   Coulomb (SR)   Coul. recip.      Potential
    1.00476e+05    1.46891e+05   -1.48218e+06    8.73411e+03   -1.15971e+06
    Kinetic En.   Total Energy  Conserved En.    Temperature Pressure (bar)
    2.26312e+05   -9.33396e+05   -9.31126e+05    3.00879e+02    7.67841e+01
   Constr. rmsd
    0.00000e+00

           Step           Time
        1140000     2280.00000

   Energies (kJ/mol)
           Bond          Angle    Proper Dih. Per. Imp. Dih.          LJ-14
    6.91644e+03    2.00283e+04    2.93926e+04    1.05135e+03    9.28185e+03
     Coulomb-14        LJ (SR)   Coulomb (SR)   Coul. recip.      Potential
    9.99877e+04    1.46390e+05   -1.47996e+06    8.70373e+03   -1.15821e+06
    Kinetic En.   Total Energy  Conserved En.    Temperature Pressure (bar)
    2.25640e+05   -9.32572e+05   -9.31105e+05    2.99986e+02    7.59197e+01
   Constr. rmsd
    0.00000e+00

           Step           Time
        1145000     2290.00000

   Energies (kJ/mol)
           Bond          Angle    Proper Dih. Per. Imp. Dih.          LJ-14
    7.00417e+03    1.96657e+04    2.95006e+04    1.03369e+03    8.96905e+03
     Coulomb-14        LJ (SR)   Coulomb (SR)   Coul. recip.      Potential
    1.00304e+05    1.48543e+05   -1.48253e+06    8.71833e+03   -1.15879e+06
    Kinetic En.   Total Energy  Conserved En.    Temperature Pressure (bar)
    2.25228e+05   -9.33563e+05   -9.31069e+05    2.99438e+02    7.39771e+01
   Constr. rmsd
    0.00000e+00

           Step           Time
        1150000     2300.00000

   Energies (kJ/mol)
           Bond          Angle    Proper Dih. Per. Imp. Dih.          LJ-14
    7.02852e+03    1.95927e+04    2.95403e+04    1.04520e+03    9.00518e+03
     Coulomb-14        LJ (SR)   Coulomb (SR)   Coul. recip.      Potential
    1.00373e+05    1.46309e+05   -1.48093e+06    8.74930e+03   -1.15929e+06
    Kinetic En.   Total Energy  Conserved En.    Temperature Pressure (bar)
    2.24828e+05   -9.34461e+05   -9.31068e+05    2.98906e+02   -9.12773e+01
   Constr. rmsd
    0.00000e+00

           Step           Time
        1155000     2310.00000

   Energies (kJ/mol)
           Bond          Angle    Proper Dih. Per. Imp. Dih.          LJ-14
    7.19753e+03    1.96628e+04    2.95204e+04    1.02046e+03    9.02172e+03
     Coulomb-14        LJ (SR)   Coulomb (SR)   Coul. recip.      Potential
    1.00186e+05    1.48443e+05   -1.48309e+06    8.72822e+03   -1.15931e+06
    Kinetic En.   Total Energy  Conserved En.    Temperature Pressure (bar)
    2.25632e+05   -9.33676e+05   -9.31018e+05    2.99976e+02   -1.38561e+01
   Constr. rmsd
    0.00000e+00

           Step           Time
        1160000     2320.00000

   Energies (kJ/mol)
           Bond          Angle    Proper Dih. Per. Imp. Dih.          LJ-14
    7.42607e+03    1.96635e+04    2.93728e+04    1.00751e+03    9.01183e+03
     Coulomb-14        LJ (SR)   Coulomb (SR)   Coul. recip.      Potential
    1.00161e+05    1.47624e+05   -1.48296e+06    8.84364e+03   -1.15985e+06
    Kinetic En.   Total Energy  Conserved En.    Temperature Pressure (bar)
    2.26350e+05   -9.33504e+05   -9.30983e+05    3.00930e+02    5.33957e+01
   Constr. rmsd
    0.00000e+00

           Step           Time
        1165000     2330.00000

   Energies (kJ/mol)
           Bond          Angle    Proper Dih. Per. Imp. Dih.          LJ-14
    6.87592e+03    1.99537e+04    2.95327e+04    1.11886e+03    9.07919e+03
     Coulomb-14        LJ (SR)   Coulomb (SR)   Coul. recip.      Potential
    9.97184e+04    1.46692e+05   -1.48105e+06    8.70971e+03   -1.15937e+06
    Kinetic En.   Total Energy  Conserved En.    Temperature Pressure (bar)
    2.24236e+05   -9.35136e+05   -9.30969e+05    2.98120e+02   -7.00778e+01
   Constr. rmsd
    0.00000e+00

           Step           Time
        1170000     2340.00000

   Energies (kJ/mol)
           Bond          Angle    Proper Dih. Per. Imp. Dih.          LJ-14
    6.89901e+03    2.01200e+04    2.95565e+04    1.06437e+03    9.21612e+03
     Coulomb-14        LJ (SR)   Coulomb (SR)   Coul. recip.      Potential
    1.01001e+05    1.44634e+05   -1.47968e+06    8.73119e+03   -1.15846e+06
    Kinetic En.   Total Energy  Conserved En.    Temperature Pressure (bar)
    2.24929e+05   -9.33526e+05   -9.30925e+05    2.99042e+02   -1.24660e+02
   Constr. rmsd
    0.00000e+00

           Step           Time
        1175000     2350.00000

   Energies (kJ/mol)
           Bond          Angle    Proper Dih. Per. Imp. Dih.          LJ-14
    6.90294e+03    1.98349e+04    2.94867e+04    1.10738e+03    9.26523e+03
     Coulomb-14        LJ (SR)   Coulomb (SR)   Coul. recip.      Potential
    1.00332e+05    1.48054e+05   -1.48338e+06    8.75549e+03   -1.15965e+06
    Kinetic En.   Total Energy  Conserved En.    Temperature Pressure (bar)
    2.25340e+05   -9.34306e+05   -9.30899e+05    2.99587e+02    9.81972e+01
   Constr. rmsd
    0.00000e+00

           Step           Time
        1180000     2360.00000

   Energies (kJ/mol)
           Bond          Angle    Proper Dih. Per. Imp. Dih.          LJ-14
    7.01889e+03    1.99341e+04    2.96238e+04    1.05449e+03    9.15867e+03
     Coulomb-14        LJ (SR)   Coulomb (SR)   Coul. recip.      Potential
    1.00367e+05    1.48165e+05   -1.48129e+06    8.69837e+03   -1.15727e+06
    Kinetic En.   Total Energy  Conserved En.    Temperature Pressure (bar)
    2.25598e+05   -9.31673e+05   -9.30861e+05    2.99931e+02    1.74548e+02
   Constr. rmsd
    0.00000e+00

           Step           Time
        1185000     2370.00000

   Energies (kJ/mol)
           Bond          Angle    Proper Dih. Per. Imp. Dih.          LJ-14
    7.06253e+03    1.94405e+04    2.95723e+04    1.14361e+03    9.22433e+03
     Coulomb-14        LJ (SR)   Coulomb (SR)   Coul. recip.      Potential
    1.00284e+05    1.45872e+05   -1.48054e+06    8.77346e+03   -1.15917e+06
    Kinetic En.   Total Energy  Conserved En.    Temperature Pressure (bar)
    2.24888e+05   -9.34277e+05   -9.30887e+05    2.98986e+02    6.90261e+01
   Constr. rmsd
    0.00000e+00

           Step           Time
        1190000     2380.00000

   Energies (kJ/mol)
           Bond          Angle    Proper Dih. Per. Imp. Dih.          LJ-14
    7.16893e+03    1.98827e+04    2.93379e+04    1.04373e+03    9.12132e+03
     Coulomb-14        LJ (SR)   Coulomb (SR)   Coul. recip.      Potential
    1.00184e+05    1.47677e+05   -1.48026e+06    8.72959e+03   -1.15712e+06
    Kinetic En.   Total Energy  Conserved En.    Temperature Pressure (bar)
    2.25508e+05   -9.31610e+05   -9.30829e+05    2.99810e+02    1.92490e+02
   Constr. rmsd
    0.00000e+00

           Step           Time
        1195000     2390.00000

   Energies (kJ/mol)
           Bond          Angle    Proper Dih. Per. Imp. Dih.          LJ-14
    7.29519e+03    1.93717e+04    2.96562e+04    1.09656e+03    9.00279e+03
     Coulomb-14        LJ (SR)   Coulomb (SR)   Coul. recip.      Potential
    1.00002e+05    1.46599e+05   -1.48118e+06    8.65772e+03   -1.15950e+06
    Kinetic En.   Total Energy  Conserved En.    Temperature Pressure (bar)
    2.24900e+05   -9.34601e+05   -9.30838e+05    2.99003e+02   -6.21925e+01
   Constr. rmsd
    0.00000e+00

           Step           Time
        1200000     2400.00000

   Energies (kJ/mol)
           Bond          Angle    Proper Dih. Per. Imp. Dih.          LJ-14
    7.17643e+03    1.97828e+04    2.93285e+04    1.10192e+03    9.13016e+03
     Coulomb-14        LJ (SR)   Coulomb (SR)   Coul. recip.      Potential
    1.00286e+05    1.47593e+05   -1.48118e+06    8.78096e+03   -1.15800e+06
    Kinetic En.   Total Energy  Conserved En.    Temperature Pressure (bar)
    2.25134e+05   -9.32866e+05   -9.30764e+05    2.99314e+02    6.92905e+01
   Constr. rmsd
    0.00000e+00

           Step           Time
        1205000     2410.00000

   Energies (kJ/mol)
           Bond          Angle    Proper Dih. Per. Imp. Dih.          LJ-14
    7.15394e+03    1.94601e+04    2.95314e+04    1.13260e+03    9.11788e+03
     Coulomb-14        LJ (SR)   Coulomb (SR)   Coul. recip.      Potential
    1.00436e+05    1.47775e+05   -1.48192e+06    8.62291e+03   -1.15869e+06
    Kinetic En.   Total Energy  Conserved En.    Temperature Pressure (bar)
    2.25280e+05   -9.33414e+05   -9.30797e+05    2.99508e+02    4.38725e+01
   Constr. rmsd
    0.00000e+00

           Step           Time
        1210000     2420.00000

   Energies (kJ/mol)
           Bond          Angle    Proper Dih. Per. Imp. Dih.          LJ-14
    7.20710e+03    1.97262e+04    2.94610e+04    1.03201e+03    9.03440e+03
     Coulomb-14        LJ (SR)   Coulomb (SR)   Coul. recip.      Potential
    1.00176e+05    1.47538e+05   -1.48065e+06    8.78258e+03   -1.15769e+06
    Kinetic En.   Total Energy  Conserved En.    Temperature Pressure (bar)
    2.25025e+05   -9.32669e+05   -9.30765e+05    2.99169e+02   -4.82044e+01
   Constr. rmsd
    0.00000e+00

           Step           Time
        1215000     2430.00000

   Energies (kJ/mol)
           Bond          Angle    Proper Dih. Per. Imp. Dih.          LJ-14
    6.99222e+03    1.96889e+04    2.95310e+04    1.09890e+03    9.09260e+03
     Coulomb-14        LJ (SR)   Coulomb (SR)   Coul. recip.      Potential
    1.00255e+05    1.48303e+05   -1.48238e+06    8.76798e+03   -1.15865e+06
    Kinetic En.   Total Energy  Conserved En.    Temperature Pressure (bar)
    2.24229e+05   -9.34423e+05   -9.30758e+05    2.98111e+02    8.60608e+01
   Constr. rmsd
    0.00000e+00

           Step           Time
        1220000     2440.00000

   Energies (kJ/mol)
           Bond          Angle    Proper Dih. Per. Imp. Dih.          LJ-14
    7.16609e+03    1.96312e+04    2.95638e+04    1.08942e+03    9.06136e+03
     Coulomb-14        LJ (SR)   Coulomb (SR)   Coul. recip.      Potential
    1.00244e+05    1.45882e+05   -1.48063e+06    8.66262e+03   -1.15933e+06
    Kinetic En.   Total Energy  Conserved En.    Temperature Pressure (bar)
    2.24715e+05   -9.34615e+05   -9.30703e+05    2.98756e+02   -1.04646e+02
   Constr. rmsd
    0.00000e+00

           Step           Time
        1225000     2450.00000

   Energies (kJ/mol)
           Bond          Angle    Proper Dih. Per. Imp. Dih.          LJ-14
    7.19929e+03    1.98133e+04    2.95636e+04    1.11436e+03    9.12226e+03
     Coulomb-14        LJ (SR)   Coulomb (SR)   Coul. recip.      Potential
    1.00164e+05    1.47513e+05   -1.48047e+06    8.80275e+03   -1.15718e+06
    Kinetic En.   Total Energy  Conserved En.    Temperature Pressure (bar)
    2.26009e+05   -9.31171e+05   -9.30712e+05    3.00477e+02    2.60959e+01
   Constr. rmsd
    0.00000e+00

           Step           Time
        1230000     2460.00000

   Energies (kJ/mol)
           Bond          Angle    Proper Dih. Per. Imp. Dih.          LJ-14
    7.16593e+03    1.97675e+04    2.95219e+04    1.04223e+03    9.11514e+03
     Coulomb-14        LJ (SR)   Coulomb (SR)   Coul. recip.      Potential
    1.00115e+05    1.48556e+05   -1.48341e+06    8.74214e+03   -1.15938e+06
    Kinetic En.   Total Energy  Conserved En.    Temperature Pressure (bar)
    2.25521e+05   -9.33859e+05   -9.30711e+05    2.99828e+02    2.86246e+01
   Constr. rmsd
    0.00000e+00

           Step           Time
        1235000     2470.00000

   Energies (kJ/mol)
           Bond          Angle    Proper Dih. Per. Imp. Dih.          LJ-14
    7.61212e+03    1.99570e+04    2.94835e+04    1.11921e+03    9.06124e+03
     Coulomb-14        LJ (SR)   Coulomb (SR)   Coul. recip.      Potential
    9.99449e+04    1.47175e+05   -1.48026e+06    8.87004e+03   -1.15704e+06
    Kinetic En.   Total Energy  Conserved En.    Temperature Pressure (bar)
    2.26496e+05   -9.30542e+05   -9.30688e+05    3.01124e+02   -1.27785e+01
   Constr. rmsd
    0.00000e+00

           Step           Time
        1240000     2480.00000

   Energies (kJ/mol)
           Bond          Angle    Proper Dih. Per. Imp. Dih.          LJ-14
    7.09903e+03    1.99465e+04    2.94004e+04    1.08032e+03    9.10184e+03
     Coulomb-14        LJ (SR)   Coulomb (SR)   Coul. recip.      Potential
    1.00010e+05    1.48287e+05   -1.48277e+06    8.68380e+03   -1.15916e+06
    Kinetic En.   Total Energy  Conserved En.    Temperature Pressure (bar)
    2.25681e+05   -9.33480e+05   -9.30680e+05    3.00040e+02    5.02118e+01
   Constr. rmsd
    0.00000e+00

           Step           Time
        1245000     2490.00000

   Energies (kJ/mol)
           Bond          Angle    Proper Dih. Per. Imp. Dih.          LJ-14
    7.19417e+03    1.95815e+04    2.95509e+04    1.08026e+03    9.09432e+03
     Coulomb-14        LJ (SR)   Coulomb (SR)   Coul. recip.      Potential
    1.00299e+05    1.47606e+05   -1.48272e+06    8.63263e+03   -1.15968e+06
    Kinetic En.   Total Energy  Conserved En.    Temperature Pressure (bar)
    2.26815e+05   -9.32868e+05   -9.30681e+05    3.01548e+02   -1.89415e+01
   Constr. rmsd
    0.00000e+00

           Step           Time
        1250000     2500.00000

   Energies (kJ/mol)
           Bond          Angle    Proper Dih. Per. Imp. Dih.          LJ-14
    7.27010e+03    1.94452e+04    2.93076e+04    1.08847e+03    9.12618e+03
     Coulomb-14        LJ (SR)   Coulomb (SR)   Coul. recip.      Potential
    1.00519e+05    1.46521e+05   -1.48093e+06    8.64416e+03   -1.15901e+06
    Kinetic En.   Total Energy  Conserved En.    Temperature Pressure (bar)
    2.24410e+05   -9.34602e+05   -9.30637e+05    2.98352e+02   -7.28942e+01
   Constr. rmsd
    0.00000e+00

           Step           Time
        1255000     2510.00000

   Energies (kJ/mol)
           Bond          Angle    Proper Dih. Per. Imp. Dih.          LJ-14
    6.97521e+03    1.98520e+04    2.95517e+04    1.11179e+03    9.20936e+03
     Coulomb-14        LJ (SR)   Coulomb (SR)   Coul. recip.      Potential
    1.00162e+05    1.47226e+05   -1.48328e+06    8.78928e+03   -1.16040e+06
    Kinetic En.   Total Energy  Conserved En.    Temperature Pressure (bar)
    2.27091e+05   -9.33314e+05   -9.30627e+05    3.01915e+02    3.99569e+01
   Constr. rmsd
    0.00000e+00

           Step           Time
        1260000     2520.00000

   Energies (kJ/mol)
           Bond          Angle    Proper Dih. Per. Imp. Dih.          LJ-14
    7.39687e+03    1.99727e+04    2.93916e+04    1.08262e+03    8.98700e+03
     Coulomb-14        LJ (SR)   Coulomb (SR)   Coul. recip.      Potential
    9.99317e+04    1.46672e+05   -1.47982e+06    8.96314e+03   -1.15742e+06
    Kinetic En.   Total Energy  Conserved En.    Temperature Pressure (bar)
    2.25476e+05   -9.31942e+05   -9.30601e+05    2.99769e+02   -1.28649e+02
   Constr. rmsd
    0.00000e+00

           Step           Time
        1265000     2530.00000

   Energies (kJ/mol)
           Bond          Angle    Proper Dih. Per. Imp. Dih.          LJ-14
    7.05444e+03    1.98605e+04    2.96300e+04    1.10406e+03    9.27598e+03
     Coulomb-14        LJ (SR)   Coulomb (SR)   Coul. recip.      Potential
    1.00001e+05    1.46970e+05   -1.48167e+06    8.71717e+03   -1.15906e+06
    Kinetic En.   Total Energy  Conserved En.    Temperature Pressure (bar)
    2.26168e+05   -9.32889e+05   -9.30600e+05    3.00688e+02    7.40377e+01
   Constr. rmsd
    0.00000e+00

           Step           Time
        1270000     2540.00000

   Energies (kJ/mol)
           Bond          Angle    Proper Dih. Per. Imp. Dih.          LJ-14
    6.96161e+03    1.95298e+04    2.94583e+04    1.12312e+03    9.06170e+03
     Coulomb-14        LJ (SR)   Coulomb (SR)   Coul. recip.      Potential
    9.99989e+04    1.47290e+05   -1.48211e+06    8.70013e+03   -1.15998e+06
    Kinetic En.   Total Energy  Conserved En.    Temperature Pressure (bar)
    2.26423e+05   -9.33559e+05   -9.30594e+05    3.01028e+02   -7.54920e+01
   Constr. rmsd
    0.00000e+00

           Step           Time
        1275000     2550.00000

   Energies (kJ/mol)
           Bond          Angle    Proper Dih. Per. Imp. Dih.          LJ-14
    7.02343e+03    1.94620e+04    2.94861e+04    1.13683e+03    9.19845e+03
     Coulomb-14        LJ (SR)   Coulomb (SR)   Coul. recip.      Potential
    1.00249e+05    1.47364e+05   -1.48238e+06    8.60826e+03   -1.15985e+06
    Kinetic En.   Total Energy  Conserved En.    Temperature Pressure (bar)
    2.25062e+05   -9.34788e+05   -9.30577e+05    2.99218e+02    3.99517e+01
   Constr. rmsd
    0.00000e+00

           Step           Time
        1280000     2560.00000

   Energies (kJ/mol)
           Bond          Angle    Proper Dih. Per. Imp. Dih.          LJ-14
    6.83117e+03    1.97923e+04    2.95333e+04    1.08684e+03    9.20401e+03
     Coulomb-14        LJ (SR)   Coulomb (SR)   Coul. recip.      Potential
    1.00327e+05    1.48229e+05   -1.48261e+06    8.68849e+03   -1.15892e+06
    Kinetic En.   Total Energy  Conserved En.    Temperature Pressure (bar)
    2.24067e+05   -9.34850e+05   -9.30519e+05    2.97895e+02    9.28053e+01
   Constr. rmsd
    0.00000e+00

           Step           Time
        1285000     2570.00000

   Energies (kJ/mol)
           Bond          Angle    Proper Dih. Per. Imp. Dih.          LJ-14
    7.18863e+03    1.98866e+04    2.93139e+04    1.13560e+03    9.16500e+03
     Coulomb-14        LJ (SR)   Coulomb (SR)   Coul. recip.      Potential
    1.00091e+05    1.48260e+05   -1.48324e+06    8.72656e+03   -1.15948e+06
    Kinetic En.   Total Energy  Conserved En.    Temperature Pressure (bar)
    2.25053e+05   -9.34423e+05   -9.30500e+05    2.99205e+02    1.34453e+02
   Constr. rmsd
    0.00000e+00

           Step           Time
        1290000     2580.00000

   Energies (kJ/mol)
           Bond          Angle    Proper Dih. Per. Imp. Dih.          LJ-14
    7.07685e+03    2.01530e+04    2.94879e+04    1.09551e+03    9.04534e+03
     Coulomb-14        LJ (SR)   Coulomb (SR)   Coul. recip.      Potential
    9.99590e+04    1.46035e+05   -1.48031e+06    8.70319e+03   -1.15876e+06
    Kinetic En.   Total Energy  Conserved En.    Temperature Pressure (bar)
    2.26447e+05   -9.32310e+05   -9.30492e+05    3.01059e+02   -9.35724e+01
   Constr. rmsd
    0.00000e+00

           Step           Time
        1295000     2590.00000

   Energies (kJ/mol)
           Bond          Angle    Proper Dih. Per. Imp. Dih.          LJ-14
    6.80293e+03    1.99315e+04    2.94734e+04    1.13484e+03    9.14074e+03
     Coulomb-14        LJ (SR)   Coulomb (SR)   Coul. recip.      Potential
    1.00118e+05    1.47101e+05   -1.48182e+06    8.82529e+03   -1.15929e+06
    Kinetic En.   Total Energy  Conserved En.    Temperature Pressure (bar)
    2.25391e+05   -9.33900e+05   -9.30466e+05    2.99655e+02    3.57397e+00
   Constr. rmsd
    0.00000e+00

           Step           Time
        1300000     2600.00000

   Energies (kJ/mol)
           Bond          Angle    Proper Dih. Per. Imp. Dih.          LJ-14
    7.31334e+03    2.00970e+04    2.95953e+04    1.11313e+03    8.99862e+03
     Coulomb-14        LJ (SR)   Coulomb (SR)   Coul. recip.      Potential
    1.00022e+05    1.46242e+05   -1.47864e+06    8.66602e+03   -1.15659e+06
    Kinetic En.   Total Energy  Conserved En.    Temperature Pressure (bar)
    2.26254e+05   -9.30337e+05   -9.30468e+05    3.00802e+02   -8.66298e+01
   Constr. rmsd
    0.00000e+00

           Step           Time
        1305000     2610.00000

   Energies (kJ/mol)
           Bond          Angle    Proper Dih. Per. Imp. Dih.          LJ-14
    7.20171e+03    1.94599e+04    2.95555e+04    1.15828e+03    9.04949e+03
     Coulomb-14        LJ (SR)   Coulomb (SR)   Coul. recip.      Potential
    1.00448e+05    1.49090e+05   -1.48503e+06    8.74068e+03   -1.16033e+06
    Kinetic En.   Total Energy  Conserved En.    Temperature Pressure (bar)
    2.25469e+05   -9.34858e+05   -9.30417e+05    2.99759e+02    6.87817e+01
   Constr. rmsd
    0.00000e+00

           Step           Time
        1310000     2620.00000

   Energies (kJ/mol)
           Bond          Angle    Proper Dih. Per. Imp. Dih.          LJ-14
    6.95701e+03    1.96433e+04    2.95111e+04    1.16692e+03    9.01017e+03
     Coulomb-14        LJ (SR)   Coulomb (SR)   Coul. recip.      Potential
    1.00096e+05    1.46829e+05   -1.48225e+06    8.63856e+03   -1.16039e+06
    Kinetic En.   Total Energy  Conserved En.    Temperature Pressure (bar)
    2.25046e+05   -9.35348e+05   -9.30422e+05    2.99197e+02   -5.04558e+01
   Constr. rmsd
    0.00000e+00

           Step           Time
        1315000     2630.00000

   Energies (kJ/mol)
           Bond          Angle    Proper Dih. Per. Imp. Dih.          LJ-14
    7.17451e+03    1.99860e+04    2.93345e+04    1.18626e+03    9.10070e+03
     Coulomb-14        LJ (SR)   Coulomb (SR)   Coul. recip.      Potential
    1.00485e+05    1.46083e+05   -1.47988e+06    8.74389e+03   -1.15778e+06
    Kinetic En.   Total Energy  Conserved En.    Temperature Pressure (bar)
    2.27491e+05   -9.30292e+05   -9.30410e+05    3.02447e+02   -3.90852e+01
   Constr. rmsd
    0.00000e+00

           Step           Time
        1320000     2640.00000

   Energies (kJ/mol)
           Bond          Angle    Proper Dih. Per. Imp. Dih.          LJ-14
    6.98055e+03    1.96350e+04    2.95187e+04    1.08603e+03    9.12259e+03
     Coulomb-14        LJ (SR)   Coulomb (SR)   Coul. recip.      Potential
    1.00315e+05    1.47685e+05   -1.48185e+06    8.67149e+03   -1.15884e+06
    Kinetic En.   Total Energy  Conserved En.    Temperature Pressure (bar)
    2.24007e+05   -9.34832e+05   -9.30384e+05    2.97815e+02    8.00707e+01
   Constr. rmsd
    0.00000e+00

           Step           Time
        1325000     2650.00000

   Energies (kJ/mol)
           Bond          Angle    Proper Dih. Per. Imp. Dih.          LJ-14
    6.92989e+03    1.94082e+04    2.92207e+04    1.05724e+03    9.07336e+03
     Coulomb-14        LJ (SR)   Coulomb (SR)   Coul. recip.      Potential
    1.00182e+05    1.50000e+05   -1.48371e+06    8.68126e+03   -1.15915e+06
    Kinetic En.   Total Energy  Conserved En.    Temperature Pressure (bar)
    2.25504e+05   -9.33650e+05   -9.30414e+05    2.99805e+02    1.66699e+02
   Constr. rmsd
    0.00000e+00

           Step           Time
        1330000     2660.00000

   Energies (kJ/mol)
           Bond          Angle    Proper Dih. Per. Imp. Dih.          LJ-14
    6.96916e+03    1.97438e+04    2.92637e+04    1.09664e+03    9.09590e+03
     Coulomb-14        LJ (SR)   Coulomb (SR)   Coul. recip.      Potential
    1.00209e+05    1.49212e+05   -1.48357e+06    8.67812e+03   -1.15931e+06
    Kinetic En.   Total Energy  Conserved En.    Temperature Pressure (bar)
    2.25719e+05   -9.33587e+05   -9.30355e+05    3.00091e+02    1.05160e+02
   Constr. rmsd
    0.00000e+00

           Step           Time
        1335000     2670.00000

   Energies (kJ/mol)
           Bond          Angle    Proper Dih. Per. Imp. Dih.          LJ-14
    7.35974e+03    1.97176e+04    2.94743e+04    1.06836e+03    9.11141e+03
     Coulomb-14        LJ (SR)   Coulomb (SR)   Coul. recip.      Potential
    1.00350e+05    1.46317e+05   -1.47963e+06    8.59161e+03   -1.15764e+06
    Kinetic En.   Total Energy  Conserved En.    Temperature Pressure (bar)
    2.27486e+05   -9.30155e+05   -9.30321e+05    3.02440e+02   -2.09030e+01
   Constr. rmsd
    0.00000e+00

           Step           Time
        1340000     2680.00000

   Energies (kJ/mol)
           Bond          Angle    Proper Dih. Per. Imp. Dih.          LJ-14
    7.09094e+03    1.97704e+04    2.95872e+04    1.10949e+03    9.08691e+03
     Coulomb-14        LJ (SR)   Coulomb (SR)   Coul. recip.      Potential
    1.00179e+05    1.48085e+05   -1.48390e+06    8.76962e+03   -1.16022e+06
    Kinetic En.   Total Energy  Conserved En.    Temperature Pressure (bar)
    2.25773e+05   -9.34448e+05   -9.30346e+05    3.00163e+02    1.61690e+02
   Constr. rmsd
    0.00000e+00

           Step           Time
        1345000     2690.00000

   Energies (kJ/mol)
           Bond          Angle    Proper Dih. Per. Imp. Dih.          LJ-14
    6.90889e+03    1.92610e+04    2.95596e+04    1.06458e+03    9.06520e+03
     Coulomb-14        LJ (SR)   Coulomb (SR)   Coul. recip.      Potential
    1.00444e+05    1.46607e+05   -1.48110e+06    8.69803e+03   -1.15949e+06
    Kinetic En.   Total Energy  Conserved En.    Temperature Pressure (bar)
    2.24265e+05   -9.35224e+05   -9.30339e+05    2.98158e+02   -6.39742e+01
   Constr. rmsd
    0.00000e+00

           Step           Time
        1350000     2700.00000

   Energies (kJ/mol)
           Bond          Angle    Proper Dih. Per. Imp. Dih.          LJ-14
    7.01013e+03    1.96094e+04    2.93058e+04    1.05177e+03    9.15170e+03
     Coulomb-14        LJ (SR)   Coulomb (SR)   Coul. recip.      Potential
    1.00344e+05    1.46537e+05   -1.48184e+06    8.67521e+03   -1.16016e+06
    Kinetic En.   Total Energy  Conserved En.    Temperature Pressure (bar)
    2.24850e+05   -9.35306e+05   -9.30319e+05    2.98936e+02    3.75088e+01
   Constr. rmsd
    0.00000e+00

           Step           Time
        1355000     2710.00000

   Energies (kJ/mol)
           Bond          Angle    Proper Dih. Per. Imp. Dih.          LJ-14
    7.19576e+03    1.97415e+04    2.94197e+04    1.14979e+03    9.02757e+03
     Coulomb-14        LJ (SR)   Coulomb (SR)   Coul. recip.      Potential
    1.00279e+05    1.47619e+05   -1.48125e+06    8.76832e+03   -1.15805e+06
    Kinetic En.   Total Energy  Conserved En.    Temperature Pressure (bar)
    2.25558e+05   -9.32487e+05   -9.30281e+05    2.99878e+02    8.56438e+00
   Constr. rmsd
    0.00000e+00

           Step           Time
        1360000     2720.00000

   Energies (kJ/mol)
           Bond          Angle    Proper Dih. Per. Imp. Dih.          LJ-14
    7.03790e+03    1.97039e+04    2.95058e+04    1.04403e+03    9.28440e+03
     Coulomb-14        LJ (SR)   Coulomb (SR)   Coul. recip.      Potential
    1.00491e+05    1.49130e+05   -1.48416e+06    8.76108e+03   -1.15920e+06
    Kinetic En.   Total Energy  Conserved En.    Temperature Pressure (bar)
    2.24952e+05   -9.34246e+05   -9.30233e+05    2.99072e+02    1.67474e+02
   Constr. rmsd
    0.00000e+00

           Step           Time
        1365000     2730.00000

   Energies (kJ/mol)
           Bond          Angle    Proper Dih. Per. Imp. Dih.          LJ-14
    7.02213e+03    1.98396e+04    2.94148e+04    1.16011e+03    9.21097e+03
     Coulomb-14        LJ (SR)   Coulomb (SR)   Coul. recip.      Potential
    1.00478e+05    1.45891e+05   -1.47918e+06    8.70736e+03   -1.15746e+06
    Kinetic En.   Total Energy  Conserved En.    Temperature Pressure (bar)
    2.25621e+05   -9.31836e+05   -9.30241e+05    2.99961e+02   -3.25832e+01
   Constr. rmsd
    0.00000e+00

           Step           Time
        1370000     2740.00000

   Energies (kJ/mol)
           Bond          Angle    Proper Dih. Per. Imp. Dih.          LJ-14
    6.99719e+03    1.94808e+04    2.95010e+04    1.08307e+03    9.05903e+03
     Coulomb-14        LJ (SR)   Coulomb (SR)   Coul. recip.      Potential
    1.00173e+05    1.49305e+05   -1.48568e+06    8.61162e+03   -1.16147e+06
    Kinetic En.   Total Energy  Conserved En.    Temperature Pressure (bar)
    2.25874e+05   -9.35598e+05   -9.30254e+05    3.00298e+02    4.27285e+01
   Constr. rmsd
    0.00000e+00

           Step           Time
        1375000     2750.00000

   Energies (kJ/mol)
           Bond          Angle    Proper Dih. Per. Imp. Dih.          LJ-14
    7.20907e+03    1.98264e+04    2.94616e+04    1.05463e+03    9.16064e+03
     Coulomb-14        LJ (SR)   Coulomb (SR)   Coul. recip.      Potential
    1.00392e+05    1.47669e+05   -1.48194e+06    8.59883e+03   -1.15857e+06
    Kinetic En.   Total Energy  Conserved En.    Temperature Pressure (bar)
    2.24678e+05   -9.33894e+05   -9.30180e+05    2.98708e+02   -1.94151e+01
   Constr. rmsd
    0.00000e+00

           Step           Time
        1380000     2760.00000

   Energies (kJ/mol)
           Bond          Angle    Proper Dih. Per. Imp. Dih.          LJ-14
    7.59723e+03    1.96230e+04    2.94666e+04    1.03821e+03    9.13526e+03
     Coulomb-14        LJ (SR)   Coulomb (SR)   Coul. recip.      Potential
    1.00492e+05    1.48576e+05   -1.48313e+06    8.63838e+03   -1.15857e+06
    Kinetic En.   Total Energy  Conserved En.    Temperature Pressure (bar)
    2.26417e+05   -9.32150e+05   -9.30164e+05    3.01020e+02   -5.39930e+01
   Constr. rmsd
    0.00000e+00

           Step           Time
        1385000     2770.00000

   Energies (kJ/mol)
           Bond          Angle    Proper Dih. Per. Imp. Dih.          LJ-14
    7.25330e+03    1.95725e+04    2.94082e+04    1.19345e+03    9.13251e+03
     Coulomb-14        LJ (SR)   Coulomb (SR)   Coul. recip.      Potential
    1.00159e+05    1.46345e+05   -1.47946e+06    8.74738e+03   -1.15764e+06
    Kinetic En.   Total Energy  Conserved En.    Temperature Pressure (bar)
    2.26226e+05   -9.31418e+05   -9.30170e+05    3.00765e+02   -3.82862e+01
   Constr. rmsd
    0.00000e+00

           Step           Time
        1390000     2780.00000

   Energies (kJ/mol)
           Bond          Angle    Proper Dih. Per. Imp. Dih.          LJ-14
    7.10069e+03    2.00941e+04    2.93808e+04    1.07745e+03    9.15641e+03
     Coulomb-14        LJ (SR)   Coulomb (SR)   Coul. recip.      Potential
    1.00122e+05    1.47214e+05   -1.47983e+06    8.67724e+03   -1.15700e+06
    Kinetic En.   Total Energy  Conserved En.    Temperature Pressure (bar)
    2.27017e+05   -9.29986e+05   -9.30129e+05    3.01817e+02    7.67508e+01
   Constr. rmsd
    0.00000e+00

           Step           Time
        1395000     2790.00000

   Energies (kJ/mol)
           Bond          Angle    Proper Dih. Per. Imp. Dih.          LJ-14
    7.03091e+03    1.97420e+04    2.93681e+04    1.09045e+03    9.05977e+03
     Coulomb-14        LJ (SR)   Coulomb (SR)   Coul. recip.      Potential
    1.00381e+05    1.46673e+05   -1.47999e+06    8.61553e+03   -1.15803e+06
    Kinetic En.   Total Energy  Conserved En.    Temperature Pressure (bar)
    2.24392e+05   -9.33640e+05   -9.30123e+05    2.98327e+02   -1.21907e+02
   Constr. rmsd
    0.00000e+00

           Step           Time
        1400000     2800.00000

   Energies (kJ/mol)
           Bond          Angle    Proper Dih. Per. Imp. Dih.          LJ-14
    7.26336e+03    1.94654e+04    2.95712e+04    1.14416e+03    9.07996e+03
     Coulomb-14        LJ (SR)   Coulomb (SR)   Coul. recip.      Potential
    1.00403e+05    1.47916e+05   -1.48209e+06    8.77534e+03   -1.15847e+06
    Kinetic En.   Total Energy  Conserved En.    Temperature Pressure (bar)
    2.26470e+05   -9.32004e+05   -9.30135e+05    3.01089e+02    1.31225e+02
   Constr. rmsd
    0.00000e+00

           Step           Time
        1405000     2810.00000

   Energies (kJ/mol)
           Bond          Angle    Proper Dih. Per. Imp. Dih.          LJ-14
    7.38819e+03    1.99106e+04    2.95815e+04    1.06741e+03    9.10512e+03
     Coulomb-14        LJ (SR)   Coulomb (SR)   Coul. recip.      Potential
    1.00095e+05    1.47267e+05   -1.48024e+06    8.75923e+03   -1.15707e+06
    Kinetic En.   Total Energy  Conserved En.    Temperature Pressure (bar)
    2.27123e+05   -9.29948e+05   -9.30065e+05    3.01957e+02    2.98217e+01
   Constr. rmsd
    0.00000e+00

           Step           Time
        1410000     2820.00000

   Energies (kJ/mol)
           Bond          Angle    Proper Dih. Per. Imp. Dih.          LJ-14
    7.09305e+03    1.93608e+04    2.93284e+04    1.11152e+03    8.99091e+03
     Coulomb-14        LJ (SR)   Coulomb (SR)   Coul. recip.      Potential
    1.00465e+05    1.47908e+05   -1.48386e+06    8.73400e+03   -1.16086e+06
    Kinetic En.   Total Energy  Conserved En.    Temperature Pressure (bar)
    2.26251e+05   -9.34612e+05   -9.30102e+05    3.00799e+02    8.30381e+00
   Constr. rmsd
    0.00000e+00

           Step           Time
        1415000     2830.00000

   Energies (kJ/mol)
           Bond          Angle    Proper Dih. Per. Imp. Dih.          LJ-14
    7.31664e+03    1.94991e+04    2.96760e+04    1.10708e+03    8.98933e+03
     Coulomb-14        LJ (SR)   Coulomb (SR)   Coul. recip.      Potential
    9.99799e+04    1.48377e+05   -1.48154e+06    8.74212e+03   -1.15785e+06
    Kinetic En.   Total Energy  Conserved En.    Temperature Pressure (bar)
    2.26920e+05   -9.30934e+05   -9.30083e+05    3.01688e+02    8.22632e+01
   Constr. rmsd
    0.00000e+00

           Step           Time
        1420000     2840.00000

   Energies (kJ/mol)
           Bond          Angle    Proper Dih. Per. Imp. Dih.          LJ-14
    7.30954e+03    1.95858e+04    2.98633e+04    1.11989e+03    9.04171e+03
     Coulomb-14        LJ (SR)   Coulomb (SR)   Coul. recip.      Potential
    1.00066e+05    1.48182e+05   -1.48192e+06    8.71459e+03   -1.15803e+06
    Kinetic En.   Total Energy  Conserved En.    Temperature Pressure (bar)
    2.27546e+05   -9.30486e+05   -9.30059e+05    3.02521e+02    7.90009e+01
   Constr. rmsd
    0.00000e+00

           Step           Time
        1425000     2850.00000

   Energies (kJ/mol)
           Bond          Angle    Proper Dih. Per. Imp. Dih.          LJ-14
    6.99801e+03    1.95835e+04    2.95245e+04    1.06897e+03    9.04397e+03
     Coulomb-14        LJ (SR)   Coulomb (SR)   Coul. recip.      Potential
    1.00280e+05    1.46203e+05   -1.48034e+06    8.61946e+03   -1.15901e+06
    Kinetic En.   Total Energy  Conserved En.    Temperature Pressure (bar)
    2.25424e+05   -9.33589e+05   -9.30017e+05    2.99700e+02   -2.43828e+01
   Constr. rmsd
    0.00000e+00

           Step           Time
        1430000     2860.00000

   Energies (kJ/mol)
           Bond          Angle    Proper Dih. Per. Imp. Dih.          LJ-14
    7.27193e+03    1.99355e+04    2.94180e+04    1.11390e+03    8.96750e+03
     Coulomb-14        LJ (SR)   Coulomb (SR)   Coul. recip.      Potential
    1.00542e+05    1.46616e+05   -1.48013e+06    8.83436e+03   -1.15743e+06
    Kinetic En.   Total Energy  Conserved En.    Temperature Pressure (bar)
    2.25067e+05   -9.32366e+05   -9.29978e+05    2.99224e+02   -1.12992e+02
   Constr. rmsd
    0.00000e+00

           Step           Time
        1435000     2870.00000

   Energies (kJ/mol)
           Bond          Angle    Proper Dih. Per. Imp. Dih.          LJ-14
    6.97685e+03    1.97640e+04    2.96033e+04    1.09034e+03    9.23583e+03
     Coulomb-14        LJ (SR)   Coulomb (SR)   Coul. recip.      Potential
    1.00118e+05    1.48773e+05   -1.48454e+06    8.59080e+03   -1.16039e+06
    Kinetic En.   Total Energy  Conserved En.    Temperature Pressure (bar)
    2.27699e+05   -9.32689e+05   -9.30034e+05    3.02724e+02    1.56110e+02
   Constr. rmsd
    0.00000e+00

           Step           Time
        1440000     2880.00000

   Energies (kJ/mol)
           Bond          Angle    Proper Dih. Per. Imp. Dih.          LJ-14
    7.03458e+03    1.98804e+04    2.95900e+04    1.05644e+03    9.19008e+03
     Coulomb-14        LJ (SR)   Coulomb (SR)   Coul. recip.      Potential
    1.00665e+05    1.45410e+05   -1.47930e+06    8.65491e+03   -1.15782e+06
    Kinetic En.   Total Energy  Conserved En.    Temperature Pressure (bar)
    2.26119e+05   -9.31701e+05   -9.29980e+05    3.00623e+02   -4.48028e+01
   Constr. rmsd
    0.00000e+00

           Step           Time
        1445000     2890.00000

   Energies (kJ/mol)
           Bond          Angle    Proper Dih. Per. Imp. Dih.          LJ-14
    7.46389e+03    1.99313e+04    2.96129e+04    1.06998e+03    8.93406e+03
     Coulomb-14        LJ (SR)   Coulomb (SR)   Coul. recip.      Potential
    1.00126e+05    1.47733e+05   -1.48076e+06    8.84431e+03   -1.15705e+06
    Kinetic En.   Total Energy  Conserved En.    Temperature Pressure (bar)
    2.24784e+05   -9.32263e+05   -9.29950e+05    2.98849e+02    6.85228e+01
   Constr. rmsd
    0.00000e+00

           Step           Time
        1450000     2900.00000

   Energies (kJ/mol)
           Bond          Angle    Proper Dih. Per. Imp. Dih.          LJ-14
    7.00589e+03    1.94962e+04    2.93835e+04    1.08889e+03    9.07384e+03
     Coulomb-14        LJ (SR)   Coulomb (SR)   Coul. recip.      Potential
    1.00366e+05    1.46897e+05   -1.48004e+06    8.76447e+03   -1.15796e+06
    Kinetic En.   Total Energy  Conserved En.    Temperature Pressure (bar)
    2.24238e+05   -9.33724e+05   -9.29966e+05    2.98123e+02   -1.57333e+01
   Constr. rmsd
    0.00000e+00

           Step           Time
        1455000     2910.00000

   Energies (kJ/mol)
           Bond          Angle    Proper Dih. Per. Imp. Dih.          LJ-14
    7.38295e+03    1.94711e+04    2.93222e+04    1.13208e+03    9.01107e+03
     Coulomb-14        LJ (SR)   Coulomb (SR)   Coul. recip.      Potential
    1.00279e+05    1.46877e+05   -1.48206e+06    8.75663e+03   -1.15982e+06
    Kinetic En.   Total Energy  Conserved En.    Temperature Pressure (bar)
    2.24811e+05   -9.35014e+05   -9.29907e+05    2.98884e+02   -4.62760e+01
   Constr. rmsd
    0.00000e+00

           Step           Time
        1460000     2920.00000

   Energies (kJ/mol)
           Bond          Angle    Proper Dih. Per. Imp. Dih.          LJ-14
    7.10912e+03    1.97053e+04    2.95301e+04    1.11413e+03    9.17399e+03
     Coulomb-14        LJ (SR)   Coulomb (SR)   Coul. recip.      Potential
    1.00255e+05    1.45509e+05   -1.48087e+06    8.72039e+03   -1.15975e+06
    Kinetic En.   Total Energy  Conserved En.    Temperature Pressure (bar)
    2.25727e+05   -9.34026e+05   -9.29870e+05    3.00102e+02   -1.50746e+02
   Constr. rmsd
    0.00000e+00

           Step           Time
        1465000     2930.00000

   Energies (kJ/mol)
           Bond          Angle    Proper Dih. Per. Imp. Dih.          LJ-14
    7.01883e+03    1.96991e+04    2.93945e+04    1.14294e+03    9.08783e+03
     Coulomb-14        LJ (SR)   Coulomb (SR)   Coul. recip.      Potential
    1.00424e+05    1.48123e+05   -1.48412e+06    8.64494e+03   -1.16058e+06
    Kinetic En.   Total Energy  Conserved En.    Temperature Pressure (bar)
    2.24699e+05   -9.35881e+05   -9.29865e+05    2.98736e+02    6.36191e+01
   Constr. rmsd
    0.00000e+00

           Step           Time
        1470000     2940.00000

   Energies (kJ/mol)
           Bond          Angle    Proper Dih. Per. Imp. Dih.          LJ-14
    7.21142e+03    1.95338e+04    2.94985e+04    1.15774e+03    8.99936e+03
     Coulomb-14        LJ (SR)   Coulomb (SR)   Coul. recip.      Potential
    1.00003e+05    1.48264e+05   -1.48228e+06    8.62924e+03   -1.15899e+06
    Kinetic En.   Total Energy  Conserved En.    Temperature Pressure (bar)
    2.24490e+05   -9.34496e+05   -9.29854e+05    2.98457e+02   -2.11693e+01
   Constr. rmsd
    0.00000e+00

           Step           Time
        1475000     2950.00000

   Energies (kJ/mol)
           Bond          Angle    Proper Dih. Per. Imp. Dih.          LJ-14
    6.94047e+03    1.94836e+04    2.94724e+04    1.10062e+03    9.08945e+03
     Coulomb-14        LJ (SR)   Coulomb (SR)   Coul. recip.      Potential
    1.00515e+05    1.46175e+05   -1.48092e+06    8.54925e+03   -1.15960e+06
    Kinetic En.   Total Energy  Conserved En.    Temperature Pressure (bar)
    2.25151e+05   -9.34447e+05   -9.29832e+05    2.99336e+02   -8.31207e+01
   Constr. rmsd
    0.00000e+00

           Step           Time
        1480000     2960.00000

   Energies (kJ/mol)
           Bond          Angle    Proper Dih. Per. Imp. Dih.          LJ-14
    7.20352e+03    1.96857e+04    2.94275e+04    1.18415e+03    9.04967e+03
     Coulomb-14        LJ (SR)   Coulomb (SR)   Coul. recip.      Potential
    1.00183e+05    1.49936e+05   -1.48453e+06    8.67166e+03   -1.15918e+06
    Kinetic En.   Total Energy  Conserved En.    Temperature Pressure (bar)
    2.24261e+05   -9.34924e+05   -9.29791e+05    2.98153e+02    9.34322e+01
   Constr. rmsd
    0.00000e+00

           Step           Time
        1485000     2970.00000

   Energies (kJ/mol)
           Bond          Angle    Proper Dih. Per. Imp. Dih.          LJ-14
    6.89750e+03    1.97200e+04    2.94680e+04    1.06959e+03    9.11211e+03
     Coulomb-14        LJ (SR)   Coulomb (SR)   Coul. recip.      Potential
    1.00143e+05    1.47571e+05   -1.48210e+06    8.76934e+03   -1.15935e+06
    Kinetic En.   Total Energy  Conserved En.    Temperature Pressure (bar)
    2.24249e+05   -9.35104e+05   -9.29771e+05    2.98137e+02   -9.12272e+01
   Constr. rmsd
    0.00000e+00

           Step           Time
        1490000     2980.00000

   Energies (kJ/mol)
           Bond          Angle    Proper Dih. Per. Imp. Dih.          LJ-14
    7.08936e+03    1.95231e+04    2.94543e+04    1.01156e+03    8.97742e+03
     Coulomb-14        LJ (SR)   Coulomb (SR)   Coul. recip.      Potential
    9.99079e+04    1.47236e+05   -1.48158e+06    8.85023e+03   -1.15953e+06
    Kinetic En.   Total Energy  Conserved En.    Temperature Pressure (bar)
    2.25433e+05   -9.34099e+05   -9.29806e+05    2.99711e+02   -1.14647e+02
   Constr. rmsd
    0.00000e+00

           Step           Time
        1495000     2990.00000

   Energies (kJ/mol)
           Bond          Angle    Proper Dih. Per. Imp. Dih.          LJ-14
    7.04721e+03    1.96453e+04    2.93195e+04    1.11084e+03    9.06869e+03
     Coulomb-14        LJ (SR)   Coulomb (SR)   Coul. recip.      Potential
    1.00115e+05    1.45142e+05   -1.47886e+06    8.75863e+03   -1.15865e+06
    Kinetic En.   Total Energy  Conserved En.    Temperature Pressure (bar)
    2.26441e+05   -9.32210e+05   -9.29771e+05    3.01051e+02   -1.19282e+02
   Constr. rmsd
    0.00000e+00

           Step           Time
        1500000     3000.00000

   Energies (kJ/mol)
           Bond          Angle    Proper Dih. Per. Imp. Dih.          LJ-14
    7.40596e+03    2.00618e+04    2.93473e+04    1.09039e+03    9.13610e+03
     Coulomb-14        LJ (SR)   Coulomb (SR)   Coul. recip.      Potential
    9.99716e+04    1.46703e+05   -1.47986e+06    8.59649e+03   -1.15755e+06
    Kinetic En.   Total Energy  Conserved En.    Temperature Pressure (bar)
    2.26201e+05   -9.31347e+05   -9.29725e+05    3.00732e+02    1.02098e+02
   Constr. rmsd
    0.00000e+00

           Step           Time
        1505000     3010.00000

   Energies (kJ/mol)
           Bond          Angle    Proper Dih. Per. Imp. Dih.          LJ-14
    7.17241e+03    1.96548e+04    2.93019e+04    1.07708e+03    9.13368e+03
     Coulomb-14        LJ (SR)   Coulomb (SR)   Coul. recip.      Potential
    1.00155e+05    1.49249e+05   -1.48433e+06    8.82385e+03   -1.15976e+06
    Kinetic En.   Total Energy  Conserved En.    Temperature Pressure (bar)
    2.25289e+05   -9.34468e+05   -9.29703e+05    2.99520e+02    7.41083e+01
   Constr. rmsd
    0.00000e+00

           Step           Time
        1510000     3020.00000

   Energies (kJ/mol)
           Bond          Angle    Proper Dih. Per. Imp. Dih.          LJ-14
    7.04113e+03    1.98518e+04    2.94533e+04    1.20821e+03    9.08983e+03
     Coulomb-14        LJ (SR)   Coulomb (SR)   Coul. recip.      Potential
    1.00152e+05    1.47231e+05   -1.48113e+06    8.60263e+03   -1.15851e+06
    Kinetic En.   Total Energy  Conserved En.    Temperature Pressure (bar)
    2.27020e+05   -9.31485e+05   -9.29730e+05    3.01821e+02   -8.24812e+01
   Constr. rmsd
    0.00000e+00

           Step           Time
        1515000     3030.00000

   Energies (kJ/mol)
           Bond          Angle    Proper Dih. Per. Imp. Dih.          LJ-14
    7.38696e+03    1.96109e+04    2.94137e+04    1.13324e+03    9.08865e+03
     Coulomb-14        LJ (SR)   Coulomb (SR)   Coul. recip.      Potential
    1.00013e+05    1.46756e+05   -1.47998e+06    8.73079e+03   -1.15784e+06
    Kinetic En.   Total Energy  Conserved En.    Temperature Pressure (bar)
    2.25652e+05   -9.32192e+05   -9.29656e+05    3.00002e+02   -6.56227e+01
   Constr. rmsd
    0.00000e+00

           Step           Time
        1520000     3040.00000

   Energies (kJ/mol)
           Bond          Angle    Proper Dih. Per. Imp. Dih.          LJ-14
    7.06953e+03    1.96477e+04    2.95189e+04    1.12097e+03    9.12482e+03
     Coulomb-14        LJ (SR)   Coulomb (SR)   Coul. recip.      Potential
    1.00023e+05    1.48239e+05   -1.48287e+06    8.71554e+03   -1.15941e+06
    Kinetic En.   Total Energy  Conserved En.    Temperature Pressure (bar)
    2.26237e+05   -9.33173e+05   -9.29677e+05    3.00780e+02    8.82027e+01
   Constr. rmsd
    0.00000e+00

           Step           Time
        1525000     3050.00000

   Energies (kJ/mol)
           Bond          Angle    Proper Dih. Per. Imp. Dih.          LJ-14
    7.37295e+03    1.98801e+04    2.93581e+04    1.14955e+03    9.01335e+03
     Coulomb-14        LJ (SR)   Coulomb (SR)   Coul. recip.      Potential
    1.00177e+05    1.48381e+05   -1.48250e+06    8.57345e+03   -1.15859e+06
    Kinetic En.   Total Energy  Conserved En.    Temperature Pressure (bar)
    2.26750e+05   -9.31840e+05   -9.29609e+05    3.01462e+02    4.93183e+01
   Constr. rmsd
    0.00000e+00

           Step           Time
        1530000     3060.00000

   Energies (kJ/mol)
           Bond          Angle    Proper Dih. Per. Imp. Dih.          LJ-14
    7.36472e+03    1.96865e+04    2.94295e+04    1.16660e+03    9.12577e+03
     Coulomb-14        LJ (SR)   Coulomb (SR)   Coul. recip.      Potential
    1.00024e+05    1.48273e+05   -1.48308e+06    8.45546e+03   -1.15955e+06
    Kinetic En.   Total Energy  Conserved En.    Temperature Pressure (bar)
    2.26125e+05   -9.33428e+05   -9.29601e+05    3.00631e+02    1.31371e+02
   Constr. rmsd
    0.00000e+00

           Step           Time
        1535000     3070.00000

   Energies (kJ/mol)
           Bond          Angle    Proper Dih. Per. Imp. Dih.          LJ-14
    7.07700e+03    1.99369e+04    2.96393e+04    1.09092e+03    9.12495e+03
     Coulomb-14        LJ (SR)   Coulomb (SR)   Coul. recip.      Potential
    1.00153e+05    1.46977e+05   -1.47957e+06    8.50340e+03   -1.15707e+06
    Kinetic En.   Total Energy  Conserved En.    Temperature Pressure (bar)
    2.26348e+05   -9.30724e+05   -9.29570e+05    3.00927e+02    1.21400e+02
   Constr. rmsd
    0.00000e+00

           Step           Time
        1540000     3080.00000

   Energies (kJ/mol)
           Bond          Angle    Proper Dih. Per. Imp. Dih.          LJ-14
    7.14797e+03    1.95089e+04    2.95254e+04    1.00356e+03    9.14415e+03
     Coulomb-14        LJ (SR)   Coulomb (SR)   Coul. recip.      Potential
    1.00164e+05    1.47729e+05   -1.48249e+06    8.81966e+03   -1.15945e+06
    Kinetic En.   Total Energy  Conserved En.    Temperature Pressure (bar)
    2.24510e+05   -9.34937e+05   -9.29572e+05    2.98483e+02    6.18961e+01
   Constr. rmsd
    0.00000e+00

           Step           Time
        1545000     3090.00000

   Energies (kJ/mol)
           Bond          Angle    Proper Dih. Per. Imp. Dih.          LJ-14
    7.32929e+03    1.94227e+04    2.93285e+04    1.08411e+03    9.03813e+03
     Coulomb-14        LJ (SR)   Coulomb (SR)   Coul. recip.      Potential
    1.00070e+05    1.47310e+05   -1.48047e+06    8.71371e+03   -1.15817e+06
    Kinetic En.   Total Energy  Conserved En.    Temperature Pressure (bar)
    2.24607e+05   -9.33566e+05   -9.29547e+05    2.98613e+02   -1.42718e+02
   Constr. rmsd
    0.00000e+00

           Step           Time
        1550000     3100.00000

   Energies (kJ/mol)
           Bond          Angle    Proper Dih. Per. Imp. Dih.          LJ-14
    7.13109e+03    2.01804e+04    2.94696e+04    1.12013e+03    9.11544e+03
     Coulomb-14        LJ (SR)   Coulomb (SR)   Coul. recip.      Potential
    1.00054e+05    1.47725e+05   -1.48186e+06    8.72129e+03   -1.15834e+06
    Kinetic En.   Total Energy  Conserved En.    Temperature Pressure (bar)
    2.25137e+05   -9.33204e+05   -9.29472e+05    2.99318e+02    2.82834e+01
   Constr. rmsd
    0.00000e+00

           Step           Time
        1555000     3110.00000

   Energies (kJ/mol)
           Bond          Angle    Proper Dih. Per. Imp. Dih.          LJ-14
    7.16348e+03    1.97863e+04    2.91943e+04    1.13822e+03    9.12851e+03
     Coulomb-14        LJ (SR)   Coulomb (SR)   Coul. recip.      Potential
    1.00173e+05    1.46061e+05   -1.47970e+06    8.63264e+03   -1.15842e+06
    Kinetic En.   Total Energy  Conserved En.    Temperature Pressure (bar)
    2.25985e+05   -9.32440e+05   -9.29448e+05    3.00444e+02    6.11823e+01
   Constr. rmsd
    0.00000e+00

           Step           Time
        1560000     3120.00000

   Energies (kJ/mol)
           Bond          Angle    Proper Dih. Per. Imp. Dih.          LJ-14
    7.21341e+03    1.97295e+04    2.93654e+04    1.12459e+03    9.01298e+03
     Coulomb-14        LJ (SR)   Coulomb (SR)   Coul. recip.      Potential
    1.00265e+05    1.46528e+05   -1.48166e+06    8.61387e+03   -1.15981e+06
    Kinetic En.   Total Energy  Conserved En.    Temperature Pressure (bar)
    2.25662e+05   -9.34144e+05   -9.29441e+05    3.00015e+02   -4.33635e+01
   Constr. rmsd
    0.00000e+00

           Step           Time
        1565000     3130.00000

   Energies (kJ/mol)
           Bond          Angle    Proper Dih. Per. Imp. Dih.          LJ-14
    6.95982e+03    2.01646e+04    2.96297e+04    1.14036e+03    9.08913e+03
     Coulomb-14        LJ (SR)   Coulomb (SR)   Coul. recip.      Potential
    9.98301e+04    1.46250e+05   -1.47943e+06    8.77733e+03   -1.15759e+06
    Kinetic En.   Total Energy  Conserved En.    Temperature Pressure (bar)
    2.25460e+05   -9.32132e+05   -9.29410e+05    2.99747e+02    1.55675e+01
   Constr. rmsd
    0.00000e+00

           Step           Time
        1570000     3140.00000

   Energies (kJ/mol)
           Bond          Angle    Proper Dih. Per. Imp. Dih.          LJ-14
    7.10468e+03    1.98179e+04    2.94551e+04    1.08782e+03    9.00346e+03
     Coulomb-14        LJ (SR)   Coulomb (SR)   Coul. recip.      Potential
    1.00276e+05    1.45980e+05   -1.47894e+06    8.60120e+03   -1.15762e+06
    Kinetic En.   Total Energy  Conserved En.    Temperature Pressure (bar)
    2.25076e+05   -9.32542e+05   -9.29395e+05    2.99237e+02   -1.36545e+02
   Constr. rmsd
    0.00000e+00

           Step           Time
        1575000     3150.00000

   Energies (kJ/mol)
           Bond          Angle    Proper Dih. Per. Imp. Dih.          LJ-14
    7.29729e+03    2.00085e+04    2.95655e+04    1.09810e+03    8.87041e+03
     Coulomb-14        LJ (SR)   Coulomb (SR)   Coul. recip.      Potential
    1.00271e+05    1.48112e+05   -1.48082e+06    8.79929e+03   -1.15680e+06
    Kinetic En.   Total Energy  Conserved En.    Temperature Pressure (bar)
    2.25033e+05   -9.31763e+05   -9.29331e+05    2.99179e+02   -8.75738e+01
   Constr. rmsd
    0.00000e+00

           Step           Time
        1580000     3160.00000

   Energies (kJ/mol)
           Bond          Angle    Proper Dih. Per. Imp. Dih.          LJ-14
    7.04136e+03    1.97187e+04    2.95392e+04    1.12827e+03    9.16485e+03
     Coulomb-14        LJ (SR)   Coulomb (SR)   Coul. recip.      Potential
    1.00372e+05    1.46864e+05   -1.48047e+06    8.87739e+03   -1.15776e+06
    Kinetic En.   Total Energy  Conserved En.    Temperature Pressure (bar)
    2.24874e+05   -9.32886e+05   -9.29324e+05    2.98968e+02   -1.87510e+01
   Constr. rmsd
    0.00000e+00

           Step           Time
        1585000     3170.00000

   Energies (kJ/mol)
           Bond          Angle    Proper Dih. Per. Imp. Dih.          LJ-14
    7.31496e+03    1.94353e+04    2.94245e+04    1.08454e+03    9.07283e+03
     Coulomb-14        LJ (SR)   Coulomb (SR)   Coul. recip.      Potential
    1.00206e+05    1.48442e+05   -1.48380e+06    8.69402e+03   -1.16013e+06
    Kinetic En.   Total Energy  Conserved En.    Temperature Pressure (bar)
    2.25983e+05   -9.34142e+05   -9.29345e+05    3.00443e+02    1.07365e+02
   Constr. rmsd
    0.00000e+00

           Step           Time
        1590000     3180.00000

   Energies (kJ/mol)
           Bond          Angle    Proper Dih. Per. Imp. Dih.          LJ-14
    7.06451e+03    1.95019e+04    2.94519e+04    1.12796e+03    9.19973e+03
     Coulomb-14        LJ (SR)   Coulomb (SR)   Coul. recip.      Potential
    1.00300e+05    1.48403e+05   -1.48195e+06    8.75107e+03   -1.15815e+06
    Kinetic En.   Total Energy  Conserved En.    Temperature Pressure (bar)
    2.25558e+05   -9.32595e+05   -9.29342e+05    2.99877e+02    2.42957e+02
   Constr. rmsd
    0.00000e+00

           Step           Time
        1595000     3190.00000

   Energies (kJ/mol)
           Bond          Angle    Proper Dih. Per. Imp. Dih.          LJ-14
    6.95650e+03    2.01388e+04    2.94655e+04    1.13053e+03    9.08465e+03
     Coulomb-14        LJ (SR)   Coulomb (SR)   Coul. recip.      Potential
    9.99748e+04    1.48610e+05   -1.48208e+06    8.69823e+03   -1.15802e+06
    Kinetic En.   Total Energy  Conserved En.    Temperature Pressure (bar)
    2.25237e+05   -9.32779e+05   -9.29266e+05    2.99451e+02    9.21295e+01
   Constr. rmsd
    0.00000e+00

           Step           Time
        1600000     3200.00000

   Energies (kJ/mol)
           Bond          Angle    Proper Dih. Per. Imp. Dih.          LJ-14
    7.01720e+03    1.99634e+04    2.94019e+04    1.13108e+03    9.04250e+03
     Coulomb-14        LJ (SR)   Coulomb (SR)   Coul. recip.      Potential
    1.00377e+05    1.48664e+05   -1.48369e+06    8.68686e+03   -1.15941e+06
    Kinetic En.   Total Energy  Conserved En.    Temperature Pressure (bar)
    2.28423e+05   -9.30985e+05   -9.29289e+05    3.03686e+02    1.25937e+02
   Constr. rmsd
    0.00000e+00

           Step           Time
        1605000     3210.00000

   Energies (kJ/mol)
           Bond          Angle    Proper Dih. Per. Imp. Dih.          LJ-14
    7.15638e+03    1.97563e+04    2.93045e+04    1.02299e+03    9.05912e+03
     Coulomb-14        LJ (SR)   Coulomb (SR)   Coul. recip.      Potential
    1.00224e+05    1.48373e+05   -1.48391e+06    8.83317e+03   -1.16018e+06
    Kinetic En.   Total Energy  Conserved En.    Temperature Pressure (bar)
    2.24003e+05   -9.36178e+05   -9.29249e+05    2.97809e+02    5.02136e+01
   Constr. rmsd
    0.00000e+00

           Step           Time
        1610000     3220.00000

   Energies (kJ/mol)
           Bond          Angle    Proper Dih. Per. Imp. Dih.          LJ-14
    7.19066e+03    1.96186e+04    2.94197e+04    1.10331e+03    9.02634e+03
     Coulomb-14        LJ (SR)   Coulomb (SR)   Coul. recip.      Potential
    9.99940e+04    1.46756e+05   -1.48076e+06    8.81143e+03   -1.15884e+06
    Kinetic En.   Total Energy  Conserved En.    Temperature Pressure (bar)
    2.25308e+05   -9.33532e+05   -9.29278e+05    2.99544e+02   -6.59798e+01
   Constr. rmsd
    0.00000e+00

           Step           Time
        1615000     3230.00000

   Energies (kJ/mol)
           Bond          Angle    Proper Dih. Per. Imp. Dih.          LJ-14
    6.95259e+03    1.95912e+04    2.94539e+04    1.10546e+03    9.11842e+03
     Coulomb-14        LJ (SR)   Coulomb (SR)   Coul. recip.      Potential
    1.00673e+05    1.47321e+05   -1.48054e+06    8.81059e+03   -1.15751e+06
    Kinetic En.   Total Energy  Conserved En.    Temperature Pressure (bar)
    2.25951e+05   -9.31562e+05   -9.29242e+05    3.00400e+02    4.00816e+01
   Constr. rmsd
    0.00000e+00

           Step           Time
        1620000     3240.00000

   Energies (kJ/mol)
           Bond          Angle    Proper Dih. Per. Imp. Dih.          LJ-14
    7.32225e+03    1.97054e+04    2.93634e+04    1.12331e+03    8.98502e+03
     Coulomb-14        LJ (SR)   Coulomb (SR)   Coul. recip.      Potential
    1.00164e+05    1.46908e+05   -1.47963e+06    8.91407e+03   -1.15714e+06
    Kinetic En.   Total Energy  Conserved En.    Temperature Pressure (bar)
    2.24774e+05   -9.32368e+05   -9.29207e+05    2.98835e+02   -1.24019e+02
   Constr. rmsd
    0.00000e+00

           Step           Time
        1625000     3250.00000

   Energies (kJ/mol)
           Bond          Angle    Proper Dih. Per. Imp. Dih.          LJ-14
    6.98230e+03    1.96968e+04    2.93656e+04    1.09281e+03    9.05070e+03
     Coulomb-14        LJ (SR)   Coulomb (SR)   Coul. recip.      Potential
    1.00054e+05    1.49158e+05   -1.48280e+06    8.70612e+03   -1.15869e+06
    Kinetic En.   Total Energy  Conserved En.    Temperature Pressure (bar)
    2.25454e+05   -9.33240e+05   -9.29214e+05    2.99739e+02    1.10075e+02
   Constr. rmsd
    0.00000e+00

           Step           Time
        1630000     3260.00000

   Energies (kJ/mol)
           Bond          Angle    Proper Dih. Per. Imp. Dih.          LJ-14
    7.09542e+03    1.99866e+04    2.94492e+04    1.13511e+03    9.07285e+03
     Coulomb-14        LJ (SR)   Coulomb (SR)   Coul. recip.      Potential
    1.00109e+05    1.46640e+05   -1.48134e+06    8.53957e+03   -1.15931e+06
    Kinetic En.   Total Energy  Conserved En.    Temperature Pressure (bar)
    2.24806e+05   -9.34504e+05   -9.29187e+05    2.98877e+02   -9.41114e+01
   Constr. rmsd
    0.00000e+00

           Step           Time
        1635000     3270.00000

   Energies (kJ/mol)
           Bond          Angle    Proper Dih. Per. Imp. Dih.          LJ-14
    7.20595e+03    1.98836e+04    2.95781e+04    1.10722e+03    9.07876e+03
     Coulomb-14        LJ (SR)   Coulomb (SR)   Coul. recip.      Potential
    1.00100e+05    1.47637e+05   -1.47951e+06    8.87364e+03   -1.15605e+06
    Kinetic En.   Total Energy  Conserved En.    Temperature Pressure (bar)
    2.24667e+05   -9.31379e+05   -9.29124e+05    2.98692e+02   -7.84440e+01
   Constr. rmsd
    0.00000e+00

           Step           Time
        1640000     3280.00000

   Energies (kJ/mol)
           Bond          Angle    Proper Dih. Per. Imp. Dih.          LJ-14
    6.99373e+03    1.97090e+04    2.93997e+04    1.17022e+03    9.11045e+03
     Coulomb-14        LJ (SR)   Coulomb (SR)   Coul. recip.      Potential
    1.00194e+05    1.49103e+05   -1.48337e+06    8.72948e+03   -1.15896e+06
    Kinetic En.   Total Energy  Conserved En.    Temperature Pressure (bar)
    2.26573e+05   -9.32384e+05   -9.29137e+05    3.01226e+02    2.03344e+02
   Constr. rmsd
    0.00000e+00

           Step           Time
        1645000     3290.00000

   Energies (kJ/mol)
           Bond          Angle    Proper Dih. Per. Imp. Dih.          LJ-14
    7.20454e+03    1.94243e+04    2.93622e+04    1.10690e+03    9.16014e+03
     Coulomb-14        LJ (SR)   Coulomb (SR)   Coul. recip.      Potential
    1.00199e+05    1.47749e+05   -1.48431e+06    8.64422e+03   -1.16146e+06
    Kinetic En.   Total Energy  Conserved En.    Temperature Pressure (bar)
    2.24920e+05   -9.36536e+05   -9.29109e+05    2.99029e+02    8.76703e+01
   Constr. rmsd
    0.00000e+00

           Step           Time
        1650000     3300.00000

   Energies (kJ/mol)
           Bond          Angle    Proper Dih. Per. Imp. Dih.          LJ-14
    7.22040e+03    1.96751e+04    2.95394e+04    1.07485e+03    9.10696e+03
     Coulomb-14        LJ (SR)   Coulomb (SR)   Coul. recip.      Potential
    9.99824e+04    1.47902e+05   -1.48218e+06    8.69153e+03   -1.15899e+06
    Kinetic En.   Total Energy  Conserved En.    Temperature Pressure (bar)
    2.26726e+05   -9.32263e+05   -9.29166e+05    3.01430e+02    4.22177e+00
   Constr. rmsd
    0.00000e+00

           Step           Time
        1655000     3310.00000

   Energies (kJ/mol)
           Bond          Angle    Proper Dih. Per. Imp. Dih.          LJ-14
    7.24133e+03    2.00765e+04    2.94813e+04    1.15307e+03    9.05024e+03
     Coulomb-14        LJ (SR)   Coulomb (SR)   Coul. recip.      Potential
    1.00123e+05    1.45685e+05   -1.47872e+06    8.73854e+03   -1.15717e+06
    Kinetic En.   Total Energy  Conserved En.    Temperature Pressure (bar)
    2.24117e+05   -9.33053e+05   -9.29055e+05    2.97961e+02   -1.61587e+02
   Constr. rmsd
    0.00000e+00

           Step           Time
        1660000     3320.00000

   Energies (kJ/mol)
           Bond          Angle    Proper Dih. Per. Imp. Dih.          LJ-14
    7.40125e+03    1.96341e+04    2.96555e+04    1.22946e+03    9.18517e+03
     Coulomb-14        LJ (SR)   Coulomb (SR)   Coul. recip.      Potential
    9.99683e+04    1.46987e+05   -1.48298e+06    8.75298e+03   -1.16016e+06
    Kinetic En.   Total Energy  Conserved En.    Temperature Pressure (bar)
    2.25409e+05   -9.34754e+05   -9.29037e+05    2.99679e+02   -1.06715e+02
   Constr. rmsd
    0.00000e+00

           Step           Time
        1665000     3330.00000

   Energies (kJ/mol)
           Bond          Angle    Proper Dih. Per. Imp. Dih.          LJ-14
    7.07018e+03    1.96708e+04    2.92528e+04    1.12628e+03    9.17131e+03
     Coulomb-14        LJ (SR)   Coulomb (SR)   Coul. recip.      Potential
    1.00265e+05    1.47718e+05   -1.48275e+06    8.65181e+03   -1.15982e+06
    Kinetic En.   Total Energy  Conserved En.    Temperature Pressure (bar)
    2.25081e+05   -9.34743e+05   -9.29057e+05    2.99243e+02    1.20648e+02
   Constr. rmsd
    0.00000e+00

           Step           Time
        1670000     3340.00000

   Energies (kJ/mol)
           Bond          Angle    Proper Dih. Per. Imp. Dih.          LJ-14
    7.12799e+03    1.95101e+04    2.92925e+04    1.11363e+03    8.99134e+03
     Coulomb-14        LJ (SR)   Coulomb (SR)   Coul. recip.      Potential
    1.00091e+05    1.47246e+05   -1.48110e+06    8.74628e+03   -1.15899e+06
    Kinetic En.   Total Energy  Conserved En.    Temperature Pressure (bar)
    2.25056e+05   -9.33930e+05   -9.29062e+05    2.99210e+02   -1.27531e+02
   Constr. rmsd
    0.00000e+00

           Step           Time
        1675000     3350.00000

   Energies (kJ/mol)
           Bond          Angle    Proper Dih. Per. Imp. Dih.          LJ-14
    7.11207e+03    2.00901e+04    2.92509e+04    1.06254e+03    9.02877e+03
     Coulomb-14        LJ (SR)   Coulomb (SR)   Coul. recip.      Potential
    1.00109e+05    1.47229e+05   -1.48030e+06    8.86126e+03   -1.15756e+06
    Kinetic En.   Total Energy  Conserved En.    Temperature Pressure (bar)
    2.25728e+05   -9.31831e+05   -9.29021e+05    3.00103e+02   -1.81752e+01
   Constr. rmsd
    0.00000e+00

           Step           Time
        1680000     3360.00000

   Energies (kJ/mol)
           Bond          Angle    Proper Dih. Per. Imp. Dih.          LJ-14
    7.20062e+03    1.97845e+04    2.92514e+04    1.14183e+03    9.00067e+03
     Coulomb-14        LJ (SR)   Coulomb (SR)   Coul. recip.      Potential
    1.00093e+05    1.46857e+05   -1.48111e+06    8.78552e+03   -1.15900e+06
    Kinetic En.   Total Energy  Conserved En.    Temperature Pressure (bar)
    2.25116e+05   -9.33880e+05   -9.29045e+05    2.99290e+02   -1.09518e+02
   Constr. rmsd
    0.00000e+00

           Step           Time
        1685000     3370.00000

   Energies (kJ/mol)
           Bond          Angle    Proper Dih. Per. Imp. Dih.          LJ-14
    7.12522e+03    1.98404e+04    2.94886e+04    1.19534e+03    9.04422e+03
     Coulomb-14        LJ (SR)   Coulomb (SR)   Coul. recip.      Potential
    1.00253e+05    1.46889e+05   -1.48250e+06    8.71891e+03   -1.15995e+06
    Kinetic En.   Total Energy  Conserved En.    Temperature Pressure (bar)
    2.25577e+05   -9.34369e+05   -9.29003e+05    2.99903e+02   -7.88463e+01
   Constr. rmsd
    0.00000e+00

           Step           Time
        1690000     3380.00000

   Energies (kJ/mol)
           Bond          Angle    Proper Dih. Per. Imp. Dih.          LJ-14
    7.38148e+03    1.94095e+04    2.95066e+04    1.13582e+03    9.05071e+03
     Coulomb-14        LJ (SR)   Coulomb (SR)   Coul. recip.      Potential
    1.00257e+05    1.46945e+05   -1.48266e+06    8.65695e+03   -1.16031e+06
    Kinetic En.   Total Energy  Conserved En.    Temperature Pressure (bar)
    2.26209e+05   -9.34103e+05   -9.29011e+05    3.00742e+02   -1.33497e+02
   Constr. rmsd
    0.00000e+00

           Step           Time
        1695000     3390.00000

   Energies (kJ/mol)
           Bond          Angle    Proper Dih. Per. Imp. Dih.          LJ-14
    7.10821e+03    1.98968e+04    2.94594e+04    1.09024e+03    9.05626e+03
     Coulomb-14        LJ (SR)   Coulomb (SR)   Coul. recip.      Potential
    9.98133e+04    1.47400e+05   -1.48061e+06    8.76406e+03   -1.15802e+06
    Kinetic En.   Total Energy  Conserved En.    Temperature Pressure (bar)
    2.25021e+05   -9.32997e+05   -9.28989e+05    2.99163e+02   -4.21542e+01
   Constr. rmsd
    0.00000e+00

           Step           Time
        1700000     3400.00000

   Energies (kJ/mol)
           Bond          Angle    Proper Dih. Per. Imp. Dih.          LJ-14
    7.25660e+03    1.95847e+04    2.96014e+04    1.10856e+03    8.99204e+03
     Coulomb-14        LJ (SR)   Coulomb (SR)   Coul. recip.      Potential
    1.00115e+05    1.47606e+05   -1.48137e+06    8.68998e+03   -1.15842e+06
    Kinetic En.   Total Energy  Conserved En.    Temperature Pressure (bar)
    2.25709e+05   -9.32707e+05   -9.28978e+05    3.00078e+02   -1.14529e+02
   Constr. rmsd
    0.00000e+00

           Step           Time
        1705000     3410.00000

   Energies (kJ/mol)
           Bond          Angle    Proper Dih. Per. Imp. Dih.          LJ-14
    6.87962e+03    1.99298e+04    2.95587e+04    1.15964e+03    9.08021e+03
     Coulomb-14        LJ (SR)   Coulomb (SR)   Coul. recip.      Potential
    1.00024e+05    1.49067e+05   -1.48322e+06    8.78495e+03   -1.15874e+06
    Kinetic En.   Total Energy  Conserved En.    Temperature Pressure (bar)
    2.26529e+05   -9.32207e+05   -9.28944e+05    3.01168e+02    7.69472e+01
   Constr. rmsd
    0.00000e+00

           Step           Time
        1710000     3420.00000

   Energies (kJ/mol)
           Bond          Angle    Proper Dih. Per. Imp. Dih.          LJ-14
    7.18957e+03    1.97041e+04    2.95405e+04    1.14817e+03    9.13479e+03
     Coulomb-14        LJ (SR)   Coulomb (SR)   Coul. recip.      Potential
    1.00372e+05    1.47552e+05   -1.48272e+06    8.69369e+03   -1.15938e+06
    Kinetic En.   Total Energy  Conserved En.    Temperature Pressure (bar)
    2.26898e+05   -9.32483e+05   -9.28910e+05    3.01659e+02   -3.80909e+01
   Constr. rmsd
    0.00000e+00

           Step           Time
        1715000     3430.00000

   Energies (kJ/mol)
           Bond          Angle    Proper Dih. Per. Imp. Dih.          LJ-14
    7.16032e+03    1.98358e+04    2.95772e+04    1.11986e+03    8.96637e+03
     Coulomb-14        LJ (SR)   Coulomb (SR)   Coul. recip.      Potential
    9.99112e+04    1.46296e+05   -1.47829e+06    8.79733e+03   -1.15663e+06
    Kinetic En.   Total Energy  Conserved En.    Temperature Pressure (bar)
    2.25065e+05   -9.31561e+05   -9.28882e+05    2.99222e+02   -6.77145e+01
   Constr. rmsd
    0.00000e+00

           Step           Time
        1720000     3440.00000

   Energies (kJ/mol)
           Bond          Angle    Proper Dih. Per. Imp. Dih.          LJ-14
    7.31099e+03    1.96090e+04    2.94848e+04    1.06470e+03    8.87543e+03
     Coulomb-14        LJ (SR)   Coulomb (SR)   Coul. recip.      Potential
    1.00277e+05    1.46865e+05   -1.48192e+06    8.75838e+03   -1.15967e+06
    Kinetic En.   Total Energy  Conserved En.    Temperature Pressure (bar)
    2.25527e+05   -9.34144e+05   -9.28870e+05    2.99836e+02   -2.19714e+02
   Constr. rmsd
    0.00000e+00

           Step           Time
        1725000     3450.00000

   Energies (kJ/mol)
           Bond          Angle    Proper Dih. Per. Imp. Dih.          LJ-14
    7.01225e+03    1.98172e+04    2.95881e+04    1.16521e+03    9.06366e+03
     Coulomb-14        LJ (SR)   Coulomb (SR)   Coul. recip.      Potential
    1.00364e+05    1.47950e+05   -1.48109e+06    8.68529e+03   -1.15744e+06
    Kinetic En.   Total Energy  Conserved En.    Temperature Pressure (bar)
    2.25773e+05   -9.31671e+05   -9.28816e+05    3.00163e+02   -2.02259e+01
   Constr. rmsd
    0.00000e+00

           Step           Time
        1730000     3460.00000

   Energies (kJ/mol)
           Bond          Angle    Proper Dih. Per. Imp. Dih.          LJ-14
    7.39013e+03    1.95800e+04    2.96426e+04    1.09444e+03    9.11870e+03
     Coulomb-14        LJ (SR)   Coulomb (SR)   Coul. recip.      Potential
    1.00521e+05    1.48640e+05   -1.48396e+06    8.69058e+03   -1.15929e+06
    Kinetic En.   Total Energy  Conserved En.    Temperature Pressure (bar)
    2.25374e+05   -9.33912e+05   -9.28776e+05    2.99632e+02    6.58343e+01
   Constr. rmsd
    0.00000e+00

           Step           Time
        1735000     3470.00000

   Energies (kJ/mol)
           Bond          Angle    Proper Dih. Per. Imp. Dih.          LJ-14
    7.13204e+03    1.95349e+04    2.94924e+04    1.12463e+03    9.07933e+03
     Coulomb-14        LJ (SR)   Coulomb (SR)   Coul. recip.      Potential
    1.00632e+05    1.48686e+05   -1.48347e+06    8.66408e+03   -1.15912e+06
    Kinetic En.   Total Energy  Conserved En.    Temperature Pressure (bar)
    2.25908e+05   -9.33212e+05   -9.28779e+05    3.00343e+02   -2.16767e+01
   Constr. rmsd
    0.00000e+00

           Step           Time
        1740000     3480.00000

   Energies (kJ/mol)
           Bond          Angle    Proper Dih. Per. Imp. Dih.          LJ-14
    7.04290e+03    1.98239e+04    2.94652e+04    1.15604e+03    9.16432e+03
     Coulomb-14        LJ (SR)   Coulomb (SR)   Coul. recip.      Potential
    1.00318e+05    1.47601e+05   -1.48213e+06    8.82600e+03   -1.15873e+06
    Kinetic En.   Total Energy  Conserved En.    Temperature Pressure (bar)
    2.26309e+05   -9.32423e+05   -9.28793e+05    3.00876e+02    7.58739e+01
   Constr. rmsd
    0.00000e+00

           Step           Time
        1745000     3490.00000

   Energies (kJ/mol)
           Bond          Angle    Proper Dih. Per. Imp. Dih.          LJ-14
    7.13616e+03    1.98092e+04    2.94215e+04    1.14007e+03    9.20197e+03
     Coulomb-14        LJ (SR)   Coulomb (SR)   Coul. recip.      Potential
    1.00511e+05    1.49192e+05   -1.48423e+06    8.73940e+03   -1.15908e+06
    Kinetic En.   Total Energy  Conserved En.    Temperature Pressure (bar)
    2.26357e+05   -9.32724e+05   -9.28789e+05    3.00940e+02    2.52265e+02
   Constr. rmsd
    0.00000e+00

           Step           Time
        1750000     3500.00000

   Energies (kJ/mol)
           Bond          Angle    Proper Dih. Per. Imp. Dih.          LJ-14
    7.08865e+03    1.94303e+04    2.95959e+04    1.15472e+03    9.10664e+03
     Coulomb-14        LJ (SR)   Coulomb (SR)   Coul. recip.      Potential
    1.00354e+05    1.47264e+05   -1.48258e+06    8.63257e+03   -1.15995e+06
    Kinetic En.   Total Energy  Conserved En.    Temperature Pressure (bar)
    2.25659e+05   -9.34295e+05   -9.28750e+05    3.00011e+02    3.26107e+01
   Constr. rmsd
    0.00000e+00

           Step           Time
        1755000     3510.00000

   Energies (kJ/mol)
           Bond          Angle    Proper Dih. Per. Imp. Dih.          LJ-14
    7.09313e+03    1.95305e+04    2.95173e+04    1.15119e+03    9.09322e+03
     Coulomb-14        LJ (SR)   Coulomb (SR)   Coul. recip.      Potential
    1.00382e+05    1.45578e+05   -1.47774e+06    8.79297e+03   -1.15660e+06
    Kinetic En.   Total Energy  Conserved En.    Temperature Pressure (bar)
    2.26713e+05   -9.29890e+05   -9.28756e+05    3.01413e+02   -4.61794e+01
   Constr. rmsd
    0.00000e+00

           Step           Time
        1760000     3520.00000

   Energies (kJ/mol)
           Bond          Angle    Proper Dih. Per. Imp. Dih.          LJ-14
    7.26074e+03    1.97881e+04    2.94202e+04    1.10983e+03    9.08232e+03
     Coulomb-14        LJ (SR)   Coulomb (SR)   Coul. recip.      Potential
    1.00209e+05    1.48330e+05   -1.48328e+06    8.60986e+03   -1.15947e+06
    Kinetic En.   Total Energy  Conserved En.    Temperature Pressure (bar)
    2.27230e+05   -9.32237e+05   -9.28704e+05    3.02100e+02    3.78565e-01
   Constr. rmsd
    0.00000e+00

           Step           Time
        1765000     3530.00000

   Energies (kJ/mol)
           Bond          Angle    Proper Dih. Per. Imp. Dih.          LJ-14
    7.34781e+03    1.98045e+04    2.94216e+04    1.06234e+03    9.06852e+03
     Coulomb-14        LJ (SR)   Coulomb (SR)   Coul. recip.      Potential
    1.00352e+05    1.46704e+05   -1.48020e+06    8.68790e+03   -1.15775e+06
    Kinetic En.   Total Energy  Conserved En.    Temperature Pressure (bar)
    2.26350e+05   -9.31401e+05   -9.28695e+05    3.00930e+02   -3.22659e+01
   Constr. rmsd
    0.00000e+00

           Step           Time
        1770000     3540.00000

   Energies (kJ/mol)
           Bond          Angle    Proper Dih. Per. Imp. Dih.          LJ-14
    7.52883e+03    1.94318e+04    2.93042e+04    1.16133e+03    8.98526e+03
     Coulomb-14        LJ (SR)   Coulomb (SR)   Coul. recip.      Potential
    9.99575e+04    1.46570e+05   -1.48177e+06    8.70971e+03   -1.16012e+06
    Kinetic En.   Total Energy  Conserved En.    Temperature Pressure (bar)
    2.24644e+05   -9.35477e+05   -9.28667e+05    2.98662e+02   -9.09328e+01
   Constr. rmsd
    0.00000e+00

           Step           Time
        1775000     3550.00000

   Energies (kJ/mol)
           Bond          Angle    Proper Dih. Per. Imp. Dih.          LJ-14
    6.96025e+03    1.99685e+04    2.94660e+04    1.13671e+03    9.08065e+03
     Coulomb-14        LJ (SR)   Coulomb (SR)   Coul. recip.      Potential
    1.00192e+05    1.47291e+05   -1.48019e+06    8.67521e+03   -1.15742e+06
    Kinetic En.   Total Energy  Conserved En.    Temperature Pressure (bar)
    2.26786e+05   -9.30635e+05   -9.28669e+05    3.01510e+02    3.09586e+01
   Constr. rmsd
    0.00000e+00

           Step           Time
        1780000     3560.00000

   Energies (kJ/mol)
           Bond          Angle    Proper Dih. Per. Imp. Dih.          LJ-14
    7.07892e+03    1.99433e+04    2.92970e+04    1.03255e+03    9.18032e+03
     Coulomb-14        LJ (SR)   Coulomb (SR)   Coul. recip.      Potential
    1.00366e+05    1.48368e+05   -1.48252e+06    8.83680e+03   -1.15842e+06
    Kinetic En.   Total Energy  Conserved En.    Temperature Pressure (bar)
    2.25972e+05   -9.32444e+05   -9.28648e+05    3.00428e+02    5.25286e+01
   Constr. rmsd
    0.00000e+00

           Step           Time
        1785000     3570.00000

   Energies (kJ/mol)
           Bond          Angle    Proper Dih. Per. Imp. Dih.          LJ-14
    6.81096e+03    1.96848e+04    2.96020e+04    1.08656e+03    9.06743e+03
     Coulomb-14        LJ (SR)   Coulomb (SR)   Coul. recip.      Potential
    1.00162e+05    1.48539e+05   -1.48280e+06    8.79751e+03   -1.15905e+06
    Kinetic En.   Total Energy  Conserved En.    Temperature Pressure (bar)
    2.25517e+05   -9.33534e+05   -9.28651e+05    2.99823e+02    7.79678e+01
   Constr. rmsd
    0.00000e+00

           Step           Time
        1790000     3580.00000

   Energies (kJ/mol)
           Bond          Angle    Proper Dih. Per. Imp. Dih.          LJ-14
    7.26331e+03    1.99469e+04    2.94638e+04    1.07060e+03    9.00604e+03
     Coulomb-14        LJ (SR)   Coulomb (SR)   Coul. recip.      Potential
    9.99045e+04    1.46237e+05   -1.47916e+06    8.64717e+03   -1.15762e+06
    Kinetic En.   Total Energy  Conserved En.    Temperature Pressure (bar)
    2.25460e+05   -9.32164e+05   -9.28607e+05    2.99747e+02   -5.85011e+01
   Constr. rmsd
    0.00000e+00

           Step           Time
        1795000     3590.00000

   Energies (kJ/mol)
           Bond          Angle    Proper Dih. Per. Imp. Dih.          LJ-14
    7.22614e+03    1.96055e+04    2.94748e+04    1.08097e+03    9.08791e+03
     Coulomb-14        LJ (SR)   Coulomb (SR)   Coul. recip.      Potential
    1.00116e+05    1.46429e+05   -1.48178e+06    8.66811e+03   -1.16010e+06
    Kinetic En.   Total Energy  Conserved En.    Temperature Pressure (bar)
    2.25121e+05   -9.34974e+05   -9.28580e+05    2.99296e+02   -1.61680e+02
   Constr. rmsd
    0.00000e+00

           Step           Time
        1800000     3600.00000

   Energies (kJ/mol)
           Bond          Angle    Proper Dih. Per. Imp. Dih.          LJ-14
    7.19919e+03    1.96714e+04    2.93442e+04    1.09676e+03    9.22039e+03
     Coulomb-14        LJ (SR)   Coulomb (SR)   Coul. recip.      Potential
    1.00424e+05    1.46231e+05   -1.48073e+06    8.79970e+03   -1.15874e+06
    Kinetic En.   Total Energy  Conserved En.    Temperature Pressure (bar)
    2.25506e+05   -9.33235e+05   -9.28505e+05    2.99809e+02   -2.34832e+01
   Constr. rmsd
    0.00000e+00

           Step           Time
        1805000     3610.00000

   Energies (kJ/mol)
           Bond          Angle    Proper Dih. Per. Imp. Dih.          LJ-14
    6.92673e+03    1.99142e+04    2.94639e+04    1.07913e+03    9.08660e+03
     Coulomb-14        LJ (SR)   Coulomb (SR)   Coul. recip.      Potential
    1.00501e+05    1.46124e+05   -1.48176e+06    8.62304e+03   -1.16004e+06
    Kinetic En.   Total Energy  Conserved En.    Temperature Pressure (bar)
    2.24992e+05   -9.35048e+05   -9.28529e+05    2.99124e+02    2.36242e+01
   Constr. rmsd
    0.00000e+00

           Step           Time
        1810000     3620.00000

   Energies (kJ/mol)
           Bond          Angle    Proper Dih. Per. Imp. Dih.          LJ-14
    7.17028e+03    1.99088e+04    2.93505e+04    1.13008e+03    9.09220e+03
     Coulomb-14        LJ (SR)   Coulomb (SR)   Coul. recip.      Potential
    1.00097e+05    1.47286e+05   -1.48222e+06    8.58362e+03   -1.15960e+06
    Kinetic En.   Total Energy  Conserved En.    Temperature Pressure (bar)
    2.26296e+05   -9.33308e+05   -9.28504e+05    3.00859e+02    8.54537e+01
   Constr. rmsd
    0.00000e+00

           Step           Time
        1815000     3630.00000

   Energies (kJ/mol)
           Bond          Angle    Proper Dih. Per. Imp. Dih.          LJ-14
    7.32639e+03    1.97276e+04    2.93991e+04    1.17876e+03    8.99347e+03
     Coulomb-14        LJ (SR)   Coulomb (SR)   Coul. recip.      Potential
    1.00104e+05    1.45572e+05   -1.48029e+06    8.83925e+03   -1.15915e+06
    Kinetic En.   Total Energy  Conserved En.    Temperature Pressure (bar)
    2.25665e+05   -9.33481e+05   -9.28460e+05    3.00020e+02   -1.84577e+02
   Constr. rmsd
    0.00000e+00

           Step           Time
        1820000     3640.00000

   Energies (kJ/mol)
           Bond          Angle    Proper Dih. Per. Imp. Dih.          LJ-14
    7.24267e+03    2.00328e+04    2.96024e+04    1.17584e+03    9.08308e+03
     Coulomb-14        LJ (SR)   Coulomb (SR)   Coul. recip.      Potential
    1.00186e+05    1.47428e+05   -1.48170e+06    8.76896e+03   -1.15818e+06
    Kinetic En.   Total Energy  Conserved En.    Temperature Pressure (bar)
    2.26977e+05   -9.31205e+05   -9.28468e+05    3.01764e+02   -1.57179e+01
   Constr. rmsd
    0.00000e+00

           Step           Time
        1825000     3650.00000

   Energies (kJ/mol)
           Bond          Angle    Proper Dih. Per. Imp. Dih.          LJ-14
    7.16939e+03    1.95627e+04    2.93165e+04    1.07268e+03    9.12159e+03
     Coulomb-14        LJ (SR)   Coulomb (SR)   Coul. recip.      Potential
    1.00124e+05    1.48204e+05   -1.48224e+06    8.85995e+03   -1.15881e+06
    Kinetic En.   Total Energy  Conserved En.    Temperature Pressure (bar)
    2.25853e+05   -9.32954e+05   -9.28479e+05    3.00270e+02    4.33211e+00
   Constr. rmsd
    0.00000e+00

           Step           Time
        1830000     3660.00000

   Energies (kJ/mol)
           Bond          Angle    Proper Dih. Per. Imp. Dih.          LJ-14
    7.06463e+03    1.99433e+04    2.95884e+04    1.09649e+03    9.12548e+03
     Coulomb-14        LJ (SR)   Coulomb (SR)   Coul. recip.      Potential
    1.00373e+05    1.47848e+05   -1.48218e+06    8.77948e+03   -1.15836e+06
    Kinetic En.   Total Energy  Conserved En.    Temperature Pressure (bar)
    2.24297e+05   -9.34060e+05   -9.28418e+05    2.98201e+02    5.13814e+01
   Constr. rmsd
    0.00000e+00

           Step           Time
        1835000     3670.00000

   Energies (kJ/mol)
           Bond          Angle    Proper Dih. Per. Imp. Dih.          LJ-14
    7.01327e+03    1.96980e+04    2.94091e+04    1.05171e+03    9.06935e+03
     Coulomb-14        LJ (SR)   Coulomb (SR)   Coul. recip.      Potential
    1.00133e+05    1.48310e+05   -1.48303e+06    8.84122e+03   -1.15950e+06
    Kinetic En.   Total Energy  Conserved En.    Temperature Pressure (bar)
    2.24972e+05   -9.34528e+05   -9.28446e+05    2.99098e+02    5.19482e+01
   Constr. rmsd
    0.00000e+00

           Step           Time
        1840000     3680.00000

   Energies (kJ/mol)
           Bond          Angle    Proper Dih. Per. Imp. Dih.          LJ-14
    6.75866e+03    1.95397e+04    2.95683e+04    1.07576e+03    9.19264e+03
     Coulomb-14        LJ (SR)   Coulomb (SR)   Coul. recip.      Potential
    1.00735e+05    1.46935e+05   -1.48258e+06    8.71819e+03   -1.16006e+06
    Kinetic En.   Total Energy  Conserved En.    Temperature Pressure (bar)
    2.24619e+05   -9.35440e+05   -9.28457e+05    2.98629e+02    8.53863e+01
   Constr. rmsd
    0.00000e+00

           Step           Time
        1845000     3690.00000

   Energies (kJ/mol)
           Bond          Angle    Proper Dih. Per. Imp. Dih.          LJ-14
    7.46926e+03    1.98889e+04    2.92694e+04    1.14240e+03    9.12955e+03
     Coulomb-14        LJ (SR)   Coulomb (SR)   Coul. recip.      Potential
    1.00026e+05    1.46710e+05   -1.48043e+06    8.83703e+03   -1.15796e+06
    Kinetic En.   Total Energy  Conserved En.    Temperature Pressure (bar)
    2.24815e+05   -9.33145e+05   -9.28364e+05    2.98889e+02   -6.40308e+01
   Constr. rmsd
    0.00000e+00

           Step           Time
        1850000     3700.00000

   Energies (kJ/mol)
           Bond          Angle    Proper Dih. Per. Imp. Dih.          LJ-14
    7.16914e+03    1.97609e+04    2.95127e+04    1.10725e+03    9.24367e+03
     Coulomb-14        LJ (SR)   Coulomb (SR)   Coul. recip.      Potential
    1.00454e+05    1.48904e+05   -1.48415e+06    8.60019e+03   -1.15940e+06
    Kinetic En.   Total Energy  Conserved En.    Temperature Pressure (bar)
    2.27161e+05   -9.32235e+05   -9.28419e+05    3.02008e+02    1.10073e+02
   Constr. rmsd
    0.00000e+00

           Step           Time
        1855000     3710.00000

   Energies (kJ/mol)
           Bond          Angle    Proper Dih. Per. Imp. Dih.          LJ-14
    7.05358e+03    1.98767e+04    2.94462e+04    1.14907e+03    9.03575e+03
     Coulomb-14        LJ (SR)   Coulomb (SR)   Coul. recip.      Potential
    1.00231e+05    1.47391e+05   -1.48209e+06    8.64601e+03   -1.15926e+06
    Kinetic En.   Total Energy  Conserved En.    Temperature Pressure (bar)
    2.25329e+05   -9.33935e+05   -9.28391e+05    2.99572e+02   -1.30962e+01
   Constr. rmsd
    0.00000e+00

           Step           Time
        1860000     3720.00000

   Energies (kJ/mol)
           Bond          Angle    Proper Dih. Per. Imp. Dih.          LJ-14
    7.22853e+03    1.98447e+04    2.94363e+04    1.15129e+03    9.06954e+03
     Coulomb-14        LJ (SR)   Coulomb (SR)   Coul. recip.      Potential
    1.00634e+05    1.47306e+05   -1.48278e+06    8.74312e+03   -1.15937e+06
    Kinetic En.   Total Energy  Conserved En.    Temperature Pressure (bar)
    2.24811e+05   -9.34558e+05   -9.28366e+05    2.98884e+02    1.69548e+01
   Constr. rmsd
    0.00000e+00

           Step           Time
        1865000     3730.00000

   Energies (kJ/mol)
           Bond          Angle    Proper Dih. Per. Imp. Dih.          LJ-14
    7.11707e+03    1.97207e+04    2.94235e+04    1.11163e+03    9.22907e+03
     Coulomb-14        LJ (SR)   Coulomb (SR)   Coul. recip.      Potential
    1.00453e+05    1.45100e+05   -1.48115e+06    8.59865e+03   -1.16039e+06
    Kinetic En.   Total Energy  Conserved En.    Temperature Pressure (bar)
    2.25980e+05   -9.34414e+05   -9.28356e+05    3.00438e+02   -2.99509e+01
   Constr. rmsd
    0.00000e+00

           Step           Time
        1870000     3740.00000

   Energies (kJ/mol)
           Bond          Angle    Proper Dih. Per. Imp. Dih.          LJ-14
    7.09629e+03    1.96782e+04    2.94551e+04    1.08657e+03    9.17897e+03
     Coulomb-14        LJ (SR)   Coulomb (SR)   Coul. recip.      Potential
    1.00310e+05    1.47506e+05   -1.48107e+06    8.79445e+03   -1.15796e+06
    Kinetic En.   Total Energy  Conserved En.    Temperature Pressure (bar)
    2.26848e+05   -9.31112e+05   -9.28379e+05    3.01592e+02   -3.05630e+01
   Constr. rmsd
    0.00000e+00

           Step           Time
        1875000     3750.00000

   Energies (kJ/mol)
           Bond          Angle    Proper Dih. Per. Imp. Dih.          LJ-14
    7.11691e+03    1.96461e+04    2.94456e+04    1.02828e+03    9.06712e+03
     Coulomb-14        LJ (SR)   Coulomb (SR)   Coul. recip.      Potential
    1.00494e+05    1.48148e+05   -1.48282e+06    8.68931e+03   -1.15919e+06
    Kinetic En.   Total Energy  Conserved En.    Temperature Pressure (bar)
    2.25252e+05   -9.33937e+05   -9.28349e+05    2.99471e+02    5.39016e+00
   Constr. rmsd
    0.00000e+00

           Step           Time
        1880000     3760.00000

   Energies (kJ/mol)
           Bond          Angle    Proper Dih. Per. Imp. Dih.          LJ-14
    6.96651e+03    2.00323e+04    2.93838e+04    1.16559e+03    9.00011e+03
     Coulomb-14        LJ (SR)   Coulomb (SR)   Coul. recip.      Potential
    1.00160e+05    1.46885e+05   -1.48165e+06    8.70266e+03   -1.15935e+06
    Kinetic En.   Total Energy  Conserved En.    Temperature Pressure (bar)
    2.25261e+05   -9.34089e+05   -9.28324e+05    2.99482e+02   -7.72209e+01
   Constr. rmsd
    0.00000e+00

           Step           Time
        1885000     3770.00000

   Energies (kJ/mol)
           Bond          Angle    Proper Dih. Per. Imp. Dih.          LJ-14
    7.34950e+03    1.94478e+04    2.95165e+04    1.11224e+03    9.08868e+03
     Coulomb-14        LJ (SR)   Coulomb (SR)   Coul. recip.      Potential
    1.00630e+05    1.48719e+05   -1.48439e+06    8.71941e+03   -1.15981e+06
    Kinetic En.   Total Energy  Conserved En.    Temperature Pressure (bar)
    2.25260e+05   -9.34550e+05   -9.28320e+05    2.99482e+02   -4.32943e+01
   Constr. rmsd
    0.00000e+00

           Step           Time
        1890000     3780.00000

   Energies (kJ/mol)
           Bond          Angle    Proper Dih. Per. Imp. Dih.          LJ-14
    7.34222e+03    1.96598e+04    2.94271e+04    1.11698e+03    9.01759e+03
     Coulomb-14        LJ (SR)   Coulomb (SR)   Coul. recip.      Potential
    1.00030e+05    1.49131e+05   -1.48432e+06    8.67104e+03   -1.15993e+06
    Kinetic En.   Total Energy  Conserved En.    Temperature Pressure (bar)
    2.25310e+05   -9.34619e+05   -9.28281e+05    2.99547e+02    2.60206e+01
   Constr. rmsd
    0.00000e+00

           Step           Time
        1895000     3790.00000

   Energies (kJ/mol)
           Bond          Angle    Proper Dih. Per. Imp. Dih.          LJ-14
    7.30661e+03    1.97272e+04    2.94682e+04    1.27101e+03    9.05926e+03
     Coulomb-14        LJ (SR)   Coulomb (SR)   Coul. recip.      Potential
    1.00010e+05    1.45809e+05   -1.47953e+06    8.70804e+03   -1.15817e+06
    Kinetic En.   Total Energy  Conserved En.    Temperature Pressure (bar)
    2.26273e+05   -9.31894e+05   -9.28274e+05    3.00827e+02   -1.84491e+02
   Constr. rmsd
    0.00000e+00

           Step           Time
        1900000     3800.00000

   Energies (kJ/mol)
           Bond          Angle    Proper Dih. Per. Imp. Dih.          LJ-14
    7.37965e+03    1.98057e+04    2.95598e+04    1.09435e+03    9.05433e+03
     Coulomb-14        LJ (SR)   Coulomb (SR)   Coul. recip.      Potential
    1.00267e+05    1.47822e+05   -1.48059e+06    8.78044e+03   -1.15683e+06
    Kinetic En.   Total Energy  Conserved En.    Temperature Pressure (bar)
    2.25148e+05   -9.31679e+05   -9.28307e+05    2.99332e+02   -1.55930e+01
   Constr. rmsd
    0.00000e+00

           Step           Time
        1905000     3810.00000

   Energies (kJ/mol)
           Bond          Angle    Proper Dih. Per. Imp. Dih.          LJ-14
    6.94647e+03    1.95376e+04    2.94014e+04    1.13314e+03    9.13786e+03
     Coulomb-14        LJ (SR)   Coulomb (SR)   Coul. recip.      Potential
    1.00353e+05    1.48297e+05   -1.48350e+06    8.65865e+03   -1.16004e+06
    Kinetic En.   Total Energy  Conserved En.    Temperature Pressure (bar)
    2.26483e+05   -9.33553e+05   -9.28322e+05    3.01107e+02    1.32000e+02
   Constr. rmsd
    0.00000e+00

           Step           Time
        1910000     3820.00000

   Energies (kJ/mol)
           Bond          Angle    Proper Dih. Per. Imp. Dih.          LJ-14
    7.18411e+03    1.97149e+04    2.94663e+04    1.05508e+03    9.16331e+03
     Coulomb-14        LJ (SR)   Coulomb (SR)   Coul. recip.      Potential
    1.00284e+05    1.47775e+05   -1.48310e+06    8.67114e+03   -1.15979e+06
    Kinetic En.   Total Energy  Conserved En.    Temperature Pressure (bar)
    2.26817e+05   -9.32968e+05   -9.28270e+05    3.01551e+02    1.47538e+01
   Constr. rmsd
    0.00000e+00

           Step           Time
        1915000     3830.00000

   Energies (kJ/mol)
           Bond          Angle    Proper Dih. Per. Imp. Dih.          LJ-14
    7.36374e+03    1.97878e+04    2.95851e+04    1.08637e+03    9.08363e+03
     Coulomb-14        LJ (SR)   Coulomb (SR)   Coul. recip.      Potential
    1.00442e+05    1.46804e+05   -1.48128e+06    8.71202e+03   -1.15842e+06
    Kinetic En.   Total Energy  Conserved En.    Temperature Pressure (bar)
    2.25413e+05   -9.33005e+05   -9.28192e+05    2.99685e+02   -5.74063e+00
   Constr. rmsd
    0.00000e+00

           Step           Time
        1920000     3840.00000

   Energies (kJ/mol)
           Bond          Angle    Proper Dih. Per. Imp. Dih.          LJ-14
    7.07498e+03    1.94238e+04    2.96810e+04    1.12110e+03    9.23708e+03
     Coulomb-14        LJ (SR)   Coulomb (SR)   Coul. recip.      Potential
    1.00316e+05    1.47942e+05   -1.48194e+06    8.84104e+03   -1.15830e+06
    Kinetic En.   Total Energy  Conserved En.    Temperature Pressure (bar)
    2.25831e+05   -9.32470e+05   -9.28218e+05    3.00240e+02    3.83610e+01
   Constr. rmsd
    0.00000e+00

           Step           Time
        1925000     3850.00000

   Energies (kJ/mol)
           Bond          Angle    Proper Dih. Per. Imp. Dih.          LJ-14
    7.18488e+03    1.97163e+04    2.95927e+04    1.16500e+03    9.05206e+03
     Coulomb-14        LJ (SR)   Coulomb (SR)   Coul. recip.      Potential
    1.00095e+05    1.48810e+05   -1.48207e+06    8.78857e+03   -1.15766e+06
    Kinetic En.   Total Energy  Conserved En.    Temperature Pressure (bar)
    2.25575e+05   -9.32090e+05   -9.28167e+05    2.99900e+02    2.34067e+02
   Constr. rmsd
    0.00000e+00

           Step           Time
        1930000     3860.00000

   Energies (kJ/mol)
           Bond          Angle    Proper Dih. Per. Imp. Dih.          LJ-14
    7.20526e+03    1.96660e+04    2.93320e+04    1.13401e+03    9.00986e+03
     Coulomb-14        LJ (SR)   Coulomb (SR)   Coul. recip.      Potential
    1.00190e+05    1.46612e+05   -1.48006e+06    8.74171e+03   -1.15817e+06
    Kinetic En.   Total Energy  Conserved En.    Temperature Pressure (bar)
    2.26387e+05   -9.31786e+05   -9.28189e+05    3.00979e+02   -1.28957e+02
   Constr. rmsd
    0.00000e+00

           Step           Time
        1935000     3870.00000

   Energies (kJ/mol)
           Bond          Angle    Proper Dih. Per. Imp. Dih.          LJ-14
    7.11201e+03    2.03169e+04    2.95484e+04    1.13374e+03    9.05349e+03
     Coulomb-14        LJ (SR)   Coulomb (SR)   Coul. recip.      Potential
    1.00213e+05    1.47942e+05   -1.48324e+06    8.65849e+03   -1.15926e+06
    Kinetic En.   Total Energy  Conserved En.    Temperature Pressure (bar)
    2.26526e+05   -9.32738e+05   -9.28117e+05    3.01164e+02    8.01702e+01
   Constr. rmsd
    0.00000e+00

           Step           Time
        1940000     3880.00000

   Energies (kJ/mol)
           Bond          Angle    Proper Dih. Per. Imp. Dih.          LJ-14
    6.94014e+03    1.95734e+04    2.94637e+04    1.14753e+03    8.98878e+03
     Coulomb-14        LJ (SR)   Coulomb (SR)   Coul. recip.      Potential
    1.00222e+05    1.49357e+05   -1.48465e+06    8.81247e+03   -1.16014e+06
    Kinetic En.   Total Energy  Conserved En.    Temperature Pressure (bar)
    2.26275e+05   -9.33869e+05   -9.28134e+05    3.00830e+02    8.20351e+01
   Constr. rmsd
    0.00000e+00

           Step           Time
        1945000     3890.00000

   Energies (kJ/mol)
           Bond          Angle    Proper Dih. Per. Imp. Dih.          LJ-14
    7.01353e+03    1.98915e+04    2.95235e+04    1.07218e+03    9.07604e+03
     Coulomb-14        LJ (SR)   Coulomb (SR)   Coul. recip.      Potential
    1.00273e+05    1.46829e+05   -1.48207e+06    8.82462e+03   -1.15956e+06
    Kinetic En.   Total Energy  Conserved En.    Temperature Pressure (bar)
    2.24490e+05   -9.35074e+05   -9.28146e+05    2.98457e+02   -4.78642e+01
   Constr. rmsd
    0.00000e+00

           Step           Time
        1950000     3900.00000

   Energies (kJ/mol)
           Bond          Angle    Proper Dih. Per. Imp. Dih.          LJ-14
    7.11941e+03    1.98237e+04    2.95716e+04    1.13030e+03    9.08030e+03
     Coulomb-14        LJ (SR)   Coulomb (SR)   Coul. recip.      Potential
    1.00298e+05    1.48345e+05   -1.48270e+06    8.74694e+03   -1.15858e+06
    Kinetic En.   Total Energy  Conserved En.    Temperature Pressure (bar)
    2.24513e+05   -9.34069e+05   -9.28066e+05    2.98488e+02    1.44975e+01
   Constr. rmsd
    0.00000e+00

           Step           Time
        1955000     3910.00000

   Energies (kJ/mol)
           Bond          Angle    Proper Dih. Per. Imp. Dih.          LJ-14
    7.10958e+03    2.00610e+04    2.93583e+04    1.06219e+03    9.02313e+03
     Coulomb-14        LJ (SR)   Coulomb (SR)   Coul. recip.      Potential
    1.00391e+05    1.47204e+05   -1.48064e+06    8.83603e+03   -1.15760e+06
    Kinetic En.   Total Energy  Conserved En.    Temperature Pressure (bar)
    2.25600e+05   -9.31996e+05   -9.28060e+05    2.99933e+02   -5.41200e+01
   Constr. rmsd
    0.00000e+00

           Step           Time
        1960000     3920.00000

   Energies (kJ/mol)
           Bond          Angle    Proper Dih. Per. Imp. Dih.          LJ-14
    7.16957e+03    1.96558e+04    2.94782e+04    1.07091e+03    9.13879e+03
     Coulomb-14        LJ (SR)   Coulomb (SR)   Coul. recip.      Potential
    1.00255e+05    1.46894e+05   -1.48107e+06    8.85067e+03   -1.15855e+06
    Kinetic En.   Total Energy  Conserved En.    Temperature Pressure (bar)
    2.24054e+05   -9.34498e+05   -9.28007e+05    2.97877e+02   -1.58592e+02
   Constr. rmsd
    0.00000e+00

           Step           Time
        1965000     3930.00000

   Energies (kJ/mol)
           Bond          Angle    Proper Dih. Per. Imp. Dih.          LJ-14
    7.03347e+03    1.96370e+04    2.94830e+04    1.12296e+03    9.29019e+03
     Coulomb-14        LJ (SR)   Coulomb (SR)   Coul. recip.      Potential
    1.00606e+05    1.49418e+05   -1.48300e+06    8.63862e+03   -1.15777e+06
    Kinetic En.   Total Energy  Conserved En.    Temperature Pressure (bar)
    2.26247e+05   -9.31521e+05   -9.28060e+05    3.00793e+02    2.46713e+02
   Constr. rmsd
    0.00000e+00

           Step           Time
        1970000     3940.00000

   Energies (kJ/mol)
           Bond          Angle    Proper Dih. Per. Imp. Dih.          LJ-14
    6.98744e+03    1.90773e+04    2.95020e+04    1.16309e+03    9.18611e+03
     Coulomb-14        LJ (SR)   Coulomb (SR)   Coul. recip.      Potential
    1.00509e+05    1.48148e+05   -1.48424e+06    8.64962e+03   -1.16102e+06
    Kinetic En.   Total Energy  Conserved En.    Temperature Pressure (bar)
    2.24957e+05   -9.36058e+05   -9.28029e+05    2.99079e+02    1.31309e+02
   Constr. rmsd
    0.00000e+00

           Step           Time
        1975000     3950.00000

   Energies (kJ/mol)
           Bond          Angle    Proper Dih. Per. Imp. Dih.          LJ-14
    7.25814e+03    1.94620e+04    2.95296e+04    1.10471e+03    9.07471e+03
     Coulomb-14        LJ (SR)   Coulomb (SR)   Coul. recip.      Potential
    1.00415e+05    1.46707e+05   -1.48086e+06    8.79118e+03   -1.15852e+06
    Kinetic En.   Total Energy  Conserved En.    Temperature Pressure (bar)
    2.26768e+05   -9.31753e+05   -9.28062e+05    3.01485e+02   -1.24624e+02
   Constr. rmsd
    0.00000e+00

           Step           Time
        1980000     3960.00000

   Energies (kJ/mol)
           Bond          Angle    Proper Dih. Per. Imp. Dih.          LJ-14
    7.10397e+03    1.98259e+04    2.93657e+04    1.10317e+03    9.02374e+03
     Coulomb-14        LJ (SR)   Coulomb (SR)   Coul. recip.      Potential
    1.00033e+05    1.46831e+05   -1.48064e+06    8.70828e+03   -1.15865e+06
    Kinetic En.   Total Energy  Conserved En.    Temperature Pressure (bar)
    2.25286e+05   -9.33361e+05   -9.27999e+05    2.99516e+02   -1.02059e+01
   Constr. rmsd
    0.00000e+00

           Step           Time
        1985000     3970.00000

   Energies (kJ/mol)
           Bond          Angle    Proper Dih. Per. Imp. Dih.          LJ-14
    7.01645e+03    2.00232e+04    2.93425e+04    1.08942e+03    9.06292e+03
     Coulomb-14        LJ (SR)   Coulomb (SR)   Coul. recip.      Potential
    1.00604e+05    1.48861e+05   -1.48335e+06    8.86392e+03   -1.15849e+06
    Kinetic En.   Total Energy  Conserved En.    Temperature Pressure (bar)
    2.26168e+05   -9.32322e+05   -9.27946e+05    3.00688e+02    1.50902e+01
   Constr. rmsd
    0.00000e+00

           Step           Time
        1990000     3980.00000

   Energies (kJ/mol)
           Bond          Angle    Proper Dih. Per. Imp. Dih.          LJ-14
    7.11914e+03    1.97341e+04    2.94797e+04    1.11214e+03    9.12550e+03
     Coulomb-14        LJ (SR)   Coulomb (SR)   Coul. recip.      Potential
    1.00604e+05    1.49232e+05   -1.48202e+06    8.61315e+03   -1.15700e+06
    Kinetic En.   Total Energy  Conserved En.    Temperature Pressure (bar)
    2.25774e+05   -9.31227e+05   -9.27934e+05    3.00164e+02    1.06794e+02
   Constr. rmsd
    0.00000e+00

           Step           Time
        1995000     3990.00000

   Energies (kJ/mol)
           Bond          Angle    Proper Dih. Per. Imp. Dih.          LJ-14
    6.90633e+03    1.95341e+04    2.94972e+04    1.08674e+03    9.19239e+03
     Coulomb-14        LJ (SR)   Coulomb (SR)   Coul. recip.      Potential
    1.00022e+05    1.48762e+05   -1.48433e+06    8.62820e+03   -1.16070e+06
    Kinetic En.   Total Energy  Conserved En.    Temperature Pressure (bar)
    2.24830e+05   -9.35867e+05   -9.27943e+05    2.98909e+02    1.09888e+02
   Constr. rmsd
    0.00000e+00

           Step           Time
        2000000     4000.00000

   Energies (kJ/mol)
           Bond          Angle    Proper Dih. Per. Imp. Dih.          LJ-14
    7.16368e+03    1.96622e+04    2.96375e+04    1.17411e+03    9.04293e+03
     Coulomb-14        LJ (SR)   Coulomb (SR)   Coul. recip.      Potential
    1.00369e+05    1.47362e+05   -1.48204e+06    8.68454e+03   -1.15894e+06
    Kinetic En.   Total Energy  Conserved En.    Temperature Pressure (bar)
    2.24599e+05   -9.34342e+05   -9.27898e+05    2.98602e+02   -7.43987e+01
   Constr. rmsd
    0.00000e+00

           Step           Time
        2005000     4010.00000

   Energies (kJ/mol)
           Bond          Angle    Proper Dih. Per. Imp. Dih.          LJ-14
    7.09682e+03    1.94463e+04    2.94691e+04    1.04587e+03    8.97567e+03
     Coulomb-14        LJ (SR)   Coulomb (SR)   Coul. recip.      Potential
    1.00219e+05    1.48268e+05   -1.48226e+06    8.64357e+03   -1.15909e+06
    Kinetic En.   Total Energy  Conserved En.    Temperature Pressure (bar)
    2.24567e+05   -9.34526e+05   -9.27849e+05    2.98560e+02   -1.28723e+01
   Constr. rmsd
    0.00000e+00

           Step           Time
        2010000     4020.00000

   Energies (kJ/mol)
           Bond          Angle    Proper Dih. Per. Imp. Dih.          LJ-14
    7.23324e+03    1.96435e+04    2.95413e+04    1.19194e+03    9.11646e+03
     Coulomb-14        LJ (SR)   Coulomb (SR)   Coul. recip.      Potential
    1.00490e+05    1.47352e+05   -1.48105e+06    8.77834e+03   -1.15771e+06
    Kinetic En.   Total Energy  Conserved En.    Temperature Pressure (bar)
    2.27027e+05   -9.30681e+05   -9.27825e+05    3.01830e+02   -2.98211e+01
   Constr. rmsd
    0.00000e+00

           Step           Time
        2015000     4030.00000

   Energies (kJ/mol)
           Bond          Angle    Proper Dih. Per. Imp. Dih.          LJ-14
    7.21198e+03    1.95981e+04    2.96189e+04    1.07422e+03    9.13835e+03
     Coulomb-14        LJ (SR)   Coulomb (SR)   Coul. recip.      Potential
    1.00332e+05    1.46887e+05   -1.48140e+06    8.60737e+03   -1.15894e+06
    Kinetic En.   Total Energy  Conserved En.    Temperature Pressure (bar)
    2.24614e+05   -9.34323e+05   -9.27811e+05    2.98622e+02   -6.08663e+01
   Constr. rmsd
    0.00000e+00

           Step           Time
        2020000     4040.00000

   Energies (kJ/mol)
           Bond          Angle    Proper Dih. Per. Imp. Dih.          LJ-14
    6.96025e+03    1.96337e+04    2.95917e+04    1.11584e+03    9.16642e+03
     Coulomb-14        LJ (SR)   Coulomb (SR)   Coul. recip.      Potential
    1.00421e+05    1.48727e+05   -1.48450e+06    8.63731e+03   -1.16025e+06
    Kinetic En.   Total Energy  Conserved En.    Temperature Pressure (bar)
    2.23921e+05   -9.36329e+05   -9.27782e+05    2.97701e+02    9.00866e+01
   Constr. rmsd
    0.00000e+00

           Step           Time
        2025000     4050.00000

   Energies (kJ/mol)
           Bond          Angle    Proper Dih. Per. Imp. Dih.          LJ-14
    6.75500e+03    1.97466e+04    2.95716e+04    1.08088e+03    9.19508e+03
     Coulomb-14        LJ (SR)   Coulomb (SR)   Coul. recip.      Potential
    1.00490e+05    1.49262e+05   -1.48571e+06    8.68370e+03   -1.16093e+06
    Kinetic En.   Total Energy  Conserved En.    Temperature Pressure (bar)
    2.26099e+05   -9.34829e+05   -9.27813e+05    3.00597e+02    1.77862e+02
   Constr. rmsd
    0.00000e+00

           Step           Time
        2030000     4060.00000

   Energies (kJ/mol)
           Bond          Angle    Proper Dih. Per. Imp. Dih.          LJ-14
    7.09296e+03    1.98463e+04    2.94773e+04    1.15081e+03    9.08399e+03
     Coulomb-14        LJ (SR)   Coulomb (SR)   Coul. recip.      Potential
    9.99503e+04    1.48099e+05   -1.48456e+06    8.59502e+03   -1.16126e+06
    Kinetic En.   Total Energy  Conserved En.    Temperature Pressure (bar)
    2.25284e+05   -9.35980e+05   -9.27742e+05    2.99512e+02    5.13868e+01
   Constr. rmsd
    0.00000e+00

           Step           Time
        2035000     4070.00000

   Energies (kJ/mol)
           Bond          Angle    Proper Dih. Per. Imp. Dih.          LJ-14
    7.24589e+03    1.98917e+04    2.93776e+04    1.12016e+03    9.07608e+03
     Coulomb-14        LJ (SR)   Coulomb (SR)   Coul. recip.      Potential
    1.00184e+05    1.47363e+05   -1.48146e+06    8.58063e+03   -1.15862e+06
    Kinetic En.   Total Energy  Conserved En.    Temperature Pressure (bar)
    2.25269e+05   -9.33349e+05   -9.27758e+05    2.99493e+02   -8.74013e+01
   Constr. rmsd
    0.00000e+00

           Step           Time
        2040000     4080.00000

   Energies (kJ/mol)
           Bond          Angle    Proper Dih. Per. Imp. Dih.          LJ-14
    7.22338e+03    2.00197e+04    2.93797e+04    1.08176e+03    8.99050e+03
     Coulomb-14        LJ (SR)   Coulomb (SR)   Coul. recip.      Potential
    1.00156e+05    1.46331e+05   -1.48084e+06    8.75946e+03   -1.15890e+06
    Kinetic En.   Total Energy  Conserved En.    Temperature Pressure (bar)
    2.25725e+05   -9.33171e+05   -9.27684e+05    3.00099e+02   -6.50428e+01
   Constr. rmsd
    0.00000e+00

           Step           Time
        2045000     4090.00000

   Energies (kJ/mol)
           Bond          Angle    Proper Dih. Per. Imp. Dih.          LJ-14
    7.25745e+03    2.02556e+04    2.94578e+04    1.13180e+03    9.02334e+03
     Coulomb-14        LJ (SR)   Coulomb (SR)   Coul. recip.      Potential
    9.98699e+04    1.49092e+05   -1.48319e+06    8.66282e+03   -1.15844e+06
    Kinetic En.   Total Energy  Conserved En.    Temperature Pressure (bar)
    2.25339e+05   -9.33102e+05   -9.27684e+05    2.99587e+02    1.00810e+02
   Constr. rmsd
    0.00000e+00

           Step           Time
        2050000     4100.00000

   Energies (kJ/mol)
           Bond          Angle    Proper Dih. Per. Imp. Dih.          LJ-14
    7.34314e+03    2.00595e+04    2.95308e+04    1.10153e+03    9.12985e+03
     Coulomb-14        LJ (SR)   Coulomb (SR)   Coul. recip.      Potential
    1.00503e+05    1.48885e+05   -1.48126e+06    8.70820e+03   -1.15600e+06
    Kinetic En.   Total Energy  Conserved En.    Temperature Pressure (bar)
    2.26375e+05   -9.29624e+05   -9.27637e+05    3.00963e+02    1.40320e+02
   Constr. rmsd
    0.00000e+00

           Step           Time
        2055000     4110.00000

   Energies (kJ/mol)
           Bond          Angle    Proper Dih. Per. Imp. Dih.          LJ-14
    7.33304e+03    1.94670e+04    2.94409e+04    1.06437e+03    9.12261e+03
     Coulomb-14        LJ (SR)   Coulomb (SR)   Coul. recip.      Potential
    9.99514e+04    1.47912e+05   -1.48354e+06    8.72215e+03   -1.16052e+06
    Kinetic En.   Total Energy  Conserved En.    Temperature Pressure (bar)
    2.25216e+05   -9.35309e+05   -9.27649e+05    2.99422e+02   -2.11198e+00
   Constr. rmsd
    0.00000e+00

           Step           Time
        2060000     4120.00000

   Energies (kJ/mol)
           Bond          Angle    Proper Dih. Per. Imp. Dih.          LJ-14
    7.21718e+03    1.96208e+04    2.96322e+04    1.04179e+03    9.17398e+03
     Coulomb-14        LJ (SR)   Coulomb (SR)   Coul. recip.      Potential
    1.00266e+05    1.46101e+05   -1.48010e+06    8.76494e+03   -1.15828e+06
    Kinetic En.   Total Energy  Conserved En.    Temperature Pressure (bar)
    2.25878e+05   -9.32400e+05   -9.27667e+05    3.00303e+02   -2.67234e+01
   Constr. rmsd
    0.00000e+00

           Step           Time
        2065000     4130.00000

   Energies (kJ/mol)
           Bond          Angle    Proper Dih. Per. Imp. Dih.          LJ-14
    7.04687e+03    1.97626e+04    2.96250e+04    1.16489e+03    9.05184e+03
     Coulomb-14        LJ (SR)   Coulomb (SR)   Coul. recip.      Potential
    9.99880e+04    1.46279e+05   -1.48143e+06    8.68252e+03   -1.15983e+06
    Kinetic En.   Total Energy  Conserved En.    Temperature Pressure (bar)
    2.26166e+05   -9.33662e+05   -9.27660e+05    3.00686e+02   -7.57516e+01
   Constr. rmsd
    0.00000e+00

           Step           Time
        2070000     4140.00000

   Energies (kJ/mol)
           Bond          Angle    Proper Dih. Per. Imp. Dih.          LJ-14
    7.21880e+03    1.97306e+04    2.93585e+04    1.10999e+03    9.00311e+03
     Coulomb-14        LJ (SR)   Coulomb (SR)   Coul. recip.      Potential
    1.00193e+05    1.47618e+05   -1.48372e+06    8.71504e+03   -1.16078e+06
    Kinetic En.   Total Energy  Conserved En.    Temperature Pressure (bar)
    2.25782e+05   -9.34994e+05   -9.27614e+05    3.00174e+02   -4.24515e+01
   Constr. rmsd
    0.00000e+00

           Step           Time
        2075000     4150.00000

   Energies (kJ/mol)
           Bond          Angle    Proper Dih. Per. Imp. Dih.          LJ-14
    7.23324e+03    1.96217e+04    2.94166e+04    1.15239e+03    9.01057e+03
     Coulomb-14        LJ (SR)   Coulomb (SR)   Coul. recip.      Potential
    1.00023e+05    1.45461e+05   -1.47950e+06    8.71342e+03   -1.15887e+06
    Kinetic En.   Total Energy  Conserved En.    Temperature Pressure (bar)
    2.24954e+05   -9.33913e+05   -9.27623e+05    2.99074e+02   -2.00844e+02
   Constr. rmsd
    0.00000e+00

           Step           Time
        2080000     4160.00000

   Energies (kJ/mol)
           Bond          Angle    Proper Dih. Per. Imp. Dih.          LJ-14
    7.22667e+03    1.98724e+04    2.94175e+04    1.16449e+03    9.10232e+03
     Coulomb-14        LJ (SR)   Coulomb (SR)   Coul. recip.      Potential
    1.00115e+05    1.45434e+05   -1.47931e+06    8.67330e+03   -1.15831e+06
    Kinetic En.   Total Energy  Conserved En.    Temperature Pressure (bar)
    2.23427e+05   -9.34880e+05   -9.27550e+05    2.97044e+02   -6.84620e+01
   Constr. rmsd
    0.00000e+00

           Step           Time
        2085000     4170.00000

   Energies (kJ/mol)
           Bond          Angle    Proper Dih. Per. Imp. Dih.          LJ-14
    6.97360e+03    1.96239e+04    2.96104e+04    1.07791e+03    9.06578e+03
     Coulomb-14        LJ (SR)   Coulomb (SR)   Coul. recip.      Potential
    1.00192e+05    1.48153e+05   -1.48250e+06    8.68017e+03   -1.15912e+06
    Kinetic En.   Total Energy  Conserved En.    Temperature Pressure (bar)
    2.24120e+05   -9.35005e+05   -9.27587e+05    2.97965e+02    9.51780e+01
   Constr. rmsd
    0.00000e+00

           Step           Time
        2090000     4180.00000

   Energies (kJ/mol)
           Bond          Angle    Proper Dih. Per. Imp. Dih.          LJ-14
    7.12592e+03    1.99937e+04    2.94552e+04    1.06172e+03    9.10937e+03
     Coulomb-14        LJ (SR)   Coulomb (SR)   Coul. recip.      Potential
    1.00214e+05    1.46241e+05   -1.48212e+06    8.67548e+03   -1.16024e+06
    Kinetic En.   Total Energy  Conserved En.    Temperature Pressure (bar)
    2.24803e+05   -9.35435e+05   -9.27546e+05    2.98873e+02   -2.10682e+02
   Constr. rmsd
    0.00000e+00

           Step           Time
        2095000     4190.00000

   Energies (kJ/mol)
           Bond          Angle    Proper Dih. Per. Imp. Dih.          LJ-14
    6.85080e+03    1.98318e+04    2.94228e+04    1.10758e+03    8.95520e+03
     Coulomb-14        LJ (SR)   Coulomb (SR)   Coul. recip.      Potential
    1.00485e+05    1.47349e+05   -1.48284e+06    8.56556e+03   -1.16027e+06
    Kinetic En.   Total Energy  Conserved En.    Temperature Pressure (bar)
    2.24070e+05   -9.36198e+05   -9.27556e+05    2.97899e+02   -4.42543e+01
   Constr. rmsd
    0.00000e+00

           Step           Time
        2100000     4200.00000

   Energies (kJ/mol)
           Bond          Angle    Proper Dih. Per. Imp. Dih.          LJ-14
    7.17511e+03    1.96657e+04    2.92719e+04    1.11950e+03    9.08520e+03
     Coulomb-14        LJ (SR)   Coulomb (SR)   Coul. recip.      Potential
    1.00356e+05    1.47637e+05   -1.48201e+06    8.54948e+03   -1.15915e+06
    Kinetic En.   Total Energy  Conserved En.    Temperature Pressure (bar)
    2.26212e+05   -9.32937e+05   -9.27577e+05    3.00746e+02    8.83335e+01
   Constr. rmsd
    0.00000e+00

           Step           Time
        2105000     4210.00000

   Energies (kJ/mol)
           Bond          Angle    Proper Dih. Per. Imp. Dih.          LJ-14
    7.11385e+03    1.97259e+04    2.93404e+04    1.14261e+03    9.12922e+03
     Coulomb-14        LJ (SR)   Coulomb (SR)   Coul. recip.      Potential
    1.00185e+05    1.47678e+05   -1.48348e+06    8.72490e+03   -1.16044e+06
    Kinetic En.   Total Energy  Conserved En.    Temperature Pressure (bar)
    2.25254e+05   -9.35185e+05   -9.27531e+05    2.99473e+02   -4.09673e+01
   Constr. rmsd
    0.00000e+00

           Step           Time
        2110000     4220.00000

   Energies (kJ/mol)
           Bond          Angle    Proper Dih. Per. Imp. Dih.          LJ-14
    6.90163e+03    1.96960e+04    2.95235e+04    1.19057e+03    9.04613e+03
     Coulomb-14        LJ (SR)   Coulomb (SR)   Coul. recip.      Potential
    1.00178e+05    1.47477e+05   -1.48179e+06    8.80192e+03   -1.15898e+06
    Kinetic En.   Total Energy  Conserved En.    Temperature Pressure (bar)
    2.24999e+05   -9.33981e+05   -9.27543e+05    2.99134e+02   -9.01538e+01
   Constr. rmsd
    0.00000e+00

           Step           Time
        2115000     4230.00000

   Energies (kJ/mol)
           Bond          Angle    Proper Dih. Per. Imp. Dih.          LJ-14
    7.47586e+03    1.99452e+04    2.94180e+04    1.13678e+03    9.02776e+03
     Coulomb-14        LJ (SR)   Coulomb (SR)   Coul. recip.      Potential
    1.00014e+05    1.45719e+05   -1.47846e+06    8.67572e+03   -1.15705e+06
    Kinetic En.   Total Energy  Conserved En.    Temperature Pressure (bar)
    2.27921e+05   -9.29124e+05   -9.27543e+05    3.03019e+02   -1.17237e+02
   Constr. rmsd
    0.00000e+00

           Step           Time
        2120000     4240.00000

   Energies (kJ/mol)
           Bond          Angle    Proper Dih. Per. Imp. Dih.          LJ-14
    7.15994e+03    1.98293e+04    2.92310e+04    1.25484e+03    9.12304e+03
     Coulomb-14        LJ (SR)   Coulomb (SR)   Coul. recip.      Potential
    1.00271e+05    1.47118e+05   -1.48098e+06    8.69661e+03   -1.15830e+06
    Kinetic En.   Total Energy  Conserved En.    Temperature Pressure (bar)
    2.25554e+05   -9.32741e+05   -9.27547e+05    2.99872e+02   -1.79228e+01
   Constr. rmsd
    0.00000e+00

           Step           Time
        2125000     4250.00000

   Energies (kJ/mol)
           Bond          Angle    Proper Dih. Per. Imp. Dih.          LJ-14
    7.20334e+03    1.98807e+04    2.94191e+04    1.11805e+03    9.09623e+03
     Coulomb-14        LJ (SR)   Coulomb (SR)   Coul. recip.      Potential
    1.00306e+05    1.48145e+05   -1.48270e+06    8.73155e+03   -1.15880e+06
    Kinetic En.   Total Energy  Conserved En.    Temperature Pressure (bar)
    2.25816e+05   -9.32982e+05   -9.27488e+05    3.00220e+02    1.81639e+00
   Constr. rmsd
    0.00000e+00

           Step           Time
        2130000     4260.00000

   Energies (kJ/mol)
           Bond          Angle    Proper Dih. Per. Imp. Dih.          LJ-14
    7.05125e+03    1.99989e+04    2.93295e+04    1.13242e+03    8.90429e+03
     Coulomb-14        LJ (SR)   Coulomb (SR)   Coul. recip.      Potential
    1.00132e+05    1.46450e+05   -1.48012e+06    8.68829e+03   -1.15843e+06
    Kinetic En.   Total Energy  Conserved En.    Temperature Pressure (bar)
    2.26328e+05   -9.32105e+05   -9.27494e+05    3.00901e+02   -7.27665e+01
   Constr. rmsd
    0.00000e+00

           Step           Time
        2135000     4270.00000

   Energies (kJ/mol)
           Bond          Angle    Proper Dih. Per. Imp. Dih.          LJ-14
    7.07981e+03    2.00682e+04    2.94814e+04    1.06712e+03    9.03005e+03
     Coulomb-14        LJ (SR)   Coulomb (SR)   Coul. recip.      Potential
    1.00177e+05    1.48520e+05   -1.48083e+06    8.71513e+03   -1.15669e+06
    Kinetic En.   Total Energy  Conserved En.    Temperature Pressure (bar)
    2.26533e+05   -9.30159e+05   -9.27484e+05    3.01173e+02    1.60641e+01
   Constr. rmsd
    0.00000e+00

           Step           Time
        2140000     4280.00000

   Energies (kJ/mol)
           Bond          Angle    Proper Dih. Per. Imp. Dih.          LJ-14
    7.10256e+03    1.97279e+04    2.94269e+04    1.14653e+03    9.08421e+03
     Coulomb-14        LJ (SR)   Coulomb (SR)   Coul. recip.      Potential
    1.00497e+05    1.47226e+05   -1.48261e+06    8.46179e+03   -1.15994e+06
    Kinetic En.   Total Energy  Conserved En.    Temperature Pressure (bar)
    2.25374e+05   -9.34566e+05   -9.27506e+05    2.99633e+02   -5.12705e+01
   Constr. rmsd
    0.00000e+00

           Step           Time
        2145000     4290.00000

   Energies (kJ/mol)
           Bond          Angle    Proper Dih. Per. Imp. Dih.          LJ-14
    7.42150e+03    1.98666e+04    2.92158e+04    1.10663e+03    9.03956e+03
     Coulomb-14        LJ (SR)   Coulomb (SR)   Coul. recip.      Potential
    1.00427e+05    1.46346e+05   -1.47985e+06    8.80689e+03   -1.15762e+06
    Kinetic En.   Total Energy  Conserved En.    Temperature Pressure (bar)
    2.25775e+05   -9.31844e+05   -9.27427e+05    3.00166e+02   -1.37195e+02
   Constr. rmsd
    0.00000e+00

           Step           Time
        2150000     4300.00000

   Energies (kJ/mol)
           Bond          Angle    Proper Dih. Per. Imp. Dih.          LJ-14
    7.31071e+03    2.00332e+04    2.95695e+04    1.01662e+03    9.01068e+03
     Coulomb-14        LJ (SR)   Coulomb (SR)   Coul. recip.      Potential
    1.00152e+05    1.46695e+05   -1.48205e+06    8.58931e+03   -1.15967e+06
    Kinetic En.   Total Energy  Conserved En.    Temperature Pressure (bar)
    2.26963e+05   -9.32706e+05   -9.27433e+05    3.01746e+02   -1.19001e+02
   Constr. rmsd
    0.00000e+00

           Step           Time
        2155000     4310.00000

   Energies (kJ/mol)
           Bond          Angle    Proper Dih. Per. Imp. Dih.          LJ-14
    7.21455e+03    2.02935e+04    2.96528e+04    1.12644e+03    8.97781e+03
     Coulomb-14        LJ (SR)   Coulomb (SR)   Coul. recip.      Potential
    1.00220e+05    1.46563e+05   -1.48026e+06    8.79092e+03   -1.15742e+06
    Kinetic En.   Total Energy  Conserved En.    Temperature Pressure (bar)
    2.25723e+05   -9.31702e+05   -9.27392e+05    3.00096e+02   -3.23442e-02
   Constr. rmsd
    0.00000e+00

           Step           Time
        2160000     4320.00000

   Energies (kJ/mol)
           Bond          Angle    Proper Dih. Per. Imp. Dih.          LJ-14
    7.07736e+03    1.99158e+04    2.94652e+04    1.09775e+03    8.87723e+03
     Coulomb-14        LJ (SR)   Coulomb (SR)   Coul. recip.      Potential
    1.00200e+05    1.46583e+05   -1.48121e+06    8.74597e+03   -1.15925e+06
    Kinetic En.   Total Energy  Conserved En.    Temperature Pressure (bar)
    2.25639e+05   -9.33610e+05   -9.27395e+05    2.99984e+02   -8.80566e+01
   Constr. rmsd
    0.00000e+00

           Step           Time
        2165000     4330.00000

   Energies (kJ/mol)
           Bond          Angle    Proper Dih. Per. Imp. Dih.          LJ-14
    7.01090e+03    1.95311e+04    2.94563e+04    1.08359e+03    9.12137e+03
     Coulomb-14        LJ (SR)   Coulomb (SR)   Coul. recip.      Potential
    1.00380e+05    1.49427e+05   -1.48342e+06    8.85721e+03   -1.15855e+06
    Kinetic En.   Total Energy  Conserved En.    Temperature Pressure (bar)
    2.25614e+05   -9.32936e+05   -9.27396e+05    2.99952e+02    1.14783e+02
   Constr. rmsd
    0.00000e+00

           Step           Time
        2170000     4340.00000

   Energies (kJ/mol)
           Bond          Angle    Proper Dih. Per. Imp. Dih.          LJ-14
    7.18551e+03    1.98948e+04    2.96089e+04    1.09201e+03    9.15120e+03
     Coulomb-14        LJ (SR)   Coulomb (SR)   Coul. recip.      Potential
    1.00523e+05    1.47407e+05   -1.48187e+06    8.76622e+03   -1.15824e+06
    Kinetic En.   Total Energy  Conserved En.    Temperature Pressure (bar)
    2.26691e+05   -9.31552e+05   -9.27331e+05    3.01384e+02    7.29826e+01
   Constr. rmsd
    0.00000e+00

           Step           Time
        2175000     4350.00000

   Energies (kJ/mol)
           Bond          Angle    Proper Dih. Per. Imp. Dih.          LJ-14
    7.23111e+03    1.96976e+04    2.93602e+04    1.08039e+03    9.10014e+03
     Coulomb-14        LJ (SR)   Coulomb (SR)   Coul. recip.      Potential
    1.00485e+05    1.48047e+05   -1.48448e+06    8.66194e+03   -1.16081e+06
    Kinetic En.   Total Energy  Conserved En.    Temperature Pressure (bar)
    2.27006e+05   -9.33807e+05   -9.27313e+05    3.01802e+02    3.97082e+01
   Constr. rmsd
    0.00000e+00

           Step           Time
        2180000     4360.00000

   Energies (kJ/mol)
           Bond          Angle    Proper Dih. Per. Imp. Dih.          LJ-14
    7.22489e+03    1.96186e+04    2.94523e+04    1.12080e+03    9.12413e+03
     Coulomb-14        LJ (SR)   Coulomb (SR)   Coul. recip.      Potential
    1.00484e+05    1.45907e+05   -1.47990e+06    8.74294e+03   -1.15823e+06
    Kinetic En.   Total Energy  Conserved En.    Temperature Pressure (bar)
    2.25607e+05   -9.32621e+05   -9.27234e+05    2.99942e+02   -9.55324e+00
   Constr. rmsd
    0.00000e+00

           Step           Time
        2185000     4370.00000

   Energies (kJ/mol)
           Bond          Angle    Proper Dih. Per. Imp. Dih.          LJ-14
    6.96004e+03    1.99686e+04    2.97074e+04    1.09110e+03    9.04777e+03
     Coulomb-14        LJ (SR)   Coulomb (SR)   Coul. recip.      Potential
    1.00124e+05    1.48325e+05   -1.48355e+06    8.64955e+03   -1.15967e+06
    Kinetic En.   Total Energy  Conserved En.    Temperature Pressure (bar)
    2.24748e+05   -9.34926e+05   -9.27270e+05    2.98800e+02    1.50893e+02
   Constr. rmsd
    0.00000e+00

           Step           Time
        2190000     4380.00000

   Energies (kJ/mol)
           Bond          Angle    Proper Dih. Per. Imp. Dih.          LJ-14
    7.30698e+03    1.95798e+04    2.93794e+04    1.16060e+03    9.00117e+03
     Coulomb-14        LJ (SR)   Coulomb (SR)   Coul. recip.      Potential
    1.00271e+05    1.47554e+05   -1.48022e+06    8.73055e+03   -1.15723e+06
    Kinetic En.   Total Energy  Conserved En.    Temperature Pressure (bar)
    2.25256e+05   -9.31978e+05   -9.27251e+05    2.99476e+02   -2.24034e+01
   Constr. rmsd
    0.00000e+00

           Step           Time
        2195000     4390.00000

   Energies (kJ/mol)
           Bond          Angle    Proper Dih. Per. Imp. Dih.          LJ-14
    7.40192e+03    1.97222e+04    2.95103e+04    1.07922e+03    9.05380e+03
     Coulomb-14        LJ (SR)   Coulomb (SR)   Coul. recip.      Potential
    1.00020e+05    1.44952e+05   -1.47906e+06    8.56537e+03   -1.15875e+06
    Kinetic En.   Total Energy  Conserved En.    Temperature Pressure (bar)
    2.25984e+05   -9.32769e+05   -9.27233e+05    3.00443e+02   -1.76895e+02
   Constr. rmsd
    0.00000e+00

           Step           Time
        2200000     4400.00000

   Energies (kJ/mol)
           Bond          Angle    Proper Dih. Per. Imp. Dih.          LJ-14
    7.08104e+03    1.97341e+04    2.93257e+04    1.18399e+03    9.03995e+03
     Coulomb-14        LJ (SR)   Coulomb (SR)   Coul. recip.      Potential
    1.00770e+05    1.45386e+05   -1.47926e+06    8.70318e+03   -1.15804e+06
    Kinetic En.   Total Energy  Conserved En.    Temperature Pressure (bar)
    2.25958e+05   -9.32079e+05   -9.27205e+05    3.00409e+02   -1.29406e+02
   Constr. rmsd
    0.00000e+00

           Step           Time
        2205000     4410.00000

   Energies (kJ/mol)
           Bond          Angle    Proper Dih. Per. Imp. Dih.          LJ-14
    7.14110e+03    1.99708e+04    2.96504e+04    1.05145e+03    9.12056e+03
     Coulomb-14        LJ (SR)   Coulomb (SR)   Coul. recip.      Potential
    1.00561e+05    1.47171e+05   -1.48252e+06    8.69615e+03   -1.15916e+06
    Kinetic En.   Total Energy  Conserved En.    Temperature Pressure (bar)
    2.25892e+05   -9.33267e+05   -9.27204e+05    3.00322e+02   -3.32002e+00
   Constr. rmsd
    0.00000e+00

           Step           Time
        2210000     4420.00000

   Energies (kJ/mol)
           Bond          Angle    Proper Dih. Per. Imp. Dih.          LJ-14
    6.89582e+03    1.99652e+04    2.94158e+04    1.14182e+03    9.10656e+03
     Coulomb-14        LJ (SR)   Coulomb (SR)   Coul. recip.      Potential
    1.00848e+05    1.45090e+05   -1.47827e+06    8.86308e+03   -1.15694e+06
    Kinetic En.   Total Energy  Conserved En.    Temperature Pressure (bar)
    2.26111e+05   -9.30832e+05   -9.27224e+05    3.00613e+02   -6.64147e+01
   Constr. rmsd
    0.00000e+00

           Step           Time
        2215000     4430.00000

   Energies (kJ/mol)
           Bond          Angle    Proper Dih. Per. Imp. Dih.          LJ-14
    7.19789e+03    1.95805e+04    2.92901e+04    1.05979e+03    8.94195e+03
     Coulomb-14        LJ (SR)   Coulomb (SR)   Coul. recip.      Potential
    9.98947e+04    1.47731e+05   -1.48189e+06    8.75391e+03   -1.15944e+06
    Kinetic En.   Total Energy  Conserved En.    Temperature Pressure (bar)
    2.25060e+05   -9.34385e+05   -9.27199e+05    2.99215e+02   -5.71641e+01
   Constr. rmsd
    0.00000e+00

           Step           Time
        2220000     4440.00000

   Energies (kJ/mol)
           Bond          Angle    Proper Dih. Per. Imp. Dih.          LJ-14
    7.36187e+03    1.98662e+04    2.93693e+04    1.18409e+03    9.06038e+03
     Coulomb-14        LJ (SR)   Coulomb (SR)   Coul. recip.      Potential
    1.00046e+05    1.47517e+05   -1.48033e+06    8.77491e+03   -1.15715e+06
    Kinetic En.   Total Energy  Conserved En.    Temperature Pressure (bar)
    2.25208e+05   -9.31941e+05   -9.27140e+05    2.99411e+02    1.05204e+01
   Constr. rmsd
    0.00000e+00

           Step           Time
        2225000     4450.00000

   Energies (kJ/mol)
           Bond          Angle    Proper Dih. Per. Imp. Dih.          LJ-14
    7.14687e+03    1.99472e+04    2.94620e+04    1.06840e+03    9.07339e+03
     Coulomb-14        LJ (SR)   Coulomb (SR)   Coul. recip.      Potential
    1.00215e+05    1.47613e+05   -1.48402e+06    8.69962e+03   -1.16080e+06
    Kinetic En.   Total Energy  Conserved En.    Temperature Pressure (bar)
    2.25262e+05   -9.35535e+05   -9.27127e+05    2.99484e+02   -6.17104e+01
   Constr. rmsd
    0.00000e+00

           Step           Time
        2230000     4460.00000

   Energies (kJ/mol)
           Bond          Angle    Proper Dih. Per. Imp. Dih.          LJ-14
    6.92717e+03    1.97792e+04    2.94971e+04    1.11939e+03    9.14157e+03
     Coulomb-14        LJ (SR)   Coulomb (SR)   Coul. recip.      Potential
    1.00281e+05    1.48176e+05   -1.48306e+06    8.58216e+03   -1.15956e+06
    Kinetic En.   Total Energy  Conserved En.    Temperature Pressure (bar)
    2.26079e+05   -9.33476e+05   -9.27092e+05    3.00570e+02    7.58852e+01
   Constr. rmsd
    0.00000e+00

           Step           Time
        2235000     4470.00000

   Energies (kJ/mol)
           Bond          Angle    Proper Dih. Per. Imp. Dih.          LJ-14
    7.18562e+03    1.98594e+04    2.94123e+04    1.06049e+03    9.13037e+03
     Coulomb-14        LJ (SR)   Coulomb (SR)   Coul. recip.      Potential
    1.00571e+05    1.48350e+05   -1.48313e+06    8.68212e+03   -1.15887e+06
    Kinetic En.   Total Energy  Conserved En.    Temperature Pressure (bar)
    2.25804e+05   -9.33070e+05   -9.27112e+05    3.00205e+02    3.36152e+01
   Constr. rmsd
    0.00000e+00

           Step           Time
        2240000     4480.00000

   Energies (kJ/mol)
           Bond          Angle    Proper Dih. Per. Imp. Dih.          LJ-14
    7.20011e+03    2.01819e+04    2.94974e+04    1.07598e+03    9.02705e+03
     Coulomb-14        LJ (SR)   Coulomb (SR)   Coul. recip.      Potential
    1.00200e+05    1.48583e+05   -1.48220e+06    8.92987e+03   -1.15751e+06
    Kinetic En.   Total Energy  Conserved En.    Temperature Pressure (bar)
    2.25703e+05   -9.31807e+05   -9.27071e+05    3.00069e+02    6.77100e+01
   Constr. rmsd
    0.00000e+00

           Step           Time
        2245000     4490.00000

   Energies (kJ/mol)
           Bond          Angle    Proper Dih. Per. Imp. Dih.          LJ-14
    7.57272e+03    1.97041e+04    2.93481e+04    1.14470e+03    9.11589e+03
     Coulomb-14        LJ (SR)   Coulomb (SR)   Coul. recip.      Potential
    1.00082e+05    1.48691e+05   -1.48252e+06    8.81397e+03   -1.15805e+06
    Kinetic En.   Total Energy  Conserved En.    Temperature Pressure (bar)
    2.26742e+05   -9.31305e+05   -9.27043e+05    3.01451e+02    8.56975e+00
   Constr. rmsd
    0.00000e+00

           Step           Time
        2250000     4500.00000

   Energies (kJ/mol)
           Bond          Angle    Proper Dih. Per. Imp. Dih.          LJ-14
    7.22696e+03    2.01598e+04    2.94747e+04    1.12836e+03    9.04428e+03
     Coulomb-14        LJ (SR)   Coulomb (SR)   Coul. recip.      Potential
    1.00044e+05    1.45616e+05   -1.47897e+06    8.80001e+03   -1.15748e+06
    Kinetic En.   Total Energy  Conserved En.    Temperature Pressure (bar)
    2.27362e+05   -9.30118e+05   -9.27030e+05    3.02275e+02    3.32835e+01
   Constr. rmsd
    0.00000e+00

           Step           Time
        2255000     4510.00000

   Energies (kJ/mol)
           Bond          Angle    Proper Dih. Per. Imp. Dih.          LJ-14
    7.13421e+03    2.02236e+04    2.95693e+04    1.11919e+03    9.02162e+03
     Coulomb-14        LJ (SR)   Coulomb (SR)   Coul. recip.      Potential
    1.00287e+05    1.47606e+05   -1.48212e+06    8.87583e+03   -1.15828e+06
    Kinetic En.   Total Energy  Conserved En.    Temperature Pressure (bar)
    2.27385e+05   -9.30898e+05   -9.26996e+05    3.02306e+02   -4.83083e-01
   Constr. rmsd
    0.00000e+00

           Step           Time
        2260000     4520.00000

   Energies (kJ/mol)
           Bond          Angle    Proper Dih. Per. Imp. Dih.          LJ-14
    7.09335e+03    1.95641e+04    2.95461e+04    1.13865e+03    9.16175e+03
     Coulomb-14        LJ (SR)   Coulomb (SR)   Coul. recip.      Potential
    1.00467e+05    1.47820e+05   -1.48244e+06    8.69863e+03   -1.15895e+06
    Kinetic En.   Total Energy  Conserved En.    Temperature Pressure (bar)
    2.26020e+05   -9.32931e+05   -9.27021e+05    3.00491e+02    1.47882e+02
   Constr. rmsd
    0.00000e+00

           Step           Time
        2265000     4530.00000

   Energies (kJ/mol)
           Bond          Angle    Proper Dih. Per. Imp. Dih.          LJ-14
    7.24595e+03    1.97679e+04    2.95015e+04    1.07023e+03    9.01059e+03
     Coulomb-14        LJ (SR)   Coulomb (SR)   Coul. recip.      Potential
    1.00341e+05    1.47607e+05   -1.48046e+06    8.82108e+03   -1.15710e+06
    Kinetic En.   Total Energy  Conserved En.    Temperature Pressure (bar)
    2.25606e+05   -9.31491e+05   -9.26937e+05    2.99942e+02   -6.08362e+01
   Constr. rmsd
    0.00000e+00

           Step           Time
        2270000     4540.00000

   Energies (kJ/mol)
           Bond          Angle    Proper Dih. Per. Imp. Dih.          LJ-14
    7.28521e+03    2.00040e+04    2.93479e+04    1.13350e+03    9.20084e+03
     Coulomb-14        LJ (SR)   Coulomb (SR)   Coul. recip.      Potential
    1.00356e+05    1.45647e+05   -1.47891e+06    8.84211e+03   -1.15709e+06
    Kinetic En.   Total Energy  Conserved En.    Temperature Pressure (bar)
    2.27597e+05   -9.29493e+05   -9.26927e+05    3.02588e+02   -1.79849e+02
   Constr. rmsd
    0.00000e+00

           Step           Time
        2275000     4550.00000

   Energies (kJ/mol)
           Bond          Angle    Proper Dih. Per. Imp. Dih.          LJ-14
    7.24143e+03    1.97497e+04    2.94631e+04    1.04938e+03    9.09284e+03
     Coulomb-14        LJ (SR)   Coulomb (SR)   Coul. recip.      Potential
    1.00543e+05    1.47411e+05   -1.48176e+06    8.64302e+03   -1.15856e+06
    Kinetic En.   Total Energy  Conserved En.    Temperature Pressure (bar)
    2.25840e+05   -9.32725e+05   -9.26917e+05    3.00251e+02    6.87073e+01
   Constr. rmsd
    0.00000e+00

Writing checkpoint, step 2276300 at Sat Sep 12 23:50:11 2026


           Step           Time
        2280000     4560.00000

   Energies (kJ/mol)
           Bond          Angle    Proper Dih. Per. Imp. Dih.          LJ-14
    6.92014e+03    1.98758e+04    2.93510e+04    1.05996e+03    8.95507e+03
     Coulomb-14        LJ (SR)   Coulomb (SR)   Coul. recip.      Potential
    1.00316e+05    1.48331e+05   -1.48253e+06    8.52877e+03   -1.15919e+06
    Kinetic En.   Total Energy  Conserved En.    Temperature Pressure (bar)
    2.24921e+05   -9.34273e+05   -9.26928e+05    2.99031e+02   -1.87045e+01
   Constr. rmsd
    0.00000e+00

           Step           Time
        2285000     4570.00000

   Energies (kJ/mol)
           Bond          Angle    Proper Dih. Per. Imp. Dih.          LJ-14
    7.37813e+03    2.02029e+04    2.93605e+04    1.13570e+03    9.08631e+03
     Coulomb-14        LJ (SR)   Coulomb (SR)   Coul. recip.      Potential
    1.00280e+05    1.46550e+05   -1.47884e+06    8.74850e+03   -1.15610e+06
    Kinetic En.   Total Energy  Conserved En.    Temperature Pressure (bar)
    2.25989e+05   -9.30114e+05   -9.26876e+05    3.00450e+02   -1.33982e+01
   Constr. rmsd
    0.00000e+00

           Step           Time
        2290000     4580.00000

   Energies (kJ/mol)
           Bond          Angle    Proper Dih. Per. Imp. Dih.          LJ-14
    7.12481e+03    1.98322e+04    2.94705e+04    1.11059e+03    9.15134e+03
     Coulomb-14        LJ (SR)   Coulomb (SR)   Coul. recip.      Potential
    1.00242e+05    1.47338e+05   -1.48051e+06    8.65623e+03   -1.15759e+06
    Kinetic En.   Total Energy  Conserved En.    Temperature Pressure (bar)
    2.25537e+05   -9.32052e+05   -9.26850e+05    2.99849e+02   -1.85821e+01
   Constr. rmsd
    0.00000e+00

           Step           Time
        2295000     4590.00000

   Energies (kJ/mol)
           Bond          Angle    Proper Dih. Per. Imp. Dih.          LJ-14
    6.97078e+03    2.00274e+04    2.92812e+04    1.12175e+03    9.10587e+03
     Coulomb-14        LJ (SR)   Coulomb (SR)   Coul. recip.      Potential
    1.00332e+05    1.47490e+05   -1.48321e+06    8.73427e+03   -1.16015e+06
    Kinetic En.   Total Energy  Conserved En.    Temperature Pressure (bar)
    2.24624e+05   -9.35528e+05   -9.26856e+05    2.98636e+02   -1.40029e+01
   Constr. rmsd
    0.00000e+00

           Step           Time
        2300000     4600.00000

   Energies (kJ/mol)
           Bond          Angle    Proper Dih. Per. Imp. Dih.          LJ-14
    7.25280e+03    1.96004e+04    2.93724e+04    1.12170e+03    9.04691e+03
     Coulomb-14        LJ (SR)   Coulomb (SR)   Coul. recip.      Potential
    1.00153e+05    1.46127e+05   -1.48124e+06    8.66417e+03   -1.15990e+06
    Kinetic En.   Total Energy  Conserved En.    Temperature Pressure (bar)
    2.24973e+05   -9.34930e+05   -9.26862e+05    2.99100e+02   -5.23875e+01
   Constr. rmsd
    0.00000e+00

           Step           Time
        2305000     4610.00000

   Energies (kJ/mol)
           Bond          Angle    Proper Dih. Per. Imp. Dih.          LJ-14
    6.92508e+03    1.94558e+04    2.95676e+04    1.17078e+03    9.26264e+03
     Coulomb-14        LJ (SR)   Coulomb (SR)   Coul. recip.      Potential
    1.00532e+05    1.45545e+05   -1.48091e+06    8.76915e+03   -1.15968e+06
    Kinetic En.   Total Energy  Conserved En.    Temperature Pressure (bar)
    2.26263e+05   -9.33415e+05   -9.26888e+05    3.00814e+02   -7.98748e+01
   Constr. rmsd
    0.00000e+00

           Step           Time
        2310000     4620.00000

   Energies (kJ/mol)
           Bond          Angle    Proper Dih. Per. Imp. Dih.          LJ-14
    7.37521e+03    2.00438e+04    2.92660e+04    1.10517e+03    9.06423e+03
     Coulomb-14        LJ (SR)   Coulomb (SR)   Coul. recip.      Potential
    1.00655e+05    1.47565e+05   -1.48061e+06    8.70292e+03   -1.15683e+06
    Kinetic En.   Total Energy  Conserved En.    Temperature Pressure (bar)
    2.25412e+05   -9.31420e+05   -9.26790e+05    2.99683e+02   -2.17225e+01
   Constr. rmsd
    0.00000e+00

           Step           Time
        2315000     4630.00000

   Energies (kJ/mol)
           Bond          Angle    Proper Dih. Per. Imp. Dih.          LJ-14
    7.25597e+03    1.96433e+04    2.94943e+04    1.10608e+03    9.04884e+03
     Coulomb-14        LJ (SR)   Coulomb (SR)   Coul. recip.      Potential
    1.00462e+05    1.45583e+05   -1.47815e+06    8.61801e+03   -1.15694e+06
    Kinetic En.   Total Energy  Conserved En.    Temperature Pressure (bar)
    2.27163e+05   -9.29780e+05   -9.26828e+05    3.02011e+02   -1.61457e+02
   Constr. rmsd
    0.00000e+00

           Step           Time
        2320000     4640.00000

   Energies (kJ/mol)
           Bond          Angle    Proper Dih. Per. Imp. Dih.          LJ-14
    7.19929e+03    1.93565e+04    2.93340e+04    1.08396e+03    9.10721e+03
     Coulomb-14        LJ (SR)   Coulomb (SR)   Coul. recip.      Potential
    1.00556e+05    1.48110e+05   -1.48416e+06    8.60048e+03   -1.16081e+06
    Kinetic En.   Total Energy  Conserved En.    Temperature Pressure (bar)
    2.26211e+05   -9.34604e+05   -9.26773e+05    3.00745e+02    3.63277e+01
   Constr. rmsd
    0.00000e+00

           Step           Time
        2325000     4650.00000

   Energies (kJ/mol)
           Bond          Angle    Proper Dih. Per. Imp. Dih.          LJ-14
    7.33393e+03    1.97700e+04    2.95343e+04    1.14489e+03    9.07560e+03
     Coulomb-14        LJ (SR)   Coulomb (SR)   Coul. recip.      Potential
    1.00175e+05    1.49570e+05   -1.48502e+06    8.77013e+03   -1.15964e+06
    Kinetic En.   Total Energy  Conserved En.    Temperature Pressure (bar)
    2.26195e+05   -9.33447e+05   -9.26755e+05    3.00724e+02    5.14030e+01
   Constr. rmsd
    0.00000e+00

           Step           Time
        2330000     4660.00000

   Energies (kJ/mol)
           Bond          Angle    Proper Dih. Per. Imp. Dih.          LJ-14
    7.12844e+03    2.01900e+04    2.94303e+04    1.00686e+03    9.00739e+03
     Coulomb-14        LJ (SR)   Coulomb (SR)   Coul. recip.      Potential
    1.00248e+05    1.48469e+05   -1.48520e+06    8.74797e+03   -1.16097e+06
    Kinetic En.   Total Energy  Conserved En.    Temperature Pressure (bar)
    2.25654e+05   -9.35320e+05   -9.26733e+05    3.00005e+02    7.25639e+01
   Constr. rmsd
    0.00000e+00

           Step           Time
        2335000     4670.00000

   Energies (kJ/mol)
           Bond          Angle    Proper Dih. Per. Imp. Dih.          LJ-14
    7.21686e+03    1.98080e+04    2.94902e+04    1.09355e+03    9.21571e+03
     Coulomb-14        LJ (SR)   Coulomb (SR)   Coul. recip.      Potential
    1.00139e+05    1.47714e+05   -1.48240e+06    8.76471e+03   -1.15896e+06
    Kinetic En.   Total Energy  Conserved En.    Temperature Pressure (bar)
    2.25824e+05   -9.33137e+05   -9.26682e+05    3.00231e+02   -2.46809e+01
   Constr. rmsd
    0.00000e+00

           Step           Time
        2340000     4680.00000

   Energies (kJ/mol)
           Bond          Angle    Proper Dih. Per. Imp. Dih.          LJ-14
    7.27962e+03    1.98156e+04    2.93421e+04    1.11756e+03    9.07584e+03
     Coulomb-14        LJ (SR)   Coulomb (SR)   Coul. recip.      Potential
    1.00086e+05    1.44420e+05   -1.47874e+06    8.62011e+03   -1.15899e+06
    Kinetic En.   Total Energy  Conserved En.    Temperature Pressure (bar)
    2.25609e+05   -9.33376e+05   -9.26703e+05    2.99946e+02   -2.96524e+02
   Constr. rmsd
    0.00000e+00

           Step           Time
        2345000     4690.00000

   Energies (kJ/mol)
           Bond          Angle    Proper Dih. Per. Imp. Dih.          LJ-14
    7.31536e+03    1.99137e+04    2.93949e+04    1.13324e+03    9.17174e+03
     Coulomb-14        LJ (SR)   Coulomb (SR)   Coul. recip.      Potential
    1.00299e+05    1.48081e+05   -1.48237e+06    8.75394e+03   -1.15831e+06
    Kinetic En.   Total Energy  Conserved En.    Temperature Pressure (bar)
    2.27205e+05   -9.31104e+05   -9.26680e+05    3.02067e+02    1.77590e+02
   Constr. rmsd
    0.00000e+00

           Step           Time
        2350000     4700.00000

   Energies (kJ/mol)
           Bond          Angle    Proper Dih. Per. Imp. Dih.          LJ-14
    7.23711e+03    2.02685e+04    2.94854e+04    1.09491e+03    9.02160e+03
     Coulomb-14        LJ (SR)   Coulomb (SR)   Coul. recip.      Potential
    9.99638e+04    1.48065e+05   -1.48260e+06    8.68928e+03   -1.15877e+06
    Kinetic En.   Total Energy  Conserved En.    Temperature Pressure (bar)
    2.25759e+05   -9.33013e+05   -9.26630e+05    3.00145e+02   -2.50922e+01
   Constr. rmsd
    0.00000e+00

           Step           Time
        2355000     4710.00000

   Energies (kJ/mol)
           Bond          Angle    Proper Dih. Per. Imp. Dih.          LJ-14
    7.07153e+03    1.93873e+04    2.93296e+04    1.13477e+03    9.09514e+03
     Coulomb-14        LJ (SR)   Coulomb (SR)   Coul. recip.      Potential
    1.00350e+05    1.47565e+05   -1.48387e+06    8.70596e+03   -1.16123e+06
    Kinetic En.   Total Energy  Conserved En.    Temperature Pressure (bar)
    2.24182e+05   -9.37052e+05   -9.26636e+05    2.98048e+02    8.48117e+00
   Constr. rmsd
    0.00000e+00

           Step           Time
        2360000     4720.00000

   Energies (kJ/mol)
           Bond          Angle    Proper Dih. Per. Imp. Dih.          LJ-14
    7.12586e+03    1.99222e+04    2.94269e+04    1.09690e+03    9.17135e+03
     Coulomb-14        LJ (SR)   Coulomb (SR)   Coul. recip.      Potential
    9.99845e+04    1.48172e+05   -1.48049e+06    8.72496e+03   -1.15686e+06
    Kinetic En.   Total Energy  Conserved En.    Temperature Pressure (bar)
    2.23689e+05   -9.33175e+05   -9.26608e+05    2.97393e+02    1.01793e+02
   Constr. rmsd
    0.00000e+00

           Step           Time
        2365000     4730.00000

   Energies (kJ/mol)
           Bond          Angle    Proper Dih. Per. Imp. Dih.          LJ-14
    7.19924e+03    1.97209e+04    2.92174e+04    1.09863e+03    9.00911e+03
     Coulomb-14        LJ (SR)   Coulomb (SR)   Coul. recip.      Potential
    1.00070e+05    1.47561e+05   -1.48225e+06    8.71986e+03   -1.15965e+06
    Kinetic En.   Total Energy  Conserved En.    Temperature Pressure (bar)
    2.25180e+05   -9.34470e+05   -9.26578e+05    2.99375e+02   -1.43982e+01
   Constr. rmsd
    0.00000e+00

           Step           Time
        2370000     4740.00000

   Energies (kJ/mol)
           Bond          Angle    Proper Dih. Per. Imp. Dih.          LJ-14
    7.30392e+03    1.98945e+04    2.95209e+04    1.16223e+03    9.06811e+03
     Coulomb-14        LJ (SR)   Coulomb (SR)   Coul. recip.      Potential
    9.96966e+04    1.46582e+05   -1.47960e+06    8.66254e+03   -1.15771e+06
    Kinetic En.   Total Energy  Conserved En.    Temperature Pressure (bar)
    2.24921e+05   -9.32791e+05   -9.26503e+05    2.99031e+02   -6.42417e+01
   Constr. rmsd
    0.00000e+00

           Step           Time
        2375000     4750.00000

   Energies (kJ/mol)
           Bond          Angle    Proper Dih. Per. Imp. Dih.          LJ-14
    7.08129e+03    2.03915e+04    2.93859e+04    1.19051e+03    9.06528e+03
     Coulomb-14        LJ (SR)   Coulomb (SR)   Coul. recip.      Potential
    9.99977e+04    1.48450e+05   -1.48283e+06    8.78206e+03   -1.15849e+06
    Kinetic En.   Total Energy  Conserved En.    Temperature Pressure (bar)
    2.25448e+05   -9.33039e+05   -9.26468e+05    2.99730e+02    1.01514e+02
   Constr. rmsd
    0.00000e+00

           Step           Time
        2380000     4760.00000

   Energies (kJ/mol)
           Bond          Angle    Proper Dih. Per. Imp. Dih.          LJ-14
    7.20676e+03    1.95930e+04    2.95630e+04    1.14402e+03    9.15378e+03
     Coulomb-14        LJ (SR)   Coulomb (SR)   Coul. recip.      Potential
    1.00164e+05    1.48655e+05   -1.48277e+06    8.70307e+03   -1.15859e+06
    Kinetic En.   Total Energy  Conserved En.    Temperature Pressure (bar)
    2.24385e+05   -9.34202e+05   -9.26476e+05    2.98317e+02    1.54865e+02
   Constr. rmsd
    0.00000e+00

           Step           Time
        2385000     4770.00000

   Energies (kJ/mol)
           Bond          Angle    Proper Dih. Per. Imp. Dih.          LJ-14
    7.15558e+03    1.96891e+04    2.96642e+04    1.10889e+03    8.94385e+03
     Coulomb-14        LJ (SR)   Coulomb (SR)   Coul. recip.      Potential
    1.00511e+05    1.48965e+05   -1.48312e+06    8.66064e+03   -1.15842e+06
    Kinetic En.   Total Energy  Conserved En.    Temperature Pressure (bar)
    2.25344e+05   -9.33079e+05   -9.26488e+05    2.99593e+02    1.40362e+02
   Constr. rmsd
    0.00000e+00

           Step           Time
        2390000     4780.00000

   Energies (kJ/mol)
           Bond          Angle    Proper Dih. Per. Imp. Dih.          LJ-14
    7.01374e+03    2.00420e+04    2.96928e+04    1.14120e+03    9.10453e+03
     Coulomb-14        LJ (SR)   Coulomb (SR)   Coul. recip.      Potential
    1.00351e+05    1.48365e+05   -1.48263e+06    8.66951e+03   -1.15825e+06
    Kinetic En.   Total Energy  Conserved En.    Temperature Pressure (bar)
    2.27298e+05   -9.30953e+05   -9.26480e+05    3.02191e+02    1.18107e+02
   Constr. rmsd
    0.00000e+00

           Step           Time
        2395000     4790.00000

   Energies (kJ/mol)
           Bond          Angle    Proper Dih. Per. Imp. Dih.          LJ-14
    7.12352e+03    1.97011e+04    2.93361e+04    1.09471e+03    9.08814e+03
     Coulomb-14        LJ (SR)   Coulomb (SR)   Coul. recip.      Potential
    1.00220e+05    1.47059e+05   -1.47916e+06    8.85187e+03   -1.15668e+06
    Kinetic En.   Total Energy  Conserved En.    Temperature Pressure (bar)
    2.25595e+05   -9.31088e+05   -9.26418e+05    2.99926e+02    1.20293e+02
   Constr. rmsd
    0.00000e+00

           Step           Time
        2400000     4800.00000

   Energies (kJ/mol)
           Bond          Angle    Proper Dih. Per. Imp. Dih.          LJ-14
    6.99191e+03    1.96820e+04    2.94297e+04    1.09535e+03    8.97252e+03
     Coulomb-14        LJ (SR)   Coulomb (SR)   Coul. recip.      Potential
    1.00214e+05    1.47983e+05   -1.48323e+06    8.79097e+03   -1.16007e+06
    Kinetic En.   Total Energy  Conserved En.    Temperature Pressure (bar)
    2.25435e+05   -9.34632e+05   -9.26445e+05    2.99714e+02   -7.21168e+01
   Constr. rmsd
    0.00000e+00

           Step           Time
        2405000     4810.00000

   Energies (kJ/mol)
           Bond          Angle    Proper Dih. Per. Imp. Dih.          LJ-14
    6.92493e+03    1.97935e+04    2.95990e+04    1.11046e+03    9.14964e+03
     Coulomb-14        LJ (SR)   Coulomb (SR)   Coul. recip.      Potential
    1.00338e+05    1.48122e+05   -1.48384e+06    8.64477e+03   -1.16016e+06
    Kinetic En.   Total Energy  Conserved En.    Temperature Pressure (bar)
    2.26242e+05   -9.33917e+05   -9.26431e+05    3.00787e+02    8.64419e+01
   Constr. rmsd
    0.00000e+00

           Step           Time
        2410000     4820.00000

   Energies (kJ/mol)
           Bond          Angle    Proper Dih. Per. Imp. Dih.          LJ-14
    7.10528e+03    1.95810e+04    2.95142e+04    1.05405e+03    8.93457e+03
     Coulomb-14        LJ (SR)   Coulomb (SR)   Coul. recip.      Potential
    1.00131e+05    1.45877e+05   -1.48107e+06    8.63466e+03   -1.16023e+06
    Kinetic En.   Total Energy  Conserved En.    Temperature Pressure (bar)
    2.26348e+05   -9.33886e+05   -9.26415e+05    3.00927e+02   -2.79867e+02
   Constr. rmsd
    0.00000e+00

           Step           Time
        2415000     4830.00000

   Energies (kJ/mol)
           Bond          Angle    Proper Dih. Per. Imp. Dih.          LJ-14
    7.29367e+03    2.02577e+04    2.93517e+04    1.13156e+03    9.00311e+03
     Coulomb-14        LJ (SR)   Coulomb (SR)   Coul. recip.      Potential
    1.00038e+05    1.47548e+05   -1.48262e+06    8.73325e+03   -1.15926e+06
    Kinetic En.   Total Energy  Conserved En.    Temperature Pressure (bar)
    2.24564e+05   -9.34698e+05   -9.26312e+05    2.98556e+02   -6.16870e+01
   Constr. rmsd
    0.00000e+00

           Step           Time
        2420000     4840.00000

   Energies (kJ/mol)
           Bond          Angle    Proper Dih. Per. Imp. Dih.          LJ-14
    7.18121e+03    1.96936e+04    2.94975e+04    1.08816e+03    9.12676e+03
     Coulomb-14        LJ (SR)   Coulomb (SR)   Coul. recip.      Potential
    1.00023e+05    1.48523e+05   -1.48223e+06    8.62455e+03   -1.15847e+06
    Kinetic En.   Total Energy  Conserved En.    Temperature Pressure (bar)
    2.25099e+05   -9.33373e+05   -9.26322e+05    2.99267e+02    9.09285e+01
   Constr. rmsd
    0.00000e+00

           Step           Time
        2425000     4850.00000

   Energies (kJ/mol)
           Bond          Angle    Proper Dih. Per. Imp. Dih.          LJ-14
    7.12729e+03    1.99559e+04    2.94767e+04    1.09969e+03    9.25011e+03
     Coulomb-14        LJ (SR)   Coulomb (SR)   Coul. recip.      Potential
    1.00368e+05    1.47932e+05   -1.48181e+06    8.66600e+03   -1.15794e+06
    Kinetic En.   Total Energy  Conserved En.    Temperature Pressure (bar)
    2.25771e+05   -9.32165e+05   -9.26301e+05    3.00160e+02    6.15085e+01
   Constr. rmsd
    0.00000e+00

           Step           Time
        2430000     4860.00000

   Energies (kJ/mol)
           Bond          Angle    Proper Dih. Per. Imp. Dih.          LJ-14
    7.24704e+03    1.97914e+04    2.94523e+04    1.12949e+03    9.07881e+03
     Coulomb-14        LJ (SR)   Coulomb (SR)   Coul. recip.      Potential
    1.00211e+05    1.45319e+05   -1.47853e+06    8.74571e+03   -1.15756e+06
    Kinetic En.   Total Energy  Conserved En.    Temperature Pressure (bar)
    2.24922e+05   -9.32633e+05   -9.26297e+05    2.99031e+02   -8.60539e+01
   Constr. rmsd
    0.00000e+00

           Step           Time
        2435000     4870.00000

   Energies (kJ/mol)
           Bond          Angle    Proper Dih. Per. Imp. Dih.          LJ-14
    7.26234e+03    1.95975e+04    2.94711e+04    1.06014e+03    9.02493e+03
     Coulomb-14        LJ (SR)   Coulomb (SR)   Coul. recip.      Potential
    9.99794e+04    1.47432e+05   -1.47990e+06    8.68300e+03   -1.15739e+06
    Kinetic En.   Total Energy  Conserved En.    Temperature Pressure (bar)
    2.26018e+05   -9.31368e+05   -9.26297e+05    3.00489e+02   -3.80697e+01
   Constr. rmsd
    0.00000e+00

           Step           Time
        2440000     4880.00000

   Energies (kJ/mol)
           Bond          Angle    Proper Dih. Per. Imp. Dih.          LJ-14
    7.05854e+03    1.96857e+04    2.95688e+04    1.09290e+03    9.06254e+03
     Coulomb-14        LJ (SR)   Coulomb (SR)   Coul. recip.      Potential
    1.00014e+05    1.47202e+05   -1.48050e+06    8.58252e+03   -1.15823e+06
    Kinetic En.   Total Energy  Conserved En.    Temperature Pressure (bar)
    2.23902e+05   -9.34329e+05   -9.26250e+05    2.97675e+02    4.31280e+01
   Constr. rmsd
    0.00000e+00

           Step           Time
        2445000     4890.00000

   Energies (kJ/mol)
           Bond          Angle    Proper Dih. Per. Imp. Dih.          LJ-14
    7.42096e+03    1.97447e+04    2.94618e+04    1.08743e+03    9.08119e+03
     Coulomb-14        LJ (SR)   Coulomb (SR)   Coul. recip.      Potential
    1.00266e+05    1.46276e+05   -1.48026e+06    8.54983e+03   -1.15837e+06
    Kinetic En.   Total Energy  Conserved En.    Temperature Pressure (bar)
    2.26629e+05   -9.31741e+05   -9.26257e+05    3.01301e+02   -7.76714e+01
   Constr. rmsd
    0.00000e+00

           Step           Time
        2450000     4900.00000

   Energies (kJ/mol)
           Bond          Angle    Proper Dih. Per. Imp. Dih.          LJ-14
    7.46065e+03    1.99796e+04    2.94240e+04    1.10869e+03    9.11781e+03
     Coulomb-14        LJ (SR)   Coulomb (SR)   Coul. recip.      Potential
    9.99303e+04    1.46436e+05   -1.47888e+06    8.61144e+03   -1.15681e+06
    Kinetic En.   Total Energy  Conserved En.    Temperature Pressure (bar)
    2.26253e+05   -9.30554e+05   -9.26156e+05    3.00801e+02   -3.83721e+01
   Constr. rmsd
    0.00000e+00

           Step           Time
        2455000     4910.00000

   Energies (kJ/mol)
           Bond          Angle    Proper Dih. Per. Imp. Dih.          LJ-14
    7.21737e+03    1.98981e+04    2.91979e+04    1.12214e+03    9.05531e+03
     Coulomb-14        LJ (SR)   Coulomb (SR)   Coul. recip.      Potential
    1.00593e+05    1.46531e+05   -1.48059e+06    8.84416e+03   -1.15813e+06
    Kinetic En.   Total Energy  Conserved En.    Temperature Pressure (bar)
    2.24730e+05   -9.33403e+05   -9.26173e+05    2.98776e+02   -2.06577e+01
   Constr. rmsd
    0.00000e+00

           Step           Time
        2460000     4920.00000

   Energies (kJ/mol)
           Bond          Angle    Proper Dih. Per. Imp. Dih.          LJ-14
    6.81027e+03    2.00845e+04    2.95299e+04    1.09844e+03    9.12656e+03
     Coulomb-14        LJ (SR)   Coulomb (SR)   Coul. recip.      Potential
    1.00584e+05    1.48799e+05   -1.48578e+06    8.72374e+03   -1.16103e+06
    Kinetic En.   Total Energy  Conserved En.    Temperature Pressure (bar)
    2.24617e+05   -9.36411e+05   -9.26146e+05    2.98626e+02    8.35814e+01
   Constr. rmsd
    0.00000e+00

           Step           Time
        2465000     4930.00000

   Energies (kJ/mol)
           Bond          Angle    Proper Dih. Per. Imp. Dih.          LJ-14
    7.28075e+03    1.97512e+04    2.91757e+04    1.12103e+03    9.07380e+03
     Coulomb-14        LJ (SR)   Coulomb (SR)   Coul. recip.      Potential
    1.00355e+05    1.49860e+05   -1.48578e+06    8.73592e+03   -1.16043e+06
    Kinetic En.   Total Energy  Conserved En.    Temperature Pressure (bar)
    2.26230e+05   -9.34197e+05   -9.26093e+05    3.00771e+02    1.30606e+02
   Constr. rmsd
    0.00000e+00

           Step           Time
        2470000     4940.00000

   Energies (kJ/mol)
           Bond          Angle    Proper Dih. Per. Imp. Dih.          LJ-14
    7.18400e+03    1.99344e+04    2.93641e+04    1.10515e+03    8.85066e+03
     Coulomb-14        LJ (SR)   Coulomb (SR)   Coul. recip.      Potential
    1.00326e+05    1.46538e+05   -1.48150e+06    8.62978e+03   -1.15957e+06
    Kinetic En.   Total Energy  Conserved En.    Temperature Pressure (bar)
    2.25116e+05   -9.34453e+05   -9.26112e+05    2.99289e+02   -2.65165e+02
   Constr. rmsd
    0.00000e+00

           Step           Time
        2475000     4950.00000

   Energies (kJ/mol)
           Bond          Angle    Proper Dih. Per. Imp. Dih.          LJ-14
    7.13632e+03    1.97884e+04    2.94355e+04    1.17422e+03    9.13706e+03
     Coulomb-14        LJ (SR)   Coulomb (SR)   Coul. recip.      Potential
    1.00144e+05    1.47748e+05   -1.48305e+06    8.79200e+03   -1.15969e+06
    Kinetic En.   Total Energy  Conserved En.    Temperature Pressure (bar)
    2.26346e+05   -9.33347e+05   -9.26070e+05    3.00924e+02    4.74823e+01
   Constr. rmsd
    0.00000e+00

           Step           Time
        2480000     4960.00000

   Energies (kJ/mol)
           Bond          Angle    Proper Dih. Per. Imp. Dih.          LJ-14
    7.18013e+03    1.95381e+04    2.95206e+04    1.18446e+03    9.10041e+03
     Coulomb-14        LJ (SR)   Coulomb (SR)   Coul. recip.      Potential
    9.99723e+04    1.45356e+05   -1.48008e+06    8.62578e+03   -1.15960e+06
    Kinetic En.   Total Energy  Conserved En.    Temperature Pressure (bar)
    2.24846e+05   -9.34757e+05   -9.26063e+05    2.98931e+02   -5.65330e+01
   Constr. rmsd
    0.00000e+00

           Step           Time
        2485000     4970.00000

   Energies (kJ/mol)
           Bond          Angle    Proper Dih. Per. Imp. Dih.          LJ-14
    7.22371e+03    1.99842e+04    2.93161e+04    1.09213e+03    9.19995e+03
     Coulomb-14        LJ (SR)   Coulomb (SR)   Coul. recip.      Potential
    1.00351e+05    1.46379e+05   -1.48159e+06    8.57440e+03   -1.15947e+06
    Kinetic En.   Total Energy  Conserved En.    Temperature Pressure (bar)
    2.25047e+05   -9.34422e+05   -9.26041e+05    2.99198e+02    6.57341e+01
   Constr. rmsd
    0.00000e+00

           Step           Time
        2490000     4980.00000

   Energies (kJ/mol)
           Bond          Angle    Proper Dih. Per. Imp. Dih.          LJ-14
    7.27684e+03    1.95849e+04    2.94521e+04    1.12558e+03    9.13011e+03
     Coulomb-14        LJ (SR)   Coulomb (SR)   Coul. recip.      Potential
    1.00413e+05    1.47883e+05   -1.48234e+06    8.86547e+03   -1.15861e+06
    Kinetic En.   Total Energy  Conserved En.    Temperature Pressure (bar)
    2.25278e+05   -9.33335e+05   -9.26032e+05    2.99505e+02    4.41920e+01
   Constr. rmsd
    0.00000e+00

           Step           Time
        2495000     4990.00000

   Energies (kJ/mol)
           Bond          Angle    Proper Dih. Per. Imp. Dih.          LJ-14
    7.20093e+03    1.94006e+04    2.94767e+04    1.15466e+03    9.06367e+03
     Coulomb-14        LJ (SR)   Coulomb (SR)   Coul. recip.      Potential
    1.00517e+05    1.47314e+05   -1.48244e+06    8.45579e+03   -1.15986e+06
    Kinetic En.   Total Energy  Conserved En.    Temperature Pressure (bar)
    2.24178e+05   -9.35678e+05   -9.26023e+05    2.98043e+02   -1.73233e+01
   Constr. rmsd
    0.00000e+00

           Step           Time
        2500000     5000.00000

   Energies (kJ/mol)
           Bond          Angle    Proper Dih. Per. Imp. Dih.          LJ-14
    7.43960e+03    1.96830e+04    2.95355e+04    1.10464e+03    8.96823e+03
     Coulomb-14        LJ (SR)   Coulomb (SR)   Coul. recip.      Potential
    1.00303e+05    1.48069e+05   -1.48306e+06    8.80134e+03   -1.15916e+06
    Kinetic En.   Total Energy  Conserved En.    Temperature Pressure (bar)
    2.25033e+05   -9.34126e+05   -9.26010e+05    2.99179e+02   -7.58545e+01
   Constr. rmsd
    0.00000e+00

           Step           Time
        2505000     5010.00000

   Energies (kJ/mol)
           Bond          Angle    Proper Dih. Per. Imp. Dih.          LJ-14
    7.45217e+03    1.98132e+04    2.94836e+04    1.10909e+03    9.12869e+03
     Coulomb-14        LJ (SR)   Coulomb (SR)   Coul. recip.      Potential
    1.00423e+05    1.48146e+05   -1.48249e+06    8.69679e+03   -1.15824e+06
    Kinetic En.   Total Energy  Conserved En.    Temperature Pressure (bar)
    2.26871e+05   -9.31371e+05   -9.25982e+05    3.01623e+02    6.68027e+01
   Constr. rmsd
    0.00000e+00

           Step           Time
        2510000     5020.00000

   Energies (kJ/mol)
           Bond          Angle    Proper Dih. Per. Imp. Dih.          LJ-14
    7.25881e+03    2.00024e+04    2.94393e+04    1.12437e+03    9.00163e+03
     Coulomb-14        LJ (SR)   Coulomb (SR)   Coul. recip.      Potential
    1.00397e+05    1.47828e+05   -1.48216e+06    8.55369e+03   -1.15856e+06
    Kinetic En.   Total Energy  Conserved En.    Temperature Pressure (bar)
    2.25686e+05   -9.32872e+05   -9.25962e+05    3.00047e+02   -1.00966e+02
   Constr. rmsd
    0.00000e+00

           Step           Time
        2515000     5030.00000

   Energies (kJ/mol)
           Bond          Angle    Proper Dih. Per. Imp. Dih.          LJ-14
    7.17964e+03    1.94485e+04    2.95575e+04    1.12938e+03    8.93393e+03
     Coulomb-14        LJ (SR)   Coulomb (SR)   Coul. recip.      Potential
    1.00217e+05    1.46768e+05   -1.48184e+06    8.52506e+03   -1.16008e+06
    Kinetic En.   Total Energy  Conserved En.    Temperature Pressure (bar)
    2.25769e+05   -9.34308e+05   -9.26044e+05    3.00158e+02   -1.03072e+02
   Constr. rmsd
    0.00000e+00

           Step           Time
        2520000     5040.00000

   Energies (kJ/mol)
           Bond          Angle    Proper Dih. Per. Imp. Dih.          LJ-14
    7.19206e+03    1.95860e+04    2.93014e+04    1.14459e+03    9.04573e+03
     Coulomb-14        LJ (SR)   Coulomb (SR)   Coul. recip.      Potential
    1.00533e+05    1.50016e+05   -1.48761e+06    8.81251e+03   -1.16198e+06
    Kinetic En.   Total Energy  Conserved En.    Temperature Pressure (bar)
    2.25324e+05   -9.36656e+05   -9.25947e+05    2.99566e+02    7.64819e+01
   Constr. rmsd
    0.00000e+00

           Step           Time
        2525000     5050.00000

   Energies (kJ/mol)
           Bond          Angle    Proper Dih. Per. Imp. Dih.          LJ-14
    7.16418e+03    1.96713e+04    2.94651e+04    1.06679e+03    9.06657e+03
     Coulomb-14        LJ (SR)   Coulomb (SR)   Coul. recip.      Potential
    1.00462e+05    1.48036e+05   -1.48233e+06    8.63144e+03   -1.15877e+06
    Kinetic En.   Total Energy  Conserved En.    Temperature Pressure (bar)
    2.24966e+05   -9.33803e+05   -9.25969e+05    2.99090e+02    4.07909e+00
   Constr. rmsd
    0.00000e+00

           Step           Time
        2530000     5060.00000

   Energies (kJ/mol)
           Bond          Angle    Proper Dih. Per. Imp. Dih.          LJ-14
    7.23151e+03    1.95321e+04    2.92974e+04    1.14319e+03    9.07996e+03
     Coulomb-14        LJ (SR)   Coulomb (SR)   Coul. recip.      Potential
    1.00352e+05    1.47642e+05   -1.48379e+06    8.74882e+03   -1.16076e+06
    Kinetic En.   Total Energy  Conserved En.    Temperature Pressure (bar)
    2.24742e+05   -9.36023e+05   -9.25936e+05    2.98792e+02   -2.31332e+01
   Constr. rmsd
    0.00000e+00

           Step           Time
        2535000     5070.00000

   Energies (kJ/mol)
           Bond          Angle    Proper Dih. Per. Imp. Dih.          LJ-14
    7.17304e+03    1.99602e+04    2.93955e+04    1.13271e+03    9.09727e+03
     Coulomb-14        LJ (SR)   Coulomb (SR)   Coul. recip.      Potential
    1.00139e+05    1.46761e+05   -1.48087e+06    8.75017e+03   -1.15846e+06
    Kinetic En.   Total Energy  Conserved En.    Temperature Pressure (bar)
    2.25681e+05   -9.32783e+05   -9.25896e+05    3.00041e+02   -3.61463e+01
   Constr. rmsd
    0.00000e+00

           Step           Time
        2540000     5080.00000

   Energies (kJ/mol)
           Bond          Angle    Proper Dih. Per. Imp. Dih.          LJ-14
    7.21645e+03    2.00598e+04    2.92484e+04    1.17512e+03    9.04154e+03
     Coulomb-14        LJ (SR)   Coulomb (SR)   Coul. recip.      Potential
    1.00091e+05    1.45364e+05   -1.47796e+06    8.69119e+03   -1.15708e+06
    Kinetic En.   Total Energy  Conserved En.    Temperature Pressure (bar)
    2.26186e+05   -9.30890e+05   -9.25907e+05    3.00712e+02   -1.41703e+02
   Constr. rmsd
    0.00000e+00

           Step           Time
        2545000     5090.00000

   Energies (kJ/mol)
           Bond          Angle    Proper Dih. Per. Imp. Dih.          LJ-14
    6.92991e+03    1.97038e+04    2.95282e+04    1.11625e+03    9.02105e+03
     Coulomb-14        LJ (SR)   Coulomb (SR)   Coul. recip.      Potential
    1.00297e+05    1.46211e+05   -1.48225e+06    8.79919e+03   -1.16064e+06
    Kinetic En.   Total Energy  Conserved En.    Temperature Pressure (bar)
    2.23864e+05   -9.36779e+05   -9.25853e+05    2.97625e+02   -1.47874e+02
   Constr. rmsd
    0.00000e+00

           Step           Time
        2550000     5100.00000

   Energies (kJ/mol)
           Bond          Angle    Proper Dih. Per. Imp. Dih.          LJ-14
    6.90815e+03    2.00090e+04    2.93172e+04    1.11299e+03    9.14036e+03
     Coulomb-14        LJ (SR)   Coulomb (SR)   Coul. recip.      Potential
    1.00330e+05    1.46327e+05   -1.48083e+06    8.64159e+03   -1.15905e+06
    Kinetic En.   Total Energy  Conserved En.    Temperature Pressure (bar)
    2.25396e+05   -9.33650e+05   -9.25834e+05    2.99662e+02   -2.04772e+01
   Constr. rmsd
    0.00000e+00

           Step           Time
        2555000     5110.00000

   Energies (kJ/mol)
           Bond          Angle    Proper Dih. Per. Imp. Dih.          LJ-14
    6.85825e+03    1.99317e+04    2.94525e+04    1.13515e+03    9.05014e+03
     Coulomb-14        LJ (SR)   Coulomb (SR)   Coul. recip.      Potential
    1.00217e+05    1.46817e+05   -1.48150e+06    8.60828e+03   -1.15943e+06
    Kinetic En.   Total Energy  Conserved En.    Temperature Pressure (bar)
    2.26041e+05   -9.33386e+05   -9.25840e+05    3.00519e+02   -8.40820e+01
   Constr. rmsd
    0.00000e+00

           Step           Time
        2560000     5120.00000

   Energies (kJ/mol)
           Bond          Angle    Proper Dih. Per. Imp. Dih.          LJ-14
    7.10057e+03    1.94085e+04    2.92438e+04    1.11662e+03    9.05396e+03
     Coulomb-14        LJ (SR)   Coulomb (SR)   Coul. recip.      Potential
    1.00507e+05    1.49998e+05   -1.48674e+06    8.51239e+03   -1.16180e+06
    Kinetic En.   Total Energy  Conserved En.    Temperature Pressure (bar)
    2.24988e+05   -9.36816e+05   -9.25826e+05    2.99120e+02    1.35985e+02
   Constr. rmsd
    0.00000e+00

           Step           Time
        2565000     5130.00000

   Energies (kJ/mol)
           Bond          Angle    Proper Dih. Per. Imp. Dih.          LJ-14
    7.26192e+03    2.00478e+04    2.94298e+04    1.06912e+03    9.08676e+03
     Coulomb-14        LJ (SR)   Coulomb (SR)   Coul. recip.      Potential
    9.99811e+04    1.49507e+05   -1.48401e+06    8.68968e+03   -1.15893e+06
    Kinetic En.   Total Energy  Conserved En.    Temperature Pressure (bar)
    2.25476e+05   -9.33458e+05   -9.25781e+05    2.99768e+02    7.25034e+01
   Constr. rmsd
    0.00000e+00

           Step           Time
        2570000     5140.00000

   Energies (kJ/mol)
           Bond          Angle    Proper Dih. Per. Imp. Dih.          LJ-14
    7.08337e+03    1.99303e+04    2.94903e+04    1.06392e+03    9.22443e+03
     Coulomb-14        LJ (SR)   Coulomb (SR)   Coul. recip.      Potential
    1.00621e+05    1.48024e+05   -1.48199e+06    8.51055e+03   -1.15804e+06
    Kinetic En.   Total Energy  Conserved En.    Temperature Pressure (bar)
    2.25699e+05   -9.32341e+05   -9.25771e+05    3.00065e+02   -3.54231e+00
   Constr. rmsd
    0.00000e+00

           Step           Time
        2575000     5150.00000

   Energies (kJ/mol)
           Bond          Angle    Proper Dih. Per. Imp. Dih.          LJ-14
    7.28846e+03    1.97184e+04    2.93705e+04    1.13280e+03    9.04943e+03
     Coulomb-14        LJ (SR)   Coulomb (SR)   Coul. recip.      Potential
    1.00657e+05    1.48798e+05   -1.48386e+06    8.73732e+03   -1.15911e+06
    Kinetic En.   Total Energy  Conserved En.    Temperature Pressure (bar)
    2.25736e+05   -9.33375e+05   -9.25719e+05    3.00114e+02    9.77611e+01
   Constr. rmsd
    0.00000e+00

           Step           Time
        2580000     5160.00000

   Energies (kJ/mol)
           Bond          Angle    Proper Dih. Per. Imp. Dih.          LJ-14
    6.96410e+03    2.01058e+04    2.94830e+04    1.13375e+03    9.11718e+03
     Coulomb-14        LJ (SR)   Coulomb (SR)   Coul. recip.      Potential
    1.00247e+05    1.46990e+05   -1.48123e+06    8.54773e+03   -1.15864e+06
    Kinetic En.   Total Energy  Conserved En.    Temperature Pressure (bar)
    2.25572e+05   -9.33069e+05   -9.25700e+05    2.99896e+02    6.26632e+01
   Constr. rmsd
    0.00000e+00

           Step           Time
        2585000     5170.00000

   Energies (kJ/mol)
           Bond          Angle    Proper Dih. Per. Imp. Dih.          LJ-14
    7.23005e+03    1.96101e+04    2.96116e+04    1.07234e+03    9.20611e+03
     Coulomb-14        LJ (SR)   Coulomb (SR)   Coul. recip.      Potential
    1.00449e+05    1.46075e+05   -1.48008e+06    8.72733e+03   -1.15809e+06
    Kinetic En.   Total Energy  Conserved En.    Temperature Pressure (bar)
    2.24987e+05   -9.33107e+05   -9.25690e+05    2.99118e+02   -9.05701e+00
   Constr. rmsd
    0.00000e+00

           Step           Time
        2590000     5180.00000

   Energies (kJ/mol)
           Bond          Angle    Proper Dih. Per. Imp. Dih.          LJ-14
    7.09201e+03    1.96104e+04    2.94911e+04    1.15658e+03    9.17496e+03
     Coulomb-14        LJ (SR)   Coulomb (SR)   Coul. recip.      Potential
    1.00358e+05    1.48451e+05   -1.48432e+06    8.65947e+03   -1.16033e+06
    Kinetic En.   Total Energy  Conserved En.    Temperature Pressure (bar)
    2.26325e+05   -9.34002e+05   -9.25729e+05    3.00897e+02   -1.81437e+01
   Constr. rmsd
    0.00000e+00

           Step           Time
        2595000     5190.00000

   Energies (kJ/mol)
           Bond          Angle    Proper Dih. Per. Imp. Dih.          LJ-14
    7.30113e+03    2.01326e+04    2.94560e+04    1.10683e+03    9.09071e+03
     Coulomb-14        LJ (SR)   Coulomb (SR)   Coul. recip.      Potential
    1.00456e+05    1.46237e+05   -1.48064e+06    8.52763e+03   -1.15833e+06
    Kinetic En.   Total Energy  Conserved En.    Temperature Pressure (bar)
    2.26723e+05   -9.31610e+05   -9.25673e+05    3.01426e+02   -5.21845e+01
   Constr. rmsd
    0.00000e+00

           Step           Time
        2600000     5200.00000

   Energies (kJ/mol)
           Bond          Angle    Proper Dih. Per. Imp. Dih.          LJ-14
    7.03769e+03    1.98976e+04    2.95000e+04    1.10813e+03    8.96740e+03
     Coulomb-14        LJ (SR)   Coulomb (SR)   Coul. recip.      Potential
    1.00477e+05    1.46327e+05   -1.48068e+06    8.77429e+03   -1.15859e+06
    Kinetic En.   Total Energy  Conserved En.    Temperature Pressure (bar)
    2.25931e+05   -9.32658e+05   -9.25652e+05    3.00373e+02   -1.29354e+02
   Constr. rmsd
    0.00000e+00

           Step           Time
        2605000     5210.00000

   Energies (kJ/mol)
           Bond          Angle    Proper Dih. Per. Imp. Dih.          LJ-14
    7.23066e+03    1.96189e+04    2.95828e+04    1.11972e+03    9.01890e+03
     Coulomb-14        LJ (SR)   Coulomb (SR)   Coul. recip.      Potential
    1.00185e+05    1.47786e+05   -1.48094e+06    8.80034e+03   -1.15760e+06
    Kinetic En.   Total Energy  Conserved En.    Temperature Pressure (bar)
    2.25651e+05   -9.31950e+05   -9.25685e+05    3.00001e+02   -1.31090e+02
   Constr. rmsd
    0.00000e+00

           Step           Time
        2610000     5220.00000

   Energies (kJ/mol)
           Bond          Angle    Proper Dih. Per. Imp. Dih.          LJ-14
    7.35954e+03    1.98784e+04    2.92583e+04    1.09326e+03    9.12687e+03
     Coulomb-14        LJ (SR)   Coulomb (SR)   Coul. recip.      Potential
    1.00019e+05    1.46250e+05   -1.48009e+06    8.78679e+03   -1.15832e+06
    Kinetic En.   Total Energy  Conserved En.    Temperature Pressure (bar)
    2.26003e+05   -9.32316e+05   -9.25626e+05    3.00468e+02   -7.50532e+01
   Constr. rmsd
    0.00000e+00

           Step           Time
        2615000     5230.00000

   Energies (kJ/mol)
           Bond          Angle    Proper Dih. Per. Imp. Dih.          LJ-14
    6.98446e+03    2.02287e+04    2.95234e+04    1.14946e+03    9.10795e+03
     Coulomb-14        LJ (SR)   Coulomb (SR)   Coul. recip.      Potential
    1.00340e+05    1.47224e+05   -1.48108e+06    8.66894e+03   -1.15785e+06
    Kinetic En.   Total Energy  Conserved En.    Temperature Pressure (bar)
    2.25495e+05   -9.32354e+05   -9.25608e+05    2.99793e+02    1.11402e+02
   Constr. rmsd
    0.00000e+00

           Step           Time
        2620000     5240.00000

   Energies (kJ/mol)
           Bond          Angle    Proper Dih. Per. Imp. Dih.          LJ-14
    7.23327e+03    1.96523e+04    2.96107e+04    1.05452e+03    9.00076e+03
     Coulomb-14        LJ (SR)   Coulomb (SR)   Coul. recip.      Potential
    1.00007e+05    1.47186e+05   -1.48027e+06    8.57057e+03   -1.15795e+06
    Kinetic En.   Total Energy  Conserved En.    Temperature Pressure (bar)
    2.25875e+05   -9.32078e+05   -9.25599e+05    3.00298e+02   -1.57400e+01
   Constr. rmsd
    0.00000e+00

           Step           Time
        2625000     5250.00000

   Energies (kJ/mol)
           Bond          Angle    Proper Dih. Per. Imp. Dih.          LJ-14
    6.84742e+03    1.96227e+04    2.95342e+04    1.16119e+03    8.95413e+03
     Coulomb-14        LJ (SR)   Coulomb (SR)   Coul. recip.      Potential
    1.00160e+05    1.47406e+05   -1.48392e+06    8.58320e+03   -1.16165e+06
    Kinetic En.   Total Energy  Conserved En.    Temperature Pressure (bar)
    2.26035e+05   -9.35614e+05   -9.25598e+05    3.00512e+02   -3.23783e+01
   Constr. rmsd
    0.00000e+00

           Step           Time
        2630000     5260.00000

   Energies (kJ/mol)
           Bond          Angle    Proper Dih. Per. Imp. Dih.          LJ-14
    7.05069e+03    1.97854e+04    2.95095e+04    1.03067e+03    9.03278e+03
     Coulomb-14        LJ (SR)   Coulomb (SR)   Coul. recip.      Potential
    1.00582e+05    1.47784e+05   -1.48353e+06    8.66011e+03   -1.16009e+06
    Kinetic En.   Total Energy  Conserved En.    Temperature Pressure (bar)
    2.25984e+05   -9.34111e+05   -9.25576e+05    3.00444e+02   -6.84076e+01
   Constr. rmsd
    0.00000e+00

           Step           Time
        2635000     5270.00000

   Energies (kJ/mol)
           Bond          Angle    Proper Dih. Per. Imp. Dih.          LJ-14
    7.27162e+03    1.98886e+04    2.92971e+04    1.01242e+03    9.08223e+03
     Coulomb-14        LJ (SR)   Coulomb (SR)   Coul. recip.      Potential
    1.00215e+05    1.47858e+05   -1.48084e+06    8.60976e+03   -1.15760e+06
    Kinetic En.   Total Energy  Conserved En.    Temperature Pressure (bar)
    2.24182e+05   -9.33421e+05   -9.25496e+05    2.98048e+02    3.62070e+01
   Constr. rmsd
    0.00000e+00

           Step           Time
        2640000     5280.00000

   Energies (kJ/mol)
           Bond          Angle    Proper Dih. Per. Imp. Dih.          LJ-14
    7.02992e+03    1.94096e+04    2.95610e+04    1.19540e+03    9.11297e+03
     Coulomb-14        LJ (SR)   Coulomb (SR)   Coul. recip.      Potential
    1.00349e+05    1.47669e+05   -1.48210e+06    8.77073e+03   -1.15900e+06
    Kinetic En.   Total Energy  Conserved En.    Temperature Pressure (bar)
    2.24926e+05   -9.34077e+05   -9.25462e+05    2.99037e+02   -1.16952e+01
   Constr. rmsd
    0.00000e+00

           Step           Time
        2645000     5290.00000

   Energies (kJ/mol)
           Bond          Angle    Proper Dih. Per. Imp. Dih.          LJ-14
    7.03496e+03    1.93005e+04    2.93870e+04    1.10993e+03    9.19746e+03
     Coulomb-14        LJ (SR)   Coulomb (SR)   Coul. recip.      Potential
    1.00545e+05    1.47470e+05   -1.48347e+06    8.88419e+03   -1.16054e+06
    Kinetic En.   Total Energy  Conserved En.    Temperature Pressure (bar)
    2.25526e+05   -9.35017e+05   -9.25465e+05    2.99834e+02   -1.96222e+01
   Constr. rmsd
    0.00000e+00

           Step           Time
        2650000     5300.00000

   Energies (kJ/mol)
           Bond          Angle    Proper Dih. Per. Imp. Dih.          LJ-14
    6.98257e+03    1.98046e+04    2.93404e+04    1.15731e+03    9.20190e+03
     Coulomb-14        LJ (SR)   Coulomb (SR)   Coul. recip.      Potential
    1.00286e+05    1.48933e+05   -1.48296e+06    8.68574e+03   -1.15857e+06
    Kinetic En.   Total Energy  Conserved En.    Temperature Pressure (bar)
    2.25007e+05   -9.33565e+05   -9.25427e+05    2.99145e+02    2.16707e+02
   Constr. rmsd
    0.00000e+00

           Step           Time
        2655000     5310.00000

   Energies (kJ/mol)
           Bond          Angle    Proper Dih. Per. Imp. Dih.          LJ-14
    7.37075e+03    1.99293e+04    2.94486e+04    1.05643e+03    9.02333e+03
     Coulomb-14        LJ (SR)   Coulomb (SR)   Coul. recip.      Potential
    1.00235e+05    1.47037e+05   -1.47942e+06    8.70663e+03   -1.15661e+06
    Kinetic En.   Total Energy  Conserved En.    Temperature Pressure (bar)
    2.26251e+05   -9.30363e+05   -9.25378e+05    3.00798e+02    3.48352e+01
   Constr. rmsd
    0.00000e+00

           Step           Time
        2660000     5320.00000

   Energies (kJ/mol)
           Bond          Angle    Proper Dih. Per. Imp. Dih.          LJ-14
    7.00460e+03    1.95332e+04    2.95436e+04    1.11959e+03    9.10799e+03
     Coulomb-14        LJ (SR)   Coulomb (SR)   Coul. recip.      Potential
    1.00297e+05    1.47194e+05   -1.48163e+06    8.67184e+03   -1.15915e+06
    Kinetic En.   Total Energy  Conserved En.    Temperature Pressure (bar)
    2.25373e+05   -9.33782e+05   -9.25400e+05    2.99631e+02    3.38325e+01
   Constr. rmsd
    0.00000e+00

           Step           Time
        2665000     5330.00000

   Energies (kJ/mol)
           Bond          Angle    Proper Dih. Per. Imp. Dih.          LJ-14
    7.27701e+03    1.97990e+04    2.93682e+04    1.02291e+03    9.01997e+03
     Coulomb-14        LJ (SR)   Coulomb (SR)   Coul. recip.      Potential
    9.99598e+04    1.45838e+05   -1.47822e+06    8.68648e+03   -1.15725e+06
    Kinetic En.   Total Energy  Conserved En.    Temperature Pressure (bar)
    2.25964e+05   -9.31288e+05   -9.25384e+05    3.00418e+02   -1.33482e+02
   Constr. rmsd
    0.00000e+00

           Step           Time
        2670000     5340.00000

   Energies (kJ/mol)
           Bond          Angle    Proper Dih. Per. Imp. Dih.          LJ-14
    7.05775e+03    1.99421e+04    2.95198e+04    1.07819e+03    9.00374e+03
     Coulomb-14        LJ (SR)   Coulomb (SR)   Coul. recip.      Potential
    1.00717e+05    1.46289e+05   -1.48202e+06    8.69364e+03   -1.15972e+06
    Kinetic En.   Total Energy  Conserved En.    Temperature Pressure (bar)
    2.25828e+05   -9.33892e+05   -9.25314e+05    3.00236e+02   -1.67815e+01
   Constr. rmsd
    0.00000e+00

           Step           Time
        2675000     5350.00000

   Energies (kJ/mol)
           Bond          Angle    Proper Dih. Per. Imp. Dih.          LJ-14
    7.11684e+03    1.99726e+04    2.94234e+04    1.10352e+03    9.14914e+03
     Coulomb-14        LJ (SR)   Coulomb (SR)   Coul. recip.      Potential
    1.00320e+05    1.47654e+05   -1.48305e+06    8.65466e+03   -1.15966e+06
    Kinetic En.   Total Energy  Conserved En.    Temperature Pressure (bar)
    2.25380e+05   -9.34276e+05   -9.25295e+05    2.99640e+02    9.80803e+01
   Constr. rmsd
    0.00000e+00

           Step           Time
        2680000     5360.00000

   Energies (kJ/mol)
           Bond          Angle    Proper Dih. Per. Imp. Dih.          LJ-14
    7.22226e+03    1.93971e+04    2.95377e+04    1.10434e+03    9.00683e+03
     Coulomb-14        LJ (SR)   Coulomb (SR)   Coul. recip.      Potential
    1.00620e+05    1.47773e+05   -1.48256e+06    8.69949e+03   -1.15920e+06
    Kinetic En.   Total Energy  Conserved En.    Temperature Pressure (bar)
    2.24687e+05   -9.34513e+05   -9.25274e+05    2.98719e+02   -9.49817e+01
   Constr. rmsd
    0.00000e+00

           Step           Time
        2685000     5370.00000

   Energies (kJ/mol)
           Bond          Angle    Proper Dih. Per. Imp. Dih.          LJ-14
    6.89983e+03    1.97743e+04    2.95433e+04    1.20249e+03    9.11819e+03
     Coulomb-14        LJ (SR)   Coulomb (SR)   Coul. recip.      Potential
    1.00580e+05    1.48240e+05   -1.48421e+06    8.75545e+03   -1.16010e+06
    Kinetic En.   Total Energy  Conserved En.    Temperature Pressure (bar)
    2.25502e+05   -9.34599e+05   -9.25256e+05    2.99803e+02    2.04942e+01
   Constr. rmsd
    0.00000e+00

           Step           Time
        2690000     5380.00000

   Energies (kJ/mol)
           Bond          Angle    Proper Dih. Per. Imp. Dih.          LJ-14
    7.09561e+03    1.99435e+04    2.95342e+04    1.06642e+03    8.96971e+03
     Coulomb-14        LJ (SR)   Coulomb (SR)   Coul. recip.      Potential
    1.00247e+05    1.46863e+05   -1.48114e+06    8.54223e+03   -1.15888e+06
    Kinetic En.   Total Energy  Conserved En.    Temperature Pressure (bar)
    2.25265e+05   -9.33615e+05   -9.25255e+05    2.99488e+02   -1.03845e+02
   Constr. rmsd
    0.00000e+00

           Step           Time
        2695000     5390.00000

   Energies (kJ/mol)
           Bond          Angle    Proper Dih. Per. Imp. Dih.          LJ-14
    6.85080e+03    1.97081e+04    2.96180e+04    1.15947e+03    9.06353e+03
     Coulomb-14        LJ (SR)   Coulomb (SR)   Coul. recip.      Potential
    1.00285e+05    1.49821e+05   -1.48575e+06    8.69277e+03   -1.16055e+06
    Kinetic En.   Total Energy  Conserved En.    Temperature Pressure (bar)
    2.24963e+05   -9.35586e+05   -9.25247e+05    2.99086e+02    9.77338e+01
   Constr. rmsd
    0.00000e+00

           Step           Time
        2700000     5400.00000

   Energies (kJ/mol)
           Bond          Angle    Proper Dih. Per. Imp. Dih.          LJ-14
    7.53341e+03    1.98807e+04    2.92946e+04    1.05457e+03    9.11432e+03
     Coulomb-14        LJ (SR)   Coulomb (SR)   Coul. recip.      Potential
    1.00406e+05    1.47981e+05   -1.48376e+06    8.62182e+03   -1.15987e+06
    Kinetic En.   Total Energy  Conserved En.    Temperature Pressure (bar)
    2.25538e+05   -9.34333e+05   -9.25159e+05    2.99851e+02   -3.32221e+01
   Constr. rmsd
    0.00000e+00

           Step           Time
        2705000     5410.00000

   Energies (kJ/mol)
           Bond          Angle    Proper Dih. Per. Imp. Dih.          LJ-14
    7.22758e+03    1.96459e+04    2.96911e+04    1.13016e+03    9.07560e+03
     Coulomb-14        LJ (SR)   Coulomb (SR)   Coul. recip.      Potential
    1.00246e+05    1.46431e+05   -1.48229e+06    8.57022e+03   -1.16027e+06
    Kinetic En.   Total Energy  Conserved En.    Temperature Pressure (bar)
    2.26670e+05   -9.33605e+05   -9.25172e+05    3.01355e+02   -8.59502e+00
   Constr. rmsd
    0.00000e+00

           Step           Time
        2710000     5420.00000

   Energies (kJ/mol)
           Bond          Angle    Proper Dih. Per. Imp. Dih.          LJ-14
    7.07895e+03    1.96401e+04    2.92214e+04    1.09598e+03    9.04924e+03
     Coulomb-14        LJ (SR)   Coulomb (SR)   Coul. recip.      Potential
    1.00706e+05    1.48348e+05   -1.48195e+06    8.74012e+03   -1.15807e+06
    Kinetic En.   Total Energy  Conserved En.    Temperature Pressure (bar)
    2.26152e+05   -9.31914e+05   -9.25188e+05    3.00667e+02    5.06790e+01
   Constr. rmsd
    0.00000e+00

           Step           Time
        2715000     5430.00000

   Energies (kJ/mol)
           Bond          Angle    Proper Dih. Per. Imp. Dih.          LJ-14
    7.25975e+03    1.98856e+04    2.94786e+04    1.18286e+03    8.91766e+03
     Coulomb-14        LJ (SR)   Coulomb (SR)   Coul. recip.      Potential
    1.00342e+05    1.47092e+05   -1.48190e+06    8.76577e+03   -1.15897e+06
    Kinetic En.   Total Energy  Conserved En.    Temperature Pressure (bar)
    2.25736e+05   -9.33236e+05   -9.25107e+05    3.00114e+02    1.61567e+01
   Constr. rmsd
    0.00000e+00

           Step           Time
        2720000     5440.00000

   Energies (kJ/mol)
           Bond          Angle    Proper Dih. Per. Imp. Dih.          LJ-14
    7.17078e+03    1.94647e+04    2.95656e+04    1.07776e+03    9.13087e+03
     Coulomb-14        LJ (SR)   Coulomb (SR)   Coul. recip.      Potential
    1.00519e+05    1.47721e+05   -1.48295e+06    8.75027e+03   -1.15955e+06
    Kinetic En.   Total Energy  Conserved En.    Temperature Pressure (bar)
    2.25665e+05   -9.33890e+05   -9.25116e+05    3.00019e+02    1.08937e+02
   Constr. rmsd
    0.00000e+00

           Step           Time
        2725000     5450.00000

   Energies (kJ/mol)
           Bond          Angle    Proper Dih. Per. Imp. Dih.          LJ-14
    7.11490e+03    2.00143e+04    2.91849e+04    1.15456e+03    9.02728e+03
     Coulomb-14        LJ (SR)   Coulomb (SR)   Coul. recip.      Potential
    1.00672e+05    1.46394e+05   -1.48034e+06    8.78128e+03   -1.15800e+06
    Kinetic En.   Total Energy  Conserved En.    Temperature Pressure (bar)
    2.25057e+05   -9.32939e+05   -9.25071e+05    2.99211e+02    5.67643e+00
   Constr. rmsd
    0.00000e+00

           Step           Time
        2730000     5460.00000

   Energies (kJ/mol)
           Bond          Angle    Proper Dih. Per. Imp. Dih.          LJ-14
    7.01949e+03    1.98572e+04    2.94938e+04    1.02957e+03    9.12274e+03
     Coulomb-14        LJ (SR)   Coulomb (SR)   Coul. recip.      Potential
    1.00572e+05    1.47875e+05   -1.48114e+06    8.76411e+03   -1.15740e+06
    Kinetic En.   Total Energy  Conserved En.    Temperature Pressure (bar)
    2.26084e+05   -9.31321e+05   -9.25068e+05    3.00577e+02    1.77471e+02
   Constr. rmsd
    0.00000e+00

           Step           Time
        2735000     5470.00000

   Energies (kJ/mol)
           Bond          Angle    Proper Dih. Per. Imp. Dih.          LJ-14
    7.18895e+03    1.95676e+04    2.95301e+04    1.08644e+03    9.05772e+03
     Coulomb-14        LJ (SR)   Coulomb (SR)   Coul. recip.      Potential
    1.00226e+05    1.48072e+05   -1.48225e+06    8.52588e+03   -1.15899e+06
    Kinetic En.   Total Energy  Conserved En.    Temperature Pressure (bar)
    2.25558e+05   -9.33434e+05   -9.25079e+05    2.99877e+02    4.44674e+01
   Constr. rmsd
    0.00000e+00

           Step           Time
        2740000     5480.00000

   Energies (kJ/mol)
           Bond          Angle    Proper Dih. Per. Imp. Dih.          LJ-14
    7.18540e+03    2.00368e+04    2.94996e+04    1.16335e+03    9.09628e+03
     Coulomb-14        LJ (SR)   Coulomb (SR)   Coul. recip.      Potential
    1.00146e+05    1.48183e+05   -1.48148e+06    8.85748e+03   -1.15731e+06
    Kinetic En.   Total Energy  Conserved En.    Temperature Pressure (bar)
    2.26070e+05   -9.31239e+05   -9.25035e+05    3.00558e+02    1.30472e+02
   Constr. rmsd
    0.00000e+00

           Step           Time
        2745000     5490.00000

   Energies (kJ/mol)
           Bond          Angle    Proper Dih. Per. Imp. Dih.          LJ-14
    6.92053e+03    1.98328e+04    2.97090e+04    1.15140e+03    8.92193e+03
     Coulomb-14        LJ (SR)   Coulomb (SR)   Coul. recip.      Potential
    1.00328e+05    1.47989e+05   -1.48296e+06    8.67876e+03   -1.15943e+06
    Kinetic En.   Total Energy  Conserved En.    Temperature Pressure (bar)
    2.24960e+05   -9.34469e+05   -9.24986e+05    2.99083e+02    4.63526e+01
   Constr. rmsd
    0.00000e+00

           Step           Time
        2750000     5500.00000

   Energies (kJ/mol)
           Bond          Angle    Proper Dih. Per. Imp. Dih.          LJ-14
    7.32388e+03    1.94836e+04    2.93902e+04    1.04189e+03    9.00639e+03
     Coulomb-14        LJ (SR)   Coulomb (SR)   Coul. recip.      Potential
    1.00660e+05    1.47539e+05   -1.48251e+06    8.66670e+03   -1.15940e+06
    Kinetic En.   Total Energy  Conserved En.    Temperature Pressure (bar)
    2.25499e+05   -9.33898e+05   -9.25005e+05    2.99798e+02   -9.33736e+01
   Constr. rmsd
    0.00000e+00

           Step           Time
        2755000     5510.00000

   Energies (kJ/mol)
           Bond          Angle    Proper Dih. Per. Imp. Dih.          LJ-14
    7.20866e+03    1.96720e+04    2.94739e+04    1.06382e+03    9.12080e+03
     Coulomb-14        LJ (SR)   Coulomb (SR)   Coul. recip.      Potential
    1.00605e+05    1.46634e+05   -1.48266e+06    8.56075e+03   -1.16033e+06
    Kinetic En.   Total Energy  Conserved En.    Temperature Pressure (bar)
    2.25106e+05   -9.35220e+05   -9.24976e+05    2.99276e+02   -7.99211e+01
   Constr. rmsd
    0.00000e+00

           Step           Time
        2760000     5520.00000

   Energies (kJ/mol)
           Bond          Angle    Proper Dih. Per. Imp. Dih.          LJ-14
    7.15334e+03    2.00710e+04    2.95143e+04    1.11838e+03    8.80965e+03
     Coulomb-14        LJ (SR)   Coulomb (SR)   Coul. recip.      Potential
    1.00098e+05    1.46234e+05   -1.48030e+06    8.75608e+03   -1.15854e+06
    Kinetic En.   Total Energy  Conserved En.    Temperature Pressure (bar)
    2.25650e+05   -9.32893e+05   -9.24925e+05    2.99999e+02   -1.65878e+02
   Constr. rmsd
    0.00000e+00

           Step           Time
        2765000     5530.00000

   Energies (kJ/mol)
           Bond          Angle    Proper Dih. Per. Imp. Dih.          LJ-14
    6.89538e+03    2.00553e+04    2.95443e+04    1.06643e+03    8.97682e+03
     Coulomb-14        LJ (SR)   Coulomb (SR)   Coul. recip.      Potential
    1.00138e+05    1.47214e+05   -1.48121e+06    8.65384e+03   -1.15867e+06
    Kinetic En.   Total Energy  Conserved En.    Temperature Pressure (bar)
    2.24876e+05   -9.33791e+05   -9.24901e+05    2.98970e+02    1.78816e+01
   Constr. rmsd
    0.00000e+00

           Step           Time
        2770000     5540.00000

   Energies (kJ/mol)
           Bond          Angle    Proper Dih. Per. Imp. Dih.          LJ-14
    7.02441e+03    2.03725e+04    2.94741e+04    1.10825e+03    9.00637e+03
     Coulomb-14        LJ (SR)   Coulomb (SR)   Coul. recip.      Potential
    1.00210e+05    1.46512e+05   -1.47898e+06    8.73778e+03   -1.15653e+06
    Kinetic En.   Total Energy  Conserved En.    Temperature Pressure (bar)
    2.26169e+05   -9.30364e+05   -9.24884e+05    3.00690e+02   -2.49954e+01
   Constr. rmsd
    0.00000e+00

           Step           Time
        2775000     5550.00000

   Energies (kJ/mol)
           Bond          Angle    Proper Dih. Per. Imp. Dih.          LJ-14
    7.12605e+03    1.98255e+04    2.94548e+04    1.02170e+03    8.98918e+03
     Coulomb-14        LJ (SR)   Coulomb (SR)   Coul. recip.      Potential
    1.00492e+05    1.47917e+05   -1.48262e+06    8.64793e+03   -1.15914e+06
    Kinetic En.   Total Energy  Conserved En.    Temperature Pressure (bar)
    2.24839e+05   -9.34305e+05   -9.24867e+05    2.98922e+02    4.23984e+01
   Constr. rmsd
    0.00000e+00

           Step           Time
        2780000     5560.00000

   Energies (kJ/mol)
           Bond          Angle    Proper Dih. Per. Imp. Dih.          LJ-14
    7.26912e+03    1.96915e+04    2.94164e+04    1.06352e+03    8.99231e+03
     Coulomb-14        LJ (SR)   Coulomb (SR)   Coul. recip.      Potential
    1.00382e+05    1.47890e+05   -1.48348e+06    8.66372e+03   -1.16011e+06
    Kinetic En.   Total Energy  Conserved En.    Temperature Pressure (bar)
    2.26157e+05   -9.33956e+05   -9.24854e+05    3.00674e+02   -1.20792e+02
   Constr. rmsd
    0.00000e+00

           Step           Time
        2785000     5570.00000

   Energies (kJ/mol)
           Bond          Angle    Proper Dih. Per. Imp. Dih.          LJ-14
    6.86789e+03    1.99132e+04    2.94693e+04    1.20652e+03    9.04010e+03
     Coulomb-14        LJ (SR)   Coulomb (SR)   Coul. recip.      Potential
    1.00361e+05    1.47040e+05   -1.48282e+06    8.73229e+03   -1.16019e+06
    Kinetic En.   Total Energy  Conserved En.    Temperature Pressure (bar)
    2.26848e+05   -9.33342e+05   -9.24872e+05    3.01592e+02   -1.21545e+02
   Constr. rmsd
    0.00000e+00

           Step           Time
        2790000     5580.00000

   Energies (kJ/mol)
           Bond          Angle    Proper Dih. Per. Imp. Dih.          LJ-14
    7.27156e+03    2.02792e+04    2.94715e+04    1.09846e+03    9.00483e+03
     Coulomb-14        LJ (SR)   Coulomb (SR)   Coul. recip.      Potential
    1.00178e+05    1.48563e+05   -1.48418e+06    8.58757e+03   -1.15973e+06
    Kinetic En.   Total Energy  Conserved En.    Temperature Pressure (bar)
    2.26921e+05   -9.32806e+05   -9.24784e+05    3.01689e+02    8.57092e+01
   Constr. rmsd
    0.00000e+00

           Step           Time
        2795000     5590.00000

   Energies (kJ/mol)
           Bond          Angle    Proper Dih. Per. Imp. Dih.          LJ-14
    7.28083e+03    1.94853e+04    2.94932e+04    1.12287e+03    8.95720e+03
     Coulomb-14        LJ (SR)   Coulomb (SR)   Coul. recip.      Potential
    1.00269e+05    1.48843e+05   -1.48507e+06    8.60153e+03   -1.16102e+06
    Kinetic En.   Total Energy  Conserved En.    Temperature Pressure (bar)
    2.23240e+05   -9.37780e+05   -9.24755e+05    2.96796e+02    3.47246e+00
   Constr. rmsd
    0.00000e+00

           Step           Time
        2800000     5600.00000

   Energies (kJ/mol)
           Bond          Angle    Proper Dih. Per. Imp. Dih.          LJ-14
    7.03751e+03    2.00615e+04    2.93120e+04    1.10241e+03    9.23685e+03
     Coulomb-14        LJ (SR)   Coulomb (SR)   Coul. recip.      Potential
    1.00297e+05    1.47442e+05   -1.48448e+06    8.73302e+03   -1.16126e+06
    Kinetic En.   Total Energy  Conserved En.    Temperature Pressure (bar)
    2.26154e+05   -9.35107e+05   -9.24780e+05    3.00670e+02    7.76615e+01
   Constr. rmsd
    0.00000e+00

           Step           Time
        2805000     5610.00000

   Energies (kJ/mol)
           Bond          Angle    Proper Dih. Per. Imp. Dih.          LJ-14
    7.17979e+03    1.99230e+04    2.94619e+04    1.06561e+03    9.24241e+03
     Coulomb-14        LJ (SR)   Coulomb (SR)   Coul. recip.      Potential
    1.00568e+05    1.47797e+05   -1.48249e+06    8.69305e+03   -1.15856e+06
    Kinetic En.   Total Energy  Conserved En.    Temperature Pressure (bar)
    2.27333e+05   -9.31227e+05   -9.24727e+05    3.02237e+02    1.55577e+02
   Constr. rmsd
    0.00000e+00

           Step           Time
        2810000     5620.00000

   Energies (kJ/mol)
           Bond          Angle    Proper Dih. Per. Imp. Dih.          LJ-14
    7.00292e+03    1.97064e+04    2.93683e+04    1.08514e+03    9.17890e+03
     Coulomb-14        LJ (SR)   Coulomb (SR)   Coul. recip.      Potential
    1.00403e+05    1.46310e+05   -1.48143e+06    8.73284e+03   -1.15964e+06
    Kinetic En.   Total Energy  Conserved En.    Temperature Pressure (bar)
    2.26127e+05   -9.33517e+05   -9.24758e+05    3.00634e+02    9.69500e+01
   Constr. rmsd
    0.00000e+00

           Step           Time
        2815000     5630.00000

   Energies (kJ/mol)
           Bond          Angle    Proper Dih. Per. Imp. Dih.          LJ-14
    7.35211e+03    1.99123e+04    2.94796e+04    1.11798e+03    8.98973e+03
     Coulomb-14        LJ (SR)   Coulomb (SR)   Coul. recip.      Potential
    9.98612e+04    1.48071e+05   -1.48348e+06    8.68213e+03   -1.16001e+06
    Kinetic En.   Total Energy  Conserved En.    Temperature Pressure (bar)
    2.25320e+05   -9.34692e+05   -9.24691e+05    2.99560e+02   -5.08113e+01
   Constr. rmsd
    0.00000e+00

           Step           Time
        2820000     5640.00000

   Energies (kJ/mol)
           Bond          Angle    Proper Dih. Per. Imp. Dih.          LJ-14
    7.11974e+03    1.95206e+04    2.95070e+04    1.09692e+03    9.09537e+03
     Coulomb-14        LJ (SR)   Coulomb (SR)   Coul. recip.      Potential
    1.00313e+05    1.48051e+05   -1.48166e+06    8.68123e+03   -1.15828e+06
    Kinetic En.   Total Energy  Conserved En.    Temperature Pressure (bar)
    2.25277e+05   -9.33000e+05   -9.24701e+05    2.99503e+02    1.58640e+01
   Constr. rmsd
    0.00000e+00

           Step           Time
        2825000     5650.00000

   Energies (kJ/mol)
           Bond          Angle    Proper Dih. Per. Imp. Dih.          LJ-14
    7.22213e+03    1.98365e+04    2.94237e+04    1.12859e+03    9.02235e+03
     Coulomb-14        LJ (SR)   Coulomb (SR)   Coul. recip.      Potential
    1.00179e+05    1.48261e+05   -1.48367e+06    8.69823e+03   -1.15990e+06
    Kinetic En.   Total Energy  Conserved En.    Temperature Pressure (bar)
    2.26982e+05   -9.32918e+05   -9.24659e+05    3.01771e+02    5.26742e+01
   Constr. rmsd
    0.00000e+00

           Step           Time
        2830000     5660.00000

   Energies (kJ/mol)
           Bond          Angle    Proper Dih. Per. Imp. Dih.          LJ-14
    7.10824e+03    1.97532e+04    2.94959e+04    1.12443e+03    9.18907e+03
     Coulomb-14        LJ (SR)   Coulomb (SR)   Coul. recip.      Potential
    1.00506e+05    1.47218e+05   -1.48238e+06    8.64108e+03   -1.15934e+06
    Kinetic En.   Total Energy  Conserved En.    Temperature Pressure (bar)
    2.26517e+05   -9.32823e+05   -9.24660e+05    3.01153e+02    7.18724e+00
   Constr. rmsd
    0.00000e+00

           Step           Time
        2835000     5670.00000

   Energies (kJ/mol)
           Bond          Angle    Proper Dih. Per. Imp. Dih.          LJ-14
    7.04325e+03    1.97339e+04    2.94494e+04    1.16130e+03    9.12205e+03
     Coulomb-14        LJ (SR)   Coulomb (SR)   Coul. recip.      Potential
    1.00329e+05    1.48179e+05   -1.48178e+06    8.78780e+03   -1.15798e+06
    Kinetic En.   Total Energy  Conserved En.    Temperature Pressure (bar)
    2.24790e+05   -9.33187e+05   -9.24643e+05    2.98856e+02    8.06818e+01
   Constr. rmsd
    0.00000e+00

           Step           Time
        2840000     5680.00000

   Energies (kJ/mol)
           Bond          Angle    Proper Dih. Per. Imp. Dih.          LJ-14
    7.10450e+03    1.95609e+04    2.95813e+04    1.06578e+03    9.02554e+03
     Coulomb-14        LJ (SR)   Coulomb (SR)   Coul. recip.      Potential
    1.00281e+05    1.48882e+05   -1.48452e+06    8.72728e+03   -1.16029e+06
    Kinetic En.   Total Energy  Conserved En.    Temperature Pressure (bar)
    2.25351e+05   -9.34942e+05   -9.24608e+05    2.99602e+02    1.01978e+02
   Constr. rmsd
    0.00000e+00

           Step           Time
        2845000     5690.00000

   Energies (kJ/mol)
           Bond          Angle    Proper Dih. Per. Imp. Dih.          LJ-14
    7.37041e+03    1.95581e+04    2.94610e+04    1.12205e+03    9.16531e+03
     Coulomb-14        LJ (SR)   Coulomb (SR)   Coul. recip.      Potential
    1.00318e+05    1.47054e+05   -1.48063e+06    8.69724e+03   -1.15788e+06
    Kinetic En.   Total Energy  Conserved En.    Temperature Pressure (bar)
    2.26868e+05   -9.31017e+05   -9.24617e+05    3.01619e+02    5.76473e+00
   Constr. rmsd
    0.00000e+00

           Step           Time
        2850000     5700.00000

   Energies (kJ/mol)
           Bond          Angle    Proper Dih. Per. Imp. Dih.          LJ-14
    6.99661e+03    1.99500e+04    2.94679e+04    1.12111e+03    9.10308e+03
     Coulomb-14        LJ (SR)   Coulomb (SR)   Coul. recip.      Potential
    1.00358e+05    1.47559e+05   -1.48324e+06    8.63702e+03   -1.16005e+06
    Kinetic En.   Total Energy  Conserved En.    Temperature Pressure (bar)
    2.26222e+05   -9.33827e+05   -9.24588e+05    3.00760e+02    5.84862e+01
   Constr. rmsd
    0.00000e+00

           Step           Time
        2855000     5710.00000

   Energies (kJ/mol)
           Bond          Angle    Proper Dih. Per. Imp. Dih.          LJ-14
    6.87652e+03    2.01536e+04    2.93509e+04    1.15154e+03    9.03577e+03
     Coulomb-14        LJ (SR)   Coulomb (SR)   Coul. recip.      Potential
    1.00172e+05    1.45462e+05   -1.47915e+06    8.74981e+03   -1.15820e+06
    Kinetic En.   Total Energy  Conserved En.    Temperature Pressure (bar)
    2.26596e+05   -9.31603e+05   -9.24608e+05    3.01258e+02   -1.24559e+02
   Constr. rmsd
    0.00000e+00

           Step           Time
        2860000     5720.00000

   Energies (kJ/mol)
           Bond          Angle    Proper Dih. Per. Imp. Dih.          LJ-14
    7.19265e+03    1.97913e+04    2.94091e+04    1.07021e+03    9.18412e+03
     Coulomb-14        LJ (SR)   Coulomb (SR)   Coul. recip.      Potential
    1.00198e+05    1.49563e+05   -1.48360e+06    8.74180e+03   -1.15845e+06
    Kinetic En.   Total Energy  Conserved En.    Temperature Pressure (bar)
    2.22716e+05   -9.35738e+05   -9.24524e+05    2.96099e+02    2.70855e+02
   Constr. rmsd
    0.00000e+00

           Step           Time
        2865000     5730.00000

   Energies (kJ/mol)
           Bond          Angle    Proper Dih. Per. Imp. Dih.          LJ-14
    7.12143e+03    1.95927e+04    2.94785e+04    1.11594e+03    9.11863e+03
     Coulomb-14        LJ (SR)   Coulomb (SR)   Coul. recip.      Potential
    1.00418e+05    1.47904e+05   -1.48307e+06    8.71025e+03   -1.15961e+06
    Kinetic En.   Total Energy  Conserved En.    Temperature Pressure (bar)
    2.25601e+05   -9.34006e+05   -9.24569e+05    2.99935e+02    6.58767e+01
   Constr. rmsd
    0.00000e+00

           Step           Time
        2870000     5740.00000

   Energies (kJ/mol)
           Bond          Angle    Proper Dih. Per. Imp. Dih.          LJ-14
    7.42995e+03    1.97582e+04    2.93478e+04    1.15419e+03    9.12195e+03
     Coulomb-14        LJ (SR)   Coulomb (SR)   Coul. recip.      Potential
    1.00518e+05    1.46019e+05   -1.48056e+06    8.62376e+03   -1.15858e+06
    Kinetic En.   Total Energy  Conserved En.    Temperature Pressure (bar)
    2.24224e+05   -9.34359e+05   -9.24492e+05    2.98104e+02   -3.31090e+01
   Constr. rmsd
    0.00000e+00

           Step           Time
        2875000     5750.00000

   Energies (kJ/mol)
           Bond          Angle    Proper Dih. Per. Imp. Dih.          LJ-14
    7.21537e+03    1.97256e+04    2.93705e+04    1.08503e+03    9.15407e+03
     Coulomb-14        LJ (SR)   Coulomb (SR)   Coul. recip.      Potential
    1.00220e+05    1.47275e+05   -1.48019e+06    8.68814e+03   -1.15746e+06
    Kinetic En.   Total Energy  Conserved En.    Temperature Pressure (bar)
    2.26428e+05   -9.31031e+05   -9.24526e+05    3.01033e+02    1.20000e+02
   Constr. rmsd
    0.00000e+00

           Step           Time
        2880000     5760.00000

   Energies (kJ/mol)
           Bond          Angle    Proper Dih. Per. Imp. Dih.          LJ-14
    7.04602e+03    1.95200e+04    2.98253e+04    1.03427e+03    9.07399e+03
     Coulomb-14        LJ (SR)   Coulomb (SR)   Coul. recip.      Potential
    1.00529e+05    1.46802e+05   -1.48213e+06    8.79386e+03   -1.15950e+06
    Kinetic En.   Total Energy  Conserved En.    Temperature Pressure (bar)
    2.26236e+05   -9.33266e+05   -9.24471e+05    3.00779e+02    4.12047e+01
   Constr. rmsd
    0.00000e+00

           Step           Time
        2885000     5770.00000

   Energies (kJ/mol)
           Bond          Angle    Proper Dih. Per. Imp. Dih.          LJ-14
    7.03836e+03    1.99638e+04    2.94859e+04    1.13128e+03    9.11502e+03
     Coulomb-14        LJ (SR)   Coulomb (SR)   Coul. recip.      Potential
    1.00348e+05    1.48308e+05   -1.48147e+06    8.78985e+03   -1.15729e+06
    Kinetic En.   Total Energy  Conserved En.    Temperature Pressure (bar)
    2.25161e+05   -9.32133e+05   -9.24448e+05    2.99350e+02    9.85857e+01
   Constr. rmsd
    0.00000e+00

           Step           Time
        2890000     5780.00000

   Energies (kJ/mol)
           Bond          Angle    Proper Dih. Per. Imp. Dih.          LJ-14
    7.28744e+03    1.96734e+04    2.93140e+04    1.03340e+03    9.13894e+03
     Coulomb-14        LJ (SR)   Coulomb (SR)   Coul. recip.      Potential
    1.00214e+05    1.46149e+05   -1.47840e+06    8.75684e+03   -1.15683e+06
    Kinetic En.   Total Energy  Conserved En.    Temperature Pressure (bar)
    2.26207e+05   -9.30626e+05   -9.24398e+05    3.00740e+02    4.31662e+01
   Constr. rmsd
    0.00000e+00

           Step           Time
        2895000     5790.00000

   Energies (kJ/mol)
           Bond          Angle    Proper Dih. Per. Imp. Dih.          LJ-14
    7.32913e+03    1.98741e+04    2.92824e+04    9.77417e+02    9.09895e+03
     Coulomb-14        LJ (SR)   Coulomb (SR)   Coul. recip.      Potential
    1.00249e+05    1.48276e+05   -1.48270e+06    8.72770e+03   -1.15889e+06
    Kinetic En.   Total Energy  Conserved En.    Temperature Pressure (bar)
    2.25437e+05   -9.33451e+05   -9.24373e+05    2.99716e+02   -4.85125e+01
   Constr. rmsd
    0.00000e+00

           Step           Time
        2900000     5800.00000

   Energies (kJ/mol)
           Bond          Angle    Proper Dih. Per. Imp. Dih.          LJ-14
    7.07760e+03    2.02375e+04    2.93895e+04    1.18269e+03    9.02424e+03
     Coulomb-14        LJ (SR)   Coulomb (SR)   Coul. recip.      Potential
    1.00140e+05    1.48551e+05   -1.48122e+06    8.67071e+03   -1.15694e+06
    Kinetic En.   Total Energy  Conserved En.    Temperature Pressure (bar)
    2.24846e+05   -9.32097e+05   -9.24369e+05    2.98931e+02    4.66846e+01
   Constr. rmsd
    0.00000e+00

           Step           Time
        2905000     5810.00000

   Energies (kJ/mol)
           Bond          Angle    Proper Dih. Per. Imp. Dih.          LJ-14
    7.16136e+03    1.98414e+04    2.95744e+04    1.13952e+03    9.18017e+03
     Coulomb-14        LJ (SR)   Coulomb (SR)   Coul. recip.      Potential
    1.00129e+05    1.46193e+05   -1.48100e+06    8.69102e+03   -1.15909e+06
    Kinetic En.   Total Energy  Conserved En.    Temperature Pressure (bar)
    2.27021e+05   -9.32068e+05   -9.24397e+05    3.01822e+02    3.09272e+01
   Constr. rmsd
    0.00000e+00

           Step           Time
        2910000     5820.00000

   Energies (kJ/mol)
           Bond          Angle    Proper Dih. Per. Imp. Dih.          LJ-14
    6.90816e+03    2.02676e+04    2.93571e+04    1.05522e+03    9.08052e+03
     Coulomb-14        LJ (SR)   Coulomb (SR)   Coul. recip.      Potential
    1.00151e+05    1.46433e+05   -1.47986e+06    8.64093e+03   -1.15797e+06
    Kinetic En.   Total Energy  Conserved En.    Temperature Pressure (bar)
    2.26472e+05   -9.31494e+05   -9.24370e+05    3.01093e+02   -8.49380e+00
   Constr. rmsd
    0.00000e+00

           Step           Time
        2915000     5830.00000

   Energies (kJ/mol)
           Bond          Angle    Proper Dih. Per. Imp. Dih.          LJ-14
    7.08518e+03    1.95771e+04    2.93985e+04    1.18416e+03    9.06424e+03
     Coulomb-14        LJ (SR)   Coulomb (SR)   Coul. recip.      Potential
    1.00320e+05    1.48737e+05   -1.48335e+06    8.84278e+03   -1.15914e+06
    Kinetic En.   Total Energy  Conserved En.    Temperature Pressure (bar)
    2.24940e+05   -9.34205e+05   -9.24341e+05    2.99055e+02    1.89012e+01
   Constr. rmsd
    0.00000e+00

           Step           Time
        2920000     5840.00000

   Energies (kJ/mol)
           Bond          Angle    Proper Dih. Per. Imp. Dih.          LJ-14
    7.08457e+03    2.00978e+04    2.92837e+04    1.15365e+03    9.11343e+03
     Coulomb-14        LJ (SR)   Coulomb (SR)   Coul. recip.      Potential
    1.00125e+05    1.47809e+05   -1.48319e+06    8.61882e+03   -1.15991e+06
    Kinetic En.   Total Energy  Conserved En.    Temperature Pressure (bar)
    2.25612e+05   -9.34295e+05   -9.24320e+05    2.99949e+02    5.80029e+01
   Constr. rmsd
    0.00000e+00

           Step           Time
        2925000     5850.00000

   Energies (kJ/mol)
           Bond          Angle    Proper Dih. Per. Imp. Dih.          LJ-14
    7.12903e+03    1.96017e+04    2.94572e+04    1.08522e+03    9.03443e+03
     Coulomb-14        LJ (SR)   Coulomb (SR)   Coul. recip.      Potential
    9.99085e+04    1.46462e+05   -1.47994e+06    8.82489e+03   -1.15844e+06
    Kinetic En.   Total Energy  Conserved En.    Temperature Pressure (bar)
    2.23984e+05   -9.34458e+05   -9.24292e+05    2.97785e+02   -1.29442e+01
   Constr. rmsd
    0.00000e+00

           Step           Time
        2930000     5860.00000

   Energies (kJ/mol)
           Bond          Angle    Proper Dih. Per. Imp. Dih.          LJ-14
    6.94047e+03    1.97742e+04    2.93267e+04    1.04133e+03    9.09203e+03
     Coulomb-14        LJ (SR)   Coulomb (SR)   Coul. recip.      Potential
    1.00221e+05    1.46406e+05   -1.48116e+06    8.51448e+03   -1.15984e+06
    Kinetic En.   Total Energy  Conserved En.    Temperature Pressure (bar)
    2.26173e+05   -9.33667e+05   -9.24304e+05    3.00695e+02    3.58242e+01
   Constr. rmsd
    0.00000e+00

           Step           Time
        2935000     5870.00000

   Energies (kJ/mol)
           Bond          Angle    Proper Dih. Per. Imp. Dih.          LJ-14
    7.08511e+03    1.97963e+04    2.93535e+04    9.83782e+02    8.96604e+03
     Coulomb-14        LJ (SR)   Coulomb (SR)   Coul. recip.      Potential
    1.00085e+05    1.48246e+05   -1.48255e+06    8.82886e+03   -1.15920e+06
    Kinetic En.   Total Energy  Conserved En.    Temperature Pressure (bar)
    2.24261e+05   -9.34944e+05   -9.24232e+05    2.98153e+02   -3.85802e+01
   Constr. rmsd
    0.00000e+00

           Step           Time
        2940000     5880.00000

   Energies (kJ/mol)
           Bond          Angle    Proper Dih. Per. Imp. Dih.          LJ-14
    6.93504e+03    1.99825e+04    2.94744e+04    1.04817e+03    9.13364e+03
     Coulomb-14        LJ (SR)   Coulomb (SR)   Coul. recip.      Potential
    1.00573e+05    1.46997e+05   -1.48055e+06    8.74809e+03   -1.15766e+06
    Kinetic En.   Total Energy  Conserved En.    Temperature Pressure (bar)
    2.26665e+05   -9.30996e+05   -9.24217e+05    3.01349e+02    9.53507e+01
   Constr. rmsd
    0.00000e+00

           Step           Time
        2945000     5890.00000

   Energies (kJ/mol)
           Bond          Angle    Proper Dih. Per. Imp. Dih.          LJ-14
    7.21206e+03    1.95924e+04    2.93464e+04    1.16300e+03    9.19096e+03
     Coulomb-14        LJ (SR)   Coulomb (SR)   Coul. recip.      Potential
    1.00116e+05    1.48403e+05   -1.48255e+06    8.75747e+03   -1.15877e+06
    Kinetic En.   Total Energy  Conserved En.    Temperature Pressure (bar)
    2.24945e+05   -9.33822e+05   -9.24189e+05    2.99062e+02    1.43588e+02
   Constr. rmsd
    0.00000e+00

           Step           Time
        2950000     5900.00000

   Energies (kJ/mol)
           Bond          Angle    Proper Dih. Per. Imp. Dih.          LJ-14
    7.18994e+03    1.95151e+04    2.93191e+04    1.10655e+03    9.03615e+03
     Coulomb-14        LJ (SR)   Coulomb (SR)   Coul. recip.      Potential
    9.99184e+04    1.49216e+05   -1.48416e+06    8.60136e+03   -1.16026e+06
    Kinetic En.   Total Energy  Conserved En.    Temperature Pressure (bar)
    2.24910e+05   -9.35347e+05   -9.24219e+05    2.99015e+02    7.20702e+01
   Constr. rmsd
    0.00000e+00

           Step           Time
        2955000     5910.00000

   Energies (kJ/mol)
           Bond          Angle    Proper Dih. Per. Imp. Dih.          LJ-14
    7.16417e+03    1.94777e+04    2.94186e+04    1.11113e+03    8.98028e+03
     Coulomb-14        LJ (SR)   Coulomb (SR)   Coul. recip.      Potential
    1.00160e+05    1.47679e+05   -1.48312e+06    8.68061e+03   -1.16045e+06
    Kinetic En.   Total Energy  Conserved En.    Temperature Pressure (bar)
    2.26557e+05   -9.33892e+05   -9.24210e+05    3.01205e+02   -3.75236e+01
   Constr. rmsd
    0.00000e+00

           Step           Time
        2960000     5920.00000

   Energies (kJ/mol)
           Bond          Angle    Proper Dih. Per. Imp. Dih.          LJ-14
    7.23523e+03    1.95978e+04    2.92599e+04    1.07403e+03    9.11918e+03
     Coulomb-14        LJ (SR)   Coulomb (SR)   Coul. recip.      Potential
    1.00241e+05    1.48668e+05   -1.48372e+06    8.61524e+03   -1.15991e+06
    Kinetic En.   Total Energy  Conserved En.    Temperature Pressure (bar)
    2.26062e+05   -9.33853e+05   -9.24192e+05    3.00547e+02   -5.88144e+01
   Constr. rmsd
    0.00000e+00

           Step           Time
        2965000     5930.00000

   Energies (kJ/mol)
           Bond          Angle    Proper Dih. Per. Imp. Dih.          LJ-14
    6.85968e+03    1.99053e+04    2.95198e+04    1.08454e+03    9.12579e+03
     Coulomb-14        LJ (SR)   Coulomb (SR)   Coul. recip.      Potential
    1.00131e+05    1.48013e+05   -1.48399e+06    8.60716e+03   -1.16074e+06
    Kinetic En.   Total Energy  Conserved En.    Temperature Pressure (bar)
    2.26019e+05   -9.34725e+05   -9.24134e+05    3.00490e+02    5.64937e+01
   Constr. rmsd
    0.00000e+00

           Step           Time
        2970000     5940.00000

   Energies (kJ/mol)
           Bond          Angle    Proper Dih. Per. Imp. Dih.          LJ-14
    7.14288e+03    1.96762e+04    2.92971e+04    1.07850e+03    9.08107e+03
     Coulomb-14        LJ (SR)   Coulomb (SR)   Coul. recip.      Potential
    1.00009e+05    1.46561e+05   -1.48032e+06    8.79042e+03   -1.15869e+06
    Kinetic En.   Total Energy  Conserved En.    Temperature Pressure (bar)
    2.26226e+05   -9.32461e+05   -9.24106e+05    3.00766e+02    7.64275e+01
   Constr. rmsd
    0.00000e+00

           Step           Time
        2975000     5950.00000

   Energies (kJ/mol)
           Bond          Angle    Proper Dih. Per. Imp. Dih.          LJ-14
    7.33170e+03    1.97190e+04    2.93501e+04    1.08353e+03    8.97700e+03
     Coulomb-14        LJ (SR)   Coulomb (SR)   Coul. recip.      Potential
    1.00194e+05    1.47106e+05   -1.48265e+06    8.77505e+03   -1.16012e+06
    Kinetic En.   Total Energy  Conserved En.    Temperature Pressure (bar)
    2.25130e+05   -9.34986e+05   -9.24068e+05    2.99308e+02   -9.66524e+01
   Constr. rmsd
    0.00000e+00

           Step           Time
        2980000     5960.00000

   Energies (kJ/mol)
           Bond          Angle    Proper Dih. Per. Imp. Dih.          LJ-14
    7.35084e+03    2.00603e+04    2.93419e+04    1.17438e+03    9.19706e+03
     Coulomb-14        LJ (SR)   Coulomb (SR)   Coul. recip.      Potential
    1.00011e+05    1.47312e+05   -1.48043e+06    8.84537e+03   -1.15713e+06
    Kinetic En.   Total Energy  Conserved En.    Temperature Pressure (bar)
    2.25616e+05   -9.31516e+05   -9.24059e+05    2.99955e+02    1.11102e+01
   Constr. rmsd
    0.00000e+00

           Step           Time
        2985000     5970.00000

   Energies (kJ/mol)
           Bond          Angle    Proper Dih. Per. Imp. Dih.          LJ-14
    6.95397e+03    1.98070e+04    2.94750e+04    1.04292e+03    9.17984e+03
     Coulomb-14        LJ (SR)   Coulomb (SR)   Coul. recip.      Potential
    1.00033e+05    1.46167e+05   -1.48273e+06    8.53038e+03   -1.16154e+06
    Kinetic En.   Total Energy  Conserved En.    Temperature Pressure (bar)
    2.24826e+05   -9.36716e+05   -9.24056e+05    2.98905e+02   -3.30243e+01
   Constr. rmsd
    0.00000e+00

           Step           Time
        2990000     5980.00000

   Energies (kJ/mol)
           Bond          Angle    Proper Dih. Per. Imp. Dih.          LJ-14
    7.22861e+03    1.93402e+04    2.93591e+04    1.14498e+03    8.99901e+03
     Coulomb-14        LJ (SR)   Coulomb (SR)   Coul. recip.      Potential
    9.99399e+04    1.48760e+05   -1.48321e+06    8.80362e+03   -1.15964e+06
    Kinetic En.   Total Energy  Conserved En.    Temperature Pressure (bar)
    2.26440e+05   -9.33197e+05   -9.24110e+05    3.01050e+02    1.40385e+01
   Constr. rmsd
    0.00000e+00

           Step           Time
        2995000     5990.00000

   Energies (kJ/mol)
           Bond          Angle    Proper Dih. Per. Imp. Dih.          LJ-14
    7.34912e+03    1.98479e+04    2.92078e+04    1.05895e+03    8.98823e+03
     Coulomb-14        LJ (SR)   Coulomb (SR)   Coul. recip.      Potential
    9.99617e+04    1.47286e+05   -1.48266e+06    8.71123e+03   -1.16025e+06
    Kinetic En.   Total Energy  Conserved En.    Temperature Pressure (bar)
    2.26306e+05   -9.33945e+05   -9.24071e+05    3.00872e+02   -1.14523e+02
   Constr. rmsd
    0.00000e+00

           Step           Time
        3000000     6000.00000

   Energies (kJ/mol)
           Bond          Angle    Proper Dih. Per. Imp. Dih.          LJ-14
    7.31594e+03    1.97702e+04    2.92519e+04    1.11645e+03    9.19469e+03
     Coulomb-14        LJ (SR)   Coulomb (SR)   Coul. recip.      Potential
    1.00084e+05    1.45036e+05   -1.47830e+06    8.77687e+03   -1.15776e+06
    Kinetic En.   Total Energy  Conserved En.    Temperature Pressure (bar)
    2.24884e+05   -9.32873e+05   -9.23980e+05    2.98981e+02   -1.41347e+02
   Constr. rmsd
    0.00000e+00

           Step           Time
        3005000     6010.00000

   Energies (kJ/mol)
           Bond          Angle    Proper Dih. Per. Imp. Dih.          LJ-14
    7.11838e+03    1.98964e+04    2.93324e+04    1.08109e+03    9.06966e+03
     Coulomb-14        LJ (SR)   Coulomb (SR)   Coul. recip.      Potential
    1.00285e+05    1.47870e+05   -1.48208e+06    8.66678e+03   -1.15876e+06
    Kinetic En.   Total Energy  Conserved En.    Temperature Pressure (bar)
    2.24768e+05   -9.33996e+05   -9.23925e+05    2.98827e+02    3.89593e+01
   Constr. rmsd
    0.00000e+00

           Step           Time
        3010000     6020.00000

   Energies (kJ/mol)
           Bond          Angle    Proper Dih. Per. Imp. Dih.          LJ-14
    7.41611e+03    1.94506e+04    2.93862e+04    1.10225e+03    9.08188e+03
     Coulomb-14        LJ (SR)   Coulomb (SR)   Coul. recip.      Potential
    1.00098e+05    1.46789e+05   -1.48018e+06    8.69982e+03   -1.15816e+06
    Kinetic En.   Total Energy  Conserved En.    Temperature Pressure (bar)
    2.25924e+05   -9.32232e+05   -9.23957e+05    3.00363e+02   -6.96087e+01
   Constr. rmsd
    0.00000e+00

           Step           Time
        3015000     6030.00000

   Energies (kJ/mol)
           Bond          Angle    Proper Dih. Per. Imp. Dih.          LJ-14
    7.13022e+03    2.00288e+04    2.94897e+04    1.07389e+03    9.11921e+03
     Coulomb-14        LJ (SR)   Coulomb (SR)   Coul. recip.      Potential
    9.99607e+04    1.47857e+05   -1.48304e+06    8.65593e+03   -1.15973e+06
    Kinetic En.   Total Energy  Conserved En.    Temperature Pressure (bar)
    2.24594e+05   -9.35131e+05   -9.23917e+05    2.98596e+02    4.26662e+00
   Constr. rmsd
    0.00000e+00

           Step           Time
        3020000     6040.00000

   Energies (kJ/mol)
           Bond          Angle    Proper Dih. Per. Imp. Dih.          LJ-14
    7.11280e+03    1.97094e+04    2.95602e+04    1.11944e+03    9.10550e+03
     Coulomb-14        LJ (SR)   Coulomb (SR)   Coul. recip.      Potential
    1.00017e+05    1.46681e+05   -1.48091e+06    8.64842e+03   -1.15896e+06
    Kinetic En.   Total Energy  Conserved En.    Temperature Pressure (bar)
    2.25031e+05   -9.33930e+05   -9.23946e+05    2.99177e+02   -4.58885e+01
   Constr. rmsd
    0.00000e+00

           Step           Time
        3025000     6050.00000

   Energies (kJ/mol)
           Bond          Angle    Proper Dih. Per. Imp. Dih.          LJ-14
    7.51046e+03    1.97216e+04    2.94991e+04    1.10397e+03    9.12967e+03
     Coulomb-14        LJ (SR)   Coulomb (SR)   Coul. recip.      Potential
    1.00122e+05    1.48542e+05   -1.48333e+06    8.70398e+03   -1.15899e+06
    Kinetic En.   Total Energy  Conserved En.    Temperature Pressure (bar)
    2.24439e+05   -9.34554e+05   -9.23879e+05    2.98389e+02    1.38612e+02
   Constr. rmsd
    0.00000e+00

           Step           Time
        3030000     6060.00000

   Energies (kJ/mol)
           Bond          Angle    Proper Dih. Per. Imp. Dih.          LJ-14
    7.30710e+03    1.96656e+04    2.95951e+04    1.15572e+03    8.98245e+03
     Coulomb-14        LJ (SR)   Coulomb (SR)   Coul. recip.      Potential
    1.00053e+05    1.47003e+05   -1.48109e+06    8.55363e+03   -1.15878e+06
    Kinetic En.   Total Energy  Conserved En.    Temperature Pressure (bar)
    2.23778e+05   -9.35001e+05   -9.23879e+05    2.97511e+02   -6.86074e+01
   Constr. rmsd
    0.00000e+00

           Step           Time
        3035000     6070.00000

   Energies (kJ/mol)
           Bond          Angle    Proper Dih. Per. Imp. Dih.          LJ-14
    7.32697e+03    2.00328e+04    2.94457e+04    1.11697e+03    9.14349e+03
     Coulomb-14        LJ (SR)   Coulomb (SR)   Coul. recip.      Potential
    1.00051e+05    1.46024e+05   -1.47918e+06    8.63965e+03   -1.15740e+06
    Kinetic En.   Total Energy  Conserved En.    Temperature Pressure (bar)
    2.25784e+05   -9.31618e+05   -9.23894e+05    3.00178e+02   -2.76527e+01
   Constr. rmsd
    0.00000e+00

           Step           Time
        3040000     6080.00000

   Energies (kJ/mol)
           Bond          Angle    Proper Dih. Per. Imp. Dih.          LJ-14
    7.33734e+03    1.94642e+04    2.93521e+04    1.09216e+03    8.97960e+03
     Coulomb-14        LJ (SR)   Coulomb (SR)   Coul. recip.      Potential
    9.99609e+04    1.45952e+05   -1.47986e+06    8.43991e+03   -1.15928e+06
    Kinetic En.   Total Energy  Conserved En.    Temperature Pressure (bar)
    2.25715e+05   -9.33564e+05   -9.23911e+05    3.00086e+02   -1.89363e+02
   Constr. rmsd
    0.00000e+00

           Step           Time
        3045000     6090.00000

   Energies (kJ/mol)
           Bond          Angle    Proper Dih. Per. Imp. Dih.          LJ-14
    6.86282e+03    1.98396e+04    2.92294e+04    1.06068e+03    9.29322e+03
     Coulomb-14        LJ (SR)   Coulomb (SR)   Coul. recip.      Potential
    1.00486e+05    1.47633e+05   -1.48283e+06    8.64154e+03   -1.15978e+06
    Kinetic En.   Total Energy  Conserved En.    Temperature Pressure (bar)
    2.25830e+05   -9.33953e+05   -9.23861e+05    3.00239e+02    1.96295e+02
   Constr. rmsd
    0.00000e+00

           Step           Time
        3050000     6100.00000

   Energies (kJ/mol)
           Bond          Angle    Proper Dih. Per. Imp. Dih.          LJ-14
    7.13702e+03    1.94914e+04    2.93254e+04    1.08793e+03    9.14367e+03
     Coulomb-14        LJ (SR)   Coulomb (SR)   Coul. recip.      Potential
    1.00086e+05    1.47195e+05   -1.48210e+06    8.70400e+03   -1.15993e+06
    Kinetic En.   Total Energy  Conserved En.    Temperature Pressure (bar)
    2.23837e+05   -9.36090e+05   -9.23828e+05    2.97589e+02   -1.50816e+00
   Constr. rmsd
    0.00000e+00

           Step           Time
        3055000     6110.00000

   Energies (kJ/mol)
           Bond          Angle    Proper Dih. Per. Imp. Dih.          LJ-14
    7.24048e+03    1.99811e+04    2.94847e+04    1.14581e+03    9.05685e+03
     Coulomb-14        LJ (SR)   Coulomb (SR)   Coul. recip.      Potential
    1.00303e+05    1.45082e+05   -1.47935e+06    8.79471e+03   -1.15826e+06
    Kinetic En.   Total Energy  Conserved En.    Temperature Pressure (bar)
    2.25288e+05   -9.32971e+05   -9.23810e+05    2.99519e+02   -1.39689e+02
   Constr. rmsd
    0.00000e+00

           Step           Time
        3060000     6120.00000

   Energies (kJ/mol)
           Bond          Angle    Proper Dih. Per. Imp. Dih.          LJ-14
    6.96166e+03    1.97282e+04    2.93505e+04    1.08141e+03    9.12888e+03
     Coulomb-14        LJ (SR)   Coulomb (SR)   Coul. recip.      Potential
    1.00407e+05    1.47028e+05   -1.48170e+06    8.83550e+03   -1.15918e+06
    Kinetic En.   Total Energy  Conserved En.    Temperature Pressure (bar)
    2.26405e+05   -9.32773e+05   -9.23849e+05    3.01004e+02    6.25913e+01
   Constr. rmsd
    0.00000e+00

           Step           Time
        3065000     6130.00000

   Energies (kJ/mol)
           Bond          Angle    Proper Dih. Per. Imp. Dih.          LJ-14
    7.15863e+03    1.97684e+04    2.92950e+04    1.06628e+03    9.05567e+03
     Coulomb-14        LJ (SR)   Coulomb (SR)   Coul. recip.      Potential
    9.99290e+04    1.47792e+05   -1.48342e+06    8.77186e+03   -1.16059e+06
    Kinetic En.   Total Energy  Conserved En.    Temperature Pressure (bar)
    2.24709e+05   -9.35879e+05   -9.23762e+05    2.98749e+02   -7.43988e-01
   Constr. rmsd
    0.00000e+00

           Step           Time
        3070000     6140.00000

   Energies (kJ/mol)
           Bond          Angle    Proper Dih. Per. Imp. Dih.          LJ-14
    7.27160e+03    1.95610e+04    2.94105e+04    1.06577e+03    9.08900e+03
     Coulomb-14        LJ (SR)   Coulomb (SR)   Coul. recip.      Potential
    1.00404e+05    1.47717e+05   -1.48141e+06    8.75876e+03   -1.15813e+06
    Kinetic En.   Total Energy  Conserved En.    Temperature Pressure (bar)
    2.26137e+05   -9.31993e+05   -9.23728e+05    3.00648e+02    1.46668e+01
   Constr. rmsd
    0.00000e+00

           Step           Time
        3075000     6150.00000

   Energies (kJ/mol)
           Bond          Angle    Proper Dih. Per. Imp. Dih.          LJ-14
    7.20514e+03    1.96516e+04    2.94596e+04    1.11501e+03    9.03551e+03
     Coulomb-14        LJ (SR)   Coulomb (SR)   Coul. recip.      Potential
    9.99116e+04    1.47938e+05   -1.48208e+06    9.04717e+03   -1.15871e+06
    Kinetic En.   Total Energy  Conserved En.    Temperature Pressure (bar)
    2.25160e+05   -9.33555e+05   -9.23753e+05    2.99348e+02    8.59502e+00
   Constr. rmsd
    0.00000e+00

           Step           Time
        3080000     6160.00000

   Energies (kJ/mol)
           Bond          Angle    Proper Dih. Per. Imp. Dih.          LJ-14
    7.24789e+03    1.91868e+04    2.94216e+04    1.10615e+03    9.14522e+03
     Coulomb-14        LJ (SR)   Coulomb (SR)   Coul. recip.      Potential
    1.00130e+05    1.47625e+05   -1.48189e+06    8.58410e+03   -1.15945e+06
    Kinetic En.   Total Energy  Conserved En.    Temperature Pressure (bar)
    2.24873e+05   -9.34573e+05   -9.23753e+05    2.98967e+02   -5.40554e+01
   Constr. rmsd
    0.00000e+00

           Step           Time
        3085000     6170.00000

   Energies (kJ/mol)
           Bond          Angle    Proper Dih. Per. Imp. Dih.          LJ-14
    7.21747e+03    1.97929e+04    2.92338e+04    1.12213e+03    9.28725e+03
     Coulomb-14        LJ (SR)   Coulomb (SR)   Coul. recip.      Potential
    1.00023e+05    1.47323e+05   -1.48390e+06    8.75844e+03   -1.16115e+06
    Kinetic En.   Total Energy  Conserved En.    Temperature Pressure (bar)
    2.24612e+05   -9.36534e+05   -9.23653e+05    2.98620e+02    6.23740e+01
   Constr. rmsd
    0.00000e+00

           Step           Time
        3090000     6180.00000

   Energies (kJ/mol)
           Bond          Angle    Proper Dih. Per. Imp. Dih.          LJ-14
    7.14972e+03    1.97743e+04    2.94387e+04    1.10240e+03    9.16040e+03
     Coulomb-14        LJ (SR)   Coulomb (SR)   Coul. recip.      Potential
    9.99400e+04    1.45824e+05   -1.48031e+06    8.69990e+03   -1.15923e+06
    Kinetic En.   Total Energy  Conserved En.    Temperature Pressure (bar)
    2.26436e+05   -9.32789e+05   -9.23707e+05    3.01044e+02   -2.41987e+01
   Constr. rmsd
    0.00000e+00

           Step           Time
        3095000     6190.00000

   Energies (kJ/mol)
           Bond          Angle    Proper Dih. Per. Imp. Dih.          LJ-14
    7.21387e+03    1.97795e+04    2.92253e+04    1.07839e+03    9.10974e+03
     Coulomb-14        LJ (SR)   Coulomb (SR)   Coul. recip.      Potential
    1.00358e+05    1.48237e+05   -1.48388e+06    8.60876e+03   -1.16027e+06
    Kinetic En.   Total Energy  Conserved En.    Temperature Pressure (bar)
    2.24366e+05   -9.35901e+05   -9.23628e+05    2.98293e+02    3.25036e+01
   Constr. rmsd
    0.00000e+00

           Step           Time
        3100000     6200.00000

   Energies (kJ/mol)
           Bond          Angle    Proper Dih. Per. Imp. Dih.          LJ-14
    6.96870e+03    1.98314e+04    2.94330e+04    1.11167e+03    9.20167e+03
     Coulomb-14        LJ (SR)   Coulomb (SR)   Coul. recip.      Potential
    1.00029e+05    1.47988e+05   -1.48186e+06    8.69021e+03   -1.15861e+06
    Kinetic En.   Total Energy  Conserved En.    Temperature Pressure (bar)
    2.26364e+05   -9.32243e+05   -9.23646e+05    3.00948e+02    4.91115e+01
   Constr. rmsd
    0.00000e+00

           Step           Time
        3105000     6210.00000

   Energies (kJ/mol)
           Bond          Angle    Proper Dih. Per. Imp. Dih.          LJ-14
    7.40481e+03    1.99917e+04    2.94218e+04    1.10946e+03    9.10768e+03
     Coulomb-14        LJ (SR)   Coulomb (SR)   Coul. recip.      Potential
    1.00237e+05    1.46474e+05   -1.48119e+06    8.63503e+03   -1.15881e+06
    Kinetic En.   Total Energy  Conserved En.    Temperature Pressure (bar)
    2.25656e+05   -9.33154e+05   -9.23611e+05    3.00007e+02   -6.67130e+01
   Constr. rmsd
    0.00000e+00

           Step           Time
        3110000     6220.00000

   Energies (kJ/mol)
           Bond          Angle    Proper Dih. Per. Imp. Dih.          LJ-14
    7.33426e+03    2.00033e+04    2.95065e+04    1.15141e+03    9.06353e+03
     Coulomb-14        LJ (SR)   Coulomb (SR)   Coul. recip.      Potential
    9.98279e+04    1.46263e+05   -1.48044e+06    8.86553e+03   -1.15842e+06
    Kinetic En.   Total Energy  Conserved En.    Temperature Pressure (bar)
    2.26652e+05   -9.31771e+05   -9.23587e+05    3.01332e+02   -8.64230e+01
   Constr. rmsd
    0.00000e+00

           Step           Time
        3115000     6230.00000

   Energies (kJ/mol)
           Bond          Angle    Proper Dih. Per. Imp. Dih.          LJ-14
    7.35679e+03    1.98045e+04    2.93127e+04    1.13417e+03    9.01783e+03
     Coulomb-14        LJ (SR)   Coulomb (SR)   Coul. recip.      Potential
    9.98358e+04    1.47737e+05   -1.48127e+06    8.75524e+03   -1.15832e+06
    Kinetic En.   Total Energy  Conserved En.    Temperature Pressure (bar)
    2.26696e+05   -9.31622e+05   -9.23606e+05    3.01390e+02   -1.02485e+02
   Constr. rmsd
    0.00000e+00

           Step           Time
        3120000     6240.00000

   Energies (kJ/mol)
           Bond          Angle    Proper Dih. Per. Imp. Dih.          LJ-14
    7.08613e+03    2.00036e+04    2.94320e+04    1.02589e+03    9.15429e+03
     Coulomb-14        LJ (SR)   Coulomb (SR)   Coul. recip.      Potential
    9.98774e+04    1.48778e+05   -1.48260e+06    8.66295e+03   -1.15858e+06
    Kinetic En.   Total Energy  Conserved En.    Temperature Pressure (bar)
    2.24079e+05   -9.34504e+05   -9.23569e+05    2.97910e+02    1.56424e+02
   Constr. rmsd
    0.00000e+00

           Step           Time
        3125000     6250.00000

   Energies (kJ/mol)
           Bond          Angle    Proper Dih. Per. Imp. Dih.          LJ-14
    7.12576e+03    1.96988e+04    2.94073e+04    1.06242e+03    9.06306e+03
     Coulomb-14        LJ (SR)   Coulomb (SR)   Coul. recip.      Potential
    9.99705e+04    1.47100e+05   -1.48118e+06    8.58696e+03   -1.15917e+06
    Kinetic En.   Total Energy  Conserved En.    Temperature Pressure (bar)
    2.24482e+05   -9.34688e+05   -9.23529e+05    2.98446e+02   -6.05816e+01
   Constr. rmsd
    0.00000e+00

           Step           Time
        3130000     6260.00000

   Energies (kJ/mol)
           Bond          Angle    Proper Dih. Per. Imp. Dih.          LJ-14
    6.89654e+03    1.94982e+04    2.93859e+04    1.09342e+03    9.09721e+03
     Coulomb-14        LJ (SR)   Coulomb (SR)   Coul. recip.      Potential
    1.00074e+05    1.45686e+05   -1.48001e+06    8.74564e+03   -1.15954e+06
    Kinetic En.   Total Energy  Conserved En.    Temperature Pressure (bar)
    2.25199e+05   -9.34336e+05   -9.23572e+05    2.99400e+02   -1.19849e+02
   Constr. rmsd
    0.00000e+00

           Step           Time
        3135000     6270.00000

   Energies (kJ/mol)
           Bond          Angle    Proper Dih. Per. Imp. Dih.          LJ-14
    7.19666e+03    1.99078e+04    2.93896e+04    1.18151e+03    9.12474e+03
     Coulomb-14        LJ (SR)   Coulomb (SR)   Coul. recip.      Potential
    9.99055e+04    1.49065e+05   -1.48364e+06    8.72077e+03   -1.15915e+06
    Kinetic En.   Total Energy  Conserved En.    Temperature Pressure (bar)
    2.26418e+05   -9.32730e+05   -9.23465e+05    3.01020e+02    1.54099e+02
   Constr. rmsd
    0.00000e+00

           Step           Time
        3140000     6280.00000

   Energies (kJ/mol)
           Bond          Angle    Proper Dih. Per. Imp. Dih.          LJ-14
    6.95630e+03    1.99377e+04    2.92697e+04    1.08196e+03    9.02956e+03
     Coulomb-14        LJ (SR)   Coulomb (SR)   Coul. recip.      Potential
    1.00044e+05    1.47930e+05   -1.48332e+06    8.64217e+03   -1.16043e+06
    Kinetic En.   Total Energy  Conserved En.    Temperature Pressure (bar)
    2.25137e+05   -9.35294e+05   -9.23508e+05    2.99318e+02   -3.52039e+00
   Constr. rmsd
    0.00000e+00

           Step           Time
        3145000     6290.00000

   Energies (kJ/mol)
           Bond          Angle    Proper Dih. Per. Imp. Dih.          LJ-14
    6.99496e+03    1.99232e+04    2.92254e+04    1.06148e+03    9.02364e+03
     Coulomb-14        LJ (SR)   Coulomb (SR)   Coul. recip.      Potential
    1.00145e+05    1.48082e+05   -1.48443e+06    8.68519e+03   -1.16129e+06
    Kinetic En.   Total Energy  Conserved En.    Temperature Pressure (bar)
    2.24839e+05   -9.36453e+05   -9.23461e+05    2.98922e+02    1.07349e+02
   Constr. rmsd
    0.00000e+00

           Step           Time
        3150000     6300.00000

   Energies (kJ/mol)
           Bond          Angle    Proper Dih. Per. Imp. Dih.          LJ-14
    7.24696e+03    1.95499e+04    2.95901e+04    1.13947e+03    9.09666e+03
     Coulomb-14        LJ (SR)   Coulomb (SR)   Coul. recip.      Potential
    9.98942e+04    1.46053e+05   -1.48023e+06    8.61792e+03   -1.15904e+06
    Kinetic En.   Total Energy  Conserved En.    Temperature Pressure (bar)
    2.26574e+05   -9.32470e+05   -9.23473e+05    3.01228e+02   -9.88979e+01
   Constr. rmsd
    0.00000e+00

           Step           Time
        3155000     6310.00000

   Energies (kJ/mol)
           Bond          Angle    Proper Dih. Per. Imp. Dih.          LJ-14
    6.78216e+03    2.00017e+04    2.92032e+04    1.11053e+03    9.05286e+03
     Coulomb-14        LJ (SR)   Coulomb (SR)   Coul. recip.      Potential
    1.00110e+05    1.47034e+05   -1.48149e+06    8.77428e+03   -1.15942e+06
    Kinetic En.   Total Energy  Conserved En.    Temperature Pressure (bar)
    2.24151e+05   -9.35267e+05   -9.23414e+05    2.98006e+02   -1.28940e+01
   Constr. rmsd
    0.00000e+00

           Step           Time
        3160000     6320.00000

   Energies (kJ/mol)
           Bond          Angle    Proper Dih. Per. Imp. Dih.          LJ-14
    7.00519e+03    1.98775e+04    2.93061e+04    1.09123e+03    9.11102e+03
     Coulomb-14        LJ (SR)   Coulomb (SR)   Coul. recip.      Potential
    1.00154e+05    1.47201e+05   -1.48047e+06    8.79223e+03   -1.15793e+06
    Kinetic En.   Total Energy  Conserved En.    Temperature Pressure (bar)
    2.27693e+05   -9.30236e+05   -9.23425e+05    3.02716e+02    7.48736e+01
   Constr. rmsd
    0.00000e+00

           Step           Time
        3165000     6330.00000

   Energies (kJ/mol)
           Bond          Angle    Proper Dih. Per. Imp. Dih.          LJ-14
    7.30111e+03    1.94645e+04    2.93253e+04    1.07691e+03    9.24447e+03
     Coulomb-14        LJ (SR)   Coulomb (SR)   Coul. recip.      Potential
    1.00379e+05    1.48424e+05   -1.48402e+06    8.81323e+03   -1.15999e+06
    Kinetic En.   Total Energy  Conserved En.    Temperature Pressure (bar)
    2.25358e+05   -9.34637e+05   -9.23376e+05    2.99611e+02    1.21367e+02
   Constr. rmsd
    0.00000e+00

           Step           Time
        3170000     6340.00000

   Energies (kJ/mol)
           Bond          Angle    Proper Dih. Per. Imp. Dih.          LJ-14
    6.97257e+03    1.97483e+04    2.92217e+04    1.19814e+03    9.20999e+03
     Coulomb-14        LJ (SR)   Coulomb (SR)   Coul. recip.      Potential
    1.00609e+05    1.48764e+05   -1.48550e+06    8.61198e+03   -1.16116e+06
    Kinetic En.   Total Energy  Conserved En.    Temperature Pressure (bar)
    2.28041e+05   -9.33120e+05   -9.23391e+05    3.03178e+02    1.53439e+02
   Constr. rmsd
    0.00000e+00

           Step           Time
        3175000     6350.00000

   Energies (kJ/mol)
           Bond          Angle    Proper Dih. Per. Imp. Dih.          LJ-14
    7.09972e+03    1.98291e+04    2.95320e+04    1.13501e+03    9.01764e+03
     Coulomb-14        LJ (SR)   Coulomb (SR)   Coul. recip.      Potential
    9.99758e+04    1.45979e+05   -1.47888e+06    8.66233e+03   -1.15764e+06
    Kinetic En.   Total Energy  Conserved En.    Temperature Pressure (bar)
    2.23984e+05   -9.33660e+05   -9.23322e+05    2.97785e+02   -1.94209e+02
   Constr. rmsd
    0.00000e+00

           Step           Time
        3180000     6360.00000

   Energies (kJ/mol)
           Bond          Angle    Proper Dih. Per. Imp. Dih.          LJ-14
    7.10787e+03    1.97530e+04    2.92676e+04    1.02826e+03    9.15445e+03
     Coulomb-14        LJ (SR)   Coulomb (SR)   Coul. recip.      Potential
    1.00217e+05    1.48950e+05   -1.48322e+06    8.72499e+03   -1.15901e+06
    Kinetic En.   Total Energy  Conserved En.    Temperature Pressure (bar)
    2.25137e+05   -9.33875e+05   -9.23327e+05    2.99318e+02    4.79340e+01
   Constr. rmsd
    0.00000e+00

           Step           Time
        3185000     6370.00000

   Energies (kJ/mol)
           Bond          Angle    Proper Dih. Per. Imp. Dih.          LJ-14
    7.07970e+03    1.95885e+04    2.91585e+04    1.10047e+03    9.03308e+03
     Coulomb-14        LJ (SR)   Coulomb (SR)   Coul. recip.      Potential
    1.00346e+05    1.47879e+05   -1.48192e+06    8.75792e+03   -1.15897e+06
    Kinetic En.   Total Energy  Conserved En.    Temperature Pressure (bar)
    2.24820e+05   -9.34153e+05   -9.23304e+05    2.98896e+02   -4.64681e+01
   Constr. rmsd
    0.00000e+00

           Step           Time
        3190000     6380.00000

   Energies (kJ/mol)
           Bond          Angle    Proper Dih. Per. Imp. Dih.          LJ-14
    7.17718e+03    1.99689e+04    2.91314e+04    1.07053e+03    9.01817e+03
     Coulomb-14        LJ (SR)   Coulomb (SR)   Coul. recip.      Potential
    1.00397e+05    1.47793e+05   -1.48183e+06    8.68848e+03   -1.15859e+06
    Kinetic En.   Total Energy  Conserved En.    Temperature Pressure (bar)
    2.25777e+05   -9.32812e+05   -9.23307e+05    3.00168e+02    4.02022e+01
   Constr. rmsd
    0.00000e+00

           Step           Time
        3195000     6390.00000

   Energies (kJ/mol)
           Bond          Angle    Proper Dih. Per. Imp. Dih.          LJ-14
    6.88582e+03    1.93146e+04    2.93440e+04    1.10310e+03    9.15223e+03
     Coulomb-14        LJ (SR)   Coulomb (SR)   Coul. recip.      Potential
    1.00245e+05    1.46812e+05   -1.48194e+06    8.60480e+03   -1.16048e+06
    Kinetic En.   Total Energy  Conserved En.    Temperature Pressure (bar)
    2.27146e+05   -9.33332e+05   -9.23317e+05    3.01988e+02   -3.32450e+01
   Constr. rmsd
    0.00000e+00

           Step           Time
        3200000     6400.00000

   Energies (kJ/mol)
           Bond          Angle    Proper Dih. Per. Imp. Dih.          LJ-14
    7.24775e+03    1.98633e+04    2.90733e+04    1.05262e+03    9.12490e+03
     Coulomb-14        LJ (SR)   Coulomb (SR)   Coul. recip.      Potential
    1.00387e+05    1.45141e+05   -1.47781e+06    8.72481e+03   -1.15719e+06
    Kinetic En.   Total Energy  Conserved En.    Temperature Pressure (bar)
    2.26466e+05   -9.30725e+05   -9.23298e+05    3.01085e+02   -1.33976e+02
   Constr. rmsd
    0.00000e+00

           Step           Time
        3205000     6410.00000

   Energies (kJ/mol)
           Bond          Angle    Proper Dih. Per. Imp. Dih.          LJ-14
    7.11948e+03    2.01499e+04    2.93158e+04    1.13836e+03    9.06831e+03
     Coulomb-14        LJ (SR)   Coulomb (SR)   Coul. recip.      Potential
    9.93888e+04    1.48052e+05   -1.48020e+06    8.49602e+03   -1.15747e+06
    Kinetic En.   Total Energy  Conserved En.    Temperature Pressure (bar)
    2.25009e+05   -9.32463e+05   -9.23295e+05    2.99148e+02    1.09019e+02
   Constr. rmsd
    0.00000e+00

           Step           Time
        3210000     6420.00000

   Energies (kJ/mol)
           Bond          Angle    Proper Dih. Per. Imp. Dih.          LJ-14
    7.25252e+03    1.98277e+04    2.94700e+04    1.15123e+03    9.17120e+03
     Coulomb-14        LJ (SR)   Coulomb (SR)   Coul. recip.      Potential
    1.00370e+05    1.47448e+05   -1.48096e+06    8.64900e+03   -1.15762e+06
    Kinetic En.   Total Energy  Conserved En.    Temperature Pressure (bar)
    2.26226e+05   -9.31394e+05   -9.23249e+05    3.00766e+02    4.35623e+01
   Constr. rmsd
    0.00000e+00

           Step           Time
        3215000     6430.00000

   Energies (kJ/mol)
           Bond          Angle    Proper Dih. Per. Imp. Dih.          LJ-14
    6.89109e+03    1.97007e+04    2.94180e+04    1.07963e+03    9.12144e+03
     Coulomb-14        LJ (SR)   Coulomb (SR)   Coul. recip.      Potential
    1.00330e+05    1.49337e+05   -1.48332e+06    8.65903e+03   -1.15878e+06
    Kinetic En.   Total Energy  Conserved En.    Temperature Pressure (bar)
    2.24276e+05   -9.34506e+05   -9.23220e+05    2.98172e+02    1.10151e+02
   Constr. rmsd
    0.00000e+00

           Step           Time
        3220000     6440.00000

   Energies (kJ/mol)
           Bond          Angle    Proper Dih. Per. Imp. Dih.          LJ-14
    7.18681e+03    1.99352e+04    2.92418e+04    1.19622e+03    9.17618e+03
     Coulomb-14        LJ (SR)   Coulomb (SR)   Coul. recip.      Potential
    1.00066e+05    1.48530e+05   -1.48198e+06    8.66650e+03   -1.15798e+06
    Kinetic En.   Total Energy  Conserved En.    Temperature Pressure (bar)
    2.25315e+05   -9.32665e+05   -9.23199e+05    2.99554e+02    1.26608e+02
   Constr. rmsd
    0.00000e+00

           Step           Time
        3225000     6450.00000

   Energies (kJ/mol)
           Bond          Angle    Proper Dih. Per. Imp. Dih.          LJ-14
    7.37577e+03    1.97603e+04    2.91847e+04    1.10201e+03    9.15356e+03
     Coulomb-14        LJ (SR)   Coulomb (SR)   Coul. recip.      Potential
    1.00126e+05    1.48316e+05   -1.48303e+06    8.72563e+03   -1.15928e+06
    Kinetic En.   Total Energy  Conserved En.    Temperature Pressure (bar)
    2.25853e+05   -9.33431e+05   -9.23189e+05    3.00269e+02    1.14056e+02
   Constr. rmsd
    0.00000e+00

           Step           Time
        3230000     6460.00000

   Energies (kJ/mol)
           Bond          Angle    Proper Dih. Per. Imp. Dih.          LJ-14
    7.17743e+03    1.97288e+04    2.93904e+04    1.13021e+03    9.11756e+03
     Coulomb-14        LJ (SR)   Coulomb (SR)   Coul. recip.      Potential
    1.00252e+05    1.47299e+05   -1.48312e+06    8.87364e+03   -1.16015e+06
    Kinetic En.   Total Energy  Conserved En.    Temperature Pressure (bar)
    2.25648e+05   -9.34503e+05   -9.23200e+05    2.99996e+02   -1.02478e+02
   Constr. rmsd
    0.00000e+00

           Step           Time
        3235000     6470.00000

   Energies (kJ/mol)
           Bond          Angle    Proper Dih. Per. Imp. Dih.          LJ-14
    6.85395e+03    1.99127e+04    2.93537e+04    1.16180e+03    9.21182e+03
     Coulomb-14        LJ (SR)   Coulomb (SR)   Coul. recip.      Potential
    1.00185e+05    1.46520e+05   -1.48019e+06    8.69158e+03   -1.15830e+06
    Kinetic En.   Total Energy  Conserved En.    Temperature Pressure (bar)
    2.26097e+05   -9.32204e+05   -9.23155e+05    3.00594e+02    1.38385e+01
   Constr. rmsd
    0.00000e+00

           Step           Time
        3240000     6480.00000

   Energies (kJ/mol)
           Bond          Angle    Proper Dih. Per. Imp. Dih.          LJ-14
    7.24290e+03    2.03618e+04    2.91568e+04    1.14116e+03    8.92288e+03
     Coulomb-14        LJ (SR)   Coulomb (SR)   Coul. recip.      Potential
    9.99474e+04    1.46888e+05   -1.48053e+06    8.73708e+03   -1.15813e+06
    Kinetic En.   Total Energy  Conserved En.    Temperature Pressure (bar)
    2.25043e+05   -9.33086e+05   -9.23114e+05    2.99193e+02   -2.48692e+01
   Constr. rmsd
    0.00000e+00

           Step           Time
        3245000     6490.00000

   Energies (kJ/mol)
           Bond          Angle    Proper Dih. Per. Imp. Dih.          LJ-14
    7.33183e+03    2.00063e+04    2.92004e+04    1.06115e+03    9.06934e+03
     Coulomb-14        LJ (SR)   Coulomb (SR)   Coul. recip.      Potential
    1.00227e+05    1.46233e+05   -1.48089e+06    8.62262e+03   -1.15913e+06
    Kinetic En.   Total Energy  Conserved En.    Temperature Pressure (bar)
    2.25191e+05   -9.33944e+05   -9.23078e+05    2.99389e+02   -2.61010e+01
   Constr. rmsd
    0.00000e+00

           Step           Time
        3250000     6500.00000

   Energies (kJ/mol)
           Bond          Angle    Proper Dih. Per. Imp. Dih.          LJ-14
    7.27724e+03    1.98154e+04    2.94671e+04    1.06040e+03    9.20561e+03
     Coulomb-14        LJ (SR)   Coulomb (SR)   Coul. recip.      Potential
    9.99312e+04    1.46894e+05   -1.48020e+06    8.77260e+03   -1.15778e+06
    Kinetic En.   Total Energy  Conserved En.    Temperature Pressure (bar)
    2.25510e+05   -9.32268e+05   -9.23052e+05    2.99813e+02    4.01601e-01
   Constr. rmsd
    0.00000e+00

           Step           Time
        3255000     6510.00000

   Energies (kJ/mol)
           Bond          Angle    Proper Dih. Per. Imp. Dih.          LJ-14
    7.41710e+03    1.98067e+04    2.93009e+04    1.13473e+03    9.10143e+03
     Coulomb-14        LJ (SR)   Coulomb (SR)   Coul. recip.      Potential
    1.00064e+05    1.47674e+05   -1.47971e+06    8.72148e+03   -1.15649e+06
    Kinetic En.   Total Energy  Conserved En.    Temperature Pressure (bar)
    2.26746e+05   -9.29748e+05   -9.23042e+05    3.01457e+02    1.49198e+01
   Constr. rmsd
    0.00000e+00

           Step           Time
        3260000     6520.00000

   Energies (kJ/mol)
           Bond          Angle    Proper Dih. Per. Imp. Dih.          LJ-14
    7.00984e+03    2.01874e+04    2.93321e+04    1.09607e+03    8.98730e+03
     Coulomb-14        LJ (SR)   Coulomb (SR)   Coul. recip.      Potential
    9.96182e+04    1.47632e+05   -1.48038e+06    8.64636e+03   -1.15787e+06
    Kinetic En.   Total Energy  Conserved En.    Temperature Pressure (bar)
    2.27196e+05   -9.30674e+05   -9.23080e+05    3.02055e+02    5.83886e+01
   Constr. rmsd
    0.00000e+00

           Step           Time
        3265000     6530.00000

   Energies (kJ/mol)
           Bond          Angle    Proper Dih. Per. Imp. Dih.          LJ-14
    7.05731e+03    1.98596e+04    2.93672e+04    1.08534e+03    9.04038e+03
     Coulomb-14        LJ (SR)   Coulomb (SR)   Coul. recip.      Potential
    9.98028e+04    1.45803e+05   -1.47943e+06    8.64389e+03   -1.15877e+06
    Kinetic En.   Total Energy  Conserved En.    Temperature Pressure (bar)
    2.26458e+05   -9.32310e+05   -9.23069e+05    3.01074e+02   -4.89100e+01
   Constr. rmsd
    0.00000e+00

           Step           Time
        3270000     6540.00000

   Energies (kJ/mol)
           Bond          Angle    Proper Dih. Per. Imp. Dih.          LJ-14
    7.22539e+03    1.95493e+04    2.92977e+04    1.16149e+03    9.14643e+03
     Coulomb-14        LJ (SR)   Coulomb (SR)   Coul. recip.      Potential
    9.99073e+04    1.47147e+05   -1.48242e+06    8.54283e+03   -1.16044e+06
    Kinetic En.   Total Energy  Conserved En.    Temperature Pressure (bar)
    2.26327e+05   -9.34114e+05   -9.23072e+05    3.00900e+02   -2.39711e+01
   Constr. rmsd
    0.00000e+00

           Step           Time
        3275000     6550.00000

   Energies (kJ/mol)
           Bond          Angle    Proper Dih. Per. Imp. Dih.          LJ-14
    7.08985e+03    1.99259e+04    2.92390e+04    1.09353e+03    9.02252e+03
     Coulomb-14        LJ (SR)   Coulomb (SR)   Coul. recip.      Potential
    9.96993e+04    1.46879e+05   -1.47957e+06    8.63943e+03   -1.15798e+06
    Kinetic En.   Total Energy  Conserved En.    Temperature Pressure (bar)
    2.27094e+05   -9.30885e+05   -9.22986e+05    3.01919e+02   -7.53491e+01
   Constr. rmsd
    0.00000e+00

           Step           Time
        3280000     6560.00000

   Energies (kJ/mol)
           Bond          Angle    Proper Dih. Per. Imp. Dih.          LJ-14
    7.63184e+03    2.00297e+04    2.93917e+04    1.15724e+03    8.92929e+03
     Coulomb-14        LJ (SR)   Coulomb (SR)   Coul. recip.      Potential
    9.95479e+04    1.48046e+05   -1.48184e+06    8.61462e+03   -1.15850e+06
    Kinetic En.   Total Energy  Conserved En.    Temperature Pressure (bar)
    2.25832e+05   -9.32664e+05   -9.22927e+05    3.00241e+02   -1.09181e+02
   Constr. rmsd
    0.00000e+00

           Step           Time
        3285000     6570.00000

   Energies (kJ/mol)
           Bond          Angle    Proper Dih. Per. Imp. Dih.          LJ-14
    7.01212e+03    1.96336e+04    2.92526e+04    1.10884e+03    9.11754e+03
     Coulomb-14        LJ (SR)   Coulomb (SR)   Coul. recip.      Potential
    1.00091e+05    1.50319e+05   -1.48578e+06    8.74095e+03   -1.16051e+06
    Kinetic En.   Total Energy  Conserved En.    Temperature Pressure (bar)
    2.24984e+05   -9.35523e+05   -9.22925e+05    2.99113e+02    2.66272e+02
   Constr. rmsd
    0.00000e+00

           Step           Time
        3290000     6580.00000

   Energies (kJ/mol)
           Bond          Angle    Proper Dih. Per. Imp. Dih.          LJ-14
    7.08200e+03    1.96073e+04    2.93334e+04    1.11232e+03    9.21921e+03
     Coulomb-14        LJ (SR)   Coulomb (SR)   Coul. recip.      Potential
    1.00015e+05    1.47375e+05   -1.48142e+06    8.72220e+03   -1.15896e+06
    Kinetic En.   Total Energy  Conserved En.    Temperature Pressure (bar)
    2.25366e+05   -9.33594e+05   -9.22924e+05    2.99621e+02   -2.63281e+01
   Constr. rmsd
    0.00000e+00

           Step           Time
        3295000     6590.00000

   Energies (kJ/mol)
           Bond          Angle    Proper Dih. Per. Imp. Dih.          LJ-14
    7.14271e+03    2.03821e+04    2.92230e+04    1.12465e+03    9.10249e+03
     Coulomb-14        LJ (SR)   Coulomb (SR)   Coul. recip.      Potential
    9.98967e+04    1.46631e+05   -1.48024e+06    8.65998e+03   -1.15808e+06
    Kinetic En.   Total Energy  Conserved En.    Temperature Pressure (bar)
    2.27570e+05   -9.30509e+05   -9.22878e+05    3.02552e+02   -2.78660e+01
   Constr. rmsd
    0.00000e+00

           Step           Time
        3300000     6600.00000

   Energies (kJ/mol)
           Bond          Angle    Proper Dih. Per. Imp. Dih.          LJ-14
    7.05158e+03    1.95121e+04    2.93471e+04    1.17072e+03    9.16503e+03
     Coulomb-14        LJ (SR)   Coulomb (SR)   Coul. recip.      Potential
    9.98658e+04    1.46047e+05   -1.47943e+06    8.70992e+03   -1.15856e+06
    Kinetic En.   Total Energy  Conserved En.    Temperature Pressure (bar)
    2.23627e+05   -9.34932e+05   -9.22895e+05    2.97310e+02    2.00902e+01
   Constr. rmsd
    0.00000e+00

           Step           Time
        3305000     6610.00000

   Energies (kJ/mol)
           Bond          Angle    Proper Dih. Per. Imp. Dih.          LJ-14
    7.21745e+03    1.98732e+04    2.91975e+04    1.11530e+03    9.13275e+03
     Coulomb-14        LJ (SR)   Coulomb (SR)   Coul. recip.      Potential
    9.98914e+04    1.46626e+05   -1.48014e+06    8.88164e+03   -1.15820e+06
    Kinetic En.   Total Energy  Conserved En.    Temperature Pressure (bar)
    2.24470e+05   -9.33734e+05   -9.22808e+05    2.98431e+02    7.57485e+01
   Constr. rmsd
    0.00000e+00

           Step           Time
        3310000     6620.00000

   Energies (kJ/mol)
           Bond          Angle    Proper Dih. Per. Imp. Dih.          LJ-14
    6.97343e+03    1.96404e+04    2.93955e+04    1.13476e+03    9.05312e+03
     Coulomb-14        LJ (SR)   Coulomb (SR)   Coul. recip.      Potential
    1.00270e+05    1.46651e+05   -1.48163e+06    8.76627e+03   -1.15974e+06
    Kinetic En.   Total Energy  Conserved En.    Temperature Pressure (bar)
    2.25311e+05   -9.34431e+05   -9.22839e+05    2.99549e+02   -1.00928e+02
   Constr. rmsd
    0.00000e+00

           Step           Time
        3315000     6630.00000

   Energies (kJ/mol)
           Bond          Angle    Proper Dih. Per. Imp. Dih.          LJ-14
    7.40714e+03    1.96258e+04    2.93356e+04    1.07922e+03    9.04516e+03
     Coulomb-14        LJ (SR)   Coulomb (SR)   Coul. recip.      Potential
    1.00257e+05    1.47658e+05   -1.48179e+06    8.84191e+03   -1.15854e+06
    Kinetic En.   Total Energy  Conserved En.    Temperature Pressure (bar)
    2.27219e+05   -9.31322e+05   -9.22832e+05    3.02085e+02   -1.27338e+01
   Constr. rmsd
    0.00000e+00

           Step           Time
        3320000     6640.00000

   Energies (kJ/mol)
           Bond          Angle    Proper Dih. Per. Imp. Dih.          LJ-14
    7.07226e+03    1.95528e+04    2.94033e+04    1.13538e+03    9.17423e+03
     Coulomb-14        LJ (SR)   Coulomb (SR)   Coul. recip.      Potential
    1.00142e+05    1.48661e+05   -1.48460e+06    8.67429e+03   -1.16079e+06
    Kinetic En.   Total Energy  Conserved En.    Temperature Pressure (bar)
    2.25823e+05   -9.34963e+05   -9.22808e+05    3.00229e+02    1.34379e+02
   Constr. rmsd
    0.00000e+00

           Step           Time
        3325000     6650.00000

   Energies (kJ/mol)
           Bond          Angle    Proper Dih. Per. Imp. Dih.          LJ-14
    7.12874e+03    1.99943e+04    2.93063e+04    1.14804e+03    9.06392e+03
     Coulomb-14        LJ (SR)   Coulomb (SR)   Coul. recip.      Potential
    9.99092e+04    1.47693e+05   -1.48070e+06    8.68334e+03   -1.15778e+06
    Kinetic En.   Total Energy  Conserved En.    Temperature Pressure (bar)
    2.25665e+05   -9.32112e+05   -9.22794e+05    3.00020e+02    1.65038e+02
   Constr. rmsd
    0.00000e+00

           Step           Time
        3330000     6660.00000

   Energies (kJ/mol)
           Bond          Angle    Proper Dih. Per. Imp. Dih.          LJ-14
    7.23487e+03    1.98834e+04    2.92426e+04    1.08195e+03    9.03966e+03
     Coulomb-14        LJ (SR)   Coulomb (SR)   Coul. recip.      Potential
    1.00121e+05    1.46959e+05   -1.48247e+06    8.77450e+03   -1.16014e+06
    Kinetic En.   Total Energy  Conserved En.    Temperature Pressure (bar)
    2.25590e+05   -9.34546e+05   -9.22778e+05    2.99920e+02   -1.28168e+02
   Constr. rmsd
    0.00000e+00

           Step           Time
        3335000     6670.00000

   Energies (kJ/mol)
           Bond          Angle    Proper Dih. Per. Imp. Dih.          LJ-14
    7.18899e+03    1.97127e+04    2.93077e+04    1.07308e+03    9.08567e+03
     Coulomb-14        LJ (SR)   Coulomb (SR)   Coul. recip.      Potential
    1.00015e+05    1.48082e+05   -1.48261e+06    8.67581e+03   -1.15947e+06
    Kinetic En.   Total Energy  Conserved En.    Temperature Pressure (bar)
    2.23569e+05   -9.35904e+05   -9.22727e+05    2.97233e+02    9.81838e+01
   Constr. rmsd
    0.00000e+00

           Step           Time
        3340000     6680.00000

   Energies (kJ/mol)
           Bond          Angle    Proper Dih. Per. Imp. Dih.          LJ-14
    7.15924e+03    1.98046e+04    2.93892e+04    1.10333e+03    9.10327e+03
     Coulomb-14        LJ (SR)   Coulomb (SR)   Coul. recip.      Potential
    1.00320e+05    1.45388e+05   -1.47797e+06    8.79008e+03   -1.15692e+06
    Kinetic En.   Total Energy  Conserved En.    Temperature Pressure (bar)
    2.24901e+05   -9.32014e+05   -9.22727e+05    2.99004e+02   -2.14126e+02
   Constr. rmsd
    0.00000e+00

           Step           Time
        3345000     6690.00000

   Energies (kJ/mol)
           Bond          Angle    Proper Dih. Per. Imp. Dih.          LJ-14
    7.21480e+03    1.95791e+04    2.93201e+04    1.04701e+03    9.18121e+03
     Coulomb-14        LJ (SR)   Coulomb (SR)   Coul. recip.      Potential
    1.00106e+05    1.46635e+05   -1.48070e+06    8.87854e+03   -1.15874e+06
    Kinetic En.   Total Energy  Conserved En.    Temperature Pressure (bar)
    2.25222e+05   -9.33518e+05   -9.22716e+05    2.99431e+02   -1.10785e+02
   Constr. rmsd
    0.00000e+00

           Step           Time
        3350000     6700.00000

   Energies (kJ/mol)
           Bond          Angle    Proper Dih. Per. Imp. Dih.          LJ-14
    7.28441e+03    1.99711e+04    2.93209e+04    1.12161e+03    9.06012e+03
     Coulomb-14        LJ (SR)   Coulomb (SR)   Coul. recip.      Potential
    9.98890e+04    1.46961e+05   -1.48126e+06    8.66912e+03   -1.15899e+06
    Kinetic En.   Total Energy  Conserved En.    Temperature Pressure (bar)
    2.25481e+05   -9.33504e+05   -9.22681e+05    2.99775e+02    1.70411e+01
   Constr. rmsd
    0.00000e+00

           Step           Time
        3355000     6710.00000

   Energies (kJ/mol)
           Bond          Angle    Proper Dih. Per. Imp. Dih.          LJ-14
    7.14198e+03    2.00981e+04    2.92746e+04    1.11122e+03    9.01966e+03
     Coulomb-14        LJ (SR)   Coulomb (SR)   Coul. recip.      Potential
    1.00042e+05    1.47479e+05   -1.48026e+06    8.65775e+03   -1.15744e+06
    Kinetic En.   Total Energy  Conserved En.    Temperature Pressure (bar)
    2.25375e+05   -9.32065e+05   -9.22645e+05    2.99634e+02    2.60937e+01
   Constr. rmsd
    0.00000e+00

           Step           Time
        3360000     6720.00000

   Energies (kJ/mol)
           Bond          Angle    Proper Dih. Per. Imp. Dih.          LJ-14
    7.23952e+03    1.98575e+04    2.95412e+04    1.06676e+03    9.12629e+03
     Coulomb-14        LJ (SR)   Coulomb (SR)   Coul. recip.      Potential
    9.97839e+04    1.46220e+05   -1.47942e+06    8.73019e+03   -1.15786e+06
    Kinetic En.   Total Energy  Conserved En.    Temperature Pressure (bar)
    2.26245e+05   -9.31615e+05   -9.22645e+05    3.00790e+02   -1.65701e+01
   Constr. rmsd
    0.00000e+00

           Step           Time
        3365000     6730.00000

   Energies (kJ/mol)
           Bond          Angle    Proper Dih. Per. Imp. Dih.          LJ-14
    7.14357e+03    1.98268e+04    2.92618e+04    1.16834e+03    9.07300e+03
     Coulomb-14        LJ (SR)   Coulomb (SR)   Coul. recip.      Potential
    9.97671e+04    1.48071e+05   -1.48206e+06    8.72407e+03   -1.15902e+06
    Kinetic En.   Total Energy  Conserved En.    Temperature Pressure (bar)
    2.25343e+05   -9.33676e+05   -9.22607e+05    2.99592e+02    9.78263e+01
   Constr. rmsd
    0.00000e+00

           Step           Time
        3370000     6740.00000

   Energies (kJ/mol)
           Bond          Angle    Proper Dih. Per. Imp. Dih.          LJ-14
    7.22445e+03    1.96001e+04    2.93062e+04    1.13381e+03    9.01709e+03
     Coulomb-14        LJ (SR)   Coulomb (SR)   Coul. recip.      Potential
    1.00296e+05    1.46942e+05   -1.48234e+06    8.77117e+03   -1.16005e+06
    Kinetic En.   Total Energy  Conserved En.    Temperature Pressure (bar)
    2.24818e+05   -9.35234e+05   -9.22615e+05    2.98894e+02   -1.20478e+02
   Constr. rmsd
    0.00000e+00

           Step           Time
        3375000     6750.00000

   Energies (kJ/mol)
           Bond          Angle    Proper Dih. Per. Imp. Dih.          LJ-14
    7.27757e+03    1.95722e+04    2.92977e+04    1.06036e+03    8.99714e+03
     Coulomb-14        LJ (SR)   Coulomb (SR)   Coul. recip.      Potential
    9.99451e+04    1.47424e+05   -1.48276e+06    8.72135e+03   -1.16046e+06
    Kinetic En.   Total Energy  Conserved En.    Temperature Pressure (bar)
    2.24390e+05   -9.36074e+05   -9.22574e+05    2.98324e+02   -1.33079e+02
   Constr. rmsd
    0.00000e+00

           Step           Time
        3380000     6760.00000

   Energies (kJ/mol)
           Bond          Angle    Proper Dih. Per. Imp. Dih.          LJ-14
    7.39782e+03    1.99989e+04    2.94402e+04    1.15149e+03    9.09572e+03
     Coulomb-14        LJ (SR)   Coulomb (SR)   Coul. recip.      Potential
    9.97423e+04    1.48422e+05   -1.48212e+06    8.71996e+03   -1.15815e+06
    Kinetic En.   Total Energy  Conserved En.    Temperature Pressure (bar)
    2.26441e+05   -9.31707e+05   -9.22597e+05    3.01051e+02    7.54358e+01
   Constr. rmsd
    0.00000e+00

           Step           Time
        3385000     6770.00000

   Energies (kJ/mol)
           Bond          Angle    Proper Dih. Per. Imp. Dih.          LJ-14
    7.34444e+03    1.97146e+04    2.92987e+04    1.08959e+03    9.11170e+03
     Coulomb-14        LJ (SR)   Coulomb (SR)   Coul. recip.      Potential
    9.97663e+04    1.48021e+05   -1.48059e+06    8.85995e+03   -1.15739e+06
    Kinetic En.   Total Energy  Conserved En.    Temperature Pressure (bar)
    2.27207e+05   -9.30182e+05   -9.22592e+05    3.02069e+02    1.42559e+01
   Constr. rmsd
    0.00000e+00

           Step           Time
        3390000     6780.00000

   Energies (kJ/mol)
           Bond          Angle    Proper Dih. Per. Imp. Dih.          LJ-14
    7.40075e+03    1.94821e+04    2.93813e+04    1.09424e+03    9.21037e+03
     Coulomb-14        LJ (SR)   Coulomb (SR)   Coul. recip.      Potential
    1.00224e+05    1.46545e+05   -1.48215e+06    8.69276e+03   -1.16011e+06
    Kinetic En.   Total Energy  Conserved En.    Temperature Pressure (bar)
    2.25633e+05   -9.34481e+05   -9.22535e+05    2.99977e+02   -1.17538e+02
   Constr. rmsd
    0.00000e+00

           Step           Time
        3395000     6790.00000

   Energies (kJ/mol)
           Bond          Angle    Proper Dih. Per. Imp. Dih.          LJ-14
    7.12726e+03    1.98423e+04    2.94203e+04    1.08319e+03    8.98181e+03
     Coulomb-14        LJ (SR)   Coulomb (SR)   Coul. recip.      Potential
    1.00068e+05    1.45930e+05   -1.47864e+06    8.82295e+03   -1.15736e+06
    Kinetic En.   Total Energy  Conserved En.    Temperature Pressure (bar)
    2.25420e+05   -9.31944e+05   -9.22556e+05    2.99694e+02   -1.27289e+02
   Constr. rmsd
    0.00000e+00

           Step           Time
        3400000     6800.00000

   Energies (kJ/mol)
           Bond          Angle    Proper Dih. Per. Imp. Dih.          LJ-14
    7.16001e+03    2.00495e+04    2.94458e+04    1.07326e+03    9.10463e+03
     Coulomb-14        LJ (SR)   Coulomb (SR)   Coul. recip.      Potential
    1.00286e+05    1.47726e+05   -1.48117e+06    8.70554e+03   -1.15762e+06
    Kinetic En.   Total Energy  Conserved En.    Temperature Pressure (bar)
    2.26648e+05   -9.30972e+05   -9.22466e+05    3.01326e+02    8.89047e+01
   Constr. rmsd
    0.00000e+00

           Step           Time
        3405000     6810.00000

   Energies (kJ/mol)
           Bond          Angle    Proper Dih. Per. Imp. Dih.          LJ-14
    7.08099e+03    1.97726e+04    2.95036e+04    1.12821e+03    9.18318e+03
     Coulomb-14        LJ (SR)   Coulomb (SR)   Coul. recip.      Potential
    1.00191e+05    1.49953e+05   -1.48472e+06    8.56067e+03   -1.15935e+06
    Kinetic En.   Total Energy  Conserved En.    Temperature Pressure (bar)
    2.27088e+05   -9.32261e+05   -9.22474e+05    3.01911e+02    2.60687e+02
   Constr. rmsd
    0.00000e+00

           Step           Time
        3410000     6820.00000

   Energies (kJ/mol)
           Bond          Angle    Proper Dih. Per. Imp. Dih.          LJ-14
    6.94233e+03    1.94995e+04    2.92181e+04    1.15157e+03    9.06259e+03
     Coulomb-14        LJ (SR)   Coulomb (SR)   Coul. recip.      Potential
    9.98105e+04    1.46235e+05   -1.48196e+06    8.93509e+03   -1.16111e+06
    Kinetic En.   Total Energy  Conserved En.    Temperature Pressure (bar)
    2.24707e+05   -9.36400e+05   -9.22482e+05    2.98746e+02   -8.86080e+01
   Constr. rmsd
    0.00000e+00

           Step           Time
        3415000     6830.00000

   Energies (kJ/mol)
           Bond          Angle    Proper Dih. Per. Imp. Dih.          LJ-14
    7.06733e+03    1.98905e+04    2.94022e+04    1.09767e+03    9.07669e+03
     Coulomb-14        LJ (SR)   Coulomb (SR)   Coul. recip.      Potential
    1.00272e+05    1.48756e+05   -1.48366e+06    8.67177e+03   -1.15942e+06
    Kinetic En.   Total Energy  Conserved En.    Temperature Pressure (bar)
    2.25604e+05   -9.33817e+05   -9.22446e+05    2.99939e+02    7.29479e+01
   Constr. rmsd
    0.00000e+00

           Step           Time
        3420000     6840.00000

   Energies (kJ/mol)
           Bond          Angle    Proper Dih. Per. Imp. Dih.          LJ-14
    7.17288e+03    2.00667e+04    2.92802e+04    1.03224e+03    9.09334e+03
     Coulomb-14        LJ (SR)   Coulomb (SR)   Coul. recip.      Potential
    9.95735e+04    1.46962e+05   -1.48080e+06    8.85132e+03   -1.15877e+06
    Kinetic En.   Total Energy  Conserved En.    Temperature Pressure (bar)
    2.25511e+05   -9.33259e+05   -9.22392e+05    2.99815e+02    7.29242e+01
   Constr. rmsd
    0.00000e+00

           Step           Time
        3425000     6850.00000

   Energies (kJ/mol)
           Bond          Angle    Proper Dih. Per. Imp. Dih.          LJ-14
    7.30502e+03    1.98475e+04    2.91901e+04    1.07939e+03    9.13417e+03
     Coulomb-14        LJ (SR)   Coulomb (SR)   Coul. recip.      Potential
    9.98237e+04    1.45553e+05   -1.48059e+06    8.68900e+03   -1.15997e+06
    Kinetic En.   Total Energy  Conserved En.    Temperature Pressure (bar)
    2.25519e+05   -9.34453e+05   -9.22342e+05    2.99826e+02   -1.36188e+02
   Constr. rmsd
    0.00000e+00

           Step           Time
        3430000     6860.00000

   Energies (kJ/mol)
           Bond          Angle    Proper Dih. Per. Imp. Dih.          LJ-14
    7.04417e+03    2.00336e+04    2.93579e+04    1.09068e+03    9.07682e+03
     Coulomb-14        LJ (SR)   Coulomb (SR)   Coul. recip.      Potential
    9.96463e+04    1.46976e+05   -1.48006e+06    8.64003e+03   -1.15820e+06
    Kinetic En.   Total Energy  Conserved En.    Temperature Pressure (bar)
    2.25738e+05   -9.32459e+05   -9.22345e+05    3.00116e+02    1.68232e+01
   Constr. rmsd
    0.00000e+00

           Step           Time
        3435000     6870.00000

   Energies (kJ/mol)
           Bond          Angle    Proper Dih. Per. Imp. Dih.          LJ-14
    7.07867e+03    1.96918e+04    2.94220e+04    1.11512e+03    9.10208e+03
     Coulomb-14        LJ (SR)   Coulomb (SR)   Coul. recip.      Potential
    9.98471e+04    1.47126e+05   -1.48086e+06    8.65544e+03   -1.15883e+06
    Kinetic En.   Total Energy  Conserved En.    Temperature Pressure (bar)
    2.24834e+05   -9.33992e+05   -9.22314e+05    2.98915e+02   -8.11427e+00
   Constr. rmsd
    0.00000e+00

           Step           Time
        3440000     6880.00000

   Energies (kJ/mol)
           Bond          Angle    Proper Dih. Per. Imp. Dih.          LJ-14
    7.16144e+03    1.95446e+04    2.92378e+04    1.17676e+03    9.17693e+03
     Coulomb-14        LJ (SR)   Coulomb (SR)   Coul. recip.      Potential
    1.00189e+05    1.48370e+05   -1.48424e+06    8.63857e+03   -1.16074e+06
    Kinetic En.   Total Energy  Conserved En.    Temperature Pressure (bar)
    2.25695e+05   -9.35045e+05   -9.22293e+05    3.00060e+02    6.61096e+01
   Constr. rmsd
    0.00000e+00

           Step           Time
        3445000     6890.00000

   Energies (kJ/mol)
           Bond          Angle    Proper Dih. Per. Imp. Dih.          LJ-14
    7.26856e+03    1.97161e+04    2.90097e+04    1.10676e+03    9.14728e+03
     Coulomb-14        LJ (SR)   Coulomb (SR)   Coul. recip.      Potential
    9.95253e+04    1.49749e+05   -1.48381e+06    8.72982e+03   -1.15956e+06
    Kinetic En.   Total Energy  Conserved En.    Temperature Pressure (bar)
    2.25895e+05   -9.33660e+05   -9.22306e+05    3.00326e+02    1.32519e+01
   Constr. rmsd
    0.00000e+00

           Step           Time
        3450000     6900.00000

   Energies (kJ/mol)
           Bond          Angle    Proper Dih. Per. Imp. Dih.          LJ-14
    7.10528e+03    2.00273e+04    2.92473e+04    1.09384e+03    9.18180e+03
     Coulomb-14        LJ (SR)   Coulomb (SR)   Coul. recip.      Potential
    1.00061e+05    1.47699e+05   -1.48358e+06    8.73840e+03   -1.16042e+06
    Kinetic En.   Total Energy  Conserved En.    Temperature Pressure (bar)
    2.26062e+05   -9.34359e+05   -9.22277e+05    3.00547e+02    7.53037e+01
   Constr. rmsd
    0.00000e+00

           Step           Time
        3455000     6910.00000

   Energies (kJ/mol)
           Bond          Angle    Proper Dih. Per. Imp. Dih.          LJ-14
    7.10948e+03    1.99801e+04    2.92378e+04    1.08141e+03    9.00339e+03
     Coulomb-14        LJ (SR)   Coulomb (SR)   Coul. recip.      Potential
    9.97249e+04    1.47348e+05   -1.48135e+06    8.67033e+03   -1.15919e+06
    Kinetic En.   Total Energy  Conserved En.    Temperature Pressure (bar)
    2.25363e+05   -9.33831e+05   -9.22247e+05    2.99618e+02   -4.84264e+01
   Constr. rmsd
    0.00000e+00

           Step           Time
        3460000     6920.00000

   Energies (kJ/mol)
           Bond          Angle    Proper Dih. Per. Imp. Dih.          LJ-14
    6.87110e+03    1.96305e+04    2.92803e+04    1.05907e+03    9.23650e+03
     Coulomb-14        LJ (SR)   Coulomb (SR)   Coul. recip.      Potential
    1.00375e+05    1.47994e+05   -1.48313e+06    8.67124e+03   -1.16002e+06
    Kinetic En.   Total Energy  Conserved En.    Temperature Pressure (bar)
    2.24638e+05   -9.35378e+05   -9.22225e+05    2.98654e+02    1.53212e+02
   Constr. rmsd
    0.00000e+00

           Step           Time
        3465000     6930.00000

   Energies (kJ/mol)
           Bond          Angle    Proper Dih. Per. Imp. Dih.          LJ-14
    7.33557e+03    2.02705e+04    2.91990e+04    1.12467e+03    8.96819e+03
     Coulomb-14        LJ (SR)   Coulomb (SR)   Coul. recip.      Potential
    9.95130e+04    1.45000e+05   -1.47948e+06    8.70445e+03   -1.15936e+06
    Kinetic En.   Total Energy  Conserved En.    Temperature Pressure (bar)
    2.26421e+05   -9.32940e+05   -9.22198e+05    3.01025e+02   -1.55747e+02
   Constr. rmsd
    0.00000e+00

           Step           Time
        3470000     6940.00000

   Energies (kJ/mol)
           Bond          Angle    Proper Dih. Per. Imp. Dih.          LJ-14
    7.15846e+03    1.94192e+04    2.92607e+04    1.04782e+03    9.02217e+03
     Coulomb-14        LJ (SR)   Coulomb (SR)   Coul. recip.      Potential
    9.97502e+04    1.46403e+05   -1.48120e+06    8.67645e+03   -1.16046e+06
    Kinetic En.   Total Energy  Conserved En.    Temperature Pressure (bar)
    2.25062e+05   -9.35397e+05   -9.22236e+05    2.99217e+02   -5.95630e+01
   Constr. rmsd
    0.00000e+00

           Step           Time
        3475000     6950.00000

   Energies (kJ/mol)
           Bond          Angle    Proper Dih. Per. Imp. Dih.          LJ-14
    7.43582e+03    1.99662e+04    2.93439e+04    1.07935e+03    9.15487e+03
     Coulomb-14        LJ (SR)   Coulomb (SR)   Coul. recip.      Potential
    9.95301e+04    1.46329e+05   -1.48003e+06    8.65344e+03   -1.15853e+06
    Kinetic En.   Total Energy  Conserved En.    Temperature Pressure (bar)
    2.27277e+05   -9.31257e+05   -9.22110e+05    3.02163e+02   -8.52466e+01
   Constr. rmsd
    0.00000e+00

           Step           Time
        3480000     6960.00000

   Energies (kJ/mol)
           Bond          Angle    Proper Dih. Per. Imp. Dih.          LJ-14
    7.19401e+03    1.99254e+04    2.92613e+04    1.13867e+03    9.15496e+03
     Coulomb-14        LJ (SR)   Coulomb (SR)   Coul. recip.      Potential
    9.96497e+04    1.46704e+05   -1.48210e+06    8.65456e+03   -1.16042e+06
    Kinetic En.   Total Energy  Conserved En.    Temperature Pressure (bar)
    2.25161e+05   -9.35260e+05   -9.22092e+05    2.99349e+02    1.13741e+01
   Constr. rmsd
    0.00000e+00

           Step           Time
        3485000     6970.00000

   Energies (kJ/mol)
           Bond          Angle    Proper Dih. Per. Imp. Dih.          LJ-14
    7.13254e+03    1.99183e+04    2.93720e+04    1.12522e+03    9.14732e+03
     Coulomb-14        LJ (SR)   Coulomb (SR)   Coul. recip.      Potential
    1.00169e+05    1.46977e+05   -1.48265e+06    8.80038e+03   -1.16001e+06
    Kinetic En.   Total Energy  Conserved En.    Temperature Pressure (bar)
    2.27925e+05   -9.32083e+05   -9.22092e+05    3.03024e+02   -5.41884e+01
   Constr. rmsd
    0.00000e+00

           Step           Time
        3490000     6980.00000

   Energies (kJ/mol)
           Bond          Angle    Proper Dih. Per. Imp. Dih.          LJ-14
    7.12407e+03    1.99765e+04    2.94830e+04    1.11322e+03    9.06238e+03
     Coulomb-14        LJ (SR)   Coulomb (SR)   Coul. recip.      Potential
    9.94584e+04    1.50183e+05   -1.48608e+06    8.59605e+03   -1.16108e+06
    Kinetic En.   Total Energy  Conserved En.    Temperature Pressure (bar)
    2.26695e+05   -9.34386e+05   -9.22080e+05    3.01389e+02    1.55354e+02
   Constr. rmsd
    0.00000e+00

           Step           Time
        3495000     6990.00000

   Energies (kJ/mol)
           Bond          Angle    Proper Dih. Per. Imp. Dih.          LJ-14
    7.18484e+03    1.97458e+04    2.92788e+04    1.16916e+03    9.14044e+03
     Coulomb-14        LJ (SR)   Coulomb (SR)   Coul. recip.      Potential
    9.97700e+04    1.46943e+05   -1.48079e+06    8.70611e+03   -1.15885e+06
    Kinetic En.   Total Energy  Conserved En.    Temperature Pressure (bar)
    2.26035e+05   -9.32816e+05   -9.22083e+05    3.00512e+02   -8.16463e+01
   Constr. rmsd
    0.00000e+00

           Step           Time
        3500000     7000.00000

   Energies (kJ/mol)
           Bond          Angle    Proper Dih. Per. Imp. Dih.          LJ-14
    6.99048e+03    1.97950e+04    2.93679e+04    1.12605e+03    9.16383e+03
     Coulomb-14        LJ (SR)   Coulomb (SR)   Coul. recip.      Potential
    9.99721e+04    1.47923e+05   -1.48355e+06    8.64597e+03   -1.16057e+06
    Kinetic En.   Total Energy  Conserved En.    Temperature Pressure (bar)
    2.25093e+05   -9.35476e+05   -9.22081e+05    2.99258e+02   -1.12622e+01
   Constr. rmsd
    0.00000e+00

           Step           Time
        3505000     7010.00000

   Energies (kJ/mol)
           Bond          Angle    Proper Dih. Per. Imp. Dih.          LJ-14
    6.79863e+03    1.94285e+04    2.92478e+04    1.06681e+03    9.18314e+03
     Coulomb-14        LJ (SR)   Coulomb (SR)   Coul. recip.      Potential
    1.00088e+05    1.48098e+05   -1.48387e+06    8.78059e+03   -1.16118e+06
    Kinetic En.   Total Energy  Conserved En.    Temperature Pressure (bar)
    2.26786e+05   -9.34395e+05   -9.22082e+05    3.01509e+02    1.35941e+02
   Constr. rmsd
    0.00000e+00

           Step           Time
        3510000     7020.00000

   Energies (kJ/mol)
           Bond          Angle    Proper Dih. Per. Imp. Dih.          LJ-14
    7.25880e+03    1.97119e+04    2.92587e+04    1.06326e+03    9.02935e+03
     Coulomb-14        LJ (SR)   Coulomb (SR)   Coul. recip.      Potential
    9.99821e+04    1.47080e+05   -1.48067e+06    8.76991e+03   -1.15852e+06
    Kinetic En.   Total Energy  Conserved En.    Temperature Pressure (bar)
    2.25749e+05   -9.32769e+05   -9.22036e+05    3.00131e+02   -2.84923e+01
   Constr. rmsd
    0.00000e+00

           Step           Time
        3515000     7030.00000

   Energies (kJ/mol)
           Bond          Angle    Proper Dih. Per. Imp. Dih.          LJ-14
    7.13369e+03    1.97348e+04    2.93734e+04    1.06269e+03    9.04413e+03
     Coulomb-14        LJ (SR)   Coulomb (SR)   Coul. recip.      Potential
    9.98475e+04    1.48258e+05   -1.48293e+06    8.81448e+03   -1.15966e+06
    Kinetic En.   Total Energy  Conserved En.    Temperature Pressure (bar)
    2.23766e+05   -9.35892e+05   -9.21994e+05    2.97494e+02   -5.27873e+01
   Constr. rmsd
    0.00000e+00

           Step           Time
        3520000     7040.00000

   Energies (kJ/mol)
           Bond          Angle    Proper Dih. Per. Imp. Dih.          LJ-14
    7.27421e+03    2.01169e+04    2.94914e+04    1.16344e+03    9.10259e+03
     Coulomb-14        LJ (SR)   Coulomb (SR)   Coul. recip.      Potential
    9.96041e+04    1.48570e+05   -1.48125e+06    8.76920e+03   -1.15716e+06
    Kinetic En.   Total Energy  Conserved En.    Temperature Pressure (bar)
    2.25549e+05   -9.31610e+05   -9.21965e+05    2.99865e+02    6.80400e+01
   Constr. rmsd
    0.00000e+00

           Step           Time
        3525000     7050.00000

   Energies (kJ/mol)
           Bond          Angle    Proper Dih. Per. Imp. Dih.          LJ-14
    7.27321e+03    1.97608e+04    2.92683e+04    1.12383e+03    9.11258e+03
     Coulomb-14        LJ (SR)   Coulomb (SR)   Coul. recip.      Potential
    1.00139e+05    1.49153e+05   -1.48361e+06    8.69402e+03   -1.15909e+06
    Kinetic En.   Total Energy  Conserved En.    Temperature Pressure (bar)
    2.24588e+05   -9.34501e+05   -9.21964e+05    2.98588e+02    1.06337e+02
   Constr. rmsd
    0.00000e+00

           Step           Time
        3530000     7060.00000

   Energies (kJ/mol)
           Bond          Angle    Proper Dih. Per. Imp. Dih.          LJ-14
    7.06080e+03    1.99825e+04    2.91561e+04    1.09767e+03    9.04782e+03
     Coulomb-14        LJ (SR)   Coulomb (SR)   Coul. recip.      Potential
    9.98338e+04    1.46659e+05   -1.48010e+06    8.96907e+03   -1.15829e+06
    Kinetic En.   Total Energy  Conserved En.    Temperature Pressure (bar)
    2.26322e+05   -9.31972e+05   -9.22006e+05    3.00893e+02   -1.15813e+02
   Constr. rmsd
    0.00000e+00

           Step           Time
        3535000     7070.00000

   Energies (kJ/mol)
           Bond          Angle    Proper Dih. Per. Imp. Dih.          LJ-14
    6.90506e+03    1.95046e+04    2.92388e+04    1.11964e+03    9.03648e+03
     Coulomb-14        LJ (SR)   Coulomb (SR)   Coul. recip.      Potential
    9.98049e+04    1.47437e+05   -1.48207e+06    8.73138e+03   -1.16029e+06
    Kinetic En.   Total Energy  Conserved En.    Temperature Pressure (bar)
    2.25501e+05   -9.34790e+05   -9.21995e+05    2.99801e+02   -3.40483e+01
   Constr. rmsd
    0.00000e+00

           Step           Time
        3540000     7080.00000

   Energies (kJ/mol)
           Bond          Angle    Proper Dih. Per. Imp. Dih.          LJ-14
    7.13619e+03    1.97666e+04    2.94113e+04    1.14596e+03    9.03381e+03
     Coulomb-14        LJ (SR)   Coulomb (SR)   Coul. recip.      Potential
    9.99419e+04    1.48030e+05   -1.48303e+06    8.77457e+03   -1.15979e+06
    Kinetic En.   Total Energy  Conserved En.    Temperature Pressure (bar)
    2.25287e+05   -9.34506e+05   -9.21935e+05    2.99517e+02    3.64191e+01
   Constr. rmsd
    0.00000e+00

           Step           Time
        3545000     7090.00000

   Energies (kJ/mol)
           Bond          Angle    Proper Dih. Per. Imp. Dih.          LJ-14
    7.22212e+03    1.98587e+04    2.94115e+04    1.13064e+03    9.03359e+03
     Coulomb-14        LJ (SR)   Coulomb (SR)   Coul. recip.      Potential
    1.00178e+05    1.45762e+05   -1.47956e+06    8.69925e+03   -1.15827e+06
    Kinetic En.   Total Energy  Conserved En.    Temperature Pressure (bar)
    2.26384e+05   -9.31884e+05   -9.21907e+05    3.00976e+02   -4.80948e+01
   Constr. rmsd
    0.00000e+00

           Step           Time
        3550000     7100.00000

   Energies (kJ/mol)
           Bond          Angle    Proper Dih. Per. Imp. Dih.          LJ-14
    7.26392e+03    1.96471e+04    2.93801e+04    1.08410e+03    8.98173e+03
     Coulomb-14        LJ (SR)   Coulomb (SR)   Coul. recip.      Potential
    9.99721e+04    1.45382e+05   -1.48028e+06    8.71468e+03   -1.15985e+06
    Kinetic En.   Total Energy  Conserved En.    Temperature Pressure (bar)
    2.26208e+05   -9.33645e+05   -9.21904e+05    3.00741e+02   -1.62290e+02
   Constr. rmsd
    0.00000e+00

           Step           Time
        3555000     7110.00000

   Energies (kJ/mol)
           Bond          Angle    Proper Dih. Per. Imp. Dih.          LJ-14
    7.25301e+03    2.01310e+04    2.92535e+04    1.13829e+03    8.98733e+03
     Coulomb-14        LJ (SR)   Coulomb (SR)   Coul. recip.      Potential
    9.98554e+04    1.47026e+05   -1.48145e+06    8.80942e+03   -1.15899e+06
    Kinetic En.   Total Energy  Conserved En.    Temperature Pressure (bar)
    2.25272e+05   -9.33719e+05   -9.21864e+05    2.99497e+02   -1.98216e+01
   Constr. rmsd
    0.00000e+00

           Step           Time
        3560000     7120.00000

   Energies (kJ/mol)
           Bond          Angle    Proper Dih. Per. Imp. Dih.          LJ-14
    7.28141e+03    1.98707e+04    2.92712e+04    1.06748e+03    9.10599e+03
     Coulomb-14        LJ (SR)   Coulomb (SR)   Coul. recip.      Potential
    9.95675e+04    1.47464e+05   -1.48058e+06    8.82524e+03   -1.15813e+06
    Kinetic En.   Total Energy  Conserved En.    Temperature Pressure (bar)
    2.26294e+05   -9.31834e+05   -9.21848e+05    3.00856e+02    5.42575e+01
   Constr. rmsd
    0.00000e+00

           Step           Time
        3565000     7130.00000

   Energies (kJ/mol)
           Bond          Angle    Proper Dih. Per. Imp. Dih.          LJ-14
    6.98379e+03    2.01802e+04    2.92597e+04    1.07655e+03    8.99608e+03
     Coulomb-14        LJ (SR)   Coulomb (SR)   Coul. recip.      Potential
    9.97336e+04    1.47262e+05   -1.48038e+06    8.81243e+03   -1.15807e+06
    Kinetic En.   Total Energy  Conserved En.    Temperature Pressure (bar)
    2.25386e+05   -9.32686e+05   -9.21841e+05    2.99649e+02    9.74196e+01
   Constr. rmsd
    0.00000e+00

           Step           Time
        3570000     7140.00000

   Energies (kJ/mol)
           Bond          Angle    Proper Dih. Per. Imp. Dih.          LJ-14
    7.03497e+03    1.97394e+04    2.93918e+04    1.12537e+03    9.00076e+03
     Coulomb-14        LJ (SR)   Coulomb (SR)   Coul. recip.      Potential
    9.97330e+04    1.48841e+05   -1.48420e+06    8.66615e+03   -1.16067e+06
    Kinetic En.   Total Energy  Conserved En.    Temperature Pressure (bar)
    2.25342e+05   -9.35329e+05   -9.21797e+05    2.99590e+02   -7.36433e+01
   Constr. rmsd
    0.00000e+00

           Step           Time
        3575000     7150.00000

   Energies (kJ/mol)
           Bond          Angle    Proper Dih. Per. Imp. Dih.          LJ-14
    7.24010e+03    2.01049e+04    2.92937e+04    1.15695e+03    9.09058e+03
     Coulomb-14        LJ (SR)   Coulomb (SR)   Coul. recip.      Potential
    9.99112e+04    1.44891e+05   -1.47905e+06    8.55939e+03   -1.15880e+06
    Kinetic En.   Total Energy  Conserved En.    Temperature Pressure (bar)
    2.25620e+05   -9.33184e+05   -9.21806e+05    2.99960e+02   -1.52984e+02
   Constr. rmsd
    0.00000e+00

           Step           Time
        3580000     7160.00000

   Energies (kJ/mol)
           Bond          Angle    Proper Dih. Per. Imp. Dih.          LJ-14
    7.38197e+03    1.95821e+04    2.95316e+04    1.13645e+03    9.06504e+03
     Coulomb-14        LJ (SR)   Coulomb (SR)   Coul. recip.      Potential
    1.00403e+05    1.48059e+05   -1.48406e+06    8.73404e+03   -1.16017e+06
    Kinetic En.   Total Energy  Conserved En.    Temperature Pressure (bar)
    2.25743e+05   -9.34424e+05   -9.21822e+05    3.00124e+02   -1.43784e+01
   Constr. rmsd
    0.00000e+00

           Step           Time
        3585000     7170.00000

   Energies (kJ/mol)
           Bond          Angle    Proper Dih. Per. Imp. Dih.          LJ-14
    7.15448e+03    1.98988e+04    2.93072e+04    1.08178e+03    8.94028e+03
     Coulomb-14        LJ (SR)   Coulomb (SR)   Coul. recip.      Potential
    9.99509e+04    1.47834e+05   -1.48188e+06    8.63219e+03   -1.15908e+06
    Kinetic En.   Total Energy  Conserved En.    Temperature Pressure (bar)
    2.26936e+05   -9.32147e+05   -9.21842e+05    3.01710e+02   -1.88953e+01
   Constr. rmsd
    0.00000e+00

           Step           Time
        3590000     7180.00000

   Energies (kJ/mol)
           Bond          Angle    Proper Dih. Per. Imp. Dih.          LJ-14
    7.24791e+03    1.97394e+04    2.94212e+04    1.14191e+03    9.11812e+03
     Coulomb-14        LJ (SR)   Coulomb (SR)   Coul. recip.      Potential
    9.97201e+04    1.45871e+05   -1.48043e+06    8.69701e+03   -1.15947e+06
    Kinetic En.   Total Energy  Conserved En.    Temperature Pressure (bar)
    2.26374e+05   -9.33096e+05   -9.21805e+05    3.00962e+02   -3.46358e+01
   Constr. rmsd
    0.00000e+00

           Step           Time
        3595000     7190.00000

   Energies (kJ/mol)
           Bond          Angle    Proper Dih. Per. Imp. Dih.          LJ-14
    7.32070e+03    1.95180e+04    2.93699e+04    1.07811e+03    8.99157e+03
     Coulomb-14        LJ (SR)   Coulomb (SR)   Coul. recip.      Potential
    1.00021e+05    1.47104e+05   -1.48216e+06    8.73708e+03   -1.16002e+06
    Kinetic En.   Total Energy  Conserved En.    Temperature Pressure (bar)
    2.26395e+05   -9.33624e+05   -9.21812e+05    3.00990e+02   -8.70497e+01
   Constr. rmsd
    0.00000e+00

           Step           Time
        3600000     7200.00000

   Energies (kJ/mol)
           Bond          Angle    Proper Dih. Per. Imp. Dih.          LJ-14
    7.27299e+03    1.97695e+04    2.94618e+04    1.01919e+03    9.05541e+03
     Coulomb-14        LJ (SR)   Coulomb (SR)   Coul. recip.      Potential
    9.98500e+04    1.48551e+05   -1.48235e+06    8.75464e+03   -1.15862e+06
    Kinetic En.   Total Energy  Conserved En.    Temperature Pressure (bar)
    2.26416e+05   -9.32201e+05   -9.21779e+05    3.01019e+02    6.63155e+01
   Constr. rmsd
    0.00000e+00

           Step           Time
        3605000     7210.00000

   Energies (kJ/mol)
           Bond          Angle    Proper Dih. Per. Imp. Dih.          LJ-14
    7.26162e+03    1.95882e+04    2.94224e+04    1.11350e+03    8.98954e+03
     Coulomb-14        LJ (SR)   Coulomb (SR)   Coul. recip.      Potential
    1.00243e+05    1.48739e+05   -1.48414e+06    8.72716e+03   -1.16006e+06
    Kinetic En.   Total Energy  Conserved En.    Temperature Pressure (bar)
    2.25220e+05   -9.34840e+05   -9.21748e+05    2.99427e+02    1.87497e+01
   Constr. rmsd
    0.00000e+00

           Step           Time
        3610000     7220.00000

   Energies (kJ/mol)
           Bond          Angle    Proper Dih. Per. Imp. Dih.          LJ-14
    7.30579e+03    1.97023e+04    2.93380e+04    1.13505e+03    8.96169e+03
     Coulomb-14        LJ (SR)   Coulomb (SR)   Coul. recip.      Potential
    9.95983e+04    1.48181e+05   -1.48219e+06    8.69668e+03   -1.15927e+06
    Kinetic En.   Total Energy  Conserved En.    Temperature Pressure (bar)
    2.26441e+05   -9.32828e+05   -9.21728e+05    3.01052e+02   -6.22446e+01
   Constr. rmsd
    0.00000e+00

           Step           Time
        3615000     7230.00000

   Energies (kJ/mol)
           Bond          Angle    Proper Dih. Per. Imp. Dih.          LJ-14
    7.30066e+03    1.98662e+04    2.92146e+04    1.12552e+03    8.99417e+03
     Coulomb-14        LJ (SR)   Coulomb (SR)   Coul. recip.      Potential
    9.99843e+04    1.46912e+05   -1.48271e+06    8.55881e+03   -1.16075e+06
    Kinetic En.   Total Energy  Conserved En.    Temperature Pressure (bar)
    2.26800e+05   -9.33949e+05   -9.21706e+05    3.01529e+02   -5.41960e+01
   Constr. rmsd
    0.00000e+00

           Step           Time
        3620000     7240.00000

   Energies (kJ/mol)
           Bond          Angle    Proper Dih. Per. Imp. Dih.          LJ-14
    7.16528e+03    1.97906e+04    2.93962e+04    1.06207e+03    9.02827e+03
     Coulomb-14        LJ (SR)   Coulomb (SR)   Coul. recip.      Potential
    9.96339e+04    1.48281e+05   -1.48257e+06    8.80706e+03   -1.15940e+06
    Kinetic En.   Total Energy  Conserved En.    Temperature Pressure (bar)
    2.25492e+05   -9.33912e+05   -9.21681e+05    2.99790e+02    6.22087e+01
   Constr. rmsd
    0.00000e+00

           Step           Time
        3625000     7250.00000

   Energies (kJ/mol)
           Bond          Angle    Proper Dih. Per. Imp. Dih.          LJ-14
    7.05551e+03    1.97520e+04    2.93588e+04    1.12838e+03    9.19610e+03
     Coulomb-14        LJ (SR)   Coulomb (SR)   Coul. recip.      Potential
    1.00290e+05    1.48078e+05   -1.48284e+06    8.54859e+03   -1.15943e+06
    Kinetic En.   Total Energy  Conserved En.    Temperature Pressure (bar)
    2.24639e+05   -9.34792e+05   -9.21652e+05    2.98656e+02    4.68822e+01
   Constr. rmsd
    0.00000e+00

           Step           Time
        3630000     7260.00000

   Energies (kJ/mol)
           Bond          Angle    Proper Dih. Per. Imp. Dih.          LJ-14
    7.23655e+03    1.99452e+04    2.93731e+04    1.15371e+03    9.03928e+03
     Coulomb-14        LJ (SR)   Coulomb (SR)   Coul. recip.      Potential
    9.98791e+04    1.47068e+05   -1.47991e+06    8.91280e+03   -1.15730e+06
    Kinetic En.   Total Energy  Conserved En.    Temperature Pressure (bar)
    2.26577e+05   -9.30721e+05   -9.21652e+05    3.01232e+02   -6.25678e+01
   Constr. rmsd
    0.00000e+00

           Step           Time
        3635000     7270.00000

   Energies (kJ/mol)
           Bond          Angle    Proper Dih. Per. Imp. Dih.          LJ-14
    6.99189e+03    2.01342e+04    2.92455e+04    1.07393e+03    9.12721e+03
     Coulomb-14        LJ (SR)   Coulomb (SR)   Coul. recip.      Potential
    9.98958e+04    1.46309e+05   -1.47982e+06    8.68154e+03   -1.15836e+06
    Kinetic En.   Total Energy  Conserved En.    Temperature Pressure (bar)
    2.25078e+05   -9.33281e+05   -9.21635e+05    2.99240e+02   -7.71946e+01
   Constr. rmsd
    0.00000e+00

           Step           Time
        3640000     7280.00000

   Energies (kJ/mol)
           Bond          Angle    Proper Dih. Per. Imp. Dih.          LJ-14
    7.40498e+03    1.97661e+04    2.93411e+04    1.05098e+03    8.91239e+03
     Coulomb-14        LJ (SR)   Coulomb (SR)   Coul. recip.      Potential
    9.96236e+04    1.48680e+05   -1.48263e+06    8.78092e+03   -1.15907e+06
    Kinetic En.   Total Energy  Conserved En.    Temperature Pressure (bar)
    2.24851e+05   -9.34214e+05   -9.21605e+05    2.98938e+02   -2.42529e+00
   Constr. rmsd
    0.00000e+00

           Step           Time
        3645000     7290.00000

   Energies (kJ/mol)
           Bond          Angle    Proper Dih. Per. Imp. Dih.          LJ-14
    7.02237e+03    2.00569e+04    2.92439e+04    1.06647e+03    9.01573e+03
     Coulomb-14        LJ (SR)   Coulomb (SR)   Coul. recip.      Potential
    1.00082e+05    1.47678e+05   -1.48162e+06    8.93214e+03   -1.15852e+06
    Kinetic En.   Total Energy  Conserved En.    Temperature Pressure (bar)
    2.25821e+05   -9.32700e+05   -9.21589e+05    3.00227e+02   -3.50155e+01
   Constr. rmsd
    0.00000e+00

           Step           Time
        3650000     7300.00000

   Energies (kJ/mol)
           Bond          Angle    Proper Dih. Per. Imp. Dih.          LJ-14
    7.34158e+03    1.98002e+04    2.93665e+04    1.09156e+03    9.02355e+03
     Coulomb-14        LJ (SR)   Coulomb (SR)   Coul. recip.      Potential
    1.00066e+05    1.47881e+05   -1.48347e+06    8.86472e+03   -1.16003e+06
    Kinetic En.   Total Energy  Conserved En.    Temperature Pressure (bar)
    2.24456e+05   -9.35574e+05   -9.21543e+05    2.98412e+02   -1.86462e+01
   Constr. rmsd
    0.00000e+00

           Step           Time
        3655000     7310.00000

   Energies (kJ/mol)
           Bond          Angle    Proper Dih. Per. Imp. Dih.          LJ-14
    6.91643e+03    2.00089e+04    2.92899e+04    9.67969e+02    9.01335e+03
     Coulomb-14        LJ (SR)   Coulomb (SR)   Coul. recip.      Potential
    9.99569e+04    1.47955e+05   -1.48224e+06    8.60400e+03   -1.15953e+06
    Kinetic En.   Total Energy  Conserved En.    Temperature Pressure (bar)
    2.25142e+05   -9.34386e+05   -9.21539e+05    2.99324e+02    9.92187e-01
   Constr. rmsd
    0.00000e+00

           Step           Time
        3660000     7320.00000

   Energies (kJ/mol)
           Bond          Angle    Proper Dih. Per. Imp. Dih.          LJ-14
    7.32999e+03    2.00474e+04    2.91439e+04    1.14223e+03    9.10994e+03
     Coulomb-14        LJ (SR)   Coulomb (SR)   Coul. recip.      Potential
    9.98644e+04    1.47485e+05   -1.47936e+06    8.76515e+03   -1.15648e+06
    Kinetic En.   Total Energy  Conserved En.    Temperature Pressure (bar)
    2.25472e+05   -9.31004e+05   -9.21475e+05    2.99762e+02    5.47835e+01
   Constr. rmsd
    0.00000e+00

           Step           Time
        3665000     7330.00000

   Energies (kJ/mol)
           Bond          Angle    Proper Dih. Per. Imp. Dih.          LJ-14
    6.84440e+03    1.96660e+04    2.93098e+04    9.98062e+02    9.14204e+03
     Coulomb-14        LJ (SR)   Coulomb (SR)   Coul. recip.      Potential
    1.00202e+05    1.45725e+05   -1.48024e+06    8.76919e+03   -1.15958e+06
    Kinetic En.   Total Energy  Conserved En.    Temperature Pressure (bar)
    2.26509e+05   -9.33071e+05   -9.21545e+05    3.01141e+02   -5.68005e+01
   Constr. rmsd
    0.00000e+00

           Step           Time
        3670000     7340.00000

   Energies (kJ/mol)
           Bond          Angle    Proper Dih. Per. Imp. Dih.          LJ-14
    7.21816e+03    1.99846e+04    2.94482e+04    1.08865e+03    9.11416e+03
     Coulomb-14        LJ (SR)   Coulomb (SR)   Coul. recip.      Potential
    1.00123e+05    1.47533e+05   -1.48240e+06    8.71360e+03   -1.15918e+06
    Kinetic En.   Total Energy  Conserved En.    Temperature Pressure (bar)
    2.27434e+05   -9.31746e+05   -9.21465e+05    3.02371e+02   -1.08349e+00
   Constr. rmsd
    0.00000e+00

           Step           Time
        3675000     7350.00000

   Energies (kJ/mol)
           Bond          Angle    Proper Dih. Per. Imp. Dih.          LJ-14
    7.18988e+03    1.95194e+04    2.94113e+04    1.06920e+03    9.07170e+03
     Coulomb-14        LJ (SR)   Coulomb (SR)   Coul. recip.      Potential
    1.00085e+05    1.46655e+05   -1.48180e+06    8.72350e+03   -1.16008e+06
    Kinetic En.   Total Energy  Conserved En.    Temperature Pressure (bar)
    2.25218e+05   -9.34860e+05   -9.21453e+05    2.99425e+02   -2.87902e+01
   Constr. rmsd
    0.00000e+00

           Step           Time
        3680000     7360.00000

   Energies (kJ/mol)
           Bond          Angle    Proper Dih. Per. Imp. Dih.          LJ-14
    7.28512e+03    1.97291e+04    2.94534e+04    1.08153e+03    8.98174e+03
     Coulomb-14        LJ (SR)   Coulomb (SR)   Coul. recip.      Potential
    9.99925e+04    1.47634e+05   -1.48212e+06    8.76392e+03   -1.15919e+06
    Kinetic En.   Total Energy  Conserved En.    Temperature Pressure (bar)
    2.25131e+05   -9.34062e+05   -9.21444e+05    2.99310e+02    1.30180e+01
   Constr. rmsd
    0.00000e+00

           Step           Time
        3685000     7370.00000

   Energies (kJ/mol)
           Bond          Angle    Proper Dih. Per. Imp. Dih.          LJ-14
    7.11035e+03    1.96183e+04    2.93399e+04    1.04561e+03    9.10659e+03
     Coulomb-14        LJ (SR)   Coulomb (SR)   Coul. recip.      Potential
    1.00060e+05    1.47703e+05   -1.48175e+06    8.88246e+03   -1.15888e+06
    Kinetic En.   Total Energy  Conserved En.    Temperature Pressure (bar)
    2.25005e+05   -9.33879e+05   -9.21463e+05    2.99142e+02    5.96602e+01
   Constr. rmsd
    0.00000e+00

           Step           Time
        3690000     7380.00000

   Energies (kJ/mol)
           Bond          Angle    Proper Dih. Per. Imp. Dih.          LJ-14
    7.08743e+03    2.00403e+04    2.94033e+04    1.09159e+03    9.03877e+03
     Coulomb-14        LJ (SR)   Coulomb (SR)   Coul. recip.      Potential
    9.94770e+04    1.48429e+05   -1.48174e+06    8.63909e+03   -1.15854e+06
    Kinetic En.   Total Energy  Conserved En.    Temperature Pressure (bar)
    2.24574e+05   -9.33963e+05   -9.21450e+05    2.98568e+02    9.13105e+01
   Constr. rmsd
    0.00000e+00

           Step           Time
        3695000     7390.00000

   Energies (kJ/mol)
           Bond          Angle    Proper Dih. Per. Imp. Dih.          LJ-14
    7.16563e+03    1.95619e+04    2.92463e+04    1.11829e+03    9.01144e+03
     Coulomb-14        LJ (SR)   Coulomb (SR)   Coul. recip.      Potential
    9.97131e+04    1.47555e+05   -1.48233e+06    8.68938e+03   -1.16027e+06
    Kinetic En.   Total Energy  Conserved En.    Temperature Pressure (bar)
    2.25355e+05   -9.34910e+05   -9.21403e+05    2.99607e+02    6.94108e+01
   Constr. rmsd
    0.00000e+00

           Step           Time
        3700000     7400.00000

   Energies (kJ/mol)
           Bond          Angle    Proper Dih. Per. Imp. Dih.          LJ-14
    7.00644e+03    2.01449e+04    2.94947e+04    1.15554e+03    9.11538e+03
     Coulomb-14        LJ (SR)   Coulomb (SR)   Coul. recip.      Potential
    9.99969e+04    1.47056e+05   -1.48094e+06    8.69082e+03   -1.15828e+06
    Kinetic En.   Total Energy  Conserved En.    Temperature Pressure (bar)
    2.25891e+05   -9.32391e+05   -9.21380e+05    3.00320e+02   -4.19019e+01
   Constr. rmsd
    0.00000e+00

           Step           Time
        3705000     7410.00000

   Energies (kJ/mol)
           Bond          Angle    Proper Dih. Per. Imp. Dih.          LJ-14
    7.16968e+03    1.98232e+04    2.92668e+04    1.16240e+03    9.07615e+03
     Coulomb-14        LJ (SR)   Coulomb (SR)   Coul. recip.      Potential
    9.91645e+04    1.47452e+05   -1.48099e+06    8.70879e+03   -1.15917e+06
    Kinetic En.   Total Energy  Conserved En.    Temperature Pressure (bar)
    2.26426e+05   -9.32742e+05   -9.21354e+05    3.01032e+02   -3.90896e+01
   Constr. rmsd
    0.00000e+00

           Step           Time
        3710000     7420.00000

   Energies (kJ/mol)
           Bond          Angle    Proper Dih. Per. Imp. Dih.          LJ-14
    7.20600e+03    1.99018e+04    2.93568e+04    1.11646e+03    9.06573e+03
     Coulomb-14        LJ (SR)   Coulomb (SR)   Coul. recip.      Potential
    9.97904e+04    1.47056e+05   -1.48052e+06    8.75632e+03   -1.15827e+06
    Kinetic En.   Total Energy  Conserved En.    Temperature Pressure (bar)
    2.26871e+05   -9.31400e+05   -9.21380e+05    3.01622e+02    8.91439e+01
   Constr. rmsd
    0.00000e+00

           Step           Time
        3715000     7430.00000

   Energies (kJ/mol)
           Bond          Angle    Proper Dih. Per. Imp. Dih.          LJ-14
    7.06582e+03    2.00148e+04    2.94205e+04    1.13842e+03    9.06247e+03
     Coulomb-14        LJ (SR)   Coulomb (SR)   Coul. recip.      Potential
    9.99848e+04    1.46728e+05   -1.47951e+06    8.84671e+03   -1.15725e+06
    Kinetic En.   Total Energy  Conserved En.    Temperature Pressure (bar)
    2.25578e+05   -9.31673e+05   -9.21322e+05    2.99903e+02   -8.87206e+01
   Constr. rmsd
    0.00000e+00

           Step           Time
        3720000     7440.00000

   Energies (kJ/mol)
           Bond          Angle    Proper Dih. Per. Imp. Dih.          LJ-14
    7.01223e+03    1.99552e+04    2.93365e+04    1.05642e+03    9.11427e+03
     Coulomb-14        LJ (SR)   Coulomb (SR)   Coul. recip.      Potential
    1.00016e+05    1.47183e+05   -1.48094e+06    8.81466e+03   -1.15845e+06
    Kinetic En.   Total Energy  Conserved En.    Temperature Pressure (bar)
    2.25257e+05   -9.33192e+05   -9.21329e+05    2.99476e+02    1.09177e+01
   Constr. rmsd
    0.00000e+00

           Step           Time
        3725000     7450.00000

   Energies (kJ/mol)
           Bond          Angle    Proper Dih. Per. Imp. Dih.          LJ-14
    7.18314e+03    1.98903e+04    2.92090e+04    1.06943e+03    9.09602e+03
     Coulomb-14        LJ (SR)   Coulomb (SR)   Coul. recip.      Potential
    9.98690e+04    1.47474e+05   -1.48181e+06    8.73748e+03   -1.15928e+06
    Kinetic En.   Total Energy  Conserved En.    Temperature Pressure (bar)
    2.25386e+05   -9.33896e+05   -9.21269e+05    2.99649e+02   -4.78931e+01
   Constr. rmsd
    0.00000e+00

           Step           Time
        3730000     7460.00000

   Energies (kJ/mol)
           Bond          Angle    Proper Dih. Per. Imp. Dih.          LJ-14
    7.43836e+03    1.98740e+04    2.94561e+04    1.07674e+03    8.91457e+03
     Coulomb-14        LJ (SR)   Coulomb (SR)   Coul. recip.      Potential
    9.98607e+04    1.46954e+05   -1.47897e+06    8.70554e+03   -1.15670e+06
    Kinetic En.   Total Energy  Conserved En.    Temperature Pressure (bar)
    2.26236e+05   -9.30459e+05   -9.21246e+05    3.00779e+02   -6.87227e+01
   Constr. rmsd
    0.00000e+00

           Step           Time
        3735000     7470.00000

   Energies (kJ/mol)
           Bond          Angle    Proper Dih. Per. Imp. Dih.          LJ-14
    7.07769e+03    1.97607e+04    2.90027e+04    1.13841e+03    9.05033e+03
     Coulomb-14        LJ (SR)   Coulomb (SR)   Coul. recip.      Potential
    9.97427e+04    1.46554e+05   -1.48047e+06    8.69221e+03   -1.15946e+06
    Kinetic En.   Total Energy  Conserved En.    Temperature Pressure (bar)
    2.25636e+05   -9.33819e+05   -9.21240e+05    2.99982e+02   -1.51419e+01
   Constr. rmsd
    0.00000e+00

           Step           Time
        3740000     7480.00000

   Energies (kJ/mol)
           Bond          Angle    Proper Dih. Per. Imp. Dih.          LJ-14
    7.09019e+03    1.98560e+04    2.91821e+04    1.05620e+03    9.24348e+03
     Coulomb-14        LJ (SR)   Coulomb (SR)   Coul. recip.      Potential
    9.95975e+04    1.48303e+05   -1.48134e+06    8.57124e+03   -1.15844e+06
    Kinetic En.   Total Energy  Conserved En.    Temperature Pressure (bar)
    2.24988e+05   -9.33453e+05   -9.21222e+05    2.99119e+02    7.80223e+01
   Constr. rmsd
    0.00000e+00

           Step           Time
        3745000     7490.00000

   Energies (kJ/mol)
           Bond          Angle    Proper Dih. Per. Imp. Dih.          LJ-14
    7.01679e+03    1.96393e+04    2.93310e+04    1.01491e+03    9.21418e+03
     Coulomb-14        LJ (SR)   Coulomb (SR)   Coul. recip.      Potential
    9.96572e+04    1.49459e+05   -1.48367e+06    8.66027e+03   -1.15967e+06
    Kinetic En.   Total Energy  Conserved En.    Temperature Pressure (bar)
    2.26614e+05   -9.33060e+05   -9.21222e+05    3.01280e+02    1.52529e+02
   Constr. rmsd
    0.00000e+00

           Step           Time
        3750000     7500.00000

   Energies (kJ/mol)
           Bond          Angle    Proper Dih. Per. Imp. Dih.          LJ-14
    7.14618e+03    1.98383e+04    2.91653e+04    1.06808e+03    9.09577e+03
     Coulomb-14        LJ (SR)   Coulomb (SR)   Coul. recip.      Potential
    1.00057e+05    1.47925e+05   -1.48264e+06    8.59342e+03   -1.15975e+06
    Kinetic En.   Total Energy  Conserved En.    Temperature Pressure (bar)
    2.25779e+05   -9.33967e+05   -9.21206e+05    3.00171e+02    2.53664e+01
   Constr. rmsd
    0.00000e+00

           Step           Time
        3755000     7510.00000

   Energies (kJ/mol)
           Bond          Angle    Proper Dih. Per. Imp. Dih.          LJ-14
    7.16767e+03    1.97251e+04    2.94368e+04    1.09579e+03    9.01378e+03
     Coulomb-14        LJ (SR)   Coulomb (SR)   Coul. recip.      Potential
    9.95219e+04    1.48964e+05   -1.48501e+06    8.68173e+03   -1.16140e+06
    Kinetic En.   Total Energy  Conserved En.    Temperature Pressure (bar)
    2.26349e+05   -9.35053e+05   -9.21170e+05    3.00928e+02    4.68435e+01
   Constr. rmsd
    0.00000e+00

           Step           Time
        3760000     7520.00000

   Energies (kJ/mol)
           Bond          Angle    Proper Dih. Per. Imp. Dih.          LJ-14
    7.24422e+03    1.94259e+04    2.94933e+04    1.09692e+03    8.94340e+03
     Coulomb-14        LJ (SR)   Coulomb (SR)   Coul. recip.      Potential
    9.99175e+04    1.45965e+05   -1.47854e+06    8.80869e+03   -1.15764e+06
    Kinetic En.   Total Energy  Conserved En.    Temperature Pressure (bar)
    2.25892e+05   -9.31749e+05   -9.21169e+05    3.00321e+02   -1.11499e+02
   Constr. rmsd
    0.00000e+00

           Step           Time
        3765000     7530.00000

   Energies (kJ/mol)
           Bond          Angle    Proper Dih. Per. Imp. Dih.          LJ-14
    7.27567e+03    1.98064e+04    2.92208e+04    1.14659e+03    9.12333e+03
     Coulomb-14        LJ (SR)   Coulomb (SR)   Coul. recip.      Potential
    9.98057e+04    1.48444e+05   -1.48365e+06    8.64299e+03   -1.16018e+06
    Kinetic En.   Total Energy  Conserved En.    Temperature Pressure (bar)
    2.26970e+05   -9.33214e+05   -9.21118e+05    3.01754e+02   -5.73463e+00
   Constr. rmsd
    0.00000e+00

           Step           Time
        3770000     7540.00000

   Energies (kJ/mol)
           Bond          Angle    Proper Dih. Per. Imp. Dih.          LJ-14
    7.11740e+03    1.94432e+04    2.92225e+04    1.10298e+03    9.14099e+03
     Coulomb-14        LJ (SR)   Coulomb (SR)   Coul. recip.      Potential
    1.00080e+05    1.46313e+05   -1.47944e+06    8.82032e+03   -1.15820e+06
    Kinetic En.   Total Energy  Conserved En.    Temperature Pressure (bar)
    2.25794e+05   -9.32404e+05   -9.21130e+05    3.00191e+02   -1.61517e+02
   Constr. rmsd
    0.00000e+00

           Step           Time
        3775000     7550.00000

   Energies (kJ/mol)
           Bond          Angle    Proper Dih. Per. Imp. Dih.          LJ-14
    7.16386e+03    1.95299e+04    2.92199e+04    1.16555e+03    9.14875e+03
     Coulomb-14        LJ (SR)   Coulomb (SR)   Coul. recip.      Potential
    1.00052e+05    1.45235e+05   -1.47884e+06    8.70060e+03   -1.15862e+06
    Kinetic En.   Total Energy  Conserved En.    Temperature Pressure (bar)
    2.25660e+05   -9.32961e+05   -9.21130e+05    3.00013e+02   -2.04525e+02
   Constr. rmsd
    0.00000e+00

           Step           Time
        3780000     7560.00000

   Energies (kJ/mol)
           Bond          Angle    Proper Dih. Per. Imp. Dih.          LJ-14
    7.45619e+03    1.99996e+04    2.93590e+04    1.20562e+03    9.05820e+03
     Coulomb-14        LJ (SR)   Coulomb (SR)   Coul. recip.      Potential
    9.98183e+04    1.47618e+05   -1.48095e+06    8.78552e+03   -1.15765e+06
    Kinetic En.   Total Energy  Conserved En.    Temperature Pressure (bar)
    2.27646e+05   -9.30001e+05   -9.21079e+05    3.02653e+02   -4.20028e+01
   Constr. rmsd
    0.00000e+00

           Step           Time
        3785000     7570.00000

   Energies (kJ/mol)
           Bond          Angle    Proper Dih. Per. Imp. Dih.          LJ-14
    7.14048e+03    1.98643e+04    2.92412e+04    1.08863e+03    9.05231e+03
     Coulomb-14        LJ (SR)   Coulomb (SR)   Coul. recip.      Potential
    1.00106e+05    1.49693e+05   -1.48546e+06    8.76997e+03   -1.16051e+06
    Kinetic En.   Total Energy  Conserved En.    Temperature Pressure (bar)
    2.25798e+05   -9.34710e+05   -9.21080e+05    3.00196e+02    1.30796e+02
   Constr. rmsd
    0.00000e+00

           Step           Time
        3790000     7580.00000

   Energies (kJ/mol)
           Bond          Angle    Proper Dih. Per. Imp. Dih.          LJ-14
    7.13170e+03    1.97385e+04    2.95620e+04    1.15768e+03    9.17480e+03
     Coulomb-14        LJ (SR)   Coulomb (SR)   Coul. recip.      Potential
    9.98145e+04    1.48518e+05   -1.48332e+06    8.70628e+03   -1.15952e+06
    Kinetic En.   Total Energy  Conserved En.    Temperature Pressure (bar)
    2.25347e+05   -9.34170e+05   -9.21036e+05    2.99597e+02    1.62720e+02
   Constr. rmsd
    0.00000e+00

           Step           Time
        3795000     7590.00000

   Energies (kJ/mol)
           Bond          Angle    Proper Dih. Per. Imp. Dih.          LJ-14
    7.21455e+03    1.98278e+04    2.91881e+04    1.15218e+03    9.11784e+03
     Coulomb-14        LJ (SR)   Coulomb (SR)   Coul. recip.      Potential
    1.00092e+05    1.46452e+05   -1.48075e+06    8.58595e+03   -1.15912e+06
    Kinetic En.   Total Energy  Conserved En.    Temperature Pressure (bar)
    2.25787e+05   -9.33338e+05   -9.20980e+05    3.00182e+02   -4.92426e+01
   Constr. rmsd
    0.00000e+00

           Step           Time
        3800000     7600.00000

   Energies (kJ/mol)
           Bond          Angle    Proper Dih. Per. Imp. Dih.          LJ-14
    7.10676e+03    1.97996e+04    2.92333e+04    1.07833e+03    9.19267e+03
     Coulomb-14        LJ (SR)   Coulomb (SR)   Coul. recip.      Potential
    9.98954e+04    1.46963e+05   -1.48086e+06    8.42848e+03   -1.15916e+06
    Kinetic En.   Total Energy  Conserved En.    Temperature Pressure (bar)
    2.25771e+05   -9.33390e+05   -9.20991e+05    3.00160e+02    9.04892e+01
   Constr. rmsd
    0.00000e+00

           Step           Time
        3805000     7610.00000

   Energies (kJ/mol)
           Bond          Angle    Proper Dih. Per. Imp. Dih.          LJ-14
    7.29861e+03    1.99529e+04    2.92904e+04    1.07304e+03    9.02779e+03
     Coulomb-14        LJ (SR)   Coulomb (SR)   Coul. recip.      Potential
    9.94556e+04    1.48267e+05   -1.48194e+06    8.68666e+03   -1.15888e+06
    Kinetic En.   Total Energy  Conserved En.    Temperature Pressure (bar)
    2.24938e+05   -9.33946e+05   -9.20966e+05    2.99053e+02    2.40536e+01
   Constr. rmsd
    0.00000e+00

           Step           Time
        3810000     7620.00000

   Energies (kJ/mol)
           Bond          Angle    Proper Dih. Per. Imp. Dih.          LJ-14
    6.98950e+03    1.96309e+04    2.92576e+04    1.12517e+03    9.14004e+03
     Coulomb-14        LJ (SR)   Coulomb (SR)   Coul. recip.      Potential
    9.95248e+04    1.47146e+05   -1.48274e+06    8.60658e+03   -1.16132e+06
    Kinetic En.   Total Energy  Conserved En.    Temperature Pressure (bar)
    2.24382e+05   -9.36935e+05   -9.20940e+05    2.98314e+02   -3.84482e+01
   Constr. rmsd
    0.00000e+00

           Step           Time
        3815000     7630.00000

   Energies (kJ/mol)
           Bond          Angle    Proper Dih. Per. Imp. Dih.          LJ-14
    7.19322e+03    1.97221e+04    2.94580e+04    1.13198e+03    9.16773e+03
     Coulomb-14        LJ (SR)   Coulomb (SR)   Coul. recip.      Potential
    9.96917e+04    1.47467e+05   -1.48279e+06    8.67087e+03   -1.16029e+06
    Kinetic En.   Total Energy  Conserved En.    Temperature Pressure (bar)
    2.24766e+05   -9.35522e+05   -9.20909e+05    2.98825e+02    2.80788e+01
   Constr. rmsd
    0.00000e+00

           Step           Time
        3820000     7640.00000

   Energies (kJ/mol)
           Bond          Angle    Proper Dih. Per. Imp. Dih.          LJ-14
    7.22943e+03    1.98310e+04    2.92812e+04    1.10390e+03    8.97873e+03
     Coulomb-14        LJ (SR)   Coulomb (SR)   Coul. recip.      Potential
    9.97065e+04    1.47869e+05   -1.48189e+06    8.76136e+03   -1.15913e+06
    Kinetic En.   Total Energy  Conserved En.    Temperature Pressure (bar)
    2.25206e+05   -9.33921e+05   -9.20902e+05    2.99410e+02    6.35492e+01
   Constr. rmsd
    0.00000e+00

           Step           Time
        3825000     7650.00000

   Energies (kJ/mol)
           Bond          Angle    Proper Dih. Per. Imp. Dih.          LJ-14
    7.15156e+03    1.95577e+04    2.92862e+04    1.04594e+03    9.12998e+03
     Coulomb-14        LJ (SR)   Coulomb (SR)   Coul. recip.      Potential
    1.00013e+05    1.49683e+05   -1.48462e+06    8.70970e+03   -1.16004e+06
    Kinetic En.   Total Energy  Conserved En.    Temperature Pressure (bar)
    2.24620e+05   -9.35424e+05   -9.20839e+05    2.98630e+02    2.39029e+02
   Constr. rmsd
    0.00000e+00

           Step           Time
        3830000     7660.00000

   Energies (kJ/mol)
           Bond          Angle    Proper Dih. Per. Imp. Dih.          LJ-14
    7.33495e+03    1.98137e+04    2.92542e+04    1.13428e+03    9.03167e+03
     Coulomb-14        LJ (SR)   Coulomb (SR)   Coul. recip.      Potential
    9.93431e+04    1.49338e+05   -1.48244e+06    8.72141e+03   -1.15847e+06
    Kinetic En.   Total Energy  Conserved En.    Temperature Pressure (bar)
    2.24803e+05   -9.33670e+05   -9.20843e+05    2.98873e+02    1.22291e+02
   Constr. rmsd
    0.00000e+00

           Step           Time
        3835000     7670.00000

   Energies (kJ/mol)
           Bond          Angle    Proper Dih. Per. Imp. Dih.          LJ-14
    7.04407e+03    1.96726e+04    2.93881e+04    1.07880e+03    9.12984e+03
     Coulomb-14        LJ (SR)   Coulomb (SR)   Coul. recip.      Potential
    1.00023e+05    1.47974e+05   -1.48321e+06    8.61173e+03   -1.16029e+06
    Kinetic En.   Total Energy  Conserved En.    Temperature Pressure (bar)
    2.25296e+05   -9.34989e+05   -9.20849e+05    2.99529e+02    6.57167e+01
   Constr. rmsd
    0.00000e+00

           Step           Time
        3840000     7680.00000

   Energies (kJ/mol)
           Bond          Angle    Proper Dih. Per. Imp. Dih.          LJ-14
    7.29303e+03    1.97172e+04    2.92570e+04    1.05707e+03    8.98892e+03
     Coulomb-14        LJ (SR)   Coulomb (SR)   Coul. recip.      Potential
    9.97866e+04    1.47294e+05   -1.48115e+06    8.76930e+03   -1.15899e+06
    Kinetic En.   Total Energy  Conserved En.    Temperature Pressure (bar)
    2.25328e+05   -9.33662e+05   -9.20800e+05    2.99571e+02    3.05631e+01
   Constr. rmsd
    0.00000e+00

           Step           Time
        3845000     7690.00000

   Energies (kJ/mol)
           Bond          Angle    Proper Dih. Per. Imp. Dih.          LJ-14
    7.16065e+03    1.97472e+04    2.93862e+04    1.28404e+03    9.14025e+03
     Coulomb-14        LJ (SR)   Coulomb (SR)   Coul. recip.      Potential
    9.97361e+04    1.47495e+05   -1.48062e+06    8.75129e+03   -1.15792e+06
    Kinetic En.   Total Energy  Conserved En.    Temperature Pressure (bar)
    2.26937e+05   -9.30978e+05   -9.20787e+05    3.01711e+02    1.36026e+02
   Constr. rmsd
    0.00000e+00

           Step           Time
        3850000     7700.00000

   Energies (kJ/mol)
           Bond          Angle    Proper Dih. Per. Imp. Dih.          LJ-14
    7.02501e+03    1.97163e+04    2.91783e+04    1.09027e+03    9.09641e+03
     Coulomb-14        LJ (SR)   Coulomb (SR)   Coul. recip.      Potential
    9.96720e+04    1.47038e+05   -1.48039e+06    8.67363e+03   -1.15890e+06
    Kinetic En.   Total Energy  Conserved En.    Temperature Pressure (bar)
    2.24907e+05   -9.33988e+05   -9.20764e+05    2.99012e+02   -1.73558e+01
   Constr. rmsd
    0.00000e+00

           Step           Time
        3855000     7710.00000

   Energies (kJ/mol)
           Bond          Angle    Proper Dih. Per. Imp. Dih.          LJ-14
    7.01885e+03    1.98027e+04    2.93841e+04    1.13035e+03    9.21800e+03
     Coulomb-14        LJ (SR)   Coulomb (SR)   Coul. recip.      Potential
    9.98366e+04    1.48311e+05   -1.48213e+06    8.79071e+03   -1.15864e+06
    Kinetic En.   Total Energy  Conserved En.    Temperature Pressure (bar)
    2.27295e+05   -9.31346e+05   -9.20755e+05    3.02187e+02    1.33022e+02
   Constr. rmsd
    0.00000e+00

           Step           Time
        3860000     7720.00000

   Energies (kJ/mol)
           Bond          Angle    Proper Dih. Per. Imp. Dih.          LJ-14
    7.08158e+03    2.00795e+04    2.93613e+04    1.15326e+03    9.16955e+03
     Coulomb-14        LJ (SR)   Coulomb (SR)   Coul. recip.      Potential
    9.95423e+04    1.49501e+05   -1.48390e+06    8.95723e+03   -1.15905e+06
    Kinetic En.   Total Energy  Conserved En.    Temperature Pressure (bar)
    2.27045e+05   -9.32007e+05   -9.20722e+05    3.01854e+02    2.12777e+02
   Constr. rmsd
    0.00000e+00

           Step           Time
        3865000     7730.00000

   Energies (kJ/mol)
           Bond          Angle    Proper Dih. Per. Imp. Dih.          LJ-14
    7.20677e+03    1.95886e+04    2.94079e+04    1.11410e+03    8.92243e+03
     Coulomb-14        LJ (SR)   Coulomb (SR)   Coul. recip.      Potential
    9.93671e+04    1.48471e+05   -1.48279e+06    8.81565e+03   -1.15989e+06
    Kinetic En.   Total Energy  Conserved En.    Temperature Pressure (bar)
    2.23288e+05   -9.36604e+05   -9.20713e+05    2.96860e+02   -2.11848e+01
   Constr. rmsd
    0.00000e+00

           Step           Time
        3870000     7740.00000

   Energies (kJ/mol)
           Bond          Angle    Proper Dih. Per. Imp. Dih.          LJ-14
    6.96243e+03    1.98555e+04    2.91302e+04    1.02482e+03    9.08803e+03
     Coulomb-14        LJ (SR)   Coulomb (SR)   Coul. recip.      Potential
    1.00098e+05    1.46037e+05   -1.47957e+06    8.67495e+03   -1.15870e+06
    Kinetic En.   Total Energy  Conserved En.    Temperature Pressure (bar)
    2.25497e+05   -9.33203e+05   -9.20705e+05    2.99796e+02   -2.86341e+01
   Constr. rmsd
    0.00000e+00

           Step           Time
        3875000     7750.00000

   Energies (kJ/mol)
           Bond          Angle    Proper Dih. Per. Imp. Dih.          LJ-14
    7.20465e+03    1.98196e+04    2.94279e+04    1.09320e+03    9.05399e+03
     Coulomb-14        LJ (SR)   Coulomb (SR)   Coul. recip.      Potential
    9.95020e+04    1.49270e+05   -1.48248e+06    8.68271e+03   -1.15843e+06
    Kinetic En.   Total Energy  Conserved En.    Temperature Pressure (bar)
    2.25613e+05   -9.32817e+05   -9.20675e+05    2.99950e+02    1.52758e+02
   Constr. rmsd
    0.00000e+00

           Step           Time
        3880000     7760.00000

   Energies (kJ/mol)
           Bond          Angle    Proper Dih. Per. Imp. Dih.          LJ-14
    7.22521e+03    1.95173e+04    2.92951e+04    1.09976e+03    9.06613e+03
     Coulomb-14        LJ (SR)   Coulomb (SR)   Coul. recip.      Potential
    1.00080e+05    1.46154e+05   -1.48025e+06    8.70420e+03   -1.15911e+06
    Kinetic En.   Total Energy  Conserved En.    Temperature Pressure (bar)
    2.24036e+05   -9.35076e+05   -9.20621e+05    2.97853e+02   -1.18766e+02
   Constr. rmsd
    0.00000e+00

           Step           Time
        3885000     7770.00000

   Energies (kJ/mol)
           Bond          Angle    Proper Dih. Per. Imp. Dih.          LJ-14
    7.07880e+03    1.98431e+04    2.92990e+04    1.08788e+03    9.30487e+03
     Coulomb-14        LJ (SR)   Coulomb (SR)   Coul. recip.      Potential
    9.95824e+04    1.47150e+05   -1.48009e+06    8.52872e+03   -1.15822e+06
    Kinetic En.   Total Energy  Conserved En.    Temperature Pressure (bar)
    2.25614e+05   -9.32602e+05   -9.20656e+05    2.99951e+02    1.10087e+02
   Constr. rmsd
    0.00000e+00

           Step           Time
        3890000     7780.00000

   Energies (kJ/mol)
           Bond          Angle    Proper Dih. Per. Imp. Dih.          LJ-14
    7.06814e+03    1.94997e+04    2.92149e+04    1.05907e+03    8.98283e+03
     Coulomb-14        LJ (SR)   Coulomb (SR)   Coul. recip.      Potential
    1.00061e+05    1.47551e+05   -1.48173e+06    8.63529e+03   -1.15966e+06
    Kinetic En.   Total Energy  Conserved En.    Temperature Pressure (bar)
    2.24399e+05   -9.35258e+05   -9.20626e+05    2.98337e+02   -1.03448e+02
   Constr. rmsd
    0.00000e+00

           Step           Time
        3895000     7790.00000

   Energies (kJ/mol)
           Bond          Angle    Proper Dih. Per. Imp. Dih.          LJ-14
    7.14886e+03    1.97855e+04    2.93990e+04    1.09816e+03    9.05902e+03
     Coulomb-14        LJ (SR)   Coulomb (SR)   Coul. recip.      Potential
    9.97611e+04    1.46807e+05   -1.47949e+06    8.81804e+03   -1.15761e+06
    Kinetic En.   Total Energy  Conserved En.    Temperature Pressure (bar)
    2.26148e+05   -9.31462e+05   -9.20598e+05    3.00661e+02   -2.85459e+01
   Constr. rmsd
    0.00000e+00

           Step           Time
        3900000     7800.00000

   Energies (kJ/mol)
           Bond          Angle    Proper Dih. Per. Imp. Dih.          LJ-14
    6.87421e+03    1.96293e+04    2.92942e+04    1.18651e+03    9.08261e+03
     Coulomb-14        LJ (SR)   Coulomb (SR)   Coul. recip.      Potential
    9.97748e+04    1.47546e+05   -1.48212e+06    8.74047e+03   -1.15999e+06
    Kinetic En.   Total Energy  Conserved En.    Temperature Pressure (bar)
    2.25046e+05   -9.34942e+05   -9.20586e+05    2.99197e+02    1.71652e+02
   Constr. rmsd
    0.00000e+00

           Step           Time
        3905000     7810.00000

   Energies (kJ/mol)
           Bond          Angle    Proper Dih. Per. Imp. Dih.          LJ-14
    7.29837e+03    1.98153e+04    2.91938e+04    1.05878e+03    9.00420e+03
     Coulomb-14        LJ (SR)   Coulomb (SR)   Coul. recip.      Potential
    9.94375e+04    1.47979e+05   -1.48301e+06    8.68983e+03   -1.16053e+06
    Kinetic En.   Total Energy  Conserved En.    Temperature Pressure (bar)
    2.26159e+05   -9.34376e+05   -9.20552e+05    3.00676e+02   -2.23009e+01
   Constr. rmsd
    0.00000e+00

           Step           Time
        3910000     7820.00000

   Energies (kJ/mol)
           Bond          Angle    Proper Dih. Per. Imp. Dih.          LJ-14
    7.25887e+03    1.96187e+04    2.90331e+04    1.11410e+03    8.92312e+03
     Coulomb-14        LJ (SR)   Coulomb (SR)   Coul. recip.      Potential
    9.96394e+04    1.48568e+05   -1.48338e+06    8.70851e+03   -1.16051e+06
    Kinetic En.   Total Energy  Conserved En.    Temperature Pressure (bar)
    2.25646e+05   -9.34865e+05   -9.20601e+05    2.99995e+02    2.64683e+01
   Constr. rmsd
    0.00000e+00

           Step           Time
        3915000     7830.00000

   Energies (kJ/mol)
           Bond          Angle    Proper Dih. Per. Imp. Dih.          LJ-14
    7.33968e+03    1.97806e+04    2.90958e+04    1.09480e+03    8.92614e+03
     Coulomb-14        LJ (SR)   Coulomb (SR)   Coul. recip.      Potential
    9.94228e+04    1.45931e+05   -1.47786e+06    8.79145e+03   -1.15748e+06
    Kinetic En.   Total Energy  Conserved En.    Temperature Pressure (bar)
    2.26746e+05   -9.30729e+05   -9.20564e+05    3.01457e+02   -1.95101e+02
   Constr. rmsd
    0.00000e+00

           Step           Time
        3920000     7840.00000

   Energies (kJ/mol)
           Bond          Angle    Proper Dih. Per. Imp. Dih.          LJ-14
    7.28631e+03    1.96508e+04    2.92810e+04    1.09651e+03    8.93767e+03
     Coulomb-14        LJ (SR)   Coulomb (SR)   Coul. recip.      Potential
    9.99742e+04    1.49295e+05   -1.48363e+06    8.58257e+03   -1.15952e+06
    Kinetic En.   Total Energy  Conserved En.    Temperature Pressure (bar)
    2.26160e+05   -9.33365e+05   -9.20524e+05    3.00677e+02    5.73627e+01
   Constr. rmsd
    0.00000e+00

           Step           Time
        3925000     7850.00000

   Energies (kJ/mol)
           Bond          Angle    Proper Dih. Per. Imp. Dih.          LJ-14
    7.35684e+03    1.99134e+04    2.92790e+04    1.16922e+03    9.16443e+03
     Coulomb-14        LJ (SR)   Coulomb (SR)   Coul. recip.      Potential
    9.95315e+04    1.47131e+05   -1.48201e+06    8.62388e+03   -1.15984e+06
    Kinetic En.   Total Energy  Conserved En.    Temperature Pressure (bar)
    2.26332e+05   -9.33505e+05   -9.20489e+05    3.00907e+02    2.35809e+01
   Constr. rmsd
    0.00000e+00

           Step           Time
        3930000     7860.00000

   Energies (kJ/mol)
           Bond          Angle    Proper Dih. Per. Imp. Dih.          LJ-14
    7.29663e+03    1.99077e+04    2.91653e+04    1.09836e+03    9.00432e+03
     Coulomb-14        LJ (SR)   Coulomb (SR)   Coul. recip.      Potential
    9.98142e+04    1.47819e+05   -1.48219e+06    8.74321e+03   -1.15934e+06
    Kinetic En.   Total Energy  Conserved En.    Temperature Pressure (bar)
    2.27297e+05   -9.32040e+05   -9.20464e+05    3.02190e+02    1.60437e+01
   Constr. rmsd
    0.00000e+00

           Step           Time
        3935000     7870.00000

   Energies (kJ/mol)
           Bond          Angle    Proper Dih. Per. Imp. Dih.          LJ-14
    7.25197e+03    1.96472e+04    2.92578e+04    1.08693e+03    9.01457e+03
     Coulomb-14        LJ (SR)   Coulomb (SR)   Coul. recip.      Potential
    9.97252e+04    1.47294e+05   -1.48136e+06    8.79464e+03   -1.15929e+06
    Kinetic En.   Total Energy  Conserved En.    Temperature Pressure (bar)
    2.25276e+05   -9.34014e+05   -9.20436e+05    2.99502e+02   -7.78446e+01
   Constr. rmsd
    0.00000e+00

           Step           Time
        3940000     7880.00000

   Energies (kJ/mol)
           Bond          Angle    Proper Dih. Per. Imp. Dih.          LJ-14
    7.04728e+03    1.98494e+04    2.91913e+04    1.13831e+03    9.16295e+03
     Coulomb-14        LJ (SR)   Coulomb (SR)   Coul. recip.      Potential
    9.95611e+04    1.47949e+05   -1.48127e+06    8.71563e+03   -1.15865e+06
    Kinetic En.   Total Energy  Conserved En.    Temperature Pressure (bar)
    2.25970e+05   -9.32685e+05   -9.20408e+05    3.00424e+02    7.44397e+01
   Constr. rmsd
    0.00000e+00

           Step           Time
        3945000     7890.00000

   Energies (kJ/mol)
           Bond          Angle    Proper Dih. Per. Imp. Dih.          LJ-14
    6.91017e+03    1.96673e+04    2.94125e+04    1.13333e+03    9.06736e+03
     Coulomb-14        LJ (SR)   Coulomb (SR)   Coul. recip.      Potential
    1.00207e+05    1.46908e+05   -1.48108e+06    8.63343e+03   -1.15914e+06
    Kinetic En.   Total Energy  Conserved En.    Temperature Pressure (bar)
    2.25643e+05   -9.33502e+05   -9.20435e+05    2.99990e+02    6.48643e+00
   Constr. rmsd
    0.00000e+00

           Step           Time
        3950000     7900.00000

   Energies (kJ/mol)
           Bond          Angle    Proper Dih. Per. Imp. Dih.          LJ-14
    7.27966e+03    1.96985e+04    2.93341e+04    1.13134e+03    9.09680e+03
     Coulomb-14        LJ (SR)   Coulomb (SR)   Coul. recip.      Potential
    9.98086e+04    1.46965e+05   -1.48115e+06    8.75985e+03   -1.15908e+06
    Kinetic En.   Total Energy  Conserved En.    Temperature Pressure (bar)
    2.26474e+05   -9.32604e+05   -9.20408e+05    3.01095e+02   -7.43093e+01
   Constr. rmsd
    0.00000e+00

           Step           Time
        3955000     7910.00000

   Energies (kJ/mol)
           Bond          Angle    Proper Dih. Per. Imp. Dih.          LJ-14
    7.15298e+03    1.98937e+04    2.92639e+04    1.10851e+03    8.89910e+03
     Coulomb-14        LJ (SR)   Coulomb (SR)   Coul. recip.      Potential
    1.00139e+05    1.46862e+05   -1.48130e+06    8.93248e+03   -1.15905e+06
    Kinetic En.   Total Energy  Conserved En.    Temperature Pressure (bar)
    2.25307e+05   -9.33745e+05   -9.20380e+05    2.99544e+02   -1.75409e+02
   Constr. rmsd
    0.00000e+00

           Step           Time
        3960000     7920.00000

   Energies (kJ/mol)
           Bond          Angle    Proper Dih. Per. Imp. Dih.          LJ-14
    7.26742e+03    2.00721e+04    2.92240e+04    1.06849e+03    8.99536e+03
     Coulomb-14        LJ (SR)   Coulomb (SR)   Coul. recip.      Potential
    9.96023e+04    1.46312e+05   -1.47863e+06    8.80843e+03   -1.15728e+06
    Kinetic En.   Total Energy  Conserved En.    Temperature Pressure (bar)
    2.25538e+05   -9.31743e+05   -9.20337e+05    2.99851e+02   -1.05557e+02
   Constr. rmsd
    0.00000e+00

           Step           Time
        3965000     7930.00000

   Energies (kJ/mol)
           Bond          Angle    Proper Dih. Per. Imp. Dih.          LJ-14
    7.10787e+03    1.99399e+04    2.92128e+04    1.06019e+03    9.08543e+03
     Coulomb-14        LJ (SR)   Coulomb (SR)   Coul. recip.      Potential
    9.97942e+04    1.48493e+05   -1.48325e+06    8.63228e+03   -1.15993e+06
    Kinetic En.   Total Energy  Conserved En.    Temperature Pressure (bar)
    2.26265e+05   -9.33660e+05   -9.20358e+05    3.00817e+02   -8.24340e+00
   Constr. rmsd
    0.00000e+00

           Step           Time
        3970000     7940.00000

   Energies (kJ/mol)
           Bond          Angle    Proper Dih. Per. Imp. Dih.          LJ-14
    7.24382e+03    2.00070e+04    2.91549e+04    1.13170e+03    9.07837e+03
     Coulomb-14        LJ (SR)   Coulomb (SR)   Coul. recip.      Potential
    9.97509e+04    1.47511e+05   -1.48222e+06    8.82441e+03   -1.15951e+06
    Kinetic En.   Total Energy  Conserved En.    Temperature Pressure (bar)
    2.26791e+05   -9.32722e+05   -9.20295e+05    3.01516e+02   -4.39727e+01
   Constr. rmsd
    0.00000e+00

           Step           Time
        3975000     7950.00000

   Energies (kJ/mol)
           Bond          Angle    Proper Dih. Per. Imp. Dih.          LJ-14
    7.19579e+03    1.98667e+04    2.90930e+04    1.08164e+03    9.01956e+03
     Coulomb-14        LJ (SR)   Coulomb (SR)   Coul. recip.      Potential
    9.97645e+04    1.47844e+05   -1.48160e+06    8.81737e+03   -1.15891e+06
    Kinetic En.   Total Energy  Conserved En.    Temperature Pressure (bar)
    2.25799e+05   -9.33114e+05   -9.20303e+05    3.00198e+02   -3.09162e+01
   Constr. rmsd
    0.00000e+00

           Step           Time
        3980000     7960.00000

   Energies (kJ/mol)
           Bond          Angle    Proper Dih. Per. Imp. Dih.          LJ-14
    7.23435e+03    1.97812e+04    2.93415e+04    1.08568e+03    9.11350e+03
     Coulomb-14        LJ (SR)   Coulomb (SR)   Coul. recip.      Potential
    9.98931e+04    1.47112e+05   -1.48056e+06    8.71369e+03   -1.15828e+06
    Kinetic En.   Total Energy  Conserved En.    Temperature Pressure (bar)
    2.25264e+05   -9.33020e+05   -9.20264e+05    2.99487e+02    2.78501e+01
   Constr. rmsd
    0.00000e+00

           Step           Time
        3985000     7970.00000

   Energies (kJ/mol)
           Bond          Angle    Proper Dih. Per. Imp. Dih.          LJ-14
    7.23708e+03    1.98886e+04    2.93876e+04    1.08034e+03    8.92946e+03
     Coulomb-14        LJ (SR)   Coulomb (SR)   Coul. recip.      Potential
    9.94214e+04    1.48355e+05   -1.48140e+06    8.76548e+03   -1.15834e+06
    Kinetic En.   Total Energy  Conserved En.    Temperature Pressure (bar)
    2.26651e+05   -9.31688e+05   -9.20300e+05    3.01330e+02    9.39153e+01
   Constr. rmsd
    0.00000e+00

           Step           Time
        3990000     7980.00000

   Energies (kJ/mol)
           Bond          Angle    Proper Dih. Per. Imp. Dih.          LJ-14
    7.29366e+03    1.94552e+04    2.92476e+04    1.14449e+03    9.05281e+03
     Coulomb-14        LJ (SR)   Coulomb (SR)   Coul. recip.      Potential
    9.97637e+04    1.46632e+05   -1.48041e+06    8.81964e+03   -1.15900e+06
    Kinetic En.   Total Energy  Conserved En.    Temperature Pressure (bar)
    2.25357e+05   -9.33648e+05   -9.20254e+05    2.99610e+02   -1.47717e+02
   Constr. rmsd
    0.00000e+00

           Step           Time
        3995000     7990.00000

   Energies (kJ/mol)
           Bond          Angle    Proper Dih. Per. Imp. Dih.          LJ-14
    7.14962e+03    1.97884e+04    2.92232e+04    1.12440e+03    9.08130e+03
     Coulomb-14        LJ (SR)   Coulomb (SR)   Coul. recip.      Potential
    9.98575e+04    1.48771e+05   -1.48479e+06    8.43375e+03   -1.16136e+06
    Kinetic En.   Total Energy  Conserved En.    Temperature Pressure (bar)
    2.25485e+05   -9.35872e+05   -9.20201e+05    2.99780e+02    7.52118e+01
   Constr. rmsd
    0.00000e+00

           Step           Time
        4000000     8000.00000

   Energies (kJ/mol)
           Bond          Angle    Proper Dih. Per. Imp. Dih.          LJ-14
    6.92172e+03    1.99886e+04    2.92646e+04    1.02332e+03    9.07720e+03
     Coulomb-14        LJ (SR)   Coulomb (SR)   Coul. recip.      Potential
    1.00048e+05    1.47367e+05   -1.48046e+06    8.65836e+03   -1.15811e+06
    Kinetic En.   Total Energy  Conserved En.    Temperature Pressure (bar)
    2.24518e+05   -9.33591e+05   -9.20188e+05    2.98495e+02   -3.93083e+00
   Constr. rmsd
    0.00000e+00

           Step           Time
        4005000     8010.00000

   Energies (kJ/mol)
           Bond          Angle    Proper Dih. Per. Imp. Dih.          LJ-14
    7.08039e+03    1.97045e+04    2.94143e+04    1.15339e+03    9.14852e+03
     Coulomb-14        LJ (SR)   Coulomb (SR)   Coul. recip.      Potential
    1.00151e+05    1.46805e+05   -1.48173e+06    8.70371e+03   -1.15957e+06
    Kinetic En.   Total Energy  Conserved En.    Temperature Pressure (bar)
    2.24030e+05   -9.35538e+05   -9.20175e+05    2.97846e+02   -7.20361e+00
   Constr. rmsd
    0.00000e+00

           Step           Time
        4010000     8020.00000

   Energies (kJ/mol)
           Bond          Angle    Proper Dih. Per. Imp. Dih.          LJ-14
    7.18348e+03    1.96096e+04    2.93628e+04    1.12334e+03    9.09361e+03
     Coulomb-14        LJ (SR)   Coulomb (SR)   Coul. recip.      Potential
    9.98680e+04    1.47695e+05   -1.48269e+06    8.66771e+03   -1.16009e+06
    Kinetic En.   Total Energy  Conserved En.    Temperature Pressure (bar)
    2.25306e+05   -9.34782e+05   -9.20188e+05    2.99542e+02    2.19119e+01
   Constr. rmsd
    0.00000e+00

           Step           Time
        4015000     8030.00000

   Energies (kJ/mol)
           Bond          Angle    Proper Dih. Per. Imp. Dih.          LJ-14
    7.40734e+03    1.97374e+04    2.93899e+04    1.13423e+03    9.17347e+03
     Coulomb-14        LJ (SR)   Coulomb (SR)   Coul. recip.      Potential
    9.97608e+04    1.47880e+05   -1.48148e+06    8.67638e+03   -1.15832e+06
    Kinetic En.   Total Energy  Conserved En.    Temperature Pressure (bar)
    2.24862e+05   -9.33457e+05   -9.20098e+05    2.98951e+02    1.07583e+02
   Constr. rmsd
    0.00000e+00

           Step           Time
        4020000     8040.00000

   Energies (kJ/mol)
           Bond          Angle    Proper Dih. Per. Imp. Dih.          LJ-14
    7.17920e+03    1.98101e+04    2.92265e+04    1.06492e+03    9.06280e+03
     Coulomb-14        LJ (SR)   Coulomb (SR)   Coul. recip.      Potential
    9.97297e+04    1.47367e+05   -1.48247e+06    8.80552e+03   -1.16022e+06
    Kinetic En.   Total Energy  Conserved En.    Temperature Pressure (bar)
    2.25435e+05   -9.34788e+05   -9.20098e+05    2.99714e+02   -1.96111e+01
   Constr. rmsd
    0.00000e+00

           Step           Time
        4025000     8050.00000

   Energies (kJ/mol)
           Bond          Angle    Proper Dih. Per. Imp. Dih.          LJ-14
    7.00616e+03    1.95796e+04    2.93254e+04    1.04406e+03    9.19089e+03
     Coulomb-14        LJ (SR)   Coulomb (SR)   Coul. recip.      Potential
    1.00484e+05    1.49269e+05   -1.48554e+06    8.63460e+03   -1.16101e+06
    Kinetic En.   Total Energy  Conserved En.    Temperature Pressure (bar)
    2.25845e+05   -9.35165e+05   -9.20102e+05    3.00258e+02    1.64520e+02
   Constr. rmsd
    0.00000e+00

           Step           Time
        4030000     8060.00000

   Energies (kJ/mol)
           Bond          Angle    Proper Dih. Per. Imp. Dih.          LJ-14
    7.22851e+03    2.00734e+04    2.93178e+04    1.09311e+03    9.04438e+03
     Coulomb-14        LJ (SR)   Coulomb (SR)   Coul. recip.      Potential
    9.99760e+04    1.47332e+05   -1.47978e+06    8.58124e+03   -1.15714e+06
    Kinetic En.   Total Energy  Conserved En.    Temperature Pressure (bar)
    2.25787e+05   -9.31349e+05   -9.20077e+05    3.00181e+02    4.20095e+01
   Constr. rmsd
    0.00000e+00

           Step           Time
        4035000     8070.00000

   Energies (kJ/mol)
           Bond          Angle    Proper Dih. Per. Imp. Dih.          LJ-14
    7.27418e+03    1.99110e+04    2.91466e+04    1.04952e+03    8.98205e+03
     Coulomb-14        LJ (SR)   Coulomb (SR)   Coul. recip.      Potential
    9.96794e+04    1.46951e+05   -1.48167e+06    8.62202e+03   -1.16005e+06
    Kinetic En.   Total Energy  Conserved En.    Temperature Pressure (bar)
    2.25779e+05   -9.34270e+05   -9.20060e+05    3.00172e+02   -9.63352e+01
   Constr. rmsd
    0.00000e+00

           Step           Time
        4040000     8080.00000

   Energies (kJ/mol)
           Bond          Angle    Proper Dih. Per. Imp. Dih.          LJ-14
    6.97586e+03    2.00994e+04    2.91130e+04    1.11578e+03    9.08521e+03
     Coulomb-14        LJ (SR)   Coulomb (SR)   Coul. recip.      Potential
    9.98214e+04    1.44913e+05   -1.47974e+06    8.65977e+03   -1.15996e+06
    Kinetic En.   Total Energy  Conserved En.    Temperature Pressure (bar)
    2.25912e+05   -9.34049e+05   -9.20076e+05    3.00348e+02   -2.20575e+02
   Constr. rmsd
    0.00000e+00

           Step           Time
        4045000     8090.00000

   Energies (kJ/mol)
           Bond          Angle    Proper Dih. Per. Imp. Dih.          LJ-14
    6.94792e+03    1.94851e+04    2.92455e+04    1.15226e+03    9.31386e+03
     Coulomb-14        LJ (SR)   Coulomb (SR)   Coul. recip.      Potential
    9.99795e+04    1.46247e+05   -1.48062e+06    8.63587e+03   -1.15961e+06
    Kinetic En.   Total Energy  Conserved En.    Temperature Pressure (bar)
    2.27118e+05   -9.32497e+05   -9.20097e+05    3.01951e+02    5.41668e+01
   Constr. rmsd
    0.00000e+00

           Step           Time
        4050000     8100.00000

   Energies (kJ/mol)
           Bond          Angle    Proper Dih. Per. Imp. Dih.          LJ-14
    7.04017e+03    1.97856e+04    2.94086e+04    1.13779e+03    9.02940e+03
     Coulomb-14        LJ (SR)   Coulomb (SR)   Coul. recip.      Potential
    1.00052e+05    1.47162e+05   -1.48257e+06    8.70752e+03   -1.16025e+06
    Kinetic En.   Total Energy  Conserved En.    Temperature Pressure (bar)
    2.25104e+05   -9.35141e+05   -9.20026e+05    2.99274e+02   -5.20392e+01
   Constr. rmsd
    0.00000e+00

           Step           Time
        4055000     8110.00000

   Energies (kJ/mol)
           Bond          Angle    Proper Dih. Per. Imp. Dih.          LJ-14
    7.09102e+03    1.95873e+04    2.94234e+04    1.06874e+03    8.97161e+03
     Coulomb-14        LJ (SR)   Coulomb (SR)   Coul. recip.      Potential
    9.96812e+04    1.49028e+05   -1.48428e+06    8.71066e+03   -1.16072e+06
    Kinetic En.   Total Energy  Conserved En.    Temperature Pressure (bar)
    2.24456e+05   -9.36263e+05   -9.20059e+05    2.98412e+02   -5.05984e+01
   Constr. rmsd
    0.00000e+00

           Step           Time
        4060000     8120.00000

   Energies (kJ/mol)
           Bond          Angle    Proper Dih. Per. Imp. Dih.          LJ-14
    7.10260e+03    2.00746e+04    2.92810e+04    1.09046e+03    9.14161e+03
     Coulomb-14        LJ (SR)   Coulomb (SR)   Coul. recip.      Potential
    9.97541e+04    1.47056e+05   -1.48113e+06    8.78540e+03   -1.15885e+06
    Kinetic En.   Total Energy  Conserved En.    Temperature Pressure (bar)
    2.26752e+05   -9.32096e+05   -9.20020e+05    3.01464e+02   -1.99574e+01
   Constr. rmsd
    0.00000e+00

           Step           Time
        4065000     8130.00000

   Energies (kJ/mol)
           Bond          Angle    Proper Dih. Per. Imp. Dih.          LJ-14
    7.22328e+03    1.98992e+04    2.93452e+04    1.05672e+03    9.12067e+03
     Coulomb-14        LJ (SR)   Coulomb (SR)   Coul. recip.      Potential
    9.97244e+04    1.47870e+05   -1.48152e+06    8.79432e+03   -1.15849e+06
    Kinetic En.   Total Energy  Conserved En.    Temperature Pressure (bar)
    2.25980e+05   -9.32508e+05   -9.20009e+05    3.00438e+02    9.09620e+01
   Constr. rmsd
    0.00000e+00

           Step           Time
        4070000     8140.00000

   Energies (kJ/mol)
           Bond          Angle    Proper Dih. Per. Imp. Dih.          LJ-14
    7.12746e+03    2.00071e+04    2.92999e+04    1.16046e+03    9.01561e+03
     Coulomb-14        LJ (SR)   Coulomb (SR)   Coul. recip.      Potential
    9.95259e+04    1.48233e+05   -1.48202e+06    8.78692e+03   -1.15886e+06
    Kinetic En.   Total Energy  Conserved En.    Temperature Pressure (bar)
    2.25063e+05   -9.33802e+05   -9.19972e+05    2.99219e+02   -2.21123e+01
   Constr. rmsd
    0.00000e+00

           Step           Time
        4075000     8150.00000

   Energies (kJ/mol)
           Bond          Angle    Proper Dih. Per. Imp. Dih.          LJ-14
    7.30162e+03    1.98988e+04    2.93773e+04    1.12587e+03    8.87738e+03
     Coulomb-14        LJ (SR)   Coulomb (SR)   Coul. recip.      Potential
    9.95503e+04    1.46788e+05   -1.48045e+06    8.83556e+03   -1.15869e+06
    Kinetic En.   Total Energy  Conserved En.    Temperature Pressure (bar)
    2.26244e+05   -9.32449e+05   -9.19934e+05    3.00789e+02   -1.77099e+02
   Constr. rmsd
    0.00000e+00

           Step           Time
        4080000     8160.00000

   Energies (kJ/mol)
           Bond          Angle    Proper Dih. Per. Imp. Dih.          LJ-14
    7.07031e+03    1.97423e+04    2.94232e+04    1.14984e+03    8.97097e+03
     Coulomb-14        LJ (SR)   Coulomb (SR)   Coul. recip.      Potential
    9.96210e+04    1.47856e+05   -1.48403e+06    8.61383e+03   -1.16158e+06
    Kinetic En.   Total Energy  Conserved En.    Temperature Pressure (bar)
    2.24449e+05   -9.37131e+05   -9.19917e+05    2.98402e+02   -1.18897e+02
   Constr. rmsd
    0.00000e+00

           Step           Time
        4085000     8170.00000

   Energies (kJ/mol)
           Bond          Angle    Proper Dih. Per. Imp. Dih.          LJ-14
    7.40764e+03    1.99019e+04    2.92835e+04    1.07896e+03    8.97402e+03
     Coulomb-14        LJ (SR)   Coulomb (SR)   Coul. recip.      Potential
    9.96737e+04    1.46463e+05   -1.47955e+06    8.73969e+03   -1.15803e+06
    Kinetic En.   Total Energy  Conserved En.    Temperature Pressure (bar)
    2.25939e+05   -9.32089e+05   -9.19876e+05    3.00384e+02   -7.82822e+01
   Constr. rmsd
    0.00000e+00

           Step           Time
        4090000     8180.00000

   Energies (kJ/mol)
           Bond          Angle    Proper Dih. Per. Imp. Dih.          LJ-14
    7.22426e+03    1.96273e+04    2.95806e+04    1.14354e+03    9.02757e+03
     Coulomb-14        LJ (SR)   Coulomb (SR)   Coul. recip.      Potential
    1.00067e+05    1.47351e+05   -1.48277e+06    8.65620e+03   -1.16009e+06
    Kinetic En.   Total Energy  Conserved En.    Temperature Pressure (bar)
    2.24927e+05   -9.35166e+05   -9.19899e+05    2.99038e+02   -6.85811e+01
   Constr. rmsd
    0.00000e+00

           Step           Time
        4095000     8190.00000

   Energies (kJ/mol)
           Bond          Angle    Proper Dih. Per. Imp. Dih.          LJ-14
    7.23554e+03    1.95149e+04    2.92704e+04    1.11160e+03    9.05564e+03
     Coulomb-14        LJ (SR)   Coulomb (SR)   Coul. recip.      Potential
    9.95999e+04    1.48263e+05   -1.48269e+06    8.55788e+03   -1.16008e+06
    Kinetic En.   Total Energy  Conserved En.    Temperature Pressure (bar)
    2.23117e+05   -9.36960e+05   -9.19852e+05    2.96632e+02   -8.88141e+00
   Constr. rmsd
    0.00000e+00

           Step           Time
        4100000     8200.00000

   Energies (kJ/mol)
           Bond          Angle    Proper Dih. Per. Imp. Dih.          LJ-14
    7.07000e+03    1.98366e+04    2.92647e+04    1.08531e+03    9.12157e+03
     Coulomb-14        LJ (SR)   Coulomb (SR)   Coul. recip.      Potential
    9.97584e+04    1.46360e+05   -1.48044e+06    8.69229e+03   -1.15925e+06
    Kinetic En.   Total Energy  Conserved En.    Temperature Pressure (bar)
    2.24109e+05   -9.35139e+05   -9.19834e+05    2.97951e+02   -3.50943e+01
   Constr. rmsd
    0.00000e+00

           Step           Time
        4105000     8210.00000

   Energies (kJ/mol)
           Bond          Angle    Proper Dih. Per. Imp. Dih.          LJ-14
    7.38936e+03    1.98798e+04    2.94666e+04    1.10707e+03    9.07380e+03
     Coulomb-14        LJ (SR)   Coulomb (SR)   Coul. recip.      Potential
    9.98003e+04    1.46488e+05   -1.48108e+06    8.75761e+03   -1.15912e+06
    Kinetic En.   Total Energy  Conserved En.    Temperature Pressure (bar)
    2.27095e+05   -9.32024e+05   -9.19887e+05    3.01920e+02   -8.29901e+01
   Constr. rmsd
    0.00000e+00

           Step           Time
        4110000     8220.00000

   Energies (kJ/mol)
           Bond          Angle    Proper Dih. Per. Imp. Dih.          LJ-14
    6.87579e+03    1.97100e+04    2.92421e+04    1.06824e+03    9.03412e+03
     Coulomb-14        LJ (SR)   Coulomb (SR)   Coul. recip.      Potential
    9.98949e+04    1.49452e+05   -1.48462e+06    8.78950e+03   -1.16055e+06
    Kinetic En.   Total Energy  Conserved En.    Temperature Pressure (bar)
    2.24848e+05   -9.35706e+05   -9.19854e+05    2.98933e+02    1.42751e+02
   Constr. rmsd
    0.00000e+00

           Step           Time
        4115000     8230.00000

   Energies (kJ/mol)
           Bond          Angle    Proper Dih. Per. Imp. Dih.          LJ-14
    7.20089e+03    1.97727e+04    2.92571e+04    1.05442e+03    8.98343e+03
     Coulomb-14        LJ (SR)   Coulomb (SR)   Coul. recip.      Potential
    9.99266e+04    1.47287e+05   -1.48036e+06    8.74109e+03   -1.15813e+06
    Kinetic En.   Total Energy  Conserved En.    Temperature Pressure (bar)
    2.24982e+05   -9.33151e+05   -9.19800e+05    2.99112e+02   -1.19378e+02
   Constr. rmsd
    0.00000e+00

           Step           Time
        4120000     8240.00000

   Energies (kJ/mol)
           Bond          Angle    Proper Dih. Per. Imp. Dih.          LJ-14
    7.12591e+03    1.96238e+04    2.93663e+04    1.02864e+03    9.05276e+03
     Coulomb-14        LJ (SR)   Coulomb (SR)   Coul. recip.      Potential
    9.97081e+04    1.48162e+05   -1.48345e+06    8.69227e+03   -1.16069e+06
    Kinetic En.   Total Energy  Conserved En.    Temperature Pressure (bar)
    2.25968e+05   -9.34719e+05   -9.19852e+05    3.00422e+02   -9.86415e+01
   Constr. rmsd
    0.00000e+00

           Step           Time
        4125000     8250.00000

   Energies (kJ/mol)
           Bond          Angle    Proper Dih. Per. Imp. Dih.          LJ-14
    7.10082e+03    2.00663e+04    2.93415e+04    1.07486e+03    9.03209e+03
     Coulomb-14        LJ (SR)   Coulomb (SR)   Coul. recip.      Potential
    9.98598e+04    1.47130e+05   -1.47863e+06    8.72678e+03   -1.15629e+06
    Kinetic En.   Total Energy  Conserved En.    Temperature Pressure (bar)
    2.25933e+05   -9.30360e+05   -9.19768e+05    3.00376e+02    6.51496e+01
   Constr. rmsd
    0.00000e+00

           Step           Time
        4130000     8260.00000

   Energies (kJ/mol)
           Bond          Angle    Proper Dih. Per. Imp. Dih.          LJ-14
    7.03849e+03    1.95680e+04    2.92384e+04    1.07898e+03    9.12586e+03
     Coulomb-14        LJ (SR)   Coulomb (SR)   Coul. recip.      Potential
    1.00161e+05    1.45466e+05   -1.47851e+06    8.85588e+03   -1.15797e+06
    Kinetic En.   Total Energy  Conserved En.    Temperature Pressure (bar)
    2.26508e+05   -9.31466e+05   -9.19794e+05    3.01141e+02    3.78575e+01
   Constr. rmsd
    0.00000e+00

           Step           Time
        4135000     8270.00000

   Energies (kJ/mol)
           Bond          Angle    Proper Dih. Per. Imp. Dih.          LJ-14
    7.08415e+03    1.98240e+04    2.93066e+04    1.09170e+03    9.02220e+03
     Coulomb-14        LJ (SR)   Coulomb (SR)   Coul. recip.      Potential
    9.93811e+04    1.48062e+05   -1.48287e+06    8.82580e+03   -1.16027e+06
    Kinetic En.   Total Energy  Conserved En.    Temperature Pressure (bar)
    2.26190e+05   -9.34079e+05   -9.19772e+05    3.00717e+02    7.60297e+01
   Constr. rmsd
    0.00000e+00

           Step           Time
        4140000     8280.00000

   Energies (kJ/mol)
           Bond          Angle    Proper Dih. Per. Imp. Dih.          LJ-14
    7.21019e+03    1.93943e+04    2.92214e+04    1.06253e+03    9.05905e+03
     Coulomb-14        LJ (SR)   Coulomb (SR)   Coul. recip.      Potential
    1.00025e+05    1.46928e+05   -1.48059e+06    8.70795e+03   -1.15899e+06
    Kinetic En.   Total Energy  Conserved En.    Temperature Pressure (bar)
    2.25884e+05   -9.33102e+05   -9.19766e+05    3.00311e+02    3.76862e+00
   Constr. rmsd
    0.00000e+00

           Step           Time
        4145000     8290.00000

   Energies (kJ/mol)
           Bond          Angle    Proper Dih. Per. Imp. Dih.          LJ-14
    7.05047e+03    1.96048e+04    2.90738e+04    1.07664e+03    9.10375e+03
     Coulomb-14        LJ (SR)   Coulomb (SR)   Coul. recip.      Potential
    9.97535e+04    1.47913e+05   -1.48402e+06    8.66269e+03   -1.16179e+06
    Kinetic En.   Total Energy  Conserved En.    Temperature Pressure (bar)
    2.24805e+05   -9.36980e+05   -9.19713e+05    2.98876e+02   -7.81573e+00
   Constr. rmsd
    0.00000e+00

           Step           Time
        4150000     8300.00000

   Energies (kJ/mol)
           Bond          Angle    Proper Dih. Per. Imp. Dih.          LJ-14
    7.18152e+03    1.96663e+04    2.94786e+04    1.10946e+03    9.07823e+03
     Coulomb-14        LJ (SR)   Coulomb (SR)   Coul. recip.      Potential
    9.98064e+04    1.46885e+05   -1.48058e+06    8.77196e+03   -1.15861e+06
    Kinetic En.   Total Energy  Conserved En.    Temperature Pressure (bar)
    2.25320e+05   -9.33286e+05   -9.19695e+05    2.99561e+02   -1.19232e+02
   Constr. rmsd
    0.00000e+00

           Step           Time
        4155000     8310.00000

   Energies (kJ/mol)
           Bond          Angle    Proper Dih. Per. Imp. Dih.          LJ-14
    7.21509e+03    2.00951e+04    2.93392e+04    1.13654e+03    8.91324e+03
     Coulomb-14        LJ (SR)   Coulomb (SR)   Coul. recip.      Potential
    9.94411e+04    1.47140e+05   -1.48041e+06    8.57602e+03   -1.15855e+06
    Kinetic En.   Total Energy  Conserved En.    Temperature Pressure (bar)
    2.26412e+05   -9.32138e+05   -9.19690e+05    3.01013e+02   -1.09622e+01
   Constr. rmsd
    0.00000e+00

           Step           Time
        4160000     8320.00000

   Energies (kJ/mol)
           Bond          Angle    Proper Dih. Per. Imp. Dih.          LJ-14
    7.51586e+03    2.00747e+04    2.92891e+04    1.11684e+03    9.08589e+03
     Coulomb-14        LJ (SR)   Coulomb (SR)   Coul. recip.      Potential
    9.94333e+04    1.47894e+05   -1.48073e+06    8.63377e+03   -1.15769e+06
    Kinetic En.   Total Energy  Conserved En.    Temperature Pressure (bar)
    2.26998e+05   -9.30691e+05   -9.19649e+05    3.01791e+02    6.02207e+01
   Constr. rmsd
    0.00000e+00

           Step           Time
        4165000     8330.00000

   Energies (kJ/mol)
           Bond          Angle    Proper Dih. Per. Imp. Dih.          LJ-14
    7.36501e+03    1.97361e+04    2.92075e+04    1.09577e+03    9.04243e+03
     Coulomb-14        LJ (SR)   Coulomb (SR)   Coul. recip.      Potential
    9.97428e+04    1.47360e+05   -1.48043e+06    8.65309e+03   -1.15823e+06
    Kinetic En.   Total Energy  Conserved En.    Temperature Pressure (bar)
    2.26409e+05   -9.31817e+05   -9.19677e+05    3.01009e+02   -3.86664e+01
   Constr. rmsd
    0.00000e+00

           Step           Time
        4170000     8340.00000

   Energies (kJ/mol)
           Bond          Angle    Proper Dih. Per. Imp. Dih.          LJ-14
    7.04533e+03    1.95732e+04    2.93355e+04    1.07574e+03    9.15669e+03
     Coulomb-14        LJ (SR)   Coulomb (SR)   Coul. recip.      Potential
    9.96641e+04    1.46791e+05   -1.48145e+06    8.81570e+03   -1.15999e+06
    Kinetic En.   Total Energy  Conserved En.    Temperature Pressure (bar)
    2.24979e+05   -9.35015e+05   -9.19640e+05    2.99108e+02    1.31840e+01
   Constr. rmsd
    0.00000e+00

           Step           Time
        4175000     8350.00000

   Energies (kJ/mol)
           Bond          Angle    Proper Dih. Per. Imp. Dih.          LJ-14
    6.94642e+03    1.95484e+04    2.92857e+04    1.04785e+03    9.12091e+03
     Coulomb-14        LJ (SR)   Coulomb (SR)   Coul. recip.      Potential
    9.99077e+04    1.46676e+05   -1.48075e+06    8.75313e+03   -1.15946e+06
    Kinetic En.   Total Energy  Conserved En.    Temperature Pressure (bar)
    2.24541e+05   -9.34920e+05   -9.19655e+05    2.98525e+02   -7.80620e+01
   Constr. rmsd
    0.00000e+00

           Step           Time
        4180000     8360.00000

   Energies (kJ/mol)
           Bond          Angle    Proper Dih. Per. Imp. Dih.          LJ-14
    7.09988e+03    2.01027e+04    2.92085e+04    1.08634e+03    9.19349e+03
     Coulomb-14        LJ (SR)   Coulomb (SR)   Coul. recip.      Potential
    9.98080e+04    1.46352e+05   -1.48041e+06    8.77280e+03   -1.15879e+06
    Kinetic En.   Total Energy  Conserved En.    Temperature Pressure (bar)
    2.26039e+05   -9.32752e+05   -9.19593e+05    3.00516e+02   -2.40020e+01
   Constr. rmsd
    0.00000e+00

           Step           Time
        4185000     8370.00000

   Energies (kJ/mol)
           Bond          Angle    Proper Dih. Per. Imp. Dih.          LJ-14
    6.96328e+03    1.99066e+04    2.89684e+04    1.08569e+03    9.02701e+03
     Coulomb-14        LJ (SR)   Coulomb (SR)   Coul. recip.      Potential
    9.95174e+04    1.47531e+05   -1.48347e+06    8.68730e+03   -1.16178e+06
    Kinetic En.   Total Energy  Conserved En.    Temperature Pressure (bar)
    2.26372e+05   -9.35409e+05   -9.19602e+05    3.00960e+02    6.08215e+01
   Constr. rmsd
    0.00000e+00

           Step           Time
        4190000     8380.00000

   Energies (kJ/mol)
           Bond          Angle    Proper Dih. Per. Imp. Dih.          LJ-14
    7.15684e+03    1.95659e+04    2.92915e+04    1.06592e+03    9.06033e+03
     Coulomb-14        LJ (SR)   Coulomb (SR)   Coul. recip.      Potential
    9.96690e+04    1.48512e+05   -1.48174e+06    8.50988e+03   -1.15891e+06
    Kinetic En.   Total Energy  Conserved En.    Temperature Pressure (bar)
    2.25381e+05   -9.33529e+05   -9.19596e+05    2.99642e+02    8.69786e+01
   Constr. rmsd
    0.00000e+00

           Step           Time
        4195000     8390.00000

   Energies (kJ/mol)
           Bond          Angle    Proper Dih. Per. Imp. Dih.          LJ-14
    7.01941e+03    2.00342e+04    2.96445e+04    1.16865e+03    9.04232e+03
     Coulomb-14        LJ (SR)   Coulomb (SR)   Coul. recip.      Potential
    9.98737e+04    1.47912e+05   -1.48171e+06    8.76182e+03   -1.15825e+06
    Kinetic En.   Total Energy  Conserved En.    Temperature Pressure (bar)
    2.25770e+05   -9.32479e+05   -9.19534e+05    3.00160e+02    1.03848e+02
   Constr. rmsd
    0.00000e+00

           Step           Time
        4200000     8400.00000

   Energies (kJ/mol)
           Bond          Angle    Proper Dih. Per. Imp. Dih.          LJ-14
    7.10663e+03    1.93974e+04    2.92450e+04    1.07162e+03    9.09110e+03
     Coulomb-14        LJ (SR)   Coulomb (SR)   Coul. recip.      Potential
    9.95728e+04    1.45741e+05   -1.48099e+06    8.73561e+03   -1.16103e+06
    Kinetic En.   Total Energy  Conserved En.    Temperature Pressure (bar)
    2.24542e+05   -9.36489e+05   -9.19512e+05    2.98526e+02   -6.77202e+01
   Constr. rmsd
    0.00000e+00

           Step           Time
        4205000     8410.00000

   Energies (kJ/mol)
           Bond          Angle    Proper Dih. Per. Imp. Dih.          LJ-14
    7.35571e+03    1.95089e+04    2.93651e+04    1.05026e+03    8.93408e+03
     Coulomb-14        LJ (SR)   Coulomb (SR)   Coul. recip.      Potential
    9.96287e+04    1.47575e+05   -1.48225e+06    8.56608e+03   -1.16027e+06
    Kinetic En.   Total Energy  Conserved En.    Temperature Pressure (bar)
    2.26187e+05   -9.34084e+05   -9.19534e+05    3.00713e+02   -5.65413e+01
   Constr. rmsd
    0.00000e+00

           Step           Time
        4210000     8420.00000

   Energies (kJ/mol)
           Bond          Angle    Proper Dih. Per. Imp. Dih.          LJ-14
    7.42804e+03    1.97713e+04    2.93429e+04    1.11228e+03    9.03172e+03
     Coulomb-14        LJ (SR)   Coulomb (SR)   Coul. recip.      Potential
    9.98343e+04    1.49273e+05   -1.48565e+06    8.57142e+03   -1.16128e+06
    Kinetic En.   Total Energy  Conserved En.    Temperature Pressure (bar)
    2.25984e+05   -9.35300e+05   -9.19458e+05    3.00444e+02   -3.78768e+01
   Constr. rmsd
    0.00000e+00

           Step           Time
        4215000     8430.00000

   Energies (kJ/mol)
           Bond          Angle    Proper Dih. Per. Imp. Dih.          LJ-14
    7.02354e+03    1.95874e+04    2.93961e+04    1.11962e+03    9.10002e+03
     Coulomb-14        LJ (SR)   Coulomb (SR)   Coul. recip.      Potential
    9.98175e+04    1.45337e+05   -1.47958e+06    8.76067e+03   -1.15944e+06
    Kinetic En.   Total Energy  Conserved En.    Temperature Pressure (bar)
    2.24603e+05   -9.34835e+05   -9.19467e+05    2.98607e+02   -2.31287e+01
   Constr. rmsd
    0.00000e+00

           Step           Time
        4220000     8440.00000

   Energies (kJ/mol)
           Bond          Angle    Proper Dih. Per. Imp. Dih.          LJ-14
    6.99343e+03    1.97795e+04    2.93159e+04    1.05456e+03    9.14490e+03
     Coulomb-14        LJ (SR)   Coulomb (SR)   Coul. recip.      Potential
    9.99083e+04    1.47059e+05   -1.48023e+06    8.72358e+03   -1.15826e+06
    Kinetic En.   Total Energy  Conserved En.    Temperature Pressure (bar)
    2.25146e+05   -9.33110e+05   -9.19425e+05    2.99329e+02    5.86893e+01
   Constr. rmsd
    0.00000e+00

           Step           Time
        4225000     8450.00000

   Energies (kJ/mol)
           Bond          Angle    Proper Dih. Per. Imp. Dih.          LJ-14
    7.06136e+03    1.96482e+04    2.91314e+04    1.09417e+03    9.13205e+03
     Coulomb-14        LJ (SR)   Coulomb (SR)   Coul. recip.      Potential
    9.99187e+04    1.47618e+05   -1.48315e+06    8.71785e+03   -1.16083e+06
    Kinetic En.   Total Energy  Conserved En.    Temperature Pressure (bar)
    2.25693e+05   -9.35132e+05   -9.19392e+05    3.00057e+02    7.88420e+01
   Constr. rmsd
    0.00000e+00

           Step           Time
        4230000     8460.00000

   Energies (kJ/mol)
           Bond          Angle    Proper Dih. Per. Imp. Dih.          LJ-14
    7.14664e+03    1.92988e+04    2.94571e+04    1.17239e+03    9.14494e+03
     Coulomb-14        LJ (SR)   Coulomb (SR)   Coul. recip.      Potential
    9.97696e+04    1.47377e+05   -1.48107e+06    8.69906e+03   -1.15900e+06
    Kinetic En.   Total Energy  Conserved En.    Temperature Pressure (bar)
    2.25947e+05   -9.33057e+05   -9.19444e+05    3.00395e+02    1.10286e+02
   Constr. rmsd
    0.00000e+00

           Step           Time
        4235000     8470.00000

   Energies (kJ/mol)
           Bond          Angle    Proper Dih. Per. Imp. Dih.          LJ-14
    6.89012e+03    1.99706e+04    2.92985e+04    1.10620e+03    9.07620e+03
     Coulomb-14        LJ (SR)   Coulomb (SR)   Coul. recip.      Potential
    9.96666e+04    1.47022e+05   -1.47962e+06    8.73927e+03   -1.15785e+06
    Kinetic En.   Total Energy  Conserved En.    Temperature Pressure (bar)
    2.25220e+05   -9.32630e+05   -9.19338e+05    2.99428e+02    8.04276e+01
   Constr. rmsd
    0.00000e+00

           Step           Time
        4240000     8480.00000

   Energies (kJ/mol)
           Bond          Angle    Proper Dih. Per. Imp. Dih.          LJ-14
    7.29327e+03    1.95201e+04    2.93316e+04    1.13608e+03    9.04335e+03
     Coulomb-14        LJ (SR)   Coulomb (SR)   Coul. recip.      Potential
    9.98724e+04    1.46162e+05   -1.48078e+06    8.72506e+03   -1.15969e+06
    Kinetic En.   Total Energy  Conserved En.    Temperature Pressure (bar)
    2.24155e+05   -9.35536e+05   -9.19286e+05    2.98012e+02   -9.01709e+01
   Constr. rmsd
    0.00000e+00

           Step           Time
        4245000     8490.00000

   Energies (kJ/mol)
           Bond          Angle    Proper Dih. Per. Imp. Dih.          LJ-14
    7.38890e+03    1.95084e+04    2.95971e+04    1.11619e+03    9.01209e+03
     Coulomb-14        LJ (SR)   Coulomb (SR)   Coul. recip.      Potential
    9.97379e+04    1.47173e+05   -1.48250e+06    8.72267e+03   -1.16024e+06
    Kinetic En.   Total Energy  Conserved En.    Temperature Pressure (bar)
    2.24439e+05   -9.35801e+05   -9.19268e+05    2.98390e+02   -1.67683e+02
   Constr. rmsd
    0.00000e+00

           Step           Time
        4250000     8500.00000

   Energies (kJ/mol)
           Bond          Angle    Proper Dih. Per. Imp. Dih.          LJ-14
    7.37828e+03    1.98313e+04    2.93876e+04    1.10732e+03    9.06654e+03
     Coulomb-14        LJ (SR)   Coulomb (SR)   Coul. recip.      Potential
    9.99788e+04    1.46394e+05   -1.48044e+06    8.63002e+03   -1.15866e+06
    Kinetic En.   Total Energy  Conserved En.    Temperature Pressure (bar)
    2.27567e+05   -9.31098e+05   -9.19261e+05    3.02548e+02   -1.02660e+02
   Constr. rmsd
    0.00000e+00

           Step           Time
        4255000     8510.00000

   Energies (kJ/mol)
           Bond          Angle    Proper Dih. Per. Imp. Dih.          LJ-14
    7.32248e+03    1.96544e+04    2.94095e+04    1.15627e+03    9.08732e+03
     Coulomb-14        LJ (SR)   Coulomb (SR)   Coul. recip.      Potential
    9.99345e+04    1.46599e+05   -1.47985e+06    8.71158e+03   -1.15798e+06
    Kinetic En.   Total Energy  Conserved En.    Temperature Pressure (bar)
    2.25919e+05   -9.32060e+05   -9.19224e+05    3.00357e+02   -1.22485e+01
   Constr. rmsd
    0.00000e+00

           Step           Time
        4260000     8520.00000

   Energies (kJ/mol)
           Bond          Angle    Proper Dih. Per. Imp. Dih.          LJ-14
    7.20497e+03    1.99541e+04    2.93062e+04    1.07991e+03    9.00552e+03
     Coulomb-14        LJ (SR)   Coulomb (SR)   Coul. recip.      Potential
    9.97761e+04    1.45674e+05   -1.47886e+06    8.86335e+03   -1.15799e+06
    Kinetic En.   Total Energy  Conserved En.    Temperature Pressure (bar)
    2.25766e+05   -9.32228e+05   -9.19225e+05    3.00154e+02   -1.74967e+02
   Constr. rmsd
    0.00000e+00

           Step           Time
        4265000     8530.00000

   Energies (kJ/mol)
           Bond          Angle    Proper Dih. Per. Imp. Dih.          LJ-14
    7.07738e+03    1.95150e+04    2.94806e+04    1.01520e+03    9.19763e+03
     Coulomb-14        LJ (SR)   Coulomb (SR)   Coul. recip.      Potential
    1.00269e+05    1.47357e+05   -1.48162e+06    8.73027e+03   -1.15898e+06
    Kinetic En.   Total Energy  Conserved En.    Temperature Pressure (bar)
    2.25612e+05   -9.33364e+05   -9.19204e+05    2.99949e+02    6.13912e+01
   Constr. rmsd
    0.00000e+00

           Step           Time
        4270000     8540.00000

   Energies (kJ/mol)
           Bond          Angle    Proper Dih. Per. Imp. Dih.          LJ-14
    7.17463e+03    1.96359e+04    2.95955e+04    1.10672e+03    9.14117e+03
     Coulomb-14        LJ (SR)   Coulomb (SR)   Coul. recip.      Potential
    1.00175e+05    1.47539e+05   -1.48103e+06    8.77154e+03   -1.15789e+06
    Kinetic En.   Total Energy  Conserved En.    Temperature Pressure (bar)
    2.24807e+05   -9.33085e+05   -9.19185e+05    2.98879e+02    4.44835e+01
   Constr. rmsd
    0.00000e+00

           Step           Time
        4275000     8550.00000

   Energies (kJ/mol)
           Bond          Angle    Proper Dih. Per. Imp. Dih.          LJ-14
    7.26944e+03    1.97261e+04    2.95482e+04    1.07019e+03    8.96489e+03
     Coulomb-14        LJ (SR)   Coulomb (SR)   Coul. recip.      Potential
    9.98102e+04    1.47128e+05   -1.48171e+06    8.82830e+03   -1.15936e+06
    Kinetic En.   Total Energy  Conserved En.    Temperature Pressure (bar)
    2.25681e+05   -9.33679e+05   -9.19178e+05    3.00041e+02   -1.35423e+02
   Constr. rmsd
    0.00000e+00

           Step           Time
        4280000     8560.00000

   Energies (kJ/mol)
           Bond          Angle    Proper Dih. Per. Imp. Dih.          LJ-14
    7.17571e+03    1.93903e+04    2.93628e+04    1.09406e+03    9.06836e+03
     Coulomb-14        LJ (SR)   Coulomb (SR)   Coul. recip.      Potential
    1.00005e+05    1.45721e+05   -1.47879e+06    8.68997e+03   -1.15828e+06
    Kinetic En.   Total Energy  Conserved En.    Temperature Pressure (bar)
    2.24350e+05   -9.33933e+05   -9.19173e+05    2.98272e+02   -9.95372e+01
   Constr. rmsd
    0.00000e+00

           Step           Time
        4285000     8570.00000

   Energies (kJ/mol)
           Bond          Angle    Proper Dih. Per. Imp. Dih.          LJ-14
    7.15340e+03    1.97689e+04    2.91155e+04    1.10022e+03    9.06265e+03
     Coulomb-14        LJ (SR)   Coulomb (SR)   Coul. recip.      Potential
    1.00354e+05    1.49147e+05   -1.48539e+06    8.60609e+03   -1.16108e+06
    Kinetic En.   Total Energy  Conserved En.    Temperature Pressure (bar)
    2.24894e+05   -9.36187e+05   -9.19098e+05    2.98995e+02   -7.89978e+01
   Constr. rmsd
    0.00000e+00

           Step           Time
        4290000     8580.00000

   Energies (kJ/mol)
           Bond          Angle    Proper Dih. Per. Imp. Dih.          LJ-14
    7.02693e+03    1.99566e+04    2.92181e+04    1.04796e+03    9.13918e+03
     Coulomb-14        LJ (SR)   Coulomb (SR)   Coul. recip.      Potential
    1.00002e+05    1.48374e+05   -1.48319e+06    8.63360e+03   -1.15979e+06
    Kinetic En.   Total Energy  Conserved En.    Temperature Pressure (bar)
    2.25801e+05   -9.33991e+05   -9.19107e+05    3.00200e+02    7.78559e+01
   Constr. rmsd
    0.00000e+00

           Step           Time
        4295000     8590.00000

   Energies (kJ/mol)
           Bond          Angle    Proper Dih. Per. Imp. Dih.          LJ-14
    7.11791e+03    1.96633e+04    2.94102e+04    1.10596e+03    8.90976e+03
     Coulomb-14        LJ (SR)   Coulomb (SR)   Coul. recip.      Potential
    9.97458e+04    1.47695e+05   -1.48267e+06    8.74408e+03   -1.16028e+06
    Kinetic En.   Total Energy  Conserved En.    Temperature Pressure (bar)
    2.24645e+05   -9.35637e+05   -9.19108e+05    2.98663e+02   -1.01982e+02
   Constr. rmsd
    0.00000e+00

           Step           Time
        4300000     8600.00000

   Energies (kJ/mol)
           Bond          Angle    Proper Dih. Per. Imp. Dih.          LJ-14
    7.30127e+03    2.03518e+04    2.96285e+04    1.17831e+03    9.00158e+03
     Coulomb-14        LJ (SR)   Coulomb (SR)   Coul. recip.      Potential
    9.95639e+04    1.47449e+05   -1.47956e+06    8.71381e+03   -1.15637e+06
    Kinetic En.   Total Energy  Conserved En.    Temperature Pressure (bar)
    2.26925e+05   -9.29443e+05   -9.19040e+05    3.01695e+02   -4.98100e+01
   Constr. rmsd
    0.00000e+00

           Step           Time
        4305000     8610.00000

   Energies (kJ/mol)
           Bond          Angle    Proper Dih. Per. Imp. Dih.          LJ-14
    7.42540e+03    1.95283e+04    2.94529e+04    1.11576e+03    9.07039e+03
     Coulomb-14        LJ (SR)   Coulomb (SR)   Coul. recip.      Potential
    9.98782e+04    1.48164e+05   -1.48351e+06    8.81933e+03   -1.16006e+06
    Kinetic En.   Total Energy  Conserved En.    Temperature Pressure (bar)
    2.25502e+05   -9.34555e+05   -9.19053e+05    2.99803e+02    1.74513e+01
   Constr. rmsd
    0.00000e+00

           Step           Time
        4310000     8620.00000

   Energies (kJ/mol)
           Bond          Angle    Proper Dih. Per. Imp. Dih.          LJ-14
    7.19780e+03    2.01817e+04    2.93109e+04    1.08765e+03    8.98726e+03
     Coulomb-14        LJ (SR)   Coulomb (SR)   Coul. recip.      Potential
    1.00092e+05    1.48136e+05   -1.48147e+06    8.66963e+03   -1.15781e+06
    Kinetic En.   Total Energy  Conserved En.    Temperature Pressure (bar)
    2.27495e+05   -9.30317e+05   -9.19055e+05    3.02452e+02    5.27892e+01
   Constr. rmsd
    0.00000e+00

           Step           Time
        4315000     8630.00000

   Energies (kJ/mol)
           Bond          Angle    Proper Dih. Per. Imp. Dih.          LJ-14
    7.20493e+03    1.97094e+04    2.94627e+04    1.08016e+03    8.90128e+03
     Coulomb-14        LJ (SR)   Coulomb (SR)   Coul. recip.      Potential
    9.98249e+04    1.47466e+05   -1.48227e+06    8.69280e+03   -1.15993e+06
    Kinetic En.   Total Energy  Conserved En.    Temperature Pressure (bar)
    2.24533e+05   -9.35397e+05   -9.19069e+05    2.98514e+02   -2.54358e+01
   Constr. rmsd
    0.00000e+00

           Step           Time
        4320000     8640.00000

   Energies (kJ/mol)
           Bond          Angle    Proper Dih. Per. Imp. Dih.          LJ-14
    7.02049e+03    2.00078e+04    2.93278e+04    1.13176e+03    9.11829e+03
     Coulomb-14        LJ (SR)   Coulomb (SR)   Coul. recip.      Potential
    9.99763e+04    1.47570e+05   -1.48230e+06    8.78122e+03   -1.15937e+06
    Kinetic En.   Total Energy  Conserved En.    Temperature Pressure (bar)
    2.24932e+05   -9.34433e+05   -9.19008e+05    2.99045e+02   -5.87973e+01
   Constr. rmsd
    0.00000e+00

           Step           Time
        4325000     8650.00000

   Energies (kJ/mol)
           Bond          Angle    Proper Dih. Per. Imp. Dih.          LJ-14
    6.90700e+03    1.95267e+04    2.93587e+04    1.07352e+03    9.03425e+03
     Coulomb-14        LJ (SR)   Coulomb (SR)   Coul. recip.      Potential
    1.00055e+05    1.48634e+05   -1.48549e+06    8.63462e+03   -1.16227e+06
    Kinetic En.   Total Energy  Conserved En.    Temperature Pressure (bar)
    2.25282e+05   -9.36987e+05   -9.19042e+05    2.99511e+02   -1.59615e+01
   Constr. rmsd
    0.00000e+00

           Step           Time
        4330000     8660.00000

   Energies (kJ/mol)
           Bond          Angle    Proper Dih. Per. Imp. Dih.          LJ-14
    7.10091e+03    1.98863e+04    2.92678e+04    1.15350e+03    9.12834e+03
     Coulomb-14        LJ (SR)   Coulomb (SR)   Coul. recip.      Potential
    9.99689e+04    1.46692e+05   -1.48055e+06    8.72431e+03   -1.15863e+06
    Kinetic En.   Total Energy  Conserved En.    Temperature Pressure (bar)
    2.26836e+05   -9.31793e+05   -9.19023e+05    3.01576e+02   -7.20469e+01
   Constr. rmsd
    0.00000e+00

           Step           Time
        4335000     8670.00000

   Energies (kJ/mol)
           Bond          Angle    Proper Dih. Per. Imp. Dih.          LJ-14
    7.45125e+03    1.96041e+04    2.92453e+04    1.17721e+03    9.11264e+03
     Coulomb-14        LJ (SR)   Coulomb (SR)   Coul. recip.      Potential
    9.97737e+04    1.46841e+05   -1.47994e+06    8.75838e+03   -1.15798e+06
    Kinetic En.   Total Energy  Conserved En.    Temperature Pressure (bar)
    2.26301e+05   -9.31675e+05   -9.18961e+05    3.00866e+02   -1.38619e+02
   Constr. rmsd
    0.00000e+00

           Step           Time
        4340000     8680.00000

   Energies (kJ/mol)
           Bond          Angle    Proper Dih. Per. Imp. Dih.          LJ-14
    7.10912e+03    1.97599e+04    2.95770e+04    1.12133e+03    9.08505e+03
     Coulomb-14        LJ (SR)   Coulomb (SR)   Coul. recip.      Potential
    9.99317e+04    1.48152e+05   -1.48400e+06    8.73586e+03   -1.16053e+06
    Kinetic En.   Total Energy  Conserved En.    Temperature Pressure (bar)
    2.24676e+05   -9.35854e+05   -9.18956e+05    2.98704e+02    2.90666e+01
   Constr. rmsd
    0.00000e+00

           Step           Time
        4345000     8690.00000

   Energies (kJ/mol)
           Bond          Angle    Proper Dih. Per. Imp. Dih.          LJ-14
    7.28015e+03    1.96772e+04    2.95058e+04    1.09180e+03    9.02156e+03
     Coulomb-14        LJ (SR)   Coulomb (SR)   Coul. recip.      Potential
    1.00144e+05    1.47019e+05   -1.48291e+06    8.57432e+03   -1.16059e+06
    Kinetic En.   Total Energy  Conserved En.    Temperature Pressure (bar)
    2.24341e+05   -9.36253e+05   -9.18936e+05    2.98260e+02   -1.03279e+02
   Constr. rmsd
    0.00000e+00

           Step           Time
        4350000     8700.00000

   Energies (kJ/mol)
           Bond          Angle    Proper Dih. Per. Imp. Dih.          LJ-14
    7.55526e+03    1.97795e+04    2.92851e+04    1.08570e+03    9.11100e+03
     Coulomb-14        LJ (SR)   Coulomb (SR)   Coul. recip.      Potential
    9.97277e+04    1.45930e+05   -1.48000e+06    8.73298e+03   -1.15880e+06
    Kinetic En.   Total Energy  Conserved En.    Temperature Pressure (bar)
    2.26333e+05   -9.32465e+05   -9.18912e+05    3.00908e+02   -7.65973e+01
   Constr. rmsd
    0.00000e+00

           Step           Time
        4355000     8710.00000

   Energies (kJ/mol)
           Bond          Angle    Proper Dih. Per. Imp. Dih.          LJ-14
    7.15401e+03    1.94320e+04    2.95307e+04    1.13844e+03    8.97238e+03
     Coulomb-14        LJ (SR)   Coulomb (SR)   Coul. recip.      Potential
    9.99102e+04    1.47993e+05   -1.48262e+06    8.71247e+03   -1.15977e+06
    Kinetic En.   Total Energy  Conserved En.    Temperature Pressure (bar)
    2.25253e+05   -9.34520e+05   -9.18921e+05    2.99471e+02   -1.32827e+02
   Constr. rmsd
    0.00000e+00

           Step           Time
        4360000     8720.00000

   Energies (kJ/mol)
           Bond          Angle    Proper Dih. Per. Imp. Dih.          LJ-14
    7.14448e+03    2.00455e+04    2.94942e+04    1.09471e+03    9.01636e+03
     Coulomb-14        LJ (SR)   Coulomb (SR)   Coul. recip.      Potential
    9.97245e+04    1.47431e+05   -1.48096e+06    8.65819e+03   -1.15835e+06
    Kinetic En.   Total Energy  Conserved En.    Temperature Pressure (bar)
    2.25301e+05   -9.33054e+05   -9.18870e+05    2.99535e+02   -1.13273e+02
   Constr. rmsd
    0.00000e+00

           Step           Time
        4365000     8730.00000

   Energies (kJ/mol)
           Bond          Angle    Proper Dih. Per. Imp. Dih.          LJ-14
    7.27089e+03    2.00778e+04    2.94336e+04    1.04984e+03    9.10962e+03
     Coulomb-14        LJ (SR)   Coulomb (SR)   Coul. recip.      Potential
    9.96417e+04    1.46798e+05   -1.48018e+06    8.79812e+03   -1.15800e+06
    Kinetic En.   Total Energy  Conserved En.    Temperature Pressure (bar)
    2.25043e+05   -9.32955e+05   -9.18816e+05    2.99193e+02   -3.47781e+01
   Constr. rmsd
    0.00000e+00

           Step           Time
        4370000     8740.00000

   Energies (kJ/mol)
           Bond          Angle    Proper Dih. Per. Imp. Dih.          LJ-14
    7.06687e+03    1.97399e+04    2.92751e+04    1.11528e+03    9.02596e+03
     Coulomb-14        LJ (SR)   Coulomb (SR)   Coul. recip.      Potential
    1.00049e+05    1.48356e+05   -1.48254e+06    8.67186e+03   -1.15924e+06
    Kinetic En.   Total Energy  Conserved En.    Temperature Pressure (bar)
    2.24505e+05   -9.34733e+05   -9.18857e+05    2.98477e+02   -1.07572e-01
   Constr. rmsd
    0.00000e+00

           Step           Time
        4375000     8750.00000

   Energies (kJ/mol)
           Bond          Angle    Proper Dih. Per. Imp. Dih.          LJ-14
    7.30494e+03    1.97732e+04    2.93393e+04    1.08982e+03    8.96600e+03
     Coulomb-14        LJ (SR)   Coulomb (SR)   Coul. recip.      Potential
    9.96930e+04    1.47103e+05   -1.48124e+06    8.70487e+03   -1.15927e+06
    Kinetic En.   Total Energy  Conserved En.    Temperature Pressure (bar)
    2.26316e+05   -9.32954e+05   -9.18829e+05    3.00885e+02   -3.50572e+01
   Constr. rmsd
    0.00000e+00

           Step           Time
        4380000     8760.00000

   Energies (kJ/mol)
           Bond          Angle    Proper Dih. Per. Imp. Dih.          LJ-14
    7.05405e+03    2.00093e+04    2.93477e+04    1.10856e+03    9.16281e+03
     Coulomb-14        LJ (SR)   Coulomb (SR)   Coul. recip.      Potential
    9.96176e+04    1.47876e+05   -1.48170e+06    8.66628e+03   -1.15886e+06
    Kinetic En.   Total Energy  Conserved En.    Temperature Pressure (bar)
    2.25412e+05   -9.33447e+05   -9.18758e+05    2.99683e+02    1.11239e+02
   Constr. rmsd
    0.00000e+00

           Step           Time
        4385000     8770.00000

   Energies (kJ/mol)
           Bond          Angle    Proper Dih. Per. Imp. Dih.          LJ-14
    6.90423e+03    1.90975e+04    2.93196e+04    1.09795e+03    9.07795e+03
     Coulomb-14        LJ (SR)   Coulomb (SR)   Coul. recip.      Potential
    9.99465e+04    1.48203e+05   -1.48349e+06    8.64033e+03   -1.16120e+06
    Kinetic En.   Total Energy  Conserved En.    Temperature Pressure (bar)
    2.24146e+05   -9.37055e+05   -9.18803e+05    2.98000e+02    3.49412e+01
   Constr. rmsd
    0.00000e+00

           Step           Time
        4390000     8780.00000

   Energies (kJ/mol)
           Bond          Angle    Proper Dih. Per. Imp. Dih.          LJ-14
    7.12208e+03    1.95798e+04    2.93602e+04    1.14137e+03    9.01215e+03
     Coulomb-14        LJ (SR)   Coulomb (SR)   Coul. recip.      Potential
    1.00094e+05    1.48285e+05   -1.48577e+06    8.70670e+03   -1.16247e+06
    Kinetic En.   Total Energy  Conserved En.    Temperature Pressure (bar)
    2.26242e+05   -9.36225e+05   -9.18767e+05    3.00786e+02    4.59314e+01
   Constr. rmsd
    0.00000e+00

           Step           Time
        4395000     8790.00000

   Energies (kJ/mol)
           Bond          Angle    Proper Dih. Per. Imp. Dih.          LJ-14
    6.99514e+03    2.00424e+04    2.91206e+04    1.06982e+03    9.12218e+03
     Coulomb-14        LJ (SR)   Coulomb (SR)   Coul. recip.      Potential
    9.96617e+04    1.45839e+05   -1.47876e+06    8.69133e+03   -1.15822e+06
    Kinetic En.   Total Energy  Conserved En.    Temperature Pressure (bar)
    2.27488e+05   -9.30734e+05   -9.18751e+05    3.02444e+02    1.08122e+02
   Constr. rmsd
    0.00000e+00

           Step           Time
        4400000     8800.00000

   Energies (kJ/mol)
           Bond          Angle    Proper Dih. Per. Imp. Dih.          LJ-14
    7.16206e+03    1.99344e+04    2.93973e+04    1.08003e+03    8.96902e+03
     Coulomb-14        LJ (SR)   Coulomb (SR)   Coul. recip.      Potential
    9.99930e+04    1.45886e+05   -1.47756e+06    8.92442e+03   -1.15621e+06
    Kinetic En.   Total Energy  Conserved En.    Temperature Pressure (bar)
    2.25607e+05   -9.30605e+05   -9.18724e+05    2.99942e+02   -8.35075e+01
   Constr. rmsd
    0.00000e+00

           Step           Time
        4405000     8810.00000

   Energies (kJ/mol)
           Bond          Angle    Proper Dih. Per. Imp. Dih.          LJ-14
    7.28773e+03    1.98599e+04    2.93032e+04    1.06177e+03    9.03511e+03
     Coulomb-14        LJ (SR)   Coulomb (SR)   Coul. recip.      Potential
    9.94271e+04    1.48286e+05   -1.48307e+06    8.62515e+03   -1.16019e+06
    Kinetic En.   Total Energy  Conserved En.    Temperature Pressure (bar)
    2.26500e+05   -9.33685e+05   -9.18691e+05    3.01130e+02   -1.79516e+01
   Constr. rmsd
    0.00000e+00

           Step           Time
        4410000     8820.00000

   Energies (kJ/mol)
           Bond          Angle    Proper Dih. Per. Imp. Dih.          LJ-14
    6.95621e+03    1.98756e+04    2.93699e+04    1.13550e+03    8.97942e+03
     Coulomb-14        LJ (SR)   Coulomb (SR)   Coul. recip.      Potential
    9.97712e+04    1.47658e+05   -1.48347e+06    8.44088e+03   -1.16128e+06
    Kinetic En.   Total Energy  Conserved En.    Temperature Pressure (bar)
    2.27741e+05   -9.33544e+05   -9.18684e+05    3.02779e+02   -2.57409e+01
   Constr. rmsd
    0.00000e+00

           Step           Time
        4415000     8830.00000

   Energies (kJ/mol)
           Bond          Angle    Proper Dih. Per. Imp. Dih.          LJ-14
    7.36301e+03    1.93976e+04    2.94181e+04    1.16150e+03    9.03069e+03
     Coulomb-14        LJ (SR)   Coulomb (SR)   Coul. recip.      Potential
    1.00125e+05    1.47047e+05   -1.48207e+06    8.64158e+03   -1.15989e+06
    Kinetic En.   Total Energy  Conserved En.    Temperature Pressure (bar)
    2.25618e+05   -9.34269e+05   -9.18631e+05    2.99957e+02   -1.23683e+02
   Constr. rmsd
    0.00000e+00

           Step           Time
        4420000     8840.00000

   Energies (kJ/mol)
           Bond          Angle    Proper Dih. Per. Imp. Dih.          LJ-14
    7.29058e+03    1.96179e+04    2.92289e+04    1.09308e+03    8.98169e+03
     Coulomb-14        LJ (SR)   Coulomb (SR)   Coul. recip.      Potential
    9.96389e+04    1.47662e+05   -1.48040e+06    8.77253e+03   -1.15811e+06
    Kinetic En.   Total Energy  Conserved En.    Temperature Pressure (bar)
    2.25304e+05   -9.32809e+05   -9.18645e+05    2.99540e+02   -5.01730e+01
   Constr. rmsd
    0.00000e+00

           Step           Time
        4425000     8850.00000

   Energies (kJ/mol)
           Bond          Angle    Proper Dih. Per. Imp. Dih.          LJ-14
    7.25814e+03    2.00743e+04    2.94570e+04    1.08427e+03    9.12860e+03
     Coulomb-14        LJ (SR)   Coulomb (SR)   Coul. recip.      Potential
    9.97329e+04    1.46672e+05   -1.48100e+06    8.59748e+03   -1.15900e+06
    Kinetic En.   Total Energy  Conserved En.    Temperature Pressure (bar)
    2.25768e+05   -9.33231e+05   -9.18588e+05    3.00156e+02    5.79932e+01
   Constr. rmsd
    0.00000e+00

           Step           Time
        4430000     8860.00000

   Energies (kJ/mol)
           Bond          Angle    Proper Dih. Per. Imp. Dih.          LJ-14
    7.30454e+03    1.95901e+04    2.91652e+04    1.04209e+03    9.08398e+03
     Coulomb-14        LJ (SR)   Coulomb (SR)   Coul. recip.      Potential
    9.98755e+04    1.48402e+05   -1.48346e+06    8.59852e+03   -1.16040e+06
    Kinetic En.   Total Energy  Conserved En.    Temperature Pressure (bar)
    2.25879e+05   -9.34520e+05   -9.18594e+05    3.00304e+02    1.14614e+02
   Constr. rmsd
    0.00000e+00

           Step           Time
        4435000     8870.00000

   Energies (kJ/mol)
           Bond          Angle    Proper Dih. Per. Imp. Dih.          LJ-14
    7.38416e+03    2.00949e+04    2.92391e+04    1.07658e+03    9.16230e+03
     Coulomb-14        LJ (SR)   Coulomb (SR)   Coul. recip.      Potential
    9.98536e+04    1.47446e+05   -1.48030e+06    8.73252e+03   -1.15732e+06
    Kinetic En.   Total Energy  Conserved En.    Temperature Pressure (bar)
    2.27449e+05   -9.29867e+05   -9.18556e+05    3.02391e+02    9.89128e+01
   Constr. rmsd
    0.00000e+00

           Step           Time
        4440000     8880.00000

   Energies (kJ/mol)
           Bond          Angle    Proper Dih. Per. Imp. Dih.          LJ-14
    7.36354e+03    1.97170e+04    2.93454e+04    1.10547e+03    8.99223e+03
     Coulomb-14        LJ (SR)   Coulomb (SR)   Coul. recip.      Potential
    9.95288e+04    1.47528e+05   -1.48040e+06    8.57779e+03   -1.15824e+06
    Kinetic En.   Total Energy  Conserved En.    Temperature Pressure (bar)
    2.24639e+05   -9.33599e+05   -9.18531e+05    2.98656e+02   -6.11726e+01
   Constr. rmsd
    0.00000e+00

           Step           Time
        4445000     8890.00000

   Energies (kJ/mol)
           Bond          Angle    Proper Dih. Per. Imp. Dih.          LJ-14
    7.19553e+03    1.99574e+04    2.90791e+04    1.02006e+03    9.17332e+03
     Coulomb-14        LJ (SR)   Coulomb (SR)   Coul. recip.      Potential
    9.97233e+04    1.49209e+05   -1.48496e+06    8.65147e+03   -1.16095e+06
    Kinetic En.   Total Energy  Conserved En.    Temperature Pressure (bar)
    2.24884e+05   -9.36066e+05   -9.18484e+05    2.98982e+02    1.32734e+02
   Constr. rmsd
    0.00000e+00

           Step           Time
        4450000     8900.00000

   Energies (kJ/mol)
           Bond          Angle    Proper Dih. Per. Imp. Dih.          LJ-14
    7.10742e+03    1.96429e+04    2.92167e+04    1.05742e+03    9.08915e+03
     Coulomb-14        LJ (SR)   Coulomb (SR)   Coul. recip.      Potential
    9.95835e+04    1.46813e+05   -1.48015e+06    8.58824e+03   -1.15905e+06
    Kinetic En.   Total Energy  Conserved En.    Temperature Pressure (bar)
    2.23585e+05   -9.35469e+05   -9.18501e+05    2.97254e+02   -6.87124e+01
   Constr. rmsd
    0.00000e+00

           Step           Time
        4455000     8910.00000

   Energies (kJ/mol)
           Bond          Angle    Proper Dih. Per. Imp. Dih.          LJ-14
    7.09671e+03    1.96863e+04    2.93580e+04    1.09299e+03    9.17820e+03
     Coulomb-14        LJ (SR)   Coulomb (SR)   Coul. recip.      Potential
    9.96185e+04    1.47142e+05   -1.47968e+06    8.76054e+03   -1.15775e+06
    Kinetic En.   Total Energy  Conserved En.    Temperature Pressure (bar)
    2.25413e+05   -9.32338e+05   -9.18510e+05    2.99685e+02   -1.93137e+01
   Constr. rmsd
    0.00000e+00

           Step           Time
        4460000     8920.00000

   Energies (kJ/mol)
           Bond          Angle    Proper Dih. Per. Imp. Dih.          LJ-14
    7.17871e+03    1.96890e+04    2.91953e+04    1.22038e+03    9.03435e+03
     Coulomb-14        LJ (SR)   Coulomb (SR)   Coul. recip.      Potential
    9.96518e+04    1.47163e+05   -1.48175e+06    8.79640e+03   -1.15982e+06
    Kinetic En.   Total Energy  Conserved En.    Temperature Pressure (bar)
    2.24824e+05   -9.34993e+05   -9.18467e+05    2.98901e+02   -9.90075e+01
   Constr. rmsd
    0.00000e+00

           Step           Time
        4465000     8930.00000

   Energies (kJ/mol)
           Bond          Angle    Proper Dih. Per. Imp. Dih.          LJ-14
    7.12886e+03    1.95674e+04    2.92872e+04    1.14122e+03    9.16219e+03
     Coulomb-14        LJ (SR)   Coulomb (SR)   Coul. recip.      Potential
    1.00050e+05    1.45806e+05   -1.48026e+06    8.69545e+03   -1.15942e+06
    Kinetic En.   Total Energy  Conserved En.    Temperature Pressure (bar)
    2.26456e+05   -9.32963e+05   -9.18520e+05    3.01071e+02   -6.43051e+01
   Constr. rmsd
    0.00000e+00

           Step           Time
        4470000     8940.00000

   Energies (kJ/mol)
           Bond          Angle    Proper Dih. Per. Imp. Dih.          LJ-14
    7.15544e+03    1.96630e+04    2.92672e+04    1.02374e+03    8.99754e+03
     Coulomb-14        LJ (SR)   Coulomb (SR)   Coul. recip.      Potential
    9.99090e+04    1.48176e+05   -1.48395e+06    8.72290e+03   -1.16103e+06
    Kinetic En.   Total Energy  Conserved En.    Temperature Pressure (bar)
    2.24429e+05   -9.36601e+05   -9.18481e+05    2.98377e+02   -5.75397e+01
   Constr. rmsd
    0.00000e+00

           Step           Time
        4475000     8950.00000

   Energies (kJ/mol)
           Bond          Angle    Proper Dih. Per. Imp. Dih.          LJ-14
    7.07075e+03    1.97228e+04    2.92555e+04    1.07893e+03    9.13356e+03
     Coulomb-14        LJ (SR)   Coulomb (SR)   Coul. recip.      Potential
    1.00282e+05    1.50037e+05   -1.48504e+06    8.75878e+03   -1.15970e+06
    Kinetic En.   Total Energy  Conserved En.    Temperature Pressure (bar)
    2.26116e+05   -9.33581e+05   -9.18420e+05    3.00619e+02    1.48145e+02
   Constr. rmsd
    0.00000e+00

           Step           Time
        4480000     8960.00000

   Energies (kJ/mol)
           Bond          Angle    Proper Dih. Per. Imp. Dih.          LJ-14
    7.23778e+03    1.96286e+04    2.94146e+04    1.10473e+03    9.04593e+03
     Coulomb-14        LJ (SR)   Coulomb (SR)   Coul. recip.      Potential
    9.99066e+04    1.48576e+05   -1.48260e+06    8.65297e+03   -1.15903e+06
    Kinetic En.   Total Energy  Conserved En.    Temperature Pressure (bar)
    2.25286e+05   -9.33748e+05   -9.18411e+05    2.99515e+02    6.39160e+01
   Constr. rmsd
    0.00000e+00

           Step           Time
        4485000     8970.00000

   Energies (kJ/mol)
           Bond          Angle    Proper Dih. Per. Imp. Dih.          LJ-14
    7.13275e+03    1.99667e+04    2.95142e+04    1.11260e+03    9.09477e+03
     Coulomb-14        LJ (SR)   Coulomb (SR)   Coul. recip.      Potential
    9.95639e+04    1.46930e+05   -1.48079e+06    8.77757e+03   -1.15870e+06
    Kinetic En.   Total Energy  Conserved En.    Temperature Pressure (bar)
    2.26768e+05   -9.31930e+05   -9.18386e+05    3.01485e+02   -5.46967e+01
   Constr. rmsd
    0.00000e+00

           Step           Time
        4490000     8980.00000

   Energies (kJ/mol)
           Bond          Angle    Proper Dih. Per. Imp. Dih.          LJ-14
    6.92861e+03    2.00111e+04    2.93434e+04    1.06549e+03    8.96457e+03
     Coulomb-14        LJ (SR)   Coulomb (SR)   Coul. recip.      Potential
    9.99572e+04    1.47232e+05   -1.48066e+06    8.77579e+03   -1.15838e+06
    Kinetic En.   Total Energy  Conserved En.    Temperature Pressure (bar)
    2.25706e+05   -9.32678e+05   -9.18404e+05    3.00074e+02    1.32343e+00
   Constr. rmsd
    0.00000e+00

           Step           Time
        4495000     8990.00000

   Energies (kJ/mol)
           Bond          Angle    Proper Dih. Per. Imp. Dih.          LJ-14
    7.17198e+03    1.96645e+04    2.93303e+04    1.11424e+03    9.09659e+03
     Coulomb-14        LJ (SR)   Coulomb (SR)   Coul. recip.      Potential
    9.95666e+04    1.47460e+05   -1.48155e+06    8.68648e+03   -1.15946e+06
    Kinetic En.   Total Energy  Conserved En.    Temperature Pressure (bar)
    2.25200e+05   -9.34262e+05   -9.18386e+05    2.99401e+02    6.51587e+01
   Constr. rmsd
    0.00000e+00

           Step           Time
        4500000     9000.00000

   Energies (kJ/mol)
           Bond          Angle    Proper Dih. Per. Imp. Dih.          LJ-14
    7.29708e+03    1.96487e+04    2.93596e+04    1.03629e+03    9.19183e+03
     Coulomb-14        LJ (SR)   Coulomb (SR)   Coul. recip.      Potential
    9.98715e+04    1.48061e+05   -1.48260e+06    8.78864e+03   -1.15935e+06
    Kinetic En.   Total Energy  Conserved En.    Temperature Pressure (bar)
    2.26392e+05   -9.32956e+05   -9.18324e+05    3.00986e+02   -2.49141e+01
   Constr. rmsd
    0.00000e+00

           Step           Time
        4505000     9010.00000

   Energies (kJ/mol)
           Bond          Angle    Proper Dih. Per. Imp. Dih.          LJ-14
    7.20359e+03    1.97690e+04    2.91918e+04    1.09708e+03    9.18394e+03
     Coulomb-14        LJ (SR)   Coulomb (SR)   Coul. recip.      Potential
    9.97098e+04    1.47747e+05   -1.48248e+06    8.60613e+03   -1.15997e+06
    Kinetic En.   Total Energy  Conserved En.    Temperature Pressure (bar)
    2.25777e+05   -9.34191e+05   -9.18330e+05    3.00168e+02    6.90412e+01
   Constr. rmsd
    0.00000e+00

           Step           Time
        4510000     9020.00000

   Energies (kJ/mol)
           Bond          Angle    Proper Dih. Per. Imp. Dih.          LJ-14
    7.23576e+03    1.95512e+04    2.92630e+04    1.04360e+03    8.99701e+03
     Coulomb-14        LJ (SR)   Coulomb (SR)   Coul. recip.      Potential
    9.97286e+04    1.46807e+05   -1.48299e+06    8.84958e+03   -1.16151e+06
    Kinetic En.   Total Energy  Conserved En.    Temperature Pressure (bar)
    2.24796e+05   -9.36713e+05   -9.18318e+05    2.98865e+02   -1.60945e+02
   Constr. rmsd
    0.00000e+00

           Step           Time
        4515000     9030.00000

   Energies (kJ/mol)
           Bond          Angle    Proper Dih. Per. Imp. Dih.          LJ-14
    7.23971e+03    2.03440e+04    2.94022e+04    1.16057e+03    8.95070e+03
     Coulomb-14        LJ (SR)   Coulomb (SR)   Coul. recip.      Potential
    9.98248e+04    1.47465e+05   -1.48003e+06    8.76618e+03   -1.15687e+06
    Kinetic En.   Total Energy  Conserved En.    Temperature Pressure (bar)
    2.26762e+05   -9.30111e+05   -9.18275e+05    3.01478e+02    1.69639e+01
   Constr. rmsd
    0.00000e+00

           Step           Time
        4520000     9040.00000

   Energies (kJ/mol)
           Bond          Angle    Proper Dih. Per. Imp. Dih.          LJ-14
    7.06760e+03    1.98367e+04    2.89901e+04    1.05724e+03    9.01029e+03
     Coulomb-14        LJ (SR)   Coulomb (SR)   Coul. recip.      Potential
    1.00113e+05    1.47774e+05   -1.48270e+06    8.71748e+03   -1.16013e+06
    Kinetic En.   Total Energy  Conserved En.    Temperature Pressure (bar)
    2.24976e+05   -9.35155e+05   -9.18274e+05    2.99103e+02   -6.36593e+01
   Constr. rmsd
    0.00000e+00

           Step           Time
        4525000     9050.00000

   Energies (kJ/mol)
           Bond          Angle    Proper Dih. Per. Imp. Dih.          LJ-14
    7.12114e+03    1.98231e+04    2.92927e+04    1.11451e+03    8.99722e+03
     Coulomb-14        LJ (SR)   Coulomb (SR)   Coul. recip.      Potential
    1.00114e+05    1.46528e+05   -1.47893e+06    8.63999e+03   -1.15730e+06
    Kinetic En.   Total Energy  Conserved En.    Temperature Pressure (bar)
    2.25813e+05   -9.31492e+05   -9.18243e+05    3.00216e+02    4.68399e+01
   Constr. rmsd
    0.00000e+00

           Step           Time
        4530000     9060.00000

   Energies (kJ/mol)
           Bond          Angle    Proper Dih. Per. Imp. Dih.          LJ-14
    7.31376e+03    1.99290e+04    2.92683e+04    1.07994e+03    9.03654e+03
     Coulomb-14        LJ (SR)   Coulomb (SR)   Coul. recip.      Potential
    9.98569e+04    1.46983e+05   -1.48098e+06    8.87069e+03   -1.15864e+06
    Kinetic En.   Total Energy  Conserved En.    Temperature Pressure (bar)
    2.25430e+05   -9.33211e+05   -9.18195e+05    2.99708e+02   -7.38662e+01
   Constr. rmsd
    0.00000e+00

           Step           Time
        4535000     9070.00000

   Energies (kJ/mol)
           Bond          Angle    Proper Dih. Per. Imp. Dih.          LJ-14
    7.05416e+03    1.94540e+04    2.92470e+04    1.11328e+03    9.11126e+03
     Coulomb-14        LJ (SR)   Coulomb (SR)   Coul. recip.      Potential
    1.00110e+05    1.49160e+05   -1.48429e+06    8.79259e+03   -1.16025e+06
    Kinetic En.   Total Energy  Conserved En.    Temperature Pressure (bar)
    2.24222e+05   -9.36026e+05   -9.18216e+05    2.98100e+02    1.01895e+02
   Constr. rmsd
    0.00000e+00

           Step           Time
        4540000     9080.00000

   Energies (kJ/mol)
           Bond          Angle    Proper Dih. Per. Imp. Dih.          LJ-14
    7.29087e+03    1.96153e+04    2.93663e+04    1.05633e+03    9.11105e+03
     Coulomb-14        LJ (SR)   Coulomb (SR)   Coul. recip.      Potential
    9.94369e+04    1.46121e+05   -1.47766e+06    8.54897e+03   -1.15711e+06
    Kinetic En.   Total Energy  Conserved En.    Temperature Pressure (bar)
    2.25178e+05   -9.31935e+05   -9.18209e+05    2.99372e+02   -5.19798e+01
   Constr. rmsd
    0.00000e+00

           Step           Time
        4545000     9090.00000

   Energies (kJ/mol)
           Bond          Angle    Proper Dih. Per. Imp. Dih.          LJ-14
    7.17764e+03    1.97954e+04    2.93383e+04    1.02205e+03    9.15829e+03
     Coulomb-14        LJ (SR)   Coulomb (SR)   Coul. recip.      Potential
    9.96229e+04    1.46829e+05   -1.48265e+06    8.64069e+03   -1.16106e+06
    Kinetic En.   Total Energy  Conserved En.    Temperature Pressure (bar)
    2.25244e+05   -9.35821e+05   -9.18154e+05    2.99459e+02    1.37114e+01
   Constr. rmsd
    0.00000e+00

           Step           Time
        4550000     9100.00000

   Energies (kJ/mol)
           Bond          Angle    Proper Dih. Per. Imp. Dih.          LJ-14
    7.04478e+03    1.97684e+04    2.93114e+04    1.05053e+03    9.20819e+03
     Coulomb-14        LJ (SR)   Coulomb (SR)   Coul. recip.      Potential
    9.96477e+04    1.47924e+05   -1.48139e+06    8.71734e+03   -1.15872e+06
    Kinetic En.   Total Energy  Conserved En.    Temperature Pressure (bar)
    2.24965e+05   -9.33755e+05   -9.18165e+05    2.99089e+02    9.28202e+01
   Constr. rmsd
    0.00000e+00

           Step           Time
        4555000     9110.00000

   Energies (kJ/mol)
           Bond          Angle    Proper Dih. Per. Imp. Dih.          LJ-14
    7.15567e+03    1.99941e+04    2.91981e+04    9.98120e+02    9.09818e+03
     Coulomb-14        LJ (SR)   Coulomb (SR)   Coul. recip.      Potential
    9.98334e+04    1.45561e+05   -1.47927e+06    9.00004e+03   -1.15843e+06
    Kinetic En.   Total Energy  Conserved En.    Temperature Pressure (bar)
    2.25463e+05   -9.32966e+05   -9.18147e+05    2.99751e+02   -7.80772e+01
   Constr. rmsd
    0.00000e+00

           Step           Time
        4560000     9120.00000

   Energies (kJ/mol)
           Bond          Angle    Proper Dih. Per. Imp. Dih.          LJ-14
    7.04995e+03    1.98995e+04    2.94774e+04    1.15929e+03    8.94027e+03
     Coulomb-14        LJ (SR)   Coulomb (SR)   Coul. recip.      Potential
    9.92707e+04    1.47088e+05   -1.47973e+06    8.88168e+03   -1.15797e+06
    Kinetic En.   Total Energy  Conserved En.    Temperature Pressure (bar)
    2.25157e+05   -9.32811e+05   -9.18145e+05    2.99344e+02   -5.02059e+01
   Constr. rmsd
    0.00000e+00

Writing checkpoint, step 4562500 at Sun Sep 13 00:05:11 2026


           Step           Time
        4565000     9130.00000

   Energies (kJ/mol)
           Bond          Angle    Proper Dih. Per. Imp. Dih.          LJ-14
    7.28909e+03    1.93931e+04    2.95006e+04    1.10006e+03    9.08678e+03
     Coulomb-14        LJ (SR)   Coulomb (SR)   Coul. recip.      Potential
    9.96376e+04    1.44929e+05   -1.47969e+06    8.78639e+03   -1.15996e+06
    Kinetic En.   Total Energy  Conserved En.    Temperature Pressure (bar)
    2.25376e+05   -9.34589e+05   -9.18075e+05    2.99635e+02   -1.56779e+02
   Constr. rmsd
    0.00000e+00

           Step           Time
        4570000     9140.00000

   Energies (kJ/mol)
           Bond          Angle    Proper Dih. Per. Imp. Dih.          LJ-14
    7.00937e+03    1.95306e+04    2.93866e+04    1.11410e+03    9.05978e+03
     Coulomb-14        LJ (SR)   Coulomb (SR)   Coul. recip.      Potential
    9.97342e+04    1.48563e+05   -1.48531e+06    8.55301e+03   -1.16236e+06
    Kinetic En.   Total Energy  Conserved En.    Temperature Pressure (bar)
    2.24266e+05   -9.38094e+05   -9.18084e+05    2.98160e+02    8.41596e+01
   Constr. rmsd
    0.00000e+00

           Step           Time
        4575000     9150.00000

   Energies (kJ/mol)
           Bond          Angle    Proper Dih. Per. Imp. Dih.          LJ-14
    7.08724e+03    1.95989e+04    2.92761e+04    9.89987e+02    9.10611e+03
     Coulomb-14        LJ (SR)   Coulomb (SR)   Coul. recip.      Potential
    1.00158e+05    1.45525e+05   -1.47994e+06    8.60669e+03   -1.15959e+06
    Kinetic En.   Total Energy  Conserved En.    Temperature Pressure (bar)
    2.26404e+05   -9.33185e+05   -9.18066e+05    3.01001e+02   -1.13536e+02
   Constr. rmsd
    0.00000e+00

           Step           Time
        4580000     9160.00000

   Energies (kJ/mol)
           Bond          Angle    Proper Dih. Per. Imp. Dih.          LJ-14
    7.34937e+03    2.00490e+04    2.93002e+04    1.15828e+03    8.95434e+03
     Coulomb-14        LJ (SR)   Coulomb (SR)   Coul. recip.      Potential
    9.98005e+04    1.47086e+05   -1.48156e+06    8.60706e+03   -1.15925e+06
    Kinetic En.   Total Energy  Conserved En.    Temperature Pressure (bar)
    2.25090e+05   -9.34164e+05   -9.17987e+05    2.99255e+02   -6.49122e+01
   Constr. rmsd
    0.00000e+00

           Step           Time
        4585000     9170.00000

   Energies (kJ/mol)
           Bond          Angle    Proper Dih. Per. Imp. Dih.          LJ-14
    7.04054e+03    1.99295e+04    2.92724e+04    1.10527e+03    9.19929e+03
     Coulomb-14        LJ (SR)   Coulomb (SR)   Coul. recip.      Potential
    9.99166e+04    1.46966e+05   -1.48090e+06    8.72454e+03   -1.15875e+06
    Kinetic En.   Total Energy  Conserved En.    Temperature Pressure (bar)
    2.25915e+05   -9.32831e+05   -9.18010e+05    3.00352e+02    5.26415e+01
   Constr. rmsd
    0.00000e+00

           Step           Time
        4590000     9180.00000

   Energies (kJ/mol)
           Bond          Angle    Proper Dih. Per. Imp. Dih.          LJ-14
    7.39555e+03    1.97080e+04    2.93426e+04    1.11245e+03    8.95274e+03
     Coulomb-14        LJ (SR)   Coulomb (SR)   Coul. recip.      Potential
    9.99375e+04    1.47370e+05   -1.48061e+06    8.56949e+03   -1.15822e+06
    Kinetic En.   Total Energy  Conserved En.    Temperature Pressure (bar)
    2.26409e+05   -9.31815e+05   -9.18001e+05    3.01008e+02   -4.39500e+01
   Constr. rmsd
    0.00000e+00

           Step           Time
        4595000     9190.00000

   Energies (kJ/mol)
           Bond          Angle    Proper Dih. Per. Imp. Dih.          LJ-14
    7.24628e+03    1.99021e+04    2.95527e+04    1.07498e+03    9.03891e+03
     Coulomb-14        LJ (SR)   Coulomb (SR)   Coul. recip.      Potential
    9.98150e+04    1.45354e+05   -1.47973e+06    8.67088e+03   -1.15908e+06
    Kinetic En.   Total Energy  Conserved En.    Temperature Pressure (bar)
    2.25655e+05   -9.33420e+05   -9.17942e+05    3.00007e+02   -1.31108e+02
   Constr. rmsd
    0.00000e+00

           Step           Time
        4600000     9200.00000

   Energies (kJ/mol)
           Bond          Angle    Proper Dih. Per. Imp. Dih.          LJ-14
    7.22063e+03    2.00421e+04    2.93008e+04    1.10721e+03    9.14778e+03
     Coulomb-14        LJ (SR)   Coulomb (SR)   Coul. recip.      Potential
    9.93850e+04    1.47400e+05   -1.48081e+06    8.60457e+03   -1.15860e+06
    Kinetic En.   Total Energy  Conserved En.    Temperature Pressure (bar)
    2.24418e+05   -9.34187e+05   -9.17916e+05    2.98361e+02   -1.29465e+01
   Constr. rmsd
    0.00000e+00

           Step           Time
        4605000     9210.00000

   Energies (kJ/mol)
           Bond          Angle    Proper Dih. Per. Imp. Dih.          LJ-14
    7.03989e+03    1.95723e+04    2.93849e+04    1.09564e+03    8.98423e+03
     Coulomb-14        LJ (SR)   Coulomb (SR)   Coul. recip.      Potential
    9.98852e+04    1.47126e+05   -1.48262e+06    8.65112e+03   -1.16088e+06
    Kinetic En.   Total Energy  Conserved En.    Temperature Pressure (bar)
    2.24246e+05   -9.36637e+05   -9.17936e+05    2.98133e+02   -3.90513e+01
   Constr. rmsd
    0.00000e+00

           Step           Time
        4610000     9220.00000

   Energies (kJ/mol)
           Bond          Angle    Proper Dih. Per. Imp. Dih.          LJ-14
    7.28230e+03    1.99172e+04    2.94592e+04    1.19354e+03    9.05821e+03
     Coulomb-14        LJ (SR)   Coulomb (SR)   Coul. recip.      Potential
    9.98944e+04    1.47126e+05   -1.48142e+06    8.73052e+03   -1.15876e+06
    Kinetic En.   Total Energy  Conserved En.    Temperature Pressure (bar)
    2.24809e+05   -9.33946e+05   -9.17870e+05    2.98882e+02   -8.36293e+01
   Constr. rmsd
    0.00000e+00

           Step           Time
        4615000     9230.00000

   Energies (kJ/mol)
           Bond          Angle    Proper Dih. Per. Imp. Dih.          LJ-14
    7.43293e+03    1.98310e+04    2.93960e+04    1.15142e+03    9.03028e+03
     Coulomb-14        LJ (SR)   Coulomb (SR)   Coul. recip.      Potential
    9.98873e+04    1.48191e+05   -1.48334e+06    8.71007e+03   -1.15971e+06
    Kinetic En.   Total Energy  Conserved En.    Temperature Pressure (bar)
    2.27253e+05   -9.32462e+05   -9.17834e+05    3.02131e+02    2.35540e+01
   Constr. rmsd
    0.00000e+00

           Step           Time
        4620000     9240.00000

   Energies (kJ/mol)
           Bond          Angle    Proper Dih. Per. Imp. Dih.          LJ-14
    7.14103e+03    2.01199e+04    2.95952e+04    1.12603e+03    9.07220e+03
     Coulomb-14        LJ (SR)   Coulomb (SR)   Coul. recip.      Potential
    9.99092e+04    1.46828e+05   -1.47998e+06    8.68419e+03   -1.15751e+06
    Kinetic En.   Total Energy  Conserved En.    Temperature Pressure (bar)
    2.28002e+05   -9.29505e+05   -9.17864e+05    3.03127e+02    2.28660e+01
   Constr. rmsd
    0.00000e+00

           Step           Time
        4625000     9250.00000

   Energies (kJ/mol)
           Bond          Angle    Proper Dih. Per. Imp. Dih.          LJ-14
    7.12828e+03    1.98990e+04    2.93889e+04    1.11271e+03    8.95517e+03
     Coulomb-14        LJ (SR)   Coulomb (SR)   Coul. recip.      Potential
    9.93716e+04    1.48771e+05   -1.48352e+06    8.64042e+03   -1.16025e+06
    Kinetic En.   Total Energy  Conserved En.    Temperature Pressure (bar)
    2.25675e+05   -9.34579e+05   -9.17822e+05    3.00032e+02   -2.82746e+01
   Constr. rmsd
    0.00000e+00

           Step           Time
        4630000     9260.00000

   Energies (kJ/mol)
           Bond          Angle    Proper Dih. Per. Imp. Dih.          LJ-14
    7.10810e+03    1.97608e+04    2.93208e+04    1.05334e+03    9.21758e+03
     Coulomb-14        LJ (SR)   Coulomb (SR)   Coul. recip.      Potential
    9.99961e+04    1.47422e+05   -1.48024e+06    8.62622e+03   -1.15774e+06
    Kinetic En.   Total Energy  Conserved En.    Temperature Pressure (bar)
    2.26291e+05   -9.31445e+05   -9.17851e+05    3.00851e+02   -3.64988e+01
   Constr. rmsd
    0.00000e+00

           Step           Time
        4635000     9270.00000

   Energies (kJ/mol)
           Bond          Angle    Proper Dih. Per. Imp. Dih.          LJ-14
    7.01477e+03    1.97517e+04    2.94547e+04    1.13253e+03    9.22080e+03
     Coulomb-14        LJ (SR)   Coulomb (SR)   Coul. recip.      Potential
    9.97060e+04    1.46108e+05   -1.48004e+06    8.73095e+03   -1.15892e+06
    Kinetic En.   Total Energy  Conserved En.    Temperature Pressure (bar)
    2.25662e+05   -9.33262e+05   -9.17803e+05    3.00016e+02    2.22286e+00
   Constr. rmsd
    0.00000e+00

           Step           Time
        4640000     9280.00000

   Energies (kJ/mol)
           Bond          Angle    Proper Dih. Per. Imp. Dih.          LJ-14
    7.22594e+03    1.99798e+04    2.92452e+04    1.11468e+03    9.14201e+03
     Coulomb-14        LJ (SR)   Coulomb (SR)   Coul. recip.      Potential
    9.95998e+04    1.48889e+05   -1.48180e+06    8.60655e+03   -1.15800e+06
    Kinetic En.   Total Energy  Conserved En.    Temperature Pressure (bar)
    2.25266e+05   -9.32732e+05   -9.17768e+05    2.99488e+02    1.14887e+02
   Constr. rmsd
    0.00000e+00

           Step           Time
        4645000     9290.00000

   Energies (kJ/mol)
           Bond          Angle    Proper Dih. Per. Imp. Dih.          LJ-14
    7.06615e+03    1.98928e+04    2.93228e+04    1.13007e+03    8.98644e+03
     Coulomb-14        LJ (SR)   Coulomb (SR)   Coul. recip.      Potential
    9.93370e+04    1.47799e+05   -1.48116e+06    8.77857e+03   -1.15885e+06
    Kinetic En.   Total Energy  Conserved En.    Temperature Pressure (bar)
    2.26269e+05   -9.32576e+05   -9.17771e+05    3.00823e+02    1.40732e+01
   Constr. rmsd
    0.00000e+00

           Step           Time
        4650000     9300.00000

   Energies (kJ/mol)
           Bond          Angle    Proper Dih. Per. Imp. Dih.          LJ-14
    6.97979e+03    1.96253e+04    2.92920e+04    1.02433e+03    9.16292e+03
     Coulomb-14        LJ (SR)   Coulomb (SR)   Coul. recip.      Potential
    1.00051e+05    1.46320e+05   -1.48012e+06    8.60299e+03   -1.15906e+06
    Kinetic En.   Total Energy  Conserved En.    Temperature Pressure (bar)
    2.25691e+05   -9.33368e+05   -9.17770e+05    3.00054e+02    6.08415e+01
   Constr. rmsd
    0.00000e+00

           Step           Time
        4655000     9310.00000

   Energies (kJ/mol)
           Bond          Angle    Proper Dih. Per. Imp. Dih.          LJ-14
    7.00149e+03    1.98072e+04    2.94761e+04    1.11669e+03    9.01656e+03
     Coulomb-14        LJ (SR)   Coulomb (SR)   Coul. recip.      Potential
    9.97971e+04    1.47234e+05   -1.48175e+06    8.69464e+03   -1.15961e+06
    Kinetic En.   Total Energy  Conserved En.    Temperature Pressure (bar)
    2.26251e+05   -9.33355e+05   -9.17758e+05    3.00798e+02   -4.00686e+00
   Constr. rmsd
    0.00000e+00

           Step           Time
        4660000     9320.00000

   Energies (kJ/mol)
           Bond          Angle    Proper Dih. Per. Imp. Dih.          LJ-14
    7.21536e+03    1.95820e+04    2.93945e+04    1.08051e+03    9.09494e+03
     Coulomb-14        LJ (SR)   Coulomb (SR)   Coul. recip.      Potential
    9.99762e+04    1.47527e+05   -1.48288e+06    8.70001e+03   -1.16031e+06
    Kinetic En.   Total Energy  Conserved En.    Temperature Pressure (bar)
    2.26486e+05   -9.33823e+05   -9.17705e+05    3.01112e+02   -2.27559e+01
   Constr. rmsd
    0.00000e+00

           Step           Time
        4665000     9330.00000

   Energies (kJ/mol)
           Bond          Angle    Proper Dih. Per. Imp. Dih.          LJ-14
    7.31301e+03    2.00090e+04    2.94109e+04    1.13946e+03    9.01230e+03
     Coulomb-14        LJ (SR)   Coulomb (SR)   Coul. recip.      Potential
    9.97038e+04    1.47134e+05   -1.47985e+06    8.68700e+03   -1.15744e+06
    Kinetic En.   Total Energy  Conserved En.    Temperature Pressure (bar)
    2.26066e+05   -9.31378e+05   -9.17713e+05    3.00553e+02   -3.00775e+01
   Constr. rmsd
    0.00000e+00

           Step           Time
        4670000     9340.00000

   Energies (kJ/mol)
           Bond          Angle    Proper Dih. Per. Imp. Dih.          LJ-14
    7.45257e+03    1.99760e+04    2.92944e+04    1.10574e+03    9.01738e+03
     Coulomb-14        LJ (SR)   Coulomb (SR)   Coul. recip.      Potential
    9.97145e+04    1.46186e+05   -1.47814e+06    8.70488e+03   -1.15669e+06
    Kinetic En.   Total Energy  Conserved En.    Temperature Pressure (bar)
    2.25139e+05   -9.31551e+05   -9.17669e+05    2.99320e+02    1.56820e+01
   Constr. rmsd
    0.00000e+00

           Step           Time
        4675000     9350.00000

   Energies (kJ/mol)
           Bond          Angle    Proper Dih. Per. Imp. Dih.          LJ-14
    6.93767e+03    1.95261e+04    2.92630e+04    1.14070e+03    9.05227e+03
     Coulomb-14        LJ (SR)   Coulomb (SR)   Coul. recip.      Potential
    1.00140e+05    1.48932e+05   -1.48375e+06    8.62116e+03   -1.16014e+06
    Kinetic En.   Total Energy  Conserved En.    Temperature Pressure (bar)
    2.23866e+05   -9.36272e+05   -9.17674e+05    2.97628e+02    8.67747e+01
   Constr. rmsd
    0.00000e+00

           Step           Time
        4680000     9360.00000

   Energies (kJ/mol)
           Bond          Angle    Proper Dih. Per. Imp. Dih.          LJ-14
    6.85245e+03    2.00431e+04    2.92845e+04    1.06127e+03    9.16687e+03
     Coulomb-14        LJ (SR)   Coulomb (SR)   Coul. recip.      Potential
    1.00237e+05    1.45770e+05   -1.48112e+06    8.66462e+03   -1.16004e+06
    Kinetic En.   Total Energy  Conserved En.    Temperature Pressure (bar)
    2.26234e+05   -9.33801e+05   -9.17654e+05    3.00777e+02   -2.62867e+01
   Constr. rmsd
    0.00000e+00

           Step           Time
        4685000     9370.00000

   Energies (kJ/mol)
           Bond          Angle    Proper Dih. Per. Imp. Dih.          LJ-14
    7.35876e+03    1.97778e+04    2.92965e+04    1.14946e+03    9.02698e+03
     Coulomb-14        LJ (SR)   Coulomb (SR)   Coul. recip.      Potential
    9.96462e+04    1.46244e+05   -1.48027e+06    8.67267e+03   -1.15910e+06
    Kinetic En.   Total Energy  Conserved En.    Temperature Pressure (bar)
    2.26340e+05   -9.32762e+05   -9.17632e+05    3.00917e+02   -1.11140e+02
   Constr. rmsd
    0.00000e+00

           Step           Time
        4690000     9380.00000

   Energies (kJ/mol)
           Bond          Angle    Proper Dih. Per. Imp. Dih.          LJ-14
    7.07810e+03    2.05529e+04    2.93196e+04    1.13068e+03    9.04191e+03
     Coulomb-14        LJ (SR)   Coulomb (SR)   Coul. recip.      Potential
    9.93606e+04    1.46549e+05   -1.48026e+06    8.70923e+03   -1.15851e+06
    Kinetic En.   Total Energy  Conserved En.    Temperature Pressure (bar)
    2.25741e+05   -9.32773e+05   -9.17557e+05    3.00120e+02   -1.80925e+01
   Constr. rmsd
    0.00000e+00

           Step           Time
        4695000     9390.00000

   Energies (kJ/mol)
           Bond          Angle    Proper Dih. Per. Imp. Dih.          LJ-14
    7.07923e+03    2.00760e+04    2.92911e+04    1.12590e+03    9.16334e+03
     Coulomb-14        LJ (SR)   Coulomb (SR)   Coul. recip.      Potential
    9.95053e+04    1.49452e+05   -1.48393e+06    8.71214e+03   -1.15952e+06
    Kinetic En.   Total Energy  Conserved En.    Temperature Pressure (bar)
    2.26860e+05   -9.32664e+05   -9.17611e+05    3.01608e+02    1.94974e+02
   Constr. rmsd
    0.00000e+00

           Step           Time
        4700000     9400.00000

   Energies (kJ/mol)
           Bond          Angle    Proper Dih. Per. Imp. Dih.          LJ-14
    7.34578e+03    1.96673e+04    2.94861e+04    1.08661e+03    9.14205e+03
     Coulomb-14        LJ (SR)   Coulomb (SR)   Coul. recip.      Potential
    9.93108e+04    1.49244e+05   -1.48113e+06    8.87575e+03   -1.15697e+06
    Kinetic En.   Total Energy  Conserved En.    Temperature Pressure (bar)
    2.25335e+05   -9.31636e+05   -9.17534e+05    2.99581e+02    2.18103e+02
   Constr. rmsd
    0.00000e+00

           Step           Time
        4705000     9410.00000

   Energies (kJ/mol)
           Bond          Angle    Proper Dih. Per. Imp. Dih.          LJ-14
    6.96855e+03    1.97472e+04    2.92306e+04    1.08462e+03    9.07920e+03
     Coulomb-14        LJ (SR)   Coulomb (SR)   Coul. recip.      Potential
    9.97820e+04    1.47425e+05   -1.48200e+06    8.85811e+03   -1.15982e+06
    Kinetic En.   Total Energy  Conserved En.    Temperature Pressure (bar)
    2.24276e+05   -9.35546e+05   -9.17590e+05    2.98173e+02   -2.77655e+01
   Constr. rmsd
    0.00000e+00

           Step           Time
        4710000     9420.00000

   Energies (kJ/mol)
           Bond          Angle    Proper Dih. Per. Imp. Dih.          LJ-14
    7.18749e+03    1.98815e+04    2.91236e+04    1.11474e+03    9.15217e+03
     Coulomb-14        LJ (SR)   Coulomb (SR)   Coul. recip.      Potential
    9.97924e+04    1.46443e+05   -1.48169e+06    8.77312e+03   -1.16022e+06
    Kinetic En.   Total Energy  Conserved En.    Temperature Pressure (bar)
    2.26050e+05   -9.34173e+05   -9.17547e+05    3.00532e+02   -4.22528e+01
   Constr. rmsd
    0.00000e+00

           Step           Time
        4715000     9430.00000

   Energies (kJ/mol)
           Bond          Angle    Proper Dih. Per. Imp. Dih.          LJ-14
    7.03739e+03    1.98460e+04    2.92573e+04    1.15801e+03    9.09135e+03
     Coulomb-14        LJ (SR)   Coulomb (SR)   Coul. recip.      Potential
    9.99177e+04    1.47366e+05   -1.48227e+06    8.74862e+03   -1.15985e+06
    Kinetic En.   Total Energy  Conserved En.    Temperature Pressure (bar)
    2.26280e+05   -9.33571e+05   -9.17560e+05    3.00838e+02    4.54174e+01
   Constr. rmsd
    0.00000e+00

           Step           Time
        4720000     9440.00000

   Energies (kJ/mol)
           Bond          Angle    Proper Dih. Per. Imp. Dih.          LJ-14
    7.37877e+03    2.00057e+04    2.94357e+04    1.12058e+03    9.03678e+03
     Coulomb-14        LJ (SR)   Coulomb (SR)   Coul. recip.      Potential
    9.95999e+04    1.49192e+05   -1.48146e+06    8.75002e+03   -1.15694e+06
    Kinetic En.   Total Energy  Conserved En.    Temperature Pressure (bar)
    2.25031e+05   -9.31910e+05   -9.17498e+05    2.99177e+02    7.77491e+01
   Constr. rmsd
    0.00000e+00

           Step           Time
        4725000     9450.00000

   Energies (kJ/mol)
           Bond          Angle    Proper Dih. Per. Imp. Dih.          LJ-14
    7.23214e+03    1.97970e+04    2.93372e+04    1.07527e+03    9.01345e+03
     Coulomb-14        LJ (SR)   Coulomb (SR)   Coul. recip.      Potential
    9.96972e+04    1.47906e+05   -1.48005e+06    8.75363e+03   -1.15724e+06
    Kinetic En.   Total Energy  Conserved En.    Temperature Pressure (bar)
    2.25346e+05   -9.31893e+05   -9.17479e+05    2.99595e+02    1.18268e+02
   Constr. rmsd
    0.00000e+00

           Step           Time
        4730000     9460.00000

   Energies (kJ/mol)
           Bond          Angle    Proper Dih. Per. Imp. Dih.          LJ-14
    7.26429e+03    1.97329e+04    2.93271e+04    1.10387e+03    9.23455e+03
     Coulomb-14        LJ (SR)   Coulomb (SR)   Coul. recip.      Potential
    9.94655e+04    1.47350e+05   -1.47960e+06    8.72876e+03   -1.15739e+06
    Kinetic En.   Total Energy  Conserved En.    Temperature Pressure (bar)
    2.25090e+05   -9.32300e+05   -9.17399e+05    2.99255e+02    1.89224e+01
   Constr. rmsd
    0.00000e+00

           Step           Time
        4735000     9470.00000

   Energies (kJ/mol)
           Bond          Angle    Proper Dih. Per. Imp. Dih.          LJ-14
    6.73491e+03    2.01906e+04    2.92207e+04    1.05285e+03    9.08857e+03
     Coulomb-14        LJ (SR)   Coulomb (SR)   Coul. recip.      Potential
    9.98272e+04    1.45627e+05   -1.47825e+06    8.66584e+03   -1.15785e+06
    Kinetic En.   Total Energy  Conserved En.    Temperature Pressure (bar)
    2.26198e+05   -9.31647e+05   -9.17420e+05    3.00728e+02   -6.80108e+01
   Constr. rmsd
    0.00000e+00

           Step           Time
        4740000     9480.00000

   Energies (kJ/mol)
           Bond          Angle    Proper Dih. Per. Imp. Dih.          LJ-14
    7.28371e+03    1.99988e+04    2.92405e+04    1.12249e+03    8.99928e+03
     Coulomb-14        LJ (SR)   Coulomb (SR)   Coul. recip.      Potential
    9.93971e+04    1.48633e+05   -1.48217e+06    8.86371e+03   -1.15863e+06
    Kinetic En.   Total Energy  Conserved En.    Temperature Pressure (bar)
    2.25048e+05   -9.33582e+05   -9.17385e+05    2.99200e+02   -7.16725e+01
   Constr. rmsd
    0.00000e+00

           Step           Time
        4745000     9490.00000

   Energies (kJ/mol)
           Bond          Angle    Proper Dih. Per. Imp. Dih.          LJ-14
    6.86435e+03    1.96421e+04    2.92558e+04    1.05961e+03    9.21346e+03
     Coulomb-14        LJ (SR)   Coulomb (SR)   Coul. recip.      Potential
    1.00068e+05    1.47301e+05   -1.48217e+06    8.78922e+03   -1.15998e+06
    Kinetic En.   Total Energy  Conserved En.    Temperature Pressure (bar)
    2.25122e+05   -9.34855e+05   -9.17407e+05    2.99298e+02    9.36641e+01
   Constr. rmsd
    0.00000e+00

           Step           Time
        4750000     9500.00000

   Energies (kJ/mol)
           Bond          Angle    Proper Dih. Per. Imp. Dih.          LJ-14
    7.18759e+03    1.95647e+04    2.92703e+04    1.11000e+03    9.13282e+03
     Coulomb-14        LJ (SR)   Coulomb (SR)   Coul. recip.      Potential
    1.00077e+05    1.46952e+05   -1.48061e+06    8.70483e+03   -1.15862e+06
    Kinetic En.   Total Energy  Conserved En.    Temperature Pressure (bar)
    2.25653e+05   -9.32962e+05   -9.17394e+05    3.00004e+02    1.60176e+01
   Constr. rmsd
    0.00000e+00

           Step           Time
        4755000     9510.00000

   Energies (kJ/mol)
           Bond          Angle    Proper Dih. Per. Imp. Dih.          LJ-14
    7.17886e+03    1.95963e+04    2.92747e+04    1.08904e+03    9.09398e+03
     Coulomb-14        LJ (SR)   Coulomb (SR)   Coul. recip.      Potential
    9.96511e+04    1.47650e+05   -1.47976e+06    8.69036e+03   -1.15753e+06
    Kinetic En.   Total Energy  Conserved En.    Temperature Pressure (bar)
    2.25134e+05   -9.32398e+05   -9.17367e+05    2.99313e+02    5.63520e+01
   Constr. rmsd
    0.00000e+00

           Step           Time
        4760000     9520.00000

   Energies (kJ/mol)
           Bond          Angle    Proper Dih. Per. Imp. Dih.          LJ-14
    7.25239e+03    2.02670e+04    2.93185e+04    1.14368e+03    9.00095e+03
     Coulomb-14        LJ (SR)   Coulomb (SR)   Coul. recip.      Potential
    9.95597e+04    1.48161e+05   -1.48016e+06    8.78330e+03   -1.15667e+06
    Kinetic En.   Total Energy  Conserved En.    Temperature Pressure (bar)
    2.24635e+05   -9.32034e+05   -9.17338e+05    2.98650e+02   -1.42970e+01
   Constr. rmsd
    0.00000e+00

           Step           Time
        4765000     9530.00000

   Energies (kJ/mol)
           Bond          Angle    Proper Dih. Per. Imp. Dih.          LJ-14
    7.03319e+03    2.00299e+04    2.91137e+04    1.09976e+03    9.13802e+03
     Coulomb-14        LJ (SR)   Coulomb (SR)   Coul. recip.      Potential
    9.96980e+04    1.45497e+05   -1.47946e+06    8.87156e+03   -1.15898e+06
    Kinetic En.   Total Energy  Conserved En.    Temperature Pressure (bar)
    2.25689e+05   -9.33286e+05   -9.17351e+05    3.00052e+02   -1.38574e+02
   Constr. rmsd
    0.00000e+00

           Step           Time
        4770000     9540.00000

   Energies (kJ/mol)
           Bond          Angle    Proper Dih. Per. Imp. Dih.          LJ-14
    7.16264e+03    1.98428e+04    2.93116e+04    1.10445e+03    9.20019e+03
     Coulomb-14        LJ (SR)   Coulomb (SR)   Coul. recip.      Potential
    9.97745e+04    1.48898e+05   -1.48401e+06    8.67500e+03   -1.16004e+06
    Kinetic En.   Total Energy  Conserved En.    Temperature Pressure (bar)
    2.25087e+05   -9.34954e+05   -9.17291e+05    2.99251e+02    9.38326e+01
   Constr. rmsd
    0.00000e+00

           Step           Time
        4775000     9550.00000

   Energies (kJ/mol)
           Bond          Angle    Proper Dih. Per. Imp. Dih.          LJ-14
    7.23213e+03    1.95007e+04    2.93051e+04    1.11834e+03    9.18881e+03
     Coulomb-14        LJ (SR)   Coulomb (SR)   Coul. recip.      Potential
    9.98076e+04    1.48773e+05   -1.48180e+06    8.71574e+03   -1.15815e+06
    Kinetic En.   Total Energy  Conserved En.    Temperature Pressure (bar)
    2.25710e+05   -9.32445e+05   -9.17328e+05    3.00079e+02    5.37750e+01
   Constr. rmsd
    0.00000e+00

           Step           Time
        4780000     9560.00000

   Energies (kJ/mol)
           Bond          Angle    Proper Dih. Per. Imp. Dih.          LJ-14
    7.10470e+03    1.99724e+04    2.92817e+04    1.07159e+03    9.09489e+03
     Coulomb-14        LJ (SR)   Coulomb (SR)   Coul. recip.      Potential
    9.97421e+04    1.45753e+05   -1.47808e+06    8.71191e+03   -1.15735e+06
    Kinetic En.   Total Energy  Conserved En.    Temperature Pressure (bar)
    2.23770e+05   -9.33580e+05   -9.17261e+05    2.97500e+02   -5.02369e+01
   Constr. rmsd
    0.00000e+00

           Step           Time
        4785000     9570.00000

   Energies (kJ/mol)
           Bond          Angle    Proper Dih. Per. Imp. Dih.          LJ-14
    7.29738e+03    1.97594e+04    2.92912e+04    1.15838e+03    9.12798e+03
     Coulomb-14        LJ (SR)   Coulomb (SR)   Coul. recip.      Potential
    9.98248e+04    1.46693e+05   -1.47927e+06    8.75483e+03   -1.15736e+06
    Kinetic En.   Total Energy  Conserved En.    Temperature Pressure (bar)
    2.25268e+05   -9.32096e+05   -9.17300e+05    2.99492e+02   -6.74226e+01
   Constr. rmsd
    0.00000e+00

           Step           Time
        4790000     9580.00000

   Energies (kJ/mol)
           Bond          Angle    Proper Dih. Per. Imp. Dih.          LJ-14
    7.26035e+03    1.97766e+04    2.92491e+04    1.13111e+03    9.20356e+03
     Coulomb-14        LJ (SR)   Coulomb (SR)   Coul. recip.      Potential
    9.97312e+04    1.48085e+05   -1.48072e+06    8.73364e+03   -1.15755e+06
    Kinetic En.   Total Energy  Conserved En.    Temperature Pressure (bar)
    2.25227e+05   -9.32321e+05   -9.17306e+05    2.99437e+02    1.47235e+02
   Constr. rmsd
    0.00000e+00

           Step           Time
        4795000     9590.00000

   Energies (kJ/mol)
           Bond          Angle    Proper Dih. Per. Imp. Dih.          LJ-14
    7.29645e+03    2.00788e+04    2.94723e+04    1.14060e+03    9.12617e+03
     Coulomb-14        LJ (SR)   Coulomb (SR)   Coul. recip.      Potential
    9.98400e+04    1.46572e+05   -1.47879e+06    8.77049e+03   -1.15649e+06
    Kinetic En.   Total Energy  Conserved En.    Temperature Pressure (bar)
    2.26626e+05   -9.29867e+05   -9.17242e+05    3.01297e+02   -4.14706e+01
   Constr. rmsd
    0.00000e+00

           Step           Time
        4800000     9600.00000

   Energies (kJ/mol)
           Bond          Angle    Proper Dih. Per. Imp. Dih.          LJ-14
    7.05064e+03    2.01624e+04    2.93433e+04    1.10310e+03    9.07968e+03
     Coulomb-14        LJ (SR)   Coulomb (SR)   Coul. recip.      Potential
    9.97437e+04    1.48486e+05   -1.48170e+06    8.79555e+03   -1.15793e+06
    Kinetic En.   Total Energy  Conserved En.    Temperature Pressure (bar)
    2.26612e+05   -9.31322e+05   -9.17227e+05    3.01278e+02    1.10796e+02
   Constr. rmsd
    0.00000e+00

           Step           Time
        4805000     9610.00000

   Energies (kJ/mol)
           Bond          Angle    Proper Dih. Per. Imp. Dih.          LJ-14
    6.92699e+03    1.98536e+04    2.93472e+04    1.06860e+03    9.03375e+03
     Coulomb-14        LJ (SR)   Coulomb (SR)   Coul. recip.      Potential
    9.99794e+04    1.47808e+05   -1.48237e+06    8.57360e+03   -1.15978e+06
    Kinetic En.   Total Energy  Conserved En.    Temperature Pressure (bar)
    2.25122e+05   -9.34656e+05   -9.17225e+05    2.99297e+02    2.10748e+01
   Constr. rmsd
    0.00000e+00

           Step           Time
        4810000     9620.00000

   Energies (kJ/mol)
           Bond          Angle    Proper Dih. Per. Imp. Dih.          LJ-14
    7.10345e+03    1.98713e+04    2.91752e+04    1.04257e+03    9.13737e+03
     Coulomb-14        LJ (SR)   Coulomb (SR)   Coul. recip.      Potential
    9.99453e+04    1.47215e+05   -1.48216e+06    8.61838e+03   -1.16005e+06
    Kinetic En.   Total Energy  Conserved En.    Temperature Pressure (bar)
    2.25237e+05   -9.34813e+05   -9.17209e+05    2.99450e+02   -4.08687e+01
   Constr. rmsd
    0.00000e+00

           Step           Time
        4815000     9630.00000

   Energies (kJ/mol)
           Bond          Angle    Proper Dih. Per. Imp. Dih.          LJ-14
    7.14541e+03    1.99408e+04    2.93176e+04    1.12078e+03    9.05131e+03
     Coulomb-14        LJ (SR)   Coulomb (SR)   Coul. recip.      Potential
    9.92813e+04    1.47697e+05   -1.48026e+06    8.72449e+03   -1.15798e+06
    Kinetic En.   Total Energy  Conserved En.    Temperature Pressure (bar)
    2.24664e+05   -9.33316e+05   -9.17184e+05    2.98688e+02   -9.61974e+01
   Constr. rmsd
    0.00000e+00

           Step           Time
        4820000     9640.00000

   Energies (kJ/mol)
           Bond          Angle    Proper Dih. Per. Imp. Dih.          LJ-14
    7.48180e+03    2.00666e+04    2.92287e+04    1.00940e+03    9.07552e+03
     Coulomb-14        LJ (SR)   Coulomb (SR)   Coul. recip.      Potential
    9.92990e+04    1.46260e+05   -1.47801e+06    8.68888e+03   -1.15690e+06
    Kinetic En.   Total Energy  Conserved En.    Temperature Pressure (bar)
    2.26214e+05   -9.30687e+05   -9.17193e+05    3.00749e+02   -8.41193e+00
   Constr. rmsd
    0.00000e+00

           Step           Time
        4825000     9650.00000

   Energies (kJ/mol)
           Bond          Angle    Proper Dih. Per. Imp. Dih.          LJ-14
    7.17609e+03    1.94751e+04    2.92095e+04    1.02941e+03    9.10912e+03
     Coulomb-14        LJ (SR)   Coulomb (SR)   Coul. recip.      Potential
    1.00101e+05    1.47187e+05   -1.48034e+06    8.88383e+03   -1.15817e+06
    Kinetic En.   Total Energy  Conserved En.    Temperature Pressure (bar)
    2.25956e+05   -9.32216e+05   -9.17227e+05    3.00406e+02   -4.31613e+01
   Constr. rmsd
    0.00000e+00

           Step           Time
        4830000     9660.00000

   Energies (kJ/mol)
           Bond          Angle    Proper Dih. Per. Imp. Dih.          LJ-14
    6.96192e+03    2.03258e+04    2.92982e+04    1.08314e+03    8.97886e+03
     Coulomb-14        LJ (SR)   Coulomb (SR)   Coul. recip.      Potential
    9.94473e+04    1.46548e+05   -1.48108e+06    8.70720e+03   -1.15973e+06
    Kinetic En.   Total Energy  Conserved En.    Temperature Pressure (bar)
    2.25161e+05   -9.34574e+05   -9.17160e+05    2.99349e+02   -2.52873e+01
   Constr. rmsd
    0.00000e+00

           Step           Time
        4835000     9670.00000

   Energies (kJ/mol)
           Bond          Angle    Proper Dih. Per. Imp. Dih.          LJ-14
    7.29755e+03    1.99151e+04    2.93841e+04    1.12636e+03    9.08142e+03
     Coulomb-14        LJ (SR)   Coulomb (SR)   Coul. recip.      Potential
    9.98782e+04    1.47389e+05   -1.48008e+06    8.82963e+03   -1.15718e+06
    Kinetic En.   Total Energy  Conserved En.    Temperature Pressure (bar)
    2.26403e+05   -9.30778e+05   -9.17126e+05    3.01001e+02    1.10582e+01
   Constr. rmsd
    0.00000e+00

           Step           Time
        4840000     9680.00000

   Energies (kJ/mol)
           Bond          Angle    Proper Dih. Per. Imp. Dih.          LJ-14
    7.31779e+03    2.00409e+04    2.93438e+04    1.10841e+03    9.11686e+03
     Coulomb-14        LJ (SR)   Coulomb (SR)   Coul. recip.      Potential
    9.97703e+04    1.47591e+05   -1.48114e+06    8.78960e+03   -1.15807e+06
    Kinetic En.   Total Energy  Conserved En.    Temperature Pressure (bar)
    2.26923e+05   -9.31143e+05   -9.17116e+05    3.01692e+02    9.39610e+00
   Constr. rmsd
    0.00000e+00

           Step           Time
        4845000     9690.00000

   Energies (kJ/mol)
           Bond          Angle    Proper Dih. Per. Imp. Dih.          LJ-14
    6.98930e+03    2.01595e+04    2.93109e+04    1.08183e+03    8.97058e+03
     Coulomb-14        LJ (SR)   Coulomb (SR)   Coul. recip.      Potential
    9.94433e+04    1.49001e+05   -1.48244e+06    8.62539e+03   -1.15886e+06
    Kinetic En.   Total Energy  Conserved En.    Temperature Pressure (bar)
    2.25855e+05   -9.33004e+05   -9.17112e+05    3.00272e+02    1.46355e+02
   Constr. rmsd
    0.00000e+00

           Step           Time
        4850000     9700.00000

   Energies (kJ/mol)
           Bond          Angle    Proper Dih. Per. Imp. Dih.          LJ-14
    7.13693e+03    1.98751e+04    2.93931e+04    1.04337e+03    9.04199e+03
     Coulomb-14        LJ (SR)   Coulomb (SR)   Coul. recip.      Potential
    9.97675e+04    1.48127e+05   -1.48205e+06    8.61573e+03   -1.15905e+06
    Kinetic En.   Total Energy  Conserved En.    Temperature Pressure (bar)
    2.26012e+05   -9.33035e+05   -9.17065e+05    3.00481e+02    7.98866e+01
   Constr. rmsd
    0.00000e+00

           Step           Time
        4855000     9710.00000

   Energies (kJ/mol)
           Bond          Angle    Proper Dih. Per. Imp. Dih.          LJ-14
    7.33858e+03    1.98515e+04    2.93065e+04    1.01943e+03    9.05175e+03
     Coulomb-14        LJ (SR)   Coulomb (SR)   Coul. recip.      Potential
    9.97461e+04    1.48027e+05   -1.48172e+06    8.59718e+03   -1.15878e+06
    Kinetic En.   Total Energy  Conserved En.    Temperature Pressure (bar)
    2.25707e+05   -9.33076e+05   -9.17035e+05    3.00075e+02   -2.03364e+01
   Constr. rmsd
    0.00000e+00

           Step           Time
        4860000     9720.00000

   Energies (kJ/mol)
           Bond          Angle    Proper Dih. Per. Imp. Dih.          LJ-14
    7.20441e+03    2.00331e+04    2.92422e+04    1.11556e+03    8.92521e+03
     Coulomb-14        LJ (SR)   Coulomb (SR)   Coul. recip.      Potential
    9.96638e+04    1.47692e+05   -1.48240e+06    8.86380e+03   -1.15966e+06
    Kinetic En.   Total Energy  Conserved En.    Temperature Pressure (bar)
    2.25241e+05   -9.34416e+05   -9.17013e+05    2.99456e+02   -1.25089e+02
   Constr. rmsd
    0.00000e+00

           Step           Time
        4865000     9730.00000

   Energies (kJ/mol)
           Bond          Angle    Proper Dih. Per. Imp. Dih.          LJ-14
    7.30350e+03    1.97837e+04    2.91313e+04    1.10698e+03    9.05709e+03
     Coulomb-14        LJ (SR)   Coulomb (SR)   Coul. recip.      Potential
    1.00030e+05    1.47015e+05   -1.48188e+06    8.65421e+03   -1.15979e+06
    Kinetic En.   Total Energy  Conserved En.    Temperature Pressure (bar)
    2.26460e+05   -9.33334e+05   -9.17050e+05    3.01077e+02   -2.84831e+01
   Constr. rmsd
    0.00000e+00

           Step           Time
        4870000     9740.00000

   Energies (kJ/mol)
           Bond          Angle    Proper Dih. Per. Imp. Dih.          LJ-14
    6.95146e+03    1.98574e+04    2.93168e+04    1.13790e+03    9.06682e+03
     Coulomb-14        LJ (SR)   Coulomb (SR)   Coul. recip.      Potential
    9.96777e+04    1.49781e+05   -1.48436e+06    8.63388e+03   -1.15994e+06
    Kinetic En.   Total Energy  Conserved En.    Temperature Pressure (bar)
    2.25877e+05   -9.34059e+05   -9.17055e+05    3.00301e+02    1.85385e+02
   Constr. rmsd
    0.00000e+00

           Step           Time
        4875000     9750.00000

   Energies (kJ/mol)
           Bond          Angle    Proper Dih. Per. Imp. Dih.          LJ-14
    7.04931e+03    1.99437e+04    2.94200e+04    1.03449e+03    9.10361e+03
     Coulomb-14        LJ (SR)   Coulomb (SR)   Coul. recip.      Potential
    9.97969e+04    1.46737e+05   -1.48070e+06    8.78016e+03   -1.15884e+06
    Kinetic En.   Total Energy  Conserved En.    Temperature Pressure (bar)
    2.26147e+05   -9.32689e+05   -9.17013e+05    3.00661e+02   -5.77268e+01
   Constr. rmsd
    0.00000e+00

           Step           Time
        4880000     9760.00000

   Energies (kJ/mol)
           Bond          Angle    Proper Dih. Per. Imp. Dih.          LJ-14
    7.37640e+03    1.96998e+04    2.92515e+04    1.13320e+03    8.92907e+03
     Coulomb-14        LJ (SR)   Coulomb (SR)   Coul. recip.      Potential
    9.96991e+04    1.47038e+05   -1.48090e+06    8.69762e+03   -1.15907e+06
    Kinetic En.   Total Energy  Conserved En.    Temperature Pressure (bar)
    2.25482e+05   -9.33590e+05   -9.16973e+05    2.99777e+02   -1.52034e+02
   Constr. rmsd
    0.00000e+00

           Step           Time
        4885000     9770.00000

   Energies (kJ/mol)
           Bond          Angle    Proper Dih. Per. Imp. Dih.          LJ-14
    7.08716e+03    1.97277e+04    2.94165e+04    1.08341e+03    9.10912e+03
     Coulomb-14        LJ (SR)   Coulomb (SR)   Coul. recip.      Potential
    1.00127e+05    1.49221e+05   -1.48515e+06    8.67847e+03   -1.16069e+06
    Kinetic En.   Total Energy  Conserved En.    Temperature Pressure (bar)
    2.26553e+05   -9.34142e+05   -9.16972e+05    3.01200e+02    9.67860e+01
   Constr. rmsd
    0.00000e+00

           Step           Time
        4890000     9780.00000

   Energies (kJ/mol)
           Bond          Angle    Proper Dih. Per. Imp. Dih.          LJ-14
    7.39408e+03    1.97186e+04    2.91744e+04    1.03468e+03    9.07829e+03
     Coulomb-14        LJ (SR)   Coulomb (SR)   Coul. recip.      Potential
    9.98989e+04    1.47192e+05   -1.48080e+06    8.59898e+03   -1.15871e+06
    Kinetic En.   Total Energy  Conserved En.    Temperature Pressure (bar)
    2.26287e+05   -9.32419e+05   -9.16931e+05    3.00846e+02   -7.69300e+01
   Constr. rmsd
    0.00000e+00

           Step           Time
        4895000     9790.00000

   Energies (kJ/mol)
           Bond          Angle    Proper Dih. Per. Imp. Dih.          LJ-14
    7.20755e+03    2.03361e+04    2.92803e+04    1.09090e+03    8.99494e+03
     Coulomb-14        LJ (SR)   Coulomb (SR)   Coul. recip.      Potential
    9.96237e+04    1.46808e+05   -1.47915e+06    8.56950e+03   -1.15724e+06
    Kinetic En.   Total Energy  Conserved En.    Temperature Pressure (bar)
    2.24576e+05   -9.32664e+05   -9.16876e+05    2.98572e+02    8.02947e-01
   Constr. rmsd
    0.00000e+00

           Step           Time
        4900000     9800.00000

   Energies (kJ/mol)
           Bond          Angle    Proper Dih. Per. Imp. Dih.          LJ-14
    7.15387e+03    1.97860e+04    2.92063e+04    1.17829e+03    9.15342e+03
     Coulomb-14        LJ (SR)   Coulomb (SR)   Coul. recip.      Potential
    9.96379e+04    1.47504e+05   -1.48215e+06    8.86260e+03   -1.15966e+06
    Kinetic En.   Total Energy  Conserved En.    Temperature Pressure (bar)
    2.24932e+05   -9.34733e+05   -9.16869e+05    2.99045e+02   -3.93401e+01
   Constr. rmsd
    0.00000e+00

           Step           Time
        4905000     9810.00000

   Energies (kJ/mol)
           Bond          Angle    Proper Dih. Per. Imp. Dih.          LJ-14
    7.11964e+03    1.98713e+04    2.92127e+04    1.04689e+03    8.87735e+03
     Coulomb-14        LJ (SR)   Coulomb (SR)   Coul. recip.      Potential
    9.98804e+04    1.46546e+05   -1.48116e+06    8.57482e+03   -1.16003e+06
    Kinetic En.   Total Energy  Conserved En.    Temperature Pressure (bar)
    2.27417e+05   -9.32616e+05   -9.16909e+05    3.02348e+02   -8.20478e+01
   Constr. rmsd
    0.00000e+00

           Step           Time
        4910000     9820.00000

   Energies (kJ/mol)
           Bond          Angle    Proper Dih. Per. Imp. Dih.          LJ-14
    7.17447e+03    1.97371e+04    2.92502e+04    1.14310e+03    8.97242e+03
     Coulomb-14        LJ (SR)   Coulomb (SR)   Coul. recip.      Potential
    9.97766e+04    1.46867e+05   -1.48130e+06    8.92579e+03   -1.15946e+06
    Kinetic En.   Total Energy  Conserved En.    Temperature Pressure (bar)
    2.24961e+05   -9.34496e+05   -9.16824e+05    2.99084e+02    1.66877e+01
   Constr. rmsd
    0.00000e+00

           Step           Time
        4915000     9830.00000

   Energies (kJ/mol)
           Bond          Angle    Proper Dih. Per. Imp. Dih.          LJ-14
    7.21096e+03    2.02531e+04    2.92033e+04    1.13133e+03    8.89883e+03
     Coulomb-14        LJ (SR)   Coulomb (SR)   Coul. recip.      Potential
    9.96486e+04    1.48350e+05   -1.48251e+06    8.67283e+03   -1.15915e+06
    Kinetic En.   Total Energy  Conserved En.    Temperature Pressure (bar)
    2.27162e+05   -9.31983e+05   -9.16813e+05    3.02010e+02   -5.10306e+01
   Constr. rmsd
    0.00000e+00

           Step           Time
        4920000     9840.00000

   Energies (kJ/mol)
           Bond          Angle    Proper Dih. Per. Imp. Dih.          LJ-14
    7.24029e+03    1.99391e+04    2.92503e+04    1.15812e+03    8.91695e+03
     Coulomb-14        LJ (SR)   Coulomb (SR)   Coul. recip.      Potential
    9.93280e+04    1.47470e+05   -1.48186e+06    8.91364e+03   -1.15964e+06
    Kinetic En.   Total Energy  Conserved En.    Temperature Pressure (bar)
    2.24810e+05   -9.34834e+05   -9.16760e+05    2.98883e+02   -4.42267e+01
   Constr. rmsd
    0.00000e+00

           Step           Time
        4925000     9850.00000

   Energies (kJ/mol)
           Bond          Angle    Proper Dih. Per. Imp. Dih.          LJ-14
    7.10116e+03    1.99245e+04    2.94445e+04    1.11689e+03    9.06761e+03
     Coulomb-14        LJ (SR)   Coulomb (SR)   Coul. recip.      Potential
    9.98781e+04    1.48846e+05   -1.48296e+06    8.93405e+03   -1.15864e+06
    Kinetic En.   Total Energy  Conserved En.    Temperature Pressure (bar)
    2.25207e+05   -9.33436e+05   -9.16749e+05    2.99410e+02    1.10526e+02
   Constr. rmsd
    0.00000e+00

           Step           Time
        4930000     9860.00000

   Energies (kJ/mol)
           Bond          Angle    Proper Dih. Per. Imp. Dih.          LJ-14
    7.17200e+03    1.98315e+04    2.93955e+04    1.12389e+03    9.05381e+03
     Coulomb-14        LJ (SR)   Coulomb (SR)   Coul. recip.      Potential
    9.96425e+04    1.49551e+05   -1.48555e+06    8.56327e+03   -1.16122e+06
    Kinetic En.   Total Energy  Conserved En.    Temperature Pressure (bar)
    2.26088e+05   -9.35130e+05   -9.16759e+05    3.00582e+02   -2.84606e+01
   Constr. rmsd
    0.00000e+00

           Step           Time
        4935000     9870.00000

   Energies (kJ/mol)
           Bond          Angle    Proper Dih. Per. Imp. Dih.          LJ-14
    7.34199e+03    1.97492e+04    2.94316e+04    1.11627e+03    9.01523e+03
     Coulomb-14        LJ (SR)   Coulomb (SR)   Coul. recip.      Potential
    9.97210e+04    1.49477e+05   -1.48302e+06    8.74066e+03   -1.15843e+06
    Kinetic En.   Total Energy  Conserved En.    Temperature Pressure (bar)
    2.26975e+05   -9.31453e+05   -9.16756e+05    3.01761e+02    3.91258e+01
   Constr. rmsd
    0.00000e+00

           Step           Time
        4940000     9880.00000

   Energies (kJ/mol)
           Bond          Angle    Proper Dih. Per. Imp. Dih.          LJ-14
    7.08482e+03    1.98809e+04    2.94248e+04    1.05069e+03    8.98843e+03
     Coulomb-14        LJ (SR)   Coulomb (SR)   Coul. recip.      Potential
    9.97226e+04    1.48446e+05   -1.48331e+06    8.82464e+03   -1.15989e+06
    Kinetic En.   Total Energy  Conserved En.    Temperature Pressure (bar)
    2.26931e+05   -9.32954e+05   -9.16744e+05    3.01702e+02    8.71245e+01
   Constr. rmsd
    0.00000e+00

           Step           Time
        4945000     9890.00000

   Energies (kJ/mol)
           Bond          Angle    Proper Dih. Per. Imp. Dih.          LJ-14
    7.14171e+03    1.97684e+04    2.94054e+04    1.10534e+03    9.11068e+03
     Coulomb-14        LJ (SR)   Coulomb (SR)   Coul. recip.      Potential
    9.98305e+04    1.46107e+05   -1.48093e+06    8.78250e+03   -1.15968e+06
    Kinetic En.   Total Energy  Conserved En.    Temperature Pressure (bar)
    2.26053e+05   -9.33627e+05   -9.16732e+05    3.00536e+02   -4.50053e+01
   Constr. rmsd
    0.00000e+00

           Step           Time
        4950000     9900.00000

   Energies (kJ/mol)
           Bond          Angle    Proper Dih. Per. Imp. Dih.          LJ-14
    7.23792e+03    1.99738e+04    2.92104e+04    1.07012e+03    9.03092e+03
     Coulomb-14        LJ (SR)   Coulomb (SR)   Coul. recip.      Potential
    9.97028e+04    1.48452e+05   -1.48269e+06    8.83325e+03   -1.15918e+06
    Kinetic En.   Total Energy  Conserved En.    Temperature Pressure (bar)
    2.26111e+05   -9.33065e+05   -9.16732e+05    3.00613e+02   -7.21625e+01
   Constr. rmsd
    0.00000e+00

           Step           Time
        4955000     9910.00000

   Energies (kJ/mol)
           Bond          Angle    Proper Dih. Per. Imp. Dih.          LJ-14
    7.05766e+03    1.97698e+04    2.94091e+04    1.14332e+03    9.19106e+03
     Coulomb-14        LJ (SR)   Coulomb (SR)   Coul. recip.      Potential
    9.98630e+04    1.46343e+05   -1.47988e+06    8.81061e+03   -1.15829e+06
    Kinetic En.   Total Energy  Conserved En.    Temperature Pressure (bar)
    2.25062e+05   -9.33227e+05   -9.16676e+05    2.99218e+02   -2.42149e+01
   Constr. rmsd
    0.00000e+00

           Step           Time
        4960000     9920.00000

   Energies (kJ/mol)
           Bond          Angle    Proper Dih. Per. Imp. Dih.          LJ-14
    6.91160e+03    2.01074e+04    2.92882e+04    1.05215e+03    9.10516e+03
     Coulomb-14        LJ (SR)   Coulomb (SR)   Coul. recip.      Potential
    1.00090e+05    1.48673e+05   -1.48078e+06    8.70637e+03   -1.15685e+06
    Kinetic En.   Total Energy  Conserved En.    Temperature Pressure (bar)
    2.26545e+05   -9.30305e+05   -9.16668e+05    3.01190e+02    6.03782e+01
   Constr. rmsd
    0.00000e+00

           Step           Time
        4965000     9930.00000

   Energies (kJ/mol)
           Bond          Angle    Proper Dih. Per. Imp. Dih.          LJ-14
    7.36119e+03    1.99524e+04    2.93281e+04    1.04453e+03    9.03026e+03
     Coulomb-14        LJ (SR)   Coulomb (SR)   Coul. recip.      Potential
    9.96981e+04    1.48352e+05   -1.48199e+06    8.69228e+03   -1.15853e+06
    Kinetic En.   Total Energy  Conserved En.    Temperature Pressure (bar)
    2.26151e+05   -9.32376e+05   -9.16665e+05    3.00666e+02    5.95128e+01
   Constr. rmsd
    0.00000e+00

           Step           Time
        4970000     9940.00000

   Energies (kJ/mol)
           Bond          Angle    Proper Dih. Per. Imp. Dih.          LJ-14
    7.23208e+03    2.00734e+04    2.94405e+04    1.13706e+03    8.93049e+03
     Coulomb-14        LJ (SR)   Coulomb (SR)   Coul. recip.      Potential
    9.96579e+04    1.46591e+05   -1.48021e+06    8.64667e+03   -1.15850e+06
    Kinetic En.   Total Energy  Conserved En.    Temperature Pressure (bar)
    2.25541e+05   -9.32960e+05   -9.16629e+05    2.99854e+02   -2.07889e+02
   Constr. rmsd
    0.00000e+00

           Step           Time
        4975000     9950.00000

   Energies (kJ/mol)
           Bond          Angle    Proper Dih. Per. Imp. Dih.          LJ-14
    7.08363e+03    1.93949e+04    2.92355e+04    1.14515e+03    9.17888e+03
     Coulomb-14        LJ (SR)   Coulomb (SR)   Coul. recip.      Potential
    9.98658e+04    1.46791e+05   -1.48115e+06    8.56061e+03   -1.15989e+06
    Kinetic En.   Total Energy  Conserved En.    Temperature Pressure (bar)
    2.25237e+05   -9.34655e+05   -9.16631e+05    2.99450e+02    1.05231e+01
   Constr. rmsd
    0.00000e+00

           Step           Time
        4980000     9960.00000

   Energies (kJ/mol)
           Bond          Angle    Proper Dih. Per. Imp. Dih.          LJ-14
    7.01835e+03    1.95860e+04    2.91864e+04    1.05692e+03    9.13189e+03
     Coulomb-14        LJ (SR)   Coulomb (SR)   Coul. recip.      Potential
    1.00235e+05    1.48594e+05   -1.48527e+06    8.62113e+03   -1.16184e+06
    Kinetic En.   Total Energy  Conserved En.    Temperature Pressure (bar)
    2.24751e+05   -9.37094e+05   -9.16596e+05    2.98804e+02    8.56948e+01
   Constr. rmsd
    0.00000e+00

           Step           Time
        4985000     9970.00000

   Energies (kJ/mol)
           Bond          Angle    Proper Dih. Per. Imp. Dih.          LJ-14
    7.21991e+03    2.02039e+04    2.93575e+04    1.10174e+03    9.03325e+03
     Coulomb-14        LJ (SR)   Coulomb (SR)   Coul. recip.      Potential
    9.93428e+04    1.46722e+05   -1.48063e+06    8.81048e+03   -1.15884e+06
    Kinetic En.   Total Energy  Conserved En.    Temperature Pressure (bar)
    2.25919e+05   -9.32924e+05   -9.16515e+05    3.00357e+02   -7.19082e+00
   Constr. rmsd
    0.00000e+00

           Step           Time
        4990000     9980.00000

   Energies (kJ/mol)
           Bond          Angle    Proper Dih. Per. Imp. Dih.          LJ-14
    7.32967e+03    1.97307e+04    2.92186e+04    1.10488e+03    8.93265e+03
     Coulomb-14        LJ (SR)   Coulomb (SR)   Coul. recip.      Potential
    9.95164e+04    1.48711e+05   -1.48272e+06    8.67232e+03   -1.15950e+06
    Kinetic En.   Total Energy  Conserved En.    Temperature Pressure (bar)
    2.26197e+05   -9.33306e+05   -9.16576e+05    3.00726e+02    1.42923e+01
   Constr. rmsd
    0.00000e+00

           Step           Time
        4995000     9990.00000

   Energies (kJ/mol)
           Bond          Angle    Proper Dih. Per. Imp. Dih.          LJ-14
    7.27091e+03    2.00818e+04    2.91356e+04    1.08853e+03    9.00145e+03
     Coulomb-14        LJ (SR)   Coulomb (SR)   Coul. recip.      Potential
    9.95062e+04    1.46681e+05   -1.48089e+06    8.75127e+03   -1.15937e+06
    Kinetic En.   Total Energy  Conserved En.    Temperature Pressure (bar)
    2.26422e+05   -9.32949e+05   -9.16516e+05    3.01026e+02   -1.15301e+02
   Constr. rmsd
    0.00000e+00

           Step           Time
        5000000    10000.00000

Writing checkpoint, step 5000000 at Sun Sep 13 00:08:04 2026


   Energies (kJ/mol)
           Bond          Angle    Proper Dih. Per. Imp. Dih.          LJ-14
    7.39686e+03    1.98086e+04    2.92661e+04    1.12991e+03    8.83212e+03
     Coulomb-14        LJ (SR)   Coulomb (SR)   Coul. recip.      Potential
    9.94330e+04    1.45828e+05   -1.47942e+06    8.58957e+03   -1.15913e+06
    Kinetic En.   Total Energy  Conserved En.    Temperature Pressure (bar)
    2.24275e+05   -9.34858e+05   -9.16524e+05    2.98171e+02   -2.40384e+02
   Constr. rmsd
    0.00000e+00


Energy conservation over simulation part #1 of length 10000 ps, time 0 to 10000 ps
  Conserved energy drift: 2.12e-05 kJ/mol/ps per atom


	<======  ###############  ==>
	<====  A V E R A G E S  ====>
	<==  ###############  ======>

	Statistics over 5000001 steps using 50001 frames

   Energies (kJ/mol)
           Bond          Angle    Proper Dih. Per. Imp. Dih.          LJ-14
    7.15225e+03    1.97837e+04    2.94282e+04    1.10451e+03    9.07932e+03
     Coulomb-14        LJ (SR)   Coulomb (SR)   Coul. recip.      Potential
    1.00102e+05    1.47455e+05   -1.48176e+06    8.71506e+03   -1.15894e+06
    Kinetic En.   Total Energy  Conserved En.    Temperature Pressure (bar)
    2.25648e+05   -9.33287e+05   -9.25933e+05    2.99997e+02    1.12793e+00
   Constr. rmsd
    0.00000e+00

          Box-X          Box-Y          Box-Z
    1.07936e+01    1.07936e+01    7.63220e+00

   Total Virial (kJ/mol)
    7.52174e+04    1.76320e+01    3.01772e+01
    1.76339e+01    7.51294e+04   -2.76466e+01
    3.01725e+01   -2.76460e+01    7.52149e+04

   Pressure (bar)
    4.55166e-01   -2.34839e-01   -4.78251e-01
   -2.34911e-01    2.14916e+00    4.92132e-01
   -4.78074e-01    4.92107e-01    7.79475e-01

      T-Protein  T-non-Protein
    3.00058e+02    2.99988e+02


       P P   -   P M E   L O A D   B A L A N C I N G

 PP/PME load balancing changed the cut-off and PME settings:
           particle-particle                    PME
            rcoulomb  rlist            grid      spacing   1/beta
   initial  1.000 nm  1.001 nm      96  96  96   0.112 nm  0.320 nm
   final    1.000 nm  1.001 nm      96  96  96   0.112 nm  0.320 nm
 cost-ratio           1.00             1.00
 (note that these numbers concern only part of the total PP and PME load)


	M E G A - F L O P S   A C C O U N T I N G

 NB=Group-cutoff nonbonded kernels    NxN=N-by-N cluster Verlet kernels
 RF=Reaction-Field  VdW=Van der Waals  QSTab=quadratic-spline table
 W3=SPC/TIP3p  W4=TIP4p (single or pairs)
 V&F=Potential and force  V=Potential only  F=Force only

 Computing:                               M-Number         M-Flops  % Flops
-----------------------------------------------------------------------------
 Pair Search distance check          421918.327840     3797264.951     0.0
 NxN Ewald Elec. + LJ [F]         431540550.853632 28481676356.340    98.1
 NxN Ewald Elec. + LJ [V&F]         4359082.709120   466421849.876     1.6
 1,4 nonbonded interactions          123130.024626    11081702.216     0.0
 Shift-X                               4403.588070       26421.528     0.0
 Bonds                                23755.004751     1401545.280     0.0
 Angles                               85545.017109    14371562.874     0.0
 Propers                             151540.030308    34702666.941     0.1
 Impropers                             9225.001845     1918800.384     0.0
 Virial                               88115.088115     1586071.586     0.0
 Stop-CM                               4403.588070       44035.881     0.0
 Calc-Ekin                           176140.176140     4755784.756     0.0
-----------------------------------------------------------------------------
 Total                                             29021784062.612   100.0
-----------------------------------------------------------------------------


      R E A L   C Y C L E   A N D   T I M E   A C C O U N T I N G

On 1 MPI rank, each using 8 OpenMP threads

 Activity:              Num   Num      Call    Wall time         Giga-Cycles
                        Ranks Threads  Count      (s)         total sum    %
--------------------------------------------------------------------------------
 Neighbor search           1    8      50001     151.247       1210.013   7.7
 Launch PP GPU ops.        1    8    9950001     202.429       1619.479  10.3
 Force                     1    8    5000001    1244.976       9960.084  63.1
 PME GPU mesh              1    8    5000001     108.683        869.487   5.5
 PME wait for PP                                1864.827      14919.023  94.5
 Wait GPU NB local         1    8    5000001       2.124         16.993   0.1
 Wait GPU state copy       1    8   12150003      81.695        653.582   4.1
 NB X/F buffer ops.        1    8    1000001      41.101        328.816   2.1
 Write traj.               1    8       1003       2.053         16.423   0.1
 GPU constr. setup         1    8          1       0.001          0.011   0.0
 Kinetic energy            1    8    2000001      74.505        596.056   3.8
--------------------------------------------------------------------------------
 Total                                          1973.509      15788.510 100.0
--------------------------------------------------------------------------------
 Breakdown of PME mesh activities
--------------------------------------------------------------------------------
 Wait PME GPU gather       1    8    5000001       2.256         18.048   0.1
 Reduce GPU PME F          1    8    5000001      11.051         88.409   0.6
 Launch PME GPU ops.       1    8   40000008      91.887        735.112   4.7
--------------------------------------------------------------------------------

               Core t (s)   Wall t (s)        (%)
       Time:    15788.058     1973.509      800.0
                         32:53
                 (ns/day)    (hour/ns)    (ms/step)  (Matom*steps/s) 
Performance:      437.799        0.055        0.395          223.130 
Finished mdrun on rank 0 Sun Sep 13 00:08:04 2026

