Job dir: /scratch/u6sp/hpcuser.u6sp/rayca/max-7c328505dd
Scratch: /scratch/u6sp/hpcuser.u6sp/md_cdk2_82496
GMXLIB: /projects/u6sp/software-aarch64/gromacs-2026.1-mpi/share/gromacs/top
GMX:                        :-) GROMACS - gmx_mpi, 2026.1 (-:
=== EDS00495858 replica 1 (seed 1001) ===
Note that major changes are planned in future for editconf, to improve usability and utility.
Read 9297 atoms
Volume: 338.076 nm^3, corresponds to roughly 152100 electrons
No velocities found
    system size :  6.980  7.951  6.092 (nm)
    diameter    :  8.398               (nm)
    center      :  2.650  0.625 -1.832 (nm)
    box vectors :  6.980  7.951  6.092 (nm)
    box angles  :  90.00  90.00  90.00 (degrees)
    box volume  : 338.08               (nm^3)
    shift       :  5.449  7.474  5.649 (nm)
new center      :  8.099  8.099  3.818 (nm)
new box vectors : 10.798 10.798 10.798 (nm)
new box angles  :  60.00  60.00  90.00 (degrees)
new box volume  : 890.31               (nm^3)
Reading solute configuration
Reading solvent configuration

Initialising inter-atomic distances...

WARNING: Masses and atomic (Van der Waals) radii will be guessed
         based on residue and atom names, since they could not be
         definitively assigned from the information in your input
         files. These guessed numbers might deviate from the mass
         and radius of the atom type. Please check the output
         files if necessary. Note, that this functionality may
         be removed in a future GROMACS version. Please, consider
         using another file format for your input.

         The atomic radii are set according to:

++++ PLEASE READ AND CITE THE FOLLOWING REFERENCE ++++
A. Bondi
van der Waals Volumes and Radii
J. Phys. Chem. (1964)
https://doi.org/10.1021/j100785a001
-------- -------- --- Thank You --- -------- --------

Generating solvent configuration
Will generate new solvent configuration of 6x6x5 boxes
Solvent box contains 98568 atoms in 32856 residues
Removed 10848 solvent atoms due to solvent-solvent overlap
Removed 8637 solvent atoms due to solute-solvent overlap
Sorting configuration
Found 1 molecule type:
    SOL (   3 atoms): 26361 residues
Generated solvent containing 79083 atoms in 26361 residues
Writing generated configuration to solv.gro

Output configuration contains 88380 atoms in 26928 residues
Volume                 :     890.306 (nm^3)
Density                :      1016.9 (g/l)
Number of solvent molecules:  26361   

Processing topology

Back Off! I just backed up topol.top to ./#topol.top.1#
Adding line for 26361 solvent molecules with resname (SOL) to topology file (topol.top)
Ignoring obsolete mdp entry 'ns_type'
Generating 1-4 interactions: fudge = 0.5

-------------------------------------------------------
Program:     gmx grompp, version 2026.1
Source file: src/gromacs/gmxpreprocess/gmxcpp.cpp (line 297)

Fatal error:
Topology include file "amber14sb.ff/ions.itp" not found

For more information and tips for troubleshooting, please check the GROMACS
website at https://manual.gromacs.org/current/user-guide/run-time-errors.html
-------------------------------------------------------
Setting the LD random seed to -201349206

Generated 75855 of the 75855 non-bonded parameter combinations

Generated 75855 of the 75855 1-4 parameter combinations

Excluding 3 bonded neighbours molecule type 'EDS00495858'
--------------------------------------------------------------------------
MPI_ABORT was invoked on rank 0 in communicator MPI_COMM_WORLD
with errorcode 1.

NOTE: invoking MPI_ABORT causes Open MPI to kill all MPI processes.
You may or may not see output from other processes, depending on
exactly when Open MPI kills them.
--------------------------------------------------------------------------

-------------------------------------------------------
Program:     gmx genion, version 2026.1
Source file: src/gromacs/commandline/cmdlineparser.cpp (line 271)
Function:    void gmx::CommandLineParser::parse(int*, char**)

Error in user input:
Invalid command-line options
  In command-line option -s
    File 'ions.tpr' does not exist or is not accessible.
    The file could not be opened.
      Reason: No such file or directory
      (call to fopen() returned error code 2)

For more information and tips for troubleshooting, please check the GROMACS
website at https://manual.gromacs.org/current/user-guide/run-time-errors.html
-------------------------------------------------------
--------------------------------------------------------------------------
MPI_ABORT was invoked on rank 0 in communicator MPI_COMM_WORLD
with errorcode 1.

NOTE: invoking MPI_ABORT causes Open MPI to kill all MPI processes.
You may or may not see output from other processes, depending on
exactly when Open MPI kills them.
--------------------------------------------------------------------------
Traceback (most recent call last):
  File "/scratch/u6sp/hpcuser.u6sp/md_cdk2_82496/create_ndx.py", line 22, in <module>
    with open(gro) as f:
         ^^^^^^^^^
FileNotFoundError: [Errno 2] No such file or directory: 'ions.gro'

-------------------------------------------------------
Program:     gmx grompp, version 2026.1
Source file: src/gromacs/commandline/cmdlineparser.cpp (line 271)
Function:    void gmx::CommandLineParser::parse(int*, char**)

Error in user input:
Invalid command-line options
  In command-line option -c
    File 'ions.gro' does not exist or is not accessible.
    The file could not be opened.
      Reason: No such file or directory
      (call to fopen() returned error code 2)

For more information and tips for troubleshooting, please check the GROMACS
website at https://manual.gromacs.org/current/user-guide/run-time-errors.html
-------------------------------------------------------
--------------------------------------------------------------------------
MPI_ABORT was invoked on rank 0 in communicator MPI_COMM_WORLD
with errorcode 1.

NOTE: invoking MPI_ABORT causes Open MPI to kill all MPI processes.
You may or may not see output from other processes, depending on
exactly when Open MPI kills them.
--------------------------------------------------------------------------

NOTE: invoking MPI_ABORT causes Open MPI to kill all MPI processes.
You may or may not see output from other processes, depending on
exactly when Open MPI kills them.
--------------------------------------------------------------------------
  EM done

-------------------------------------------------------
Program:     gmx grompp, version 2026.1
Source file: src/gromacs/commandline/cmdlineparser.cpp (line 271)
Function:    void gmx::CommandLineParser::parse(int*, char**)

Error in user input:
Invalid command-line options
  In command-line option -c
    File 'em.gro' does not exist or is not accessible.
    The file could not be opened.
      Reason: No such file or directory
      (call to fopen() returned error code 2)
  In command-line option -r
    File 'em.gro' does not exist or is not accessible.
    The file could not be opened.
      Reason: No such file or directory
      (call to fopen() returned error code 2)
  In command-line option -n
    File 'analysis.ndx' does not exist or is not accessible.
    The file could not be opened.
      Reason: No such file or directory
      (call to fopen() returned error code 2)

For more information and tips for troubleshooting, please check the GROMACS
website at https://manual.gromacs.org/current/user-guide/run-time-errors.html
-------------------------------------------------------
--------------------------------------------------------------------------
MPI_ABORT was invoked on rank 0 in communicator MPI_COMM_WORLD
with errorcode 1.

NOTE: invoking MPI_ABORT causes Open MPI to kill all MPI processes.
You may or may not see output from other processes, depending on
exactly when Open MPI kills them.
--------------------------------------------------------------------------

NOTE: invoking MPI_ABORT causes Open MPI to kill all MPI processes.
You may or may not see output from other processes, depending on
exactly when Open MPI kills them.
--------------------------------------------------------------------------
  NVT done

-------------------------------------------------------
Program:     gmx grompp, version 2026.1
Source file: src/gromacs/commandline/cmdlineparser.cpp (line 271)
Function:    void gmx::CommandLineParser::parse(int*, char**)

Error in user input:
Invalid command-line options
  In command-line option -c
    File 'nvt.gro' does not exist or is not accessible.
    The file could not be opened.
      Reason: No such file or directory
      (call to fopen() returned error code 2)
  In command-line option -r
    File 'nvt.gro' does not exist or is not accessible.
    The file could not be opened.
      Reason: No such file or directory
      (call to fopen() returned error code 2)
  In command-line option -t
    File 'nvt.cpt' does not exist or is not accessible.
    The file could not be opened.
      Reason: No such file or directory
      (call to fopen() returned error code 2)
  In command-line option -n
    File 'analysis.ndx' does not exist or is not accessible.
    The file could not be opened.
      Reason: No such file or directory
      (call to fopen() returned error code 2)

For more information and tips for troubleshooting, please check the GROMACS
website at https://manual.gromacs.org/current/user-guide/run-time-errors.html
-------------------------------------------------------
--------------------------------------------------------------------------
MPI_ABORT was invoked on rank 0 in communicator MPI_COMM_WORLD
with errorcode 1.

NOTE: invoking MPI_ABORT causes Open MPI to kill all MPI processes.
You may or may not see output from other processes, depending on
exactly when Open MPI kills them.
--------------------------------------------------------------------------

NOTE: invoking MPI_ABORT causes Open MPI to kill all MPI processes.
You may or may not see output from other processes, depending on
exactly when Open MPI kills them.
--------------------------------------------------------------------------
  NPT done

-------------------------------------------------------
Program:     gmx grompp, version 2026.1
Source file: src/gromacs/commandline/cmdlineparser.cpp (line 271)
Function:    void gmx::CommandLineParser::parse(int*, char**)

Error in user input:
Invalid command-line options
  In command-line option -c
    File 'npt.gro' does not exist or is not accessible.
    The file could not be opened.
      Reason: No such file or directory
      (call to fopen() returned error code 2)
  In command-line option -t
    File 'npt.cpt' does not exist or is not accessible.
    The file could not be opened.
      Reason: No such file or directory
      (call to fopen() returned error code 2)
  In command-line option -n
    File 'analysis.ndx' does not exist or is not accessible.
    The file could not be opened.
      Reason: No such file or directory
      (call to fopen() returned error code 2)

For more information and tips for troubleshooting, please check the GROMACS
website at https://manual.gromacs.org/current/user-guide/run-time-errors.html
-------------------------------------------------------
--------------------------------------------------------------------------
MPI_ABORT was invoked on rank 0 in communicator MPI_COMM_WORLD
with errorcode 1.

NOTE: invoking MPI_ABORT causes Open MPI to kill all MPI processes.
You may or may not see output from other processes, depending on
exactly when Open MPI kills them.
--------------------------------------------------------------------------

NOTE: invoking MPI_ABORT causes Open MPI to kill all MPI processes.
You may or may not see output from other processes, depending on
exactly when Open MPI kills them.
--------------------------------------------------------------------------
  MD done: EDS00495858 rep1
=== EDS00495858 replica 2 (seed 2002) ===
Note that major changes are planned in future for editconf, to improve usability and utility.
Read 9297 atoms
Volume: 338.076 nm^3, corresponds to roughly 152100 electrons
No velocities found
    system size :  6.980  7.951  6.092 (nm)
    diameter    :  8.398               (nm)
    center      :  2.650  0.625 -1.832 (nm)
    box vectors :  6.980  7.951  6.092 (nm)
    box angles  :  90.00  90.00  90.00 (degrees)
    box volume  : 338.08               (nm^3)
    shift       :  5.449  7.474  5.649 (nm)
new center      :  8.099  8.099  3.818 (nm)
new box vectors : 10.798 10.798 10.798 (nm)
new box angles  :  60.00  60.00  90.00 (degrees)
new box volume  : 890.31               (nm^3)
Reading solute configuration
Reading solvent configuration

Initialising inter-atomic distances...

WARNING: Masses and atomic (Van der Waals) radii will be guessed
         based on residue and atom names, since they could not be
         definitively assigned from the information in your input
         files. These guessed numbers might deviate from the mass
         and radius of the atom type. Please check the output
         files if necessary. Note, that this functionality may
         be removed in a future GROMACS version. Please, consider
         using another file format for your input.

         The atomic radii are set according to:

++++ PLEASE READ AND CITE THE FOLLOWING REFERENCE ++++
A. Bondi
van der Waals Volumes and Radii
J. Phys. Chem. (1964)
https://doi.org/10.1021/j100785a001
-------- -------- --- Thank You --- -------- --------

Generating solvent configuration
Will generate new solvent configuration of 6x6x5 boxes
Solvent box contains 98568 atoms in 32856 residues
Removed 10848 solvent atoms due to solvent-solvent overlap
Removed 8637 solvent atoms due to solute-solvent overlap
Sorting configuration
Found 1 molecule type:
    SOL (   3 atoms): 26361 residues
Generated solvent containing 79083 atoms in 26361 residues
Writing generated configuration to solv.gro

Output configuration contains 88380 atoms in 26928 residues
Volume                 :     890.306 (nm^3)
Density                :      1016.9 (g/l)
Number of solvent molecules:  26361   

Processing topology

Back Off! I just backed up topol.top to ./#topol.top.1#
Adding line for 26361 solvent molecules with resname (SOL) to topology file (topol.top)
Ignoring obsolete mdp entry 'ns_type'
Generating 1-4 interactions: fudge = 0.5

-------------------------------------------------------
Program:     gmx grompp, version 2026.1
Source file: src/gromacs/gmxpreprocess/gmxcpp.cpp (line 297)

Fatal error:
Topology include file "amber14sb.ff/ions.itp" not found

For more information and tips for troubleshooting, please check the GROMACS
website at https://manual.gromacs.org/current/user-guide/run-time-errors.html
-------------------------------------------------------
Setting the LD random seed to -439717953

Generated 75855 of the 75855 non-bonded parameter combinations

Generated 75855 of the 75855 1-4 parameter combinations

Excluding 3 bonded neighbours molecule type 'EDS00495858'
--------------------------------------------------------------------------
MPI_ABORT was invoked on rank 0 in communicator MPI_COMM_WORLD
with errorcode 1.

NOTE: invoking MPI_ABORT causes Open MPI to kill all MPI processes.
You may or may not see output from other processes, depending on
exactly when Open MPI kills them.
--------------------------------------------------------------------------

-------------------------------------------------------
Program:     gmx genion, version 2026.1
Source file: src/gromacs/commandline/cmdlineparser.cpp (line 271)
Function:    void gmx::CommandLineParser::parse(int*, char**)

Error in user input:
Invalid command-line options
  In command-line option -s
    File 'ions.tpr' does not exist or is not accessible.
    The file could not be opened.
      Reason: No such file or directory
      (call to fopen() returned error code 2)

For more information and tips for troubleshooting, please check the GROMACS
website at https://manual.gromacs.org/current/user-guide/run-time-errors.html
-------------------------------------------------------
--------------------------------------------------------------------------
MPI_ABORT was invoked on rank 0 in communicator MPI_COMM_WORLD
with errorcode 1.

NOTE: invoking MPI_ABORT causes Open MPI to kill all MPI processes.
You may or may not see output from other processes, depending on
exactly when Open MPI kills them.
--------------------------------------------------------------------------
Traceback (most recent call last):
  File "/scratch/u6sp/hpcuser.u6sp/md_cdk2_82496/create_ndx.py", line 22, in <module>
    with open(gro) as f:
         ^^^^^^^^^
FileNotFoundError: [Errno 2] No such file or directory: 'ions.gro'

-------------------------------------------------------
Program:     gmx grompp, version 2026.1
Source file: src/gromacs/commandline/cmdlineparser.cpp (line 271)
Function:    void gmx::CommandLineParser::parse(int*, char**)

Error in user input:
Invalid command-line options
  In command-line option -c
    File 'ions.gro' does not exist or is not accessible.
    The file could not be opened.
      Reason: No such file or directory
      (call to fopen() returned error code 2)

For more information and tips for troubleshooting, please check the GROMACS
website at https://manual.gromacs.org/current/user-guide/run-time-errors.html
-------------------------------------------------------
--------------------------------------------------------------------------
MPI_ABORT was invoked on rank 0 in communicator MPI_COMM_WORLD
with errorcode 1.

NOTE: invoking MPI_ABORT causes Open MPI to kill all MPI processes.
You may or may not see output from other processes, depending on
exactly when Open MPI kills them.
--------------------------------------------------------------------------

NOTE: invoking MPI_ABORT causes Open MPI to kill all MPI processes.
You may or may not see output from other processes, depending on
exactly when Open MPI kills them.
--------------------------------------------------------------------------
  EM done

-------------------------------------------------------
Program:     gmx grompp, version 2026.1
Source file: src/gromacs/commandline/cmdlineparser.cpp (line 271)
Function:    void gmx::CommandLineParser::parse(int*, char**)

Error in user input:
Invalid command-line options
  In command-line option -c
    File 'em.gro' does not exist or is not accessible.
    The file could not be opened.
      Reason: No such file or directory
      (call to fopen() returned error code 2)
  In command-line option -r
    File 'em.gro' does not exist or is not accessible.
    The file could not be opened.
      Reason: No such file or directory
      (call to fopen() returned error code 2)
  In command-line option -n
    File 'analysis.ndx' does not exist or is not accessible.
    The file could not be opened.
      Reason: No such file or directory
      (call to fopen() returned error code 2)

For more information and tips for troubleshooting, please check the GROMACS
website at https://manual.gromacs.org/current/user-guide/run-time-errors.html
-------------------------------------------------------
--------------------------------------------------------------------------
MPI_ABORT was invoked on rank 0 in communicator MPI_COMM_WORLD
with errorcode 1.

NOTE: invoking MPI_ABORT causes Open MPI to kill all MPI processes.
You may or may not see output from other processes, depending on
exactly when Open MPI kills them.
--------------------------------------------------------------------------

NOTE: invoking MPI_ABORT causes Open MPI to kill all MPI processes.
You may or may not see output from other processes, depending on
exactly when Open MPI kills them.
--------------------------------------------------------------------------
  NVT done

-------------------------------------------------------
Program:     gmx grompp, version 2026.1
Source file: src/gromacs/commandline/cmdlineparser.cpp (line 271)
Function:    void gmx::CommandLineParser::parse(int*, char**)

Error in user input:
Invalid command-line options
  In command-line option -c
    File 'nvt.gro' does not exist or is not accessible.
    The file could not be opened.
      Reason: No such file or directory
      (call to fopen() returned error code 2)
  In command-line option -r
    File 'nvt.gro' does not exist or is not accessible.
    The file could not be opened.
      Reason: No such file or directory
      (call to fopen() returned error code 2)
  In command-line option -t
    File 'nvt.cpt' does not exist or is not accessible.
    The file could not be opened.
      Reason: No such file or directory
      (call to fopen() returned error code 2)
  In command-line option -n
    File 'analysis.ndx' does not exist or is not accessible.
    The file could not be opened.
      Reason: No such file or directory
      (call to fopen() returned error code 2)

For more information and tips for troubleshooting, please check the GROMACS
website at https://manual.gromacs.org/current/user-guide/run-time-errors.html
-------------------------------------------------------
--------------------------------------------------------------------------
MPI_ABORT was invoked on rank 0 in communicator MPI_COMM_WORLD
with errorcode 1.

NOTE: invoking MPI_ABORT causes Open MPI to kill all MPI processes.
You may or may not see output from other processes, depending on
exactly when Open MPI kills them.
--------------------------------------------------------------------------

NOTE: invoking MPI_ABORT causes Open MPI to kill all MPI processes.
You may or may not see output from other processes, depending on
exactly when Open MPI kills them.
--------------------------------------------------------------------------
  NPT done

-------------------------------------------------------
Program:     gmx grompp, version 2026.1
Source file: src/gromacs/commandline/cmdlineparser.cpp (line 271)
Function:    void gmx::CommandLineParser::parse(int*, char**)

Error in user input:
Invalid command-line options
  In command-line option -c
    File 'npt.gro' does not exist or is not accessible.
    The file could not be opened.
      Reason: No such file or directory
      (call to fopen() returned error code 2)
  In command-line option -t
    File 'npt.cpt' does not exist or is not accessible.
    The file could not be opened.
      Reason: No such file or directory
      (call to fopen() returned error code 2)
  In command-line option -n
    File 'analysis.ndx' does not exist or is not accessible.
    The file could not be opened.
      Reason: No such file or directory
      (call to fopen() returned error code 2)

For more information and tips for troubleshooting, please check the GROMACS
website at https://manual.gromacs.org/current/user-guide/run-time-errors.html
-------------------------------------------------------
--------------------------------------------------------------------------
MPI_ABORT was invoked on rank 0 in communicator MPI_COMM_WORLD
with errorcode 1.

NOTE: invoking MPI_ABORT causes Open MPI to kill all MPI processes.
You may or may not see output from other processes, depending on
exactly when Open MPI kills them.
--------------------------------------------------------------------------

NOTE: invoking MPI_ABORT causes Open MPI to kill all MPI processes.
You may or may not see output from other processes, depending on
exactly when Open MPI kills them.
--------------------------------------------------------------------------
  MD done: EDS00495858 rep2
=== EDS00495858 replica 3 (seed 3003) ===
Note that major changes are planned in future for editconf, to improve usability and utility.
Read 9297 atoms
Volume: 338.076 nm^3, corresponds to roughly 152100 electrons
No velocities found
    system size :  6.980  7.951  6.092 (nm)
    diameter    :  8.398               (nm)
    center      :  2.650  0.625 -1.832 (nm)
    box vectors :  6.980  7.951  6.092 (nm)
    box angles  :  90.00  90.00  90.00 (degrees)
    box volume  : 338.08               (nm^3)
    shift       :  5.449  7.474  5.649 (nm)
new center      :  8.099  8.099  3.818 (nm)
new box vectors : 10.798 10.798 10.798 (nm)
new box angles  :  60.00  60.00  90.00 (degrees)
new box volume  : 890.31               (nm^3)
Reading solute configuration
Reading solvent configuration

Initialising inter-atomic distances...

WARNING: Masses and atomic (Van der Waals) radii will be guessed
         based on residue and atom names, since they could not be
         definitively assigned from the information in your input
         files. These guessed numbers might deviate from the mass
         and radius of the atom type. Please check the output
         files if necessary. Note, that this functionality may
         be removed in a future GROMACS version. Please, consider
         using another file format for your input.

         The atomic radii are set according to:

++++ PLEASE READ AND CITE THE FOLLOWING REFERENCE ++++
A. Bondi
van der Waals Volumes and Radii
J. Phys. Chem. (1964)
https://doi.org/10.1021/j100785a001
-------- -------- --- Thank You --- -------- --------

Generating solvent configuration
Will generate new solvent configuration of 6x6x5 boxes
Solvent box contains 98568 atoms in 32856 residues
Removed 10848 solvent atoms due to solvent-solvent overlap
Removed 8637 solvent atoms due to solute-solvent overlap
Sorting configuration
Found 1 molecule type:
    SOL (   3 atoms): 26361 residues
Generated solvent containing 79083 atoms in 26361 residues
Writing generated configuration to solv.gro

Output configuration contains 88380 atoms in 26928 residues
Volume                 :     890.306 (nm^3)
Density                :      1016.9 (g/l)
Number of solvent molecules:  26361   

Processing topology

Back Off! I just backed up topol.top to ./#topol.top.1#
Adding line for 26361 solvent molecules with resname (SOL) to topology file (topol.top)
Ignoring obsolete mdp entry 'ns_type'
Generating 1-4 interactions: fudge = 0.5

-------------------------------------------------------
Program:     gmx grompp, version 2026.1
Source file: src/gromacs/gmxpreprocess/gmxcpp.cpp (line 297)

Fatal error:
Topology include file "amber14sb.ff/ions.itp" not found

For more information and tips for troubleshooting, please check the GROMACS
website at https://manual.gromacs.org/current/user-guide/run-time-errors.html
-------------------------------------------------------
Setting the LD random seed to -151061025

Generated 75855 of the 75855 non-bonded parameter combinations

Generated 75855 of the 75855 1-4 parameter combinations

Excluding 3 bonded neighbours molecule type 'EDS00495858'
--------------------------------------------------------------------------
MPI_ABORT was invoked on rank 0 in communicator MPI_COMM_WORLD
with errorcode 1.

NOTE: invoking MPI_ABORT causes Open MPI to kill all MPI processes.
You may or may not see output from other processes, depending on
exactly when Open MPI kills them.
--------------------------------------------------------------------------

-------------------------------------------------------
Program:     gmx genion, version 2026.1
Source file: src/gromacs/commandline/cmdlineparser.cpp (line 271)
Function:    void gmx::CommandLineParser::parse(int*, char**)

Error in user input:
Invalid command-line options
  In command-line option -s
    File 'ions.tpr' does not exist or is not accessible.
    The file could not be opened.
      Reason: No such file or directory
      (call to fopen() returned error code 2)

For more information and tips for troubleshooting, please check the GROMACS
website at https://manual.gromacs.org/current/user-guide/run-time-errors.html
-------------------------------------------------------
--------------------------------------------------------------------------
MPI_ABORT was invoked on rank 0 in communicator MPI_COMM_WORLD
with errorcode 1.

NOTE: invoking MPI_ABORT causes Open MPI to kill all MPI processes.
You may or may not see output from other processes, depending on
exactly when Open MPI kills them.
--------------------------------------------------------------------------
Traceback (most recent call last):
  File "/scratch/u6sp/hpcuser.u6sp/md_cdk2_82496/create_ndx.py", line 22, in <module>
    with open(gro) as f:
         ^^^^^^^^^
FileNotFoundError: [Errno 2] No such file or directory: 'ions.gro'

-------------------------------------------------------
Program:     gmx grompp, version 2026.1
Source file: src/gromacs/commandline/cmdlineparser.cpp (line 271)
Function:    void gmx::CommandLineParser::parse(int*, char**)

Error in user input:
Invalid command-line options
  In command-line option -c
    File 'ions.gro' does not exist or is not accessible.
    The file could not be opened.
      Reason: No such file or directory
      (call to fopen() returned error code 2)

For more information and tips for troubleshooting, please check the GROMACS
website at https://manual.gromacs.org/current/user-guide/run-time-errors.html
-------------------------------------------------------
--------------------------------------------------------------------------
MPI_ABORT was invoked on rank 0 in communicator MPI_COMM_WORLD
with errorcode 1.

NOTE: invoking MPI_ABORT causes Open MPI to kill all MPI processes.
You may or may not see output from other processes, depending on
exactly when Open MPI kills them.
--------------------------------------------------------------------------

NOTE: invoking MPI_ABORT causes Open MPI to kill all MPI processes.
You may or may not see output from other processes, depending on
exactly when Open MPI kills them.
--------------------------------------------------------------------------
  EM done

-------------------------------------------------------
Program:     gmx grompp, version 2026.1
Source file: src/gromacs/commandline/cmdlineparser.cpp (line 271)
Function:    void gmx::CommandLineParser::parse(int*, char**)

Error in user input:
Invalid command-line options
  In command-line option -c
    File 'em.gro' does not exist or is not accessible.
    The file could not be opened.
      Reason: No such file or directory
      (call to fopen() returned error code 2)
  In command-line option -r
    File 'em.gro' does not exist or is not accessible.
    The file could not be opened.
      Reason: No such file or directory
      (call to fopen() returned error code 2)
  In command-line option -n
    File 'analysis.ndx' does not exist or is not accessible.
    The file could not be opened.
      Reason: No such file or directory
      (call to fopen() returned error code 2)

For more information and tips for troubleshooting, please check the GROMACS
website at https://manual.gromacs.org/current/user-guide/run-time-errors.html
-------------------------------------------------------
--------------------------------------------------------------------------
MPI_ABORT was invoked on rank 0 in communicator MPI_COMM_WORLD
with errorcode 1.

NOTE: invoking MPI_ABORT causes Open MPI to kill all MPI processes.
You may or may not see output from other processes, depending on
exactly when Open MPI kills them.
--------------------------------------------------------------------------

NOTE: invoking MPI_ABORT causes Open MPI to kill all MPI processes.
You may or may not see output from other processes, depending on
exactly when Open MPI kills them.
--------------------------------------------------------------------------
  NVT done

-------------------------------------------------------
Program:     gmx grompp, version 2026.1
Source file: src/gromacs/commandline/cmdlineparser.cpp (line 271)
Function:    void gmx::CommandLineParser::parse(int*, char**)

Error in user input:
Invalid command-line options
  In command-line option -c
    File 'nvt.gro' does not exist or is not accessible.
    The file could not be opened.
      Reason: No such file or directory
      (call to fopen() returned error code 2)
  In command-line option -r
    File 'nvt.gro' does not exist or is not accessible.
    The file could not be opened.
      Reason: No such file or directory
      (call to fopen() returned error code 2)
  In command-line option -t
    File 'nvt.cpt' does not exist or is not accessible.
    The file could not be opened.
      Reason: No such file or directory
      (call to fopen() returned error code 2)
  In command-line option -n
    File 'analysis.ndx' does not exist or is not accessible.
    The file could not be opened.
      Reason: No such file or directory
      (call to fopen() returned error code 2)

For more information and tips for troubleshooting, please check the GROMACS
website at https://manual.gromacs.org/current/user-guide/run-time-errors.html
-------------------------------------------------------
--------------------------------------------------------------------------
MPI_ABORT was invoked on rank 0 in communicator MPI_COMM_WORLD
with errorcode 1.

NOTE: invoking MPI_ABORT causes Open MPI to kill all MPI processes.
You may or may not see output from other processes, depending on
exactly when Open MPI kills them.
--------------------------------------------------------------------------

NOTE: invoking MPI_ABORT causes Open MPI to kill all MPI processes.
You may or may not see output from other processes, depending on
exactly when Open MPI kills them.
--------------------------------------------------------------------------
  NPT done

-------------------------------------------------------
Program:     gmx grompp, version 2026.1
Source file: src/gromacs/commandline/cmdlineparser.cpp (line 271)
Function:    void gmx::CommandLineParser::parse(int*, char**)

Error in user input:
Invalid command-line options
  In command-line option -c
    File 'npt.gro' does not exist or is not accessible.
    The file could not be opened.
      Reason: No such file or directory
      (call to fopen() returned error code 2)
  In command-line option -t
    File 'npt.cpt' does not exist or is not accessible.
    The file could not be opened.
      Reason: No such file or directory
      (call to fopen() returned error code 2)
  In command-line option -n
    File 'analysis.ndx' does not exist or is not accessible.
    The file could not be opened.
      Reason: No such file or directory
      (call to fopen() returned error code 2)

For more information and tips for troubleshooting, please check the GROMACS
website at https://manual.gromacs.org/current/user-guide/run-time-errors.html
-------------------------------------------------------
--------------------------------------------------------------------------
MPI_ABORT was invoked on rank 0 in communicator MPI_COMM_WORLD
with errorcode 1.

NOTE: invoking MPI_ABORT causes Open MPI to kill all MPI processes.
You may or may not see output from other processes, depending on
exactly when Open MPI kills them.
--------------------------------------------------------------------------

NOTE: invoking MPI_ABORT causes Open MPI to kill all MPI processes.
You may or may not see output from other processes, depending on
exactly when Open MPI kills them.
--------------------------------------------------------------------------
  MD done: EDS00495858 rep3
=== EDS00480994 replica 1 (seed 1001) ===
Note that major changes are planned in future for editconf, to improve usability and utility.
Read 9306 atoms
Volume: 338.076 nm^3, corresponds to roughly 152100 electrons
No velocities found
    system size :  6.980  7.951  6.092 (nm)
    diameter    :  8.398               (nm)
    center      :  2.648  0.623 -1.834 (nm)
    box vectors :  6.980  7.951  6.092 (nm)
    box angles  :  90.00  90.00  90.00 (degrees)
    box volume  : 338.08               (nm^3)
    shift       :  5.450  7.475  5.652 (nm)
new center      :  8.099  8.099  3.818 (nm)
new box vectors : 10.798 10.798 10.798 (nm)
new box angles  :  60.00  60.00  90.00 (degrees)
new box volume  : 890.31               (nm^3)
Reading solute configuration
Reading solvent configuration

Initialising inter-atomic distances...

WARNING: Masses and atomic (Van der Waals) radii will be guessed
         based on residue and atom names, since they could not be
         definitively assigned from the information in your input
         files. These guessed numbers might deviate from the mass
         and radius of the atom type. Please check the output
         files if necessary. Note, that this functionality may
         be removed in a future GROMACS version. Please, consider
         using another file format for your input.

         The atomic radii are set according to:

++++ PLEASE READ AND CITE THE FOLLOWING REFERENCE ++++
A. Bondi
van der Waals Volumes and Radii
J. Phys. Chem. (1964)
https://doi.org/10.1021/j100785a001
-------- -------- --- Thank You --- -------- --------

Generating solvent configuration
Will generate new solvent configuration of 6x6x5 boxes
Solvent box contains 98568 atoms in 32856 residues
Removed 10848 solvent atoms due to solvent-solvent overlap
Removed 8628 solvent atoms due to solute-solvent overlap
Sorting configuration
Found 1 molecule type:
    SOL (   3 atoms): 26364 residues
Generated solvent containing 79092 atoms in 26364 residues
Writing generated configuration to solv.gro

Output configuration contains 88398 atoms in 26931 residues
Volume                 :     890.306 (nm^3)
Density                :     1016.98 (g/l)
Number of solvent molecules:  26364   

Processing topology

Back Off! I just backed up topol.top to ./#topol.top.1#
Adding line for 26364 solvent molecules with resname (SOL) to topology file (topol.top)
Ignoring obsolete mdp entry 'ns_type'
Generating 1-4 interactions: fudge = 0.5

-------------------------------------------------------
Program:     gmx grompp, version 2026.1
Source file: src/gromacs/gmxpreprocess/gmxcpp.cpp (line 297)

Fatal error:
Topology include file "amber14sb.ff/ions.itp" not found

For more information and tips for troubleshooting, please check the GROMACS
website at https://manual.gromacs.org/current/user-guide/run-time-errors.html
-------------------------------------------------------
Setting the LD random seed to -159650345

Generated 75466 of the 75466 non-bonded parameter combinations

Generated 75466 of the 75466 1-4 parameter combinations

Excluding 3 bonded neighbours molecule type 'EDS00480994'
--------------------------------------------------------------------------
MPI_ABORT was invoked on rank 0 in communicator MPI_COMM_WORLD
with errorcode 1.

NOTE: invoking MPI_ABORT causes Open MPI to kill all MPI processes.
You may or may not see output from other processes, depending on
exactly when Open MPI kills them.
--------------------------------------------------------------------------

-------------------------------------------------------
Program:     gmx genion, version 2026.1
Source file: src/gromacs/commandline/cmdlineparser.cpp (line 271)
Function:    void gmx::CommandLineParser::parse(int*, char**)

Error in user input:
Invalid command-line options
  In command-line option -s
    File 'ions.tpr' does not exist or is not accessible.
    The file could not be opened.
      Reason: No such file or directory
      (call to fopen() returned error code 2)

For more information and tips for troubleshooting, please check the GROMACS
website at https://manual.gromacs.org/current/user-guide/run-time-errors.html
-------------------------------------------------------
--------------------------------------------------------------------------
MPI_ABORT was invoked on rank 0 in communicator MPI_COMM_WORLD
with errorcode 1.

NOTE: invoking MPI_ABORT causes Open MPI to kill all MPI processes.
You may or may not see output from other processes, depending on
exactly when Open MPI kills them.
--------------------------------------------------------------------------
Traceback (most recent call last):
  File "/scratch/u6sp/hpcuser.u6sp/md_cdk2_82496/create_ndx.py", line 22, in <module>
    with open(gro) as f:
         ^^^^^^^^^
FileNotFoundError: [Errno 2] No such file or directory: 'ions.gro'

-------------------------------------------------------
Program:     gmx grompp, version 2026.1
Source file: src/gromacs/commandline/cmdlineparser.cpp (line 271)
Function:    void gmx::CommandLineParser::parse(int*, char**)

Error in user input:
Invalid command-line options
  In command-line option -c
    File 'ions.gro' does not exist or is not accessible.
    The file could not be opened.
      Reason: No such file or directory
      (call to fopen() returned error code 2)

For more information and tips for troubleshooting, please check the GROMACS
website at https://manual.gromacs.org/current/user-guide/run-time-errors.html
-------------------------------------------------------
--------------------------------------------------------------------------
MPI_ABORT was invoked on rank 0 in communicator MPI_COMM_WORLD
with errorcode 1.

NOTE: invoking MPI_ABORT causes Open MPI to kill all MPI processes.
You may or may not see output from other processes, depending on
exactly when Open MPI kills them.
--------------------------------------------------------------------------

NOTE: invoking MPI_ABORT causes Open MPI to kill all MPI processes.
You may or may not see output from other processes, depending on
exactly when Open MPI kills them.
--------------------------------------------------------------------------
  EM done

-------------------------------------------------------
Program:     gmx grompp, version 2026.1
Source file: src/gromacs/commandline/cmdlineparser.cpp (line 271)
Function:    void gmx::CommandLineParser::parse(int*, char**)

Error in user input:
Invalid command-line options
  In command-line option -c
    File 'em.gro' does not exist or is not accessible.
    The file could not be opened.
      Reason: No such file or directory
      (call to fopen() returned error code 2)
  In command-line option -r
    File 'em.gro' does not exist or is not accessible.
    The file could not be opened.
      Reason: No such file or directory
      (call to fopen() returned error code 2)
  In command-line option -n
    File 'analysis.ndx' does not exist or is not accessible.
    The file could not be opened.
      Reason: No such file or directory
      (call to fopen() returned error code 2)

For more information and tips for troubleshooting, please check the GROMACS
website at https://manual.gromacs.org/current/user-guide/run-time-errors.html
-------------------------------------------------------
--------------------------------------------------------------------------
MPI_ABORT was invoked on rank 0 in communicator MPI_COMM_WORLD
with errorcode 1.

NOTE: invoking MPI_ABORT causes Open MPI to kill all MPI processes.
You may or may not see output from other processes, depending on
exactly when Open MPI kills them.
--------------------------------------------------------------------------

NOTE: invoking MPI_ABORT causes Open MPI to kill all MPI processes.
You may or may not see output from other processes, depending on
exactly when Open MPI kills them.
--------------------------------------------------------------------------
  NVT done

-------------------------------------------------------
Program:     gmx grompp, version 2026.1
Source file: src/gromacs/commandline/cmdlineparser.cpp (line 271)
Function:    void gmx::CommandLineParser::parse(int*, char**)

Error in user input:
Invalid command-line options
  In command-line option -c
    File 'nvt.gro' does not exist or is not accessible.
    The file could not be opened.
      Reason: No such file or directory
      (call to fopen() returned error code 2)
  In command-line option -r
    File 'nvt.gro' does not exist or is not accessible.
    The file could not be opened.
      Reason: No such file or directory
      (call to fopen() returned error code 2)
  In command-line option -t
    File 'nvt.cpt' does not exist or is not accessible.
    The file could not be opened.
      Reason: No such file or directory
      (call to fopen() returned error code 2)
  In command-line option -n
    File 'analysis.ndx' does not exist or is not accessible.
    The file could not be opened.
      Reason: No such file or directory
      (call to fopen() returned error code 2)

For more information and tips for troubleshooting, please check the GROMACS
website at https://manual.gromacs.org/current/user-guide/run-time-errors.html
-------------------------------------------------------
--------------------------------------------------------------------------
MPI_ABORT was invoked on rank 0 in communicator MPI_COMM_WORLD
with errorcode 1.

NOTE: invoking MPI_ABORT causes Open MPI to kill all MPI processes.
You may or may not see output from other processes, depending on
exactly when Open MPI kills them.
--------------------------------------------------------------------------

NOTE: invoking MPI_ABORT causes Open MPI to kill all MPI processes.
You may or may not see output from other processes, depending on
exactly when Open MPI kills them.
--------------------------------------------------------------------------
  NPT done

-------------------------------------------------------
Program:     gmx grompp, version 2026.1
Source file: src/gromacs/commandline/cmdlineparser.cpp (line 271)
Function:    void gmx::CommandLineParser::parse(int*, char**)

Error in user input:
Invalid command-line options
  In command-line option -c
    File 'npt.gro' does not exist or is not accessible.
    The file could not be opened.
      Reason: No such file or directory
      (call to fopen() returned error code 2)
  In command-line option -t
    File 'npt.cpt' does not exist or is not accessible.
    The file could not be opened.
      Reason: No such file or directory
      (call to fopen() returned error code 2)
  In command-line option -n
    File 'analysis.ndx' does not exist or is not accessible.
    The file could not be opened.
      Reason: No such file or directory
      (call to fopen() returned error code 2)

For more information and tips for troubleshooting, please check the GROMACS
website at https://manual.gromacs.org/current/user-guide/run-time-errors.html
-------------------------------------------------------
--------------------------------------------------------------------------
MPI_ABORT was invoked on rank 0 in communicator MPI_COMM_WORLD
with errorcode 1.

NOTE: invoking MPI_ABORT causes Open MPI to kill all MPI processes.
You may or may not see output from other processes, depending on
exactly when Open MPI kills them.
--------------------------------------------------------------------------

NOTE: invoking MPI_ABORT causes Open MPI to kill all MPI processes.
You may or may not see output from other processes, depending on
exactly when Open MPI kills them.
--------------------------------------------------------------------------
  MD done: EDS00480994 rep1
=== EDS00480994 replica 2 (seed 2002) ===
Note that major changes are planned in future for editconf, to improve usability and utility.
Read 9306 atoms
Volume: 338.076 nm^3, corresponds to roughly 152100 electrons
No velocities found
    system size :  6.980  7.951  6.092 (nm)
    diameter    :  8.398               (nm)
    center      :  2.648  0.623 -1.834 (nm)
    box vectors :  6.980  7.951  6.092 (nm)
    box angles  :  90.00  90.00  90.00 (degrees)
    box volume  : 338.08               (nm^3)
    shift       :  5.450  7.475  5.652 (nm)
new center      :  8.099  8.099  3.818 (nm)
new box vectors : 10.798 10.798 10.798 (nm)
new box angles  :  60.00  60.00  90.00 (degrees)
new box volume  : 890.31               (nm^3)
Reading solute configuration
Reading solvent configuration

Initialising inter-atomic distances...

WARNING: Masses and atomic (Van der Waals) radii will be guessed
         based on residue and atom names, since they could not be
         definitively assigned from the information in your input
         files. These guessed numbers might deviate from the mass
         and radius of the atom type. Please check the output
         files if necessary. Note, that this functionality may
         be removed in a future GROMACS version. Please, consider
         using another file format for your input.

         The atomic radii are set according to:

++++ PLEASE READ AND CITE THE FOLLOWING REFERENCE ++++
A. Bondi
van der Waals Volumes and Radii
J. Phys. Chem. (1964)
https://doi.org/10.1021/j100785a001
-------- -------- --- Thank You --- -------- --------

Generating solvent configuration
Will generate new solvent configuration of 6x6x5 boxes
Solvent box contains 98568 atoms in 32856 residues
Removed 10848 solvent atoms due to solvent-solvent overlap
Removed 8628 solvent atoms due to solute-solvent overlap
Sorting configuration
Found 1 molecule type:
    SOL (   3 atoms): 26364 residues
Generated solvent containing 79092 atoms in 26364 residues
Writing generated configuration to solv.gro

Output configuration contains 88398 atoms in 26931 residues
Volume                 :     890.306 (nm^3)
Density                :     1016.98 (g/l)
Number of solvent molecules:  26364   

Processing topology

Back Off! I just backed up topol.top to ./#topol.top.1#
Adding line for 26364 solvent molecules with resname (SOL) to topology file (topol.top)
Ignoring obsolete mdp entry 'ns_type'
Generating 1-4 interactions: fudge = 0.5

-------------------------------------------------------
Program:     gmx grompp, version 2026.1
Source file: src/gromacs/gmxpreprocess/gmxcpp.cpp (line 297)

Fatal error:
Topology include file "amber14sb.ff/ions.itp" not found

For more information and tips for troubleshooting, please check the GROMACS
website at https://manual.gromacs.org/current/user-guide/run-time-errors.html
-------------------------------------------------------
Setting the LD random seed to -36185102

Generated 75466 of the 75466 non-bonded parameter combinations

Generated 75466 of the 75466 1-4 parameter combinations

Excluding 3 bonded neighbours molecule type 'EDS00480994'
--------------------------------------------------------------------------
MPI_ABORT was invoked on rank 0 in communicator MPI_COMM_WORLD
with errorcode 1.

NOTE: invoking MPI_ABORT causes Open MPI to kill all MPI processes.
You may or may not see output from other processes, depending on
exactly when Open MPI kills them.
--------------------------------------------------------------------------

-------------------------------------------------------
Program:     gmx genion, version 2026.1
Source file: src/gromacs/commandline/cmdlineparser.cpp (line 271)
Function:    void gmx::CommandLineParser::parse(int*, char**)

Error in user input:
Invalid command-line options
  In command-line option -s
    File 'ions.tpr' does not exist or is not accessible.
    The file could not be opened.
      Reason: No such file or directory
      (call to fopen() returned error code 2)

For more information and tips for troubleshooting, please check the GROMACS
website at https://manual.gromacs.org/current/user-guide/run-time-errors.html
-------------------------------------------------------
--------------------------------------------------------------------------
MPI_ABORT was invoked on rank 0 in communicator MPI_COMM_WORLD
with errorcode 1.

NOTE: invoking MPI_ABORT causes Open MPI to kill all MPI processes.
You may or may not see output from other processes, depending on
exactly when Open MPI kills them.
--------------------------------------------------------------------------
Traceback (most recent call last):
  File "/scratch/u6sp/hpcuser.u6sp/md_cdk2_82496/create_ndx.py", line 22, in <module>
    with open(gro) as f:
         ^^^^^^^^^
FileNotFoundError: [Errno 2] No such file or directory: 'ions.gro'

-------------------------------------------------------
Program:     gmx grompp, version 2026.1
Source file: src/gromacs/commandline/cmdlineparser.cpp (line 271)
Function:    void gmx::CommandLineParser::parse(int*, char**)

Error in user input:
Invalid command-line options
  In command-line option -c
    File 'ions.gro' does not exist or is not accessible.
    The file could not be opened.
      Reason: No such file or directory
      (call to fopen() returned error code 2)

For more information and tips for troubleshooting, please check the GROMACS
website at https://manual.gromacs.org/current/user-guide/run-time-errors.html
-------------------------------------------------------
--------------------------------------------------------------------------
MPI_ABORT was invoked on rank 0 in communicator MPI_COMM_WORLD
with errorcode 1.

NOTE: invoking MPI_ABORT causes Open MPI to kill all MPI processes.
You may or may not see output from other processes, depending on
exactly when Open MPI kills them.
--------------------------------------------------------------------------

NOTE: invoking MPI_ABORT causes Open MPI to kill all MPI processes.
You may or may not see output from other processes, depending on
exactly when Open MPI kills them.
--------------------------------------------------------------------------
  EM done

-------------------------------------------------------
Program:     gmx grompp, version 2026.1
Source file: src/gromacs/commandline/cmdlineparser.cpp (line 271)
Function:    void gmx::CommandLineParser::parse(int*, char**)

Error in user input:
Invalid command-line options
  In command-line option -c
    File 'em.gro' does not exist or is not accessible.
    The file could not be opened.
      Reason: No such file or directory
      (call to fopen() returned error code 2)
  In command-line option -r
    File 'em.gro' does not exist or is not accessible.
    The file could not be opened.
      Reason: No such file or directory
      (call to fopen() returned error code 2)
  In command-line option -n
    File 'analysis.ndx' does not exist or is not accessible.
    The file could not be opened.
      Reason: No such file or directory
      (call to fopen() returned error code 2)

For more information and tips for troubleshooting, please check the GROMACS
website at https://manual.gromacs.org/current/user-guide/run-time-errors.html
-------------------------------------------------------
--------------------------------------------------------------------------
MPI_ABORT was invoked on rank 0 in communicator MPI_COMM_WORLD
with errorcode 1.

NOTE: invoking MPI_ABORT causes Open MPI to kill all MPI processes.
You may or may not see output from other processes, depending on
exactly when Open MPI kills them.
--------------------------------------------------------------------------

NOTE: invoking MPI_ABORT causes Open MPI to kill all MPI processes.
You may or may not see output from other processes, depending on
exactly when Open MPI kills them.
--------------------------------------------------------------------------
  NVT done

-------------------------------------------------------
Program:     gmx grompp, version 2026.1
Source file: src/gromacs/commandline/cmdlineparser.cpp (line 271)
Function:    void gmx::CommandLineParser::parse(int*, char**)

Error in user input:
Invalid command-line options
  In command-line option -c
    File 'nvt.gro' does not exist or is not accessible.
    The file could not be opened.
      Reason: No such file or directory
      (call to fopen() returned error code 2)
  In command-line option -r
    File 'nvt.gro' does not exist or is not accessible.
    The file could not be opened.
      Reason: No such file or directory
      (call to fopen() returned error code 2)
  In command-line option -t
    File 'nvt.cpt' does not exist or is not accessible.
    The file could not be opened.
      Reason: No such file or directory
      (call to fopen() returned error code 2)
  In command-line option -n
    File 'analysis.ndx' does not exist or is not accessible.
    The file could not be opened.
      Reason: No such file or directory
      (call to fopen() returned error code 2)

For more information and tips for troubleshooting, please check the GROMACS
website at https://manual.gromacs.org/current/user-guide/run-time-errors.html
-------------------------------------------------------
--------------------------------------------------------------------------
MPI_ABORT was invoked on rank 0 in communicator MPI_COMM_WORLD
with errorcode 1.

NOTE: invoking MPI_ABORT causes Open MPI to kill all MPI processes.
You may or may not see output from other processes, depending on
exactly when Open MPI kills them.
--------------------------------------------------------------------------

NOTE: invoking MPI_ABORT causes Open MPI to kill all MPI processes.
You may or may not see output from other processes, depending on
exactly when Open MPI kills them.
--------------------------------------------------------------------------
  NPT done

-------------------------------------------------------
Program:     gmx grompp, version 2026.1
Source file: src/gromacs/commandline/cmdlineparser.cpp (line 271)
Function:    void gmx::CommandLineParser::parse(int*, char**)

Error in user input:
Invalid command-line options
  In command-line option -c
    File 'npt.gro' does not exist or is not accessible.
    The file could not be opened.
      Reason: No such file or directory
      (call to fopen() returned error code 2)
  In command-line option -t
    File 'npt.cpt' does not exist or is not accessible.
    The file could not be opened.
      Reason: No such file or directory
      (call to fopen() returned error code 2)
  In command-line option -n
    File 'analysis.ndx' does not exist or is not accessible.
    The file could not be opened.
      Reason: No such file or directory
      (call to fopen() returned error code 2)

For more information and tips for troubleshooting, please check the GROMACS
website at https://manual.gromacs.org/current/user-guide/run-time-errors.html
-------------------------------------------------------
--------------------------------------------------------------------------
MPI_ABORT was invoked on rank 0 in communicator MPI_COMM_WORLD
with errorcode 1.

NOTE: invoking MPI_ABORT causes Open MPI to kill all MPI processes.
You may or may not see output from other processes, depending on
exactly when Open MPI kills them.
--------------------------------------------------------------------------

NOTE: invoking MPI_ABORT causes Open MPI to kill all MPI processes.
You may or may not see output from other processes, depending on
exactly when Open MPI kills them.
--------------------------------------------------------------------------
  MD done: EDS00480994 rep2
=== EDS00480994 replica 3 (seed 3003) ===
Note that major changes are planned in future for editconf, to improve usability and utility.
Read 9306 atoms
Volume: 338.076 nm^3, corresponds to roughly 152100 electrons
No velocities found
    system size :  6.980  7.951  6.092 (nm)
    diameter    :  8.398               (nm)
    center      :  2.648  0.623 -1.834 (nm)
    box vectors :  6.980  7.951  6.092 (nm)
    box angles  :  90.00  90.00  90.00 (degrees)
    box volume  : 338.08               (nm^3)
    shift       :  5.450  7.475  5.652 (nm)
new center      :  8.099  8.099  3.818 (nm)
new box vectors : 10.798 10.798 10.798 (nm)
new box angles  :  60.00  60.00  90.00 (degrees)
new box volume  : 890.31               (nm^3)
Reading solute configuration
Reading solvent configuration

Initialising inter-atomic distances...

WARNING: Masses and atomic (Van der Waals) radii will be guessed
         based on residue and atom names, since they could not be
         definitively assigned from the information in your input
         files. These guessed numbers might deviate from the mass
         and radius of the atom type. Please check the output
         files if necessary. Note, that this functionality may
         be removed in a future GROMACS version. Please, consider
         using another file format for your input.

         The atomic radii are set according to:

++++ PLEASE READ AND CITE THE FOLLOWING REFERENCE ++++
A. Bondi
van der Waals Volumes and Radii
J. Phys. Chem. (1964)
https://doi.org/10.1021/j100785a001
-------- -------- --- Thank You --- -------- --------

Generating solvent configuration
Will generate new solvent configuration of 6x6x5 boxes
Solvent box contains 98568 atoms in 32856 residues
Removed 10848 solvent atoms due to solvent-solvent overlap
Removed 8628 solvent atoms due to solute-solvent overlap
Sorting configuration
Found 1 molecule type:
    SOL (   3 atoms): 26364 residues
Generated solvent containing 79092 atoms in 26364 residues
Writing generated configuration to solv.gro

Output configuration contains 88398 atoms in 26931 residues
Volume                 :     890.306 (nm^3)
Density                :     1016.98 (g/l)
Number of solvent molecules:  26364   

Processing topology

Back Off! I just backed up topol.top to ./#topol.top.1#
Adding line for 26364 solvent molecules with resname (SOL) to topology file (topol.top)
Ignoring obsolete mdp entry 'ns_type'
Generating 1-4 interactions: fudge = 0.5

-------------------------------------------------------
Program:     gmx grompp, version 2026.1
Source file: src/gromacs/gmxpreprocess/gmxcpp.cpp (line 297)

Fatal error:
Topology include file "amber14sb.ff/ions.itp" not found

For more information and tips for troubleshooting, please check the GROMACS
website at https://manual.gromacs.org/current/user-guide/run-time-errors.html
-------------------------------------------------------
Setting the LD random seed to -818024451

Generated 75466 of the 75466 non-bonded parameter combinations

Generated 75466 of the 75466 1-4 parameter combinations

Excluding 3 bonded neighbours molecule type 'EDS00480994'
--------------------------------------------------------------------------
MPI_ABORT was invoked on rank 0 in communicator MPI_COMM_WORLD
with errorcode 1.

NOTE: invoking MPI_ABORT causes Open MPI to kill all MPI processes.
You may or may not see output from other processes, depending on
exactly when Open MPI kills them.
--------------------------------------------------------------------------

-------------------------------------------------------
Program:     gmx genion, version 2026.1
Source file: src/gromacs/commandline/cmdlineparser.cpp (line 271)
Function:    void gmx::CommandLineParser::parse(int*, char**)

Error in user input:
Invalid command-line options
  In command-line option -s
    File 'ions.tpr' does not exist or is not accessible.
    The file could not be opened.
      Reason: No such file or directory
      (call to fopen() returned error code 2)

For more information and tips for troubleshooting, please check the GROMACS
website at https://manual.gromacs.org/current/user-guide/run-time-errors.html
-------------------------------------------------------
--------------------------------------------------------------------------
MPI_ABORT was invoked on rank 0 in communicator MPI_COMM_WORLD
with errorcode 1.

NOTE: invoking MPI_ABORT causes Open MPI to kill all MPI processes.
You may or may not see output from other processes, depending on
exactly when Open MPI kills them.
--------------------------------------------------------------------------
Traceback (most recent call last):
  File "/scratch/u6sp/hpcuser.u6sp/md_cdk2_82496/create_ndx.py", line 22, in <module>
    with open(gro) as f:
         ^^^^^^^^^
FileNotFoundError: [Errno 2] No such file or directory: 'ions.gro'

-------------------------------------------------------
Program:     gmx grompp, version 2026.1
Source file: src/gromacs/commandline/cmdlineparser.cpp (line 271)
Function:    void gmx::CommandLineParser::parse(int*, char**)

Error in user input:
Invalid command-line options
  In command-line option -c
    File 'ions.gro' does not exist or is not accessible.
    The file could not be opened.
      Reason: No such file or directory
      (call to fopen() returned error code 2)

For more information and tips for troubleshooting, please check the GROMACS
website at https://manual.gromacs.org/current/user-guide/run-time-errors.html
-------------------------------------------------------
--------------------------------------------------------------------------
MPI_ABORT was invoked on rank 0 in communicator MPI_COMM_WORLD
with errorcode 1.

NOTE: invoking MPI_ABORT causes Open MPI to kill all MPI processes.
You may or may not see output from other processes, depending on
exactly when Open MPI kills them.
--------------------------------------------------------------------------

NOTE: invoking MPI_ABORT causes Open MPI to kill all MPI processes.
You may or may not see output from other processes, depending on
exactly when Open MPI kills them.
--------------------------------------------------------------------------
  EM done

-------------------------------------------------------
Program:     gmx grompp, version 2026.1
Source file: src/gromacs/commandline/cmdlineparser.cpp (line 271)
Function:    void gmx::CommandLineParser::parse(int*, char**)

Error in user input:
Invalid command-line options
  In command-line option -c
    File 'em.gro' does not exist or is not accessible.
    The file could not be opened.
      Reason: No such file or directory
      (call to fopen() returned error code 2)
  In command-line option -r
    File 'em.gro' does not exist or is not accessible.
    The file could not be opened.
      Reason: No such file or directory
      (call to fopen() returned error code 2)
  In command-line option -n
    File 'analysis.ndx' does not exist or is not accessible.
    The file could not be opened.
      Reason: No such file or directory
      (call to fopen() returned error code 2)

For more information and tips for troubleshooting, please check the GROMACS
website at https://manual.gromacs.org/current/user-guide/run-time-errors.html
-------------------------------------------------------
--------------------------------------------------------------------------
MPI_ABORT was invoked on rank 0 in communicator MPI_COMM_WORLD
with errorcode 1.

NOTE: invoking MPI_ABORT causes Open MPI to kill all MPI processes.
You may or may not see output from other processes, depending on
exactly when Open MPI kills them.
--------------------------------------------------------------------------

NOTE: invoking MPI_ABORT causes Open MPI to kill all MPI processes.
You may or may not see output from other processes, depending on
exactly when Open MPI kills them.
--------------------------------------------------------------------------
  NVT done

-------------------------------------------------------
Program:     gmx grompp, version 2026.1
Source file: src/gromacs/commandline/cmdlineparser.cpp (line 271)
Function:    void gmx::CommandLineParser::parse(int*, char**)

Error in user input:
Invalid command-line options
  In command-line option -c
    File 'nvt.gro' does not exist or is not accessible.
    The file could not be opened.
      Reason: No such file or directory
      (call to fopen() returned error code 2)
  In command-line option -r
    File 'nvt.gro' does not exist or is not accessible.
    The file could not be opened.
      Reason: No such file or directory
      (call to fopen() returned error code 2)
  In command-line option -t
    File 'nvt.cpt' does not exist or is not accessible.
    The file could not be opened.
      Reason: No such file or directory
      (call to fopen() returned error code 2)
  In command-line option -n
    File 'analysis.ndx' does not exist or is not accessible.
    The file could not be opened.
      Reason: No such file or directory
      (call to fopen() returned error code 2)

For more information and tips for troubleshooting, please check the GROMACS
website at https://manual.gromacs.org/current/user-guide/run-time-errors.html
-------------------------------------------------------
--------------------------------------------------------------------------
MPI_ABORT was invoked on rank 0 in communicator MPI_COMM_WORLD
with errorcode 1.

NOTE: invoking MPI_ABORT causes Open MPI to kill all MPI processes.
You may or may not see output from other processes, depending on
exactly when Open MPI kills them.
--------------------------------------------------------------------------

NOTE: invoking MPI_ABORT causes Open MPI to kill all MPI processes.
You may or may not see output from other processes, depending on
exactly when Open MPI kills them.
--------------------------------------------------------------------------
  NPT done

-------------------------------------------------------
Program:     gmx grompp, version 2026.1
Source file: src/gromacs/commandline/cmdlineparser.cpp (line 271)
Function:    void gmx::CommandLineParser::parse(int*, char**)

Error in user input:
Invalid command-line options
  In command-line option -c
    File 'npt.gro' does not exist or is not accessible.
    The file could not be opened.
      Reason: No such file or directory
      (call to fopen() returned error code 2)
  In command-line option -t
    File 'npt.cpt' does not exist or is not accessible.
    The file could not be opened.
      Reason: No such file or directory
      (call to fopen() returned error code 2)
  In command-line option -n
    File 'analysis.ndx' does not exist or is not accessible.
    The file could not be opened.
      Reason: No such file or directory
      (call to fopen() returned error code 2)

For more information and tips for troubleshooting, please check the GROMACS
website at https://manual.gromacs.org/current/user-guide/run-time-errors.html
-------------------------------------------------------
--------------------------------------------------------------------------
MPI_ABORT was invoked on rank 0 in communicator MPI_COMM_WORLD
with errorcode 1.

NOTE: invoking MPI_ABORT causes Open MPI to kill all MPI processes.
You may or may not see output from other processes, depending on
exactly when Open MPI kills them.
--------------------------------------------------------------------------

NOTE: invoking MPI_ABORT causes Open MPI to kill all MPI processes.
You may or may not see output from other processes, depending on
exactly when Open MPI kills them.
--------------------------------------------------------------------------
  MD done: EDS00480994 rep3
=== EDS00444974 replica 1 (seed 1001) ===
Note that major changes are planned in future for editconf, to improve usability and utility.
Read 9283 atoms
Volume: 338.076 nm^3, corresponds to roughly 152100 electrons
No velocities found
    system size :  6.980  7.951  6.092 (nm)
    diameter    :  8.398               (nm)
    center      :  2.646  0.624 -1.832 (nm)
    box vectors :  6.980  7.951  6.092 (nm)
    box angles  :  90.00  90.00  90.00 (degrees)
    box volume  : 338.08               (nm^3)
    shift       :  5.453  7.475  5.650 (nm)
new center      :  8.099  8.099  3.818 (nm)
new box vectors : 10.798 10.798 10.798 (nm)
new box angles  :  60.00  60.00  90.00 (degrees)
new box volume  : 890.31               (nm^3)
Reading solute configuration
Reading solvent configuration

Initialising inter-atomic distances...

WARNING: Masses and atomic (Van der Waals) radii will be guessed
         based on residue and atom names, since they could not be
         definitively assigned from the information in your input
         files. These guessed numbers might deviate from the mass
         and radius of the atom type. Please check the output
         files if necessary. Note, that this functionality may
         be removed in a future GROMACS version. Please, consider
         using another file format for your input.

         The atomic radii are set according to:

++++ PLEASE READ AND CITE THE FOLLOWING REFERENCE ++++
A. Bondi
van der Waals Volumes and Radii
J. Phys. Chem. (1964)
https://doi.org/10.1021/j100785a001
-------- -------- --- Thank You --- -------- --------

Generating solvent configuration
Will generate new solvent configuration of 6x6x5 boxes
Solvent box contains 98568 atoms in 32856 residues
Removed 10848 solvent atoms due to solvent-solvent overlap
Removed 8619 solvent atoms due to solute-solvent overlap
Sorting configuration
Found 1 molecule type:
    SOL (   3 atoms): 26367 residues
Generated solvent containing 79101 atoms in 26367 residues
Writing generated configuration to solv.gro

Output configuration contains 88384 atoms in 26934 residues
Volume                 :     890.306 (nm^3)
Density                :     1016.76 (g/l)
Number of solvent molecules:  26367   

Processing topology

Back Off! I just backed up topol.top to ./#topol.top.1#
Adding line for 26367 solvent molecules with resname (SOL) to topology file (topol.top)
Ignoring obsolete mdp entry 'ns_type'
Generating 1-4 interactions: fudge = 0.5

-------------------------------------------------------
Program:     gmx grompp, version 2026.1
Source file: src/gromacs/gmxpreprocess/gmxcpp.cpp (line 297)

Fatal error:
Topology include file "amber14sb.ff/ions.itp" not found

For more information and tips for troubleshooting, please check the GROMACS
website at https://manual.gromacs.org/current/user-guide/run-time-errors.html
-------------------------------------------------------
Setting the LD random seed to -1493248001

Generated 73920 of the 73920 non-bonded parameter combinations

Generated 73920 of the 73920 1-4 parameter combinations

Excluding 3 bonded neighbours molecule type 'EDS00444974'
--------------------------------------------------------------------------
MPI_ABORT was invoked on rank 0 in communicator MPI_COMM_WORLD
with errorcode 1.

NOTE: invoking MPI_ABORT causes Open MPI to kill all MPI processes.
You may or may not see output from other processes, depending on
exactly when Open MPI kills them.
--------------------------------------------------------------------------

-------------------------------------------------------
Program:     gmx genion, version 2026.1
Source file: src/gromacs/commandline/cmdlineparser.cpp (line 271)
Function:    void gmx::CommandLineParser::parse(int*, char**)

Error in user input:
Invalid command-line options
  In command-line option -s
    File 'ions.tpr' does not exist or is not accessible.
    The file could not be opened.
      Reason: No such file or directory
      (call to fopen() returned error code 2)

For more information and tips for troubleshooting, please check the GROMACS
website at https://manual.gromacs.org/current/user-guide/run-time-errors.html
-------------------------------------------------------
--------------------------------------------------------------------------
MPI_ABORT was invoked on rank 0 in communicator MPI_COMM_WORLD
with errorcode 1.

NOTE: invoking MPI_ABORT causes Open MPI to kill all MPI processes.
You may or may not see output from other processes, depending on
exactly when Open MPI kills them.
--------------------------------------------------------------------------
Traceback (most recent call last):
  File "/scratch/u6sp/hpcuser.u6sp/md_cdk2_82496/create_ndx.py", line 22, in <module>
    with open(gro) as f:
         ^^^^^^^^^
FileNotFoundError: [Errno 2] No such file or directory: 'ions.gro'

-------------------------------------------------------
Program:     gmx grompp, version 2026.1
Source file: src/gromacs/commandline/cmdlineparser.cpp (line 271)
Function:    void gmx::CommandLineParser::parse(int*, char**)

Error in user input:
Invalid command-line options
  In command-line option -c
    File 'ions.gro' does not exist or is not accessible.
    The file could not be opened.
      Reason: No such file or directory
      (call to fopen() returned error code 2)

For more information and tips for troubleshooting, please check the GROMACS
website at https://manual.gromacs.org/current/user-guide/run-time-errors.html
-------------------------------------------------------
--------------------------------------------------------------------------
MPI_ABORT was invoked on rank 0 in communicator MPI_COMM_WORLD
with errorcode 1.

NOTE: invoking MPI_ABORT causes Open MPI to kill all MPI processes.
You may or may not see output from other processes, depending on
exactly when Open MPI kills them.
--------------------------------------------------------------------------

NOTE: invoking MPI_ABORT causes Open MPI to kill all MPI processes.
You may or may not see output from other processes, depending on
exactly when Open MPI kills them.
--------------------------------------------------------------------------
  EM done

-------------------------------------------------------
Program:     gmx grompp, version 2026.1
Source file: src/gromacs/commandline/cmdlineparser.cpp (line 271)
Function:    void gmx::CommandLineParser::parse(int*, char**)

Error in user input:
Invalid command-line options
  In command-line option -c
    File 'em.gro' does not exist or is not accessible.
    The file could not be opened.
      Reason: No such file or directory
      (call to fopen() returned error code 2)
  In command-line option -r
    File 'em.gro' does not exist or is not accessible.
    The file could not be opened.
      Reason: No such file or directory
      (call to fopen() returned error code 2)
  In command-line option -n
    File 'analysis.ndx' does not exist or is not accessible.
    The file could not be opened.
      Reason: No such file or directory
      (call to fopen() returned error code 2)

For more information and tips for troubleshooting, please check the GROMACS
website at https://manual.gromacs.org/current/user-guide/run-time-errors.html
-------------------------------------------------------
--------------------------------------------------------------------------
MPI_ABORT was invoked on rank 0 in communicator MPI_COMM_WORLD
with errorcode 1.

NOTE: invoking MPI_ABORT causes Open MPI to kill all MPI processes.
You may or may not see output from other processes, depending on
exactly when Open MPI kills them.
--------------------------------------------------------------------------

NOTE: invoking MPI_ABORT causes Open MPI to kill all MPI processes.
You may or may not see output from other processes, depending on
exactly when Open MPI kills them.
--------------------------------------------------------------------------
  NVT done

-------------------------------------------------------
Program:     gmx grompp, version 2026.1
Source file: src/gromacs/commandline/cmdlineparser.cpp (line 271)
Function:    void gmx::CommandLineParser::parse(int*, char**)

Error in user input:
Invalid command-line options
  In command-line option -c
    File 'nvt.gro' does not exist or is not accessible.
    The file could not be opened.
      Reason: No such file or directory
      (call to fopen() returned error code 2)
  In command-line option -r
    File 'nvt.gro' does not exist or is not accessible.
    The file could not be opened.
      Reason: No such file or directory
      (call to fopen() returned error code 2)
  In command-line option -t
    File 'nvt.cpt' does not exist or is not accessible.
    The file could not be opened.
      Reason: No such file or directory
      (call to fopen() returned error code 2)
  In command-line option -n
    File 'analysis.ndx' does not exist or is not accessible.
    The file could not be opened.
      Reason: No such file or directory
      (call to fopen() returned error code 2)

For more information and tips for troubleshooting, please check the GROMACS
website at https://manual.gromacs.org/current/user-guide/run-time-errors.html
-------------------------------------------------------
--------------------------------------------------------------------------
MPI_ABORT was invoked on rank 0 in communicator MPI_COMM_WORLD
with errorcode 1.

NOTE: invoking MPI_ABORT causes Open MPI to kill all MPI processes.
You may or may not see output from other processes, depending on
exactly when Open MPI kills them.
--------------------------------------------------------------------------

NOTE: invoking MPI_ABORT causes Open MPI to kill all MPI processes.
You may or may not see output from other processes, depending on
exactly when Open MPI kills them.
--------------------------------------------------------------------------
  NPT done

-------------------------------------------------------
Program:     gmx grompp, version 2026.1
Source file: src/gromacs/commandline/cmdlineparser.cpp (line 271)
Function:    void gmx::CommandLineParser::parse(int*, char**)

Error in user input:
Invalid command-line options
  In command-line option -c
    File 'npt.gro' does not exist or is not accessible.
    The file could not be opened.
      Reason: No such file or directory
      (call to fopen() returned error code 2)
  In command-line option -t
    File 'npt.cpt' does not exist or is not accessible.
    The file could not be opened.
      Reason: No such file or directory
      (call to fopen() returned error code 2)
  In command-line option -n
    File 'analysis.ndx' does not exist or is not accessible.
    The file could not be opened.
      Reason: No such file or directory
      (call to fopen() returned error code 2)

For more information and tips for troubleshooting, please check the GROMACS
website at https://manual.gromacs.org/current/user-guide/run-time-errors.html
-------------------------------------------------------
--------------------------------------------------------------------------
MPI_ABORT was invoked on rank 0 in communicator MPI_COMM_WORLD
with errorcode 1.

NOTE: invoking MPI_ABORT causes Open MPI to kill all MPI processes.
You may or may not see output from other processes, depending on
exactly when Open MPI kills them.
--------------------------------------------------------------------------

NOTE: invoking MPI_ABORT causes Open MPI to kill all MPI processes.
You may or may not see output from other processes, depending on
exactly when Open MPI kills them.
--------------------------------------------------------------------------
  MD done: EDS00444974 rep1
=== EDS00444974 replica 2 (seed 2002) ===
Note that major changes are planned in future for editconf, to improve usability and utility.
Read 9283 atoms
Volume: 338.076 nm^3, corresponds to roughly 152100 electrons
No velocities found
    system size :  6.980  7.951  6.092 (nm)
    diameter    :  8.398               (nm)
    center      :  2.646  0.624 -1.832 (nm)
    box vectors :  6.980  7.951  6.092 (nm)
    box angles  :  90.00  90.00  90.00 (degrees)
    box volume  : 338.08               (nm^3)
    shift       :  5.453  7.475  5.650 (nm)
new center      :  8.099  8.099  3.818 (nm)
new box vectors : 10.798 10.798 10.798 (nm)
new box angles  :  60.00  60.00  90.00 (degrees)
new box volume  : 890.31               (nm^3)
Reading solute configuration
Reading solvent configuration

Initialising inter-atomic distances...

WARNING: Masses and atomic (Van der Waals) radii will be guessed
         based on residue and atom names, since they could not be
         definitively assigned from the information in your input
         files. These guessed numbers might deviate from the mass
         and radius of the atom type. Please check the output
         files if necessary. Note, that this functionality may
         be removed in a future GROMACS version. Please, consider
         using another file format for your input.

         The atomic radii are set according to:

++++ PLEASE READ AND CITE THE FOLLOWING REFERENCE ++++
A. Bondi
van der Waals Volumes and Radii
J. Phys. Chem. (1964)
https://doi.org/10.1021/j100785a001
-------- -------- --- Thank You --- -------- --------

Generating solvent configuration
Will generate new solvent configuration of 6x6x5 boxes
Solvent box contains 98568 atoms in 32856 residues
Removed 10848 solvent atoms due to solvent-solvent overlap
Removed 8619 solvent atoms due to solute-solvent overlap
Sorting configuration
Found 1 molecule type:
    SOL (   3 atoms): 26367 residues
Generated solvent containing 79101 atoms in 26367 residues
Writing generated configuration to solv.gro

Output configuration contains 88384 atoms in 26934 residues
Volume                 :     890.306 (nm^3)
Density                :     1016.76 (g/l)
Number of solvent molecules:  26367   

Processing topology

Back Off! I just backed up topol.top to ./#topol.top.1#
Adding line for 26367 solvent molecules with resname (SOL) to topology file (topol.top)
Ignoring obsolete mdp entry 'ns_type'
Generating 1-4 interactions: fudge = 0.5

-------------------------------------------------------
Program:     gmx grompp, version 2026.1
Source file: src/gromacs/gmxpreprocess/gmxcpp.cpp (line 297)

Fatal error:
Topology include file "amber14sb.ff/ions.itp" not found

For more information and tips for troubleshooting, please check the GROMACS
website at https://manual.gromacs.org/current/user-guide/run-time-errors.html
-------------------------------------------------------
Setting the LD random seed to 2137480191

Generated 73920 of the 73920 non-bonded parameter combinations

Generated 73920 of the 73920 1-4 parameter combinations

Excluding 3 bonded neighbours molecule type 'EDS00444974'
--------------------------------------------------------------------------
MPI_ABORT was invoked on rank 0 in communicator MPI_COMM_WORLD
with errorcode 1.

NOTE: invoking MPI_ABORT causes Open MPI to kill all MPI processes.
You may or may not see output from other processes, depending on
exactly when Open MPI kills them.
--------------------------------------------------------------------------

-------------------------------------------------------
Program:     gmx genion, version 2026.1
Source file: src/gromacs/commandline/cmdlineparser.cpp (line 271)
Function:    void gmx::CommandLineParser::parse(int*, char**)

Error in user input:
Invalid command-line options
  In command-line option -s
    File 'ions.tpr' does not exist or is not accessible.
    The file could not be opened.
      Reason: No such file or directory
      (call to fopen() returned error code 2)

For more information and tips for troubleshooting, please check the GROMACS
website at https://manual.gromacs.org/current/user-guide/run-time-errors.html
-------------------------------------------------------
--------------------------------------------------------------------------
MPI_ABORT was invoked on rank 0 in communicator MPI_COMM_WORLD
with errorcode 1.

NOTE: invoking MPI_ABORT causes Open MPI to kill all MPI processes.
You may or may not see output from other processes, depending on
exactly when Open MPI kills them.
--------------------------------------------------------------------------
Traceback (most recent call last):
  File "/scratch/u6sp/hpcuser.u6sp/md_cdk2_82496/create_ndx.py", line 22, in <module>
    with open(gro) as f:
         ^^^^^^^^^
FileNotFoundError: [Errno 2] No such file or directory: 'ions.gro'

-------------------------------------------------------
Program:     gmx grompp, version 2026.1
Source file: src/gromacs/commandline/cmdlineparser.cpp (line 271)
Function:    void gmx::CommandLineParser::parse(int*, char**)

Error in user input:
Invalid command-line options
  In command-line option -c
    File 'ions.gro' does not exist or is not accessible.
    The file could not be opened.
      Reason: No such file or directory
      (call to fopen() returned error code 2)

For more information and tips for troubleshooting, please check the GROMACS
website at https://manual.gromacs.org/current/user-guide/run-time-errors.html
-------------------------------------------------------
--------------------------------------------------------------------------
MPI_ABORT was invoked on rank 0 in communicator MPI_COMM_WORLD
with errorcode 1.

NOTE: invoking MPI_ABORT causes Open MPI to kill all MPI processes.
You may or may not see output from other processes, depending on
exactly when Open MPI kills them.
--------------------------------------------------------------------------

NOTE: invoking MPI_ABORT causes Open MPI to kill all MPI processes.
You may or may not see output from other processes, depending on
exactly when Open MPI kills them.
--------------------------------------------------------------------------
  EM done

-------------------------------------------------------
Program:     gmx grompp, version 2026.1
Source file: src/gromacs/commandline/cmdlineparser.cpp (line 271)
Function:    void gmx::CommandLineParser::parse(int*, char**)

Error in user input:
Invalid command-line options
  In command-line option -c
    File 'em.gro' does not exist or is not accessible.
    The file could not be opened.
      Reason: No such file or directory
      (call to fopen() returned error code 2)
  In command-line option -r
    File 'em.gro' does not exist or is not accessible.
    The file could not be opened.
      Reason: No such file or directory
      (call to fopen() returned error code 2)
  In command-line option -n
    File 'analysis.ndx' does not exist or is not accessible.
    The file could not be opened.
      Reason: No such file or directory
      (call to fopen() returned error code 2)

For more information and tips for troubleshooting, please check the GROMACS
website at https://manual.gromacs.org/current/user-guide/run-time-errors.html
-------------------------------------------------------
--------------------------------------------------------------------------
MPI_ABORT was invoked on rank 0 in communicator MPI_COMM_WORLD
with errorcode 1.

NOTE: invoking MPI_ABORT causes Open MPI to kill all MPI processes.
You may or may not see output from other processes, depending on
exactly when Open MPI kills them.
--------------------------------------------------------------------------

NOTE: invoking MPI_ABORT causes Open MPI to kill all MPI processes.
You may or may not see output from other processes, depending on
exactly when Open MPI kills them.
--------------------------------------------------------------------------
  NVT done

-------------------------------------------------------
Program:     gmx grompp, version 2026.1
Source file: src/gromacs/commandline/cmdlineparser.cpp (line 271)
Function:    void gmx::CommandLineParser::parse(int*, char**)

Error in user input:
Invalid command-line options
  In command-line option -c
    File 'nvt.gro' does not exist or is not accessible.
    The file could not be opened.
      Reason: No such file or directory
      (call to fopen() returned error code 2)
  In command-line option -r
    File 'nvt.gro' does not exist or is not accessible.
    The file could not be opened.
      Reason: No such file or directory
      (call to fopen() returned error code 2)
  In command-line option -t
    File 'nvt.cpt' does not exist or is not accessible.
    The file could not be opened.
      Reason: No such file or directory
      (call to fopen() returned error code 2)
  In command-line option -n
    File 'analysis.ndx' does not exist or is not accessible.
    The file could not be opened.
      Reason: No such file or directory
      (call to fopen() returned error code 2)

For more information and tips for troubleshooting, please check the GROMACS
website at https://manual.gromacs.org/current/user-guide/run-time-errors.html
-------------------------------------------------------
--------------------------------------------------------------------------
MPI_ABORT was invoked on rank 0 in communicator MPI_COMM_WORLD
with errorcode 1.

NOTE: invoking MPI_ABORT causes Open MPI to kill all MPI processes.
You may or may not see output from other processes, depending on
exactly when Open MPI kills them.
--------------------------------------------------------------------------

NOTE: invoking MPI_ABORT causes Open MPI to kill all MPI processes.
You may or may not see output from other processes, depending on
exactly when Open MPI kills them.
--------------------------------------------------------------------------
  NPT done

-------------------------------------------------------
Program:     gmx grompp, version 2026.1
Source file: src/gromacs/commandline/cmdlineparser.cpp (line 271)
Function:    void gmx::CommandLineParser::parse(int*, char**)

Error in user input:
Invalid command-line options
  In command-line option -c
    File 'npt.gro' does not exist or is not accessible.
    The file could not be opened.
      Reason: No such file or directory
      (call to fopen() returned error code 2)
  In command-line option -t
    File 'npt.cpt' does not exist or is not accessible.
    The file could not be opened.
      Reason: No such file or directory
      (call to fopen() returned error code 2)
  In command-line option -n
    File 'analysis.ndx' does not exist or is not accessible.
    The file could not be opened.
      Reason: No such file or directory
      (call to fopen() returned error code 2)

For more information and tips for troubleshooting, please check the GROMACS
website at https://manual.gromacs.org/current/user-guide/run-time-errors.html
-------------------------------------------------------
--------------------------------------------------------------------------
MPI_ABORT was invoked on rank 0 in communicator MPI_COMM_WORLD
with errorcode 1.

NOTE: invoking MPI_ABORT causes Open MPI to kill all MPI processes.
You may or may not see output from other processes, depending on
exactly when Open MPI kills them.
--------------------------------------------------------------------------

NOTE: invoking MPI_ABORT causes Open MPI to kill all MPI processes.
You may or may not see output from other processes, depending on
exactly when Open MPI kills them.
--------------------------------------------------------------------------
  MD done: EDS00444974 rep2
=== EDS00444974 replica 3 (seed 3003) ===
Note that major changes are planned in future for editconf, to improve usability and utility.
Read 9283 atoms
Volume: 338.076 nm^3, corresponds to roughly 152100 electrons
No velocities found
    system size :  6.980  7.951  6.092 (nm)
    diameter    :  8.398               (nm)
    center      :  2.646  0.624 -1.832 (nm)
    box vectors :  6.980  7.951  6.092 (nm)
    box angles  :  90.00  90.00  90.00 (degrees)
    box volume  : 338.08               (nm^3)
    shift       :  5.453  7.475  5.650 (nm)
new center      :  8.099  8.099  3.818 (nm)
new box vectors : 10.798 10.798 10.798 (nm)
new box angles  :  60.00  60.00  90.00 (degrees)
new box volume  : 890.31               (nm^3)
Reading solute configuration
Reading solvent configuration

Initialising inter-atomic distances...

WARNING: Masses and atomic (Van der Waals) radii will be guessed
         based on residue and atom names, since they could not be
         definitively assigned from the information in your input
         files. These guessed numbers might deviate from the mass
         and radius of the atom type. Please check the output
         files if necessary. Note, that this functionality may
         be removed in a future GROMACS version. Please, consider
         using another file format for your input.

         The atomic radii are set according to:

++++ PLEASE READ AND CITE THE FOLLOWING REFERENCE ++++
A. Bondi
van der Waals Volumes and Radii
J. Phys. Chem. (1964)
https://doi.org/10.1021/j100785a001
-------- -------- --- Thank You --- -------- --------

Generating solvent configuration
Will generate new solvent configuration of 6x6x5 boxes
Solvent box contains 98568 atoms in 32856 residues
Removed 10848 solvent atoms due to solvent-solvent overlap
Removed 8619 solvent atoms due to solute-solvent overlap
Sorting configuration
Found 1 molecule type:
    SOL (   3 atoms): 26367 residues
Generated solvent containing 79101 atoms in 26367 residues
Writing generated configuration to solv.gro

Output configuration contains 88384 atoms in 26934 residues
Volume                 :     890.306 (nm^3)
Density                :     1016.76 (g/l)
Number of solvent molecules:  26367   

Processing topology

Back Off! I just backed up topol.top to ./#topol.top.1#
Adding line for 26367 solvent molecules with resname (SOL) to topology file (topol.top)
Ignoring obsolete mdp entry 'ns_type'
Generating 1-4 interactions: fudge = 0.5

-------------------------------------------------------
Program:     gmx grompp, version 2026.1
Source file: src/gromacs/gmxpreprocess/gmxcpp.cpp (line 297)

Fatal error:
Topology include file "amber14sb.ff/ions.itp" not found

For more information and tips for troubleshooting, please check the GROMACS
website at https://manual.gromacs.org/current/user-guide/run-time-errors.html
-------------------------------------------------------
Setting the LD random seed to -540807205

Generated 73920 of the 73920 non-bonded parameter combinations

Generated 73920 of the 73920 1-4 parameter combinations

Excluding 3 bonded neighbours molecule type 'EDS00444974'
--------------------------------------------------------------------------
MPI_ABORT was invoked on rank 0 in communicator MPI_COMM_WORLD
with errorcode 1.

NOTE: invoking MPI_ABORT causes Open MPI to kill all MPI processes.
You may or may not see output from other processes, depending on
exactly when Open MPI kills them.
--------------------------------------------------------------------------

-------------------------------------------------------
Program:     gmx genion, version 2026.1
Source file: src/gromacs/commandline/cmdlineparser.cpp (line 271)
Function:    void gmx::CommandLineParser::parse(int*, char**)

Error in user input:
Invalid command-line options
  In command-line option -s
    File 'ions.tpr' does not exist or is not accessible.
    The file could not be opened.
      Reason: No such file or directory
      (call to fopen() returned error code 2)

For more information and tips for troubleshooting, please check the GROMACS
website at https://manual.gromacs.org/current/user-guide/run-time-errors.html
-------------------------------------------------------
--------------------------------------------------------------------------
MPI_ABORT was invoked on rank 0 in communicator MPI_COMM_WORLD
with errorcode 1.

NOTE: invoking MPI_ABORT causes Open MPI to kill all MPI processes.
You may or may not see output from other processes, depending on
exactly when Open MPI kills them.
--------------------------------------------------------------------------
Traceback (most recent call last):
  File "/scratch/u6sp/hpcuser.u6sp/md_cdk2_82496/create_ndx.py", line 22, in <module>
    with open(gro) as f:
         ^^^^^^^^^
FileNotFoundError: [Errno 2] No such file or directory: 'ions.gro'

-------------------------------------------------------
Program:     gmx grompp, version 2026.1
Source file: src/gromacs/commandline/cmdlineparser.cpp (line 271)
Function:    void gmx::CommandLineParser::parse(int*, char**)

Error in user input:
Invalid command-line options
  In command-line option -c
    File 'ions.gro' does not exist or is not accessible.
    The file could not be opened.
      Reason: No such file or directory
      (call to fopen() returned error code 2)

For more information and tips for troubleshooting, please check the GROMACS
website at https://manual.gromacs.org/current/user-guide/run-time-errors.html
-------------------------------------------------------
--------------------------------------------------------------------------
MPI_ABORT was invoked on rank 0 in communicator MPI_COMM_WORLD
with errorcode 1.

NOTE: invoking MPI_ABORT causes Open MPI to kill all MPI processes.
You may or may not see output from other processes, depending on
exactly when Open MPI kills them.
--------------------------------------------------------------------------

NOTE: invoking MPI_ABORT causes Open MPI to kill all MPI processes.
You may or may not see output from other processes, depending on
exactly when Open MPI kills them.
--------------------------------------------------------------------------
  EM done

-------------------------------------------------------
Program:     gmx grompp, version 2026.1
Source file: src/gromacs/commandline/cmdlineparser.cpp (line 271)
Function:    void gmx::CommandLineParser::parse(int*, char**)

Error in user input:
Invalid command-line options
  In command-line option -c
    File 'em.gro' does not exist or is not accessible.
    The file could not be opened.
      Reason: No such file or directory
      (call to fopen() returned error code 2)
  In command-line option -r
    File 'em.gro' does not exist or is not accessible.
    The file could not be opened.
      Reason: No such file or directory
      (call to fopen() returned error code 2)
  In command-line option -n
    File 'analysis.ndx' does not exist or is not accessible.
    The file could not be opened.
      Reason: No such file or directory
      (call to fopen() returned error code 2)

For more information and tips for troubleshooting, please check the GROMACS
website at https://manual.gromacs.org/current/user-guide/run-time-errors.html
-------------------------------------------------------
--------------------------------------------------------------------------
MPI_ABORT was invoked on rank 0 in communicator MPI_COMM_WORLD
with errorcode 1.

NOTE: invoking MPI_ABORT causes Open MPI to kill all MPI processes.
You may or may not see output from other processes, depending on
exactly when Open MPI kills them.
--------------------------------------------------------------------------

NOTE: invoking MPI_ABORT causes Open MPI to kill all MPI processes.
You may or may not see output from other processes, depending on
exactly when Open MPI kills them.
--------------------------------------------------------------------------
  NVT done

-------------------------------------------------------
Program:     gmx grompp, version 2026.1
Source file: src/gromacs/commandline/cmdlineparser.cpp (line 271)
Function:    void gmx::CommandLineParser::parse(int*, char**)

Error in user input:
Invalid command-line options
  In command-line option -c
    File 'nvt.gro' does not exist or is not accessible.
    The file could not be opened.
      Reason: No such file or directory
      (call to fopen() returned error code 2)
  In command-line option -r
    File 'nvt.gro' does not exist or is not accessible.
    The file could not be opened.
      Reason: No such file or directory
      (call to fopen() returned error code 2)
  In command-line option -t
    File 'nvt.cpt' does not exist or is not accessible.
    The file could not be opened.
      Reason: No such file or directory
      (call to fopen() returned error code 2)
  In command-line option -n
    File 'analysis.ndx' does not exist or is not accessible.
    The file could not be opened.
      Reason: No such file or directory
      (call to fopen() returned error code 2)

For more information and tips for troubleshooting, please check the GROMACS
website at https://manual.gromacs.org/current/user-guide/run-time-errors.html
-------------------------------------------------------
--------------------------------------------------------------------------
MPI_ABORT was invoked on rank 0 in communicator MPI_COMM_WORLD
with errorcode 1.

NOTE: invoking MPI_ABORT causes Open MPI to kill all MPI processes.
You may or may not see output from other processes, depending on
exactly when Open MPI kills them.
--------------------------------------------------------------------------

NOTE: invoking MPI_ABORT causes Open MPI to kill all MPI processes.
You may or may not see output from other processes, depending on
exactly when Open MPI kills them.
--------------------------------------------------------------------------
  NPT done

-------------------------------------------------------
Program:     gmx grompp, version 2026.1
Source file: src/gromacs/commandline/cmdlineparser.cpp (line 271)
Function:    void gmx::CommandLineParser::parse(int*, char**)

Error in user input:
Invalid command-line options
  In command-line option -c
    File 'npt.gro' does not exist or is not accessible.
    The file could not be opened.
      Reason: No such file or directory
      (call to fopen() returned error code 2)
  In command-line option -t
    File 'npt.cpt' does not exist or is not accessible.
    The file could not be opened.
      Reason: No such file or directory
      (call to fopen() returned error code 2)
  In command-line option -n
    File 'analysis.ndx' does not exist or is not accessible.
    The file could not be opened.
      Reason: No such file or directory
      (call to fopen() returned error code 2)

For more information and tips for troubleshooting, please check the GROMACS
website at https://manual.gromacs.org/current/user-guide/run-time-errors.html
-------------------------------------------------------
--------------------------------------------------------------------------
MPI_ABORT was invoked on rank 0 in communicator MPI_COMM_WORLD
with errorcode 1.

NOTE: invoking MPI_ABORT causes Open MPI to kill all MPI processes.
You may or may not see output from other processes, depending on
exactly when Open MPI kills them.
--------------------------------------------------------------------------

NOTE: invoking MPI_ABORT causes Open MPI to kill all MPI processes.
You may or may not see output from other processes, depending on
exactly when Open MPI kills them.
--------------------------------------------------------------------------
  MD done: EDS00444974 rep3
=== EDS00481054 replica 1 (seed 1001) ===
Note that major changes are planned in future for editconf, to improve usability and utility.
Read 9301 atoms
Volume: 338.076 nm^3, corresponds to roughly 152100 electrons
No velocities found
    system size :  6.980  7.951  6.092 (nm)
    diameter    :  8.398               (nm)
    center      :  2.651  0.625 -1.834 (nm)
    box vectors :  6.980  7.951  6.092 (nm)
    box angles  :  90.00  90.00  90.00 (degrees)
    box volume  : 338.08               (nm^3)
    shift       :  5.448  7.474  5.652 (nm)
new center      :  8.099  8.099  3.818 (nm)
new box vectors : 10.798 10.798 10.798 (nm)
new box angles  :  60.00  60.00  90.00 (degrees)
new box volume  : 890.31               (nm^3)
Reading solute configuration
Reading solvent configuration

Initialising inter-atomic distances...

WARNING: Masses and atomic (Van der Waals) radii will be guessed
         based on residue and atom names, since they could not be
         definitively assigned from the information in your input
         files. These guessed numbers might deviate from the mass
         and radius of the atom type. Please check the output
         files if necessary. Note, that this functionality may
         be removed in a future GROMACS version. Please, consider
         using another file format for your input.

         The atomic radii are set according to:

++++ PLEASE READ AND CITE THE FOLLOWING REFERENCE ++++
A. Bondi
van der Waals Volumes and Radii
J. Phys. Chem. (1964)
https://doi.org/10.1021/j100785a001
-------- -------- --- Thank You --- -------- --------

Generating solvent configuration
Will generate new solvent configuration of 6x6x5 boxes
Solvent box contains 98568 atoms in 32856 residues
Removed 10848 solvent atoms due to solvent-solvent overlap
Removed 8640 solvent atoms due to solute-solvent overlap
Sorting configuration
Found 1 molecule type:
    SOL (   3 atoms): 26360 residues
Generated solvent containing 79080 atoms in 26360 residues
Writing generated configuration to solv.gro

Output configuration contains 88381 atoms in 26927 residues
Volume                 :     890.306 (nm^3)
Density                :     1016.79 (g/l)
Number of solvent molecules:  26360   

Processing topology

Back Off! I just backed up topol.top to ./#topol.top.1#
Adding line for 26360 solvent molecules with resname (SOL) to topology file (topol.top)
Ignoring obsolete mdp entry 'ns_type'
Generating 1-4 interactions: fudge = 0.5

-------------------------------------------------------
Program:     gmx grompp, version 2026.1
Source file: src/gromacs/gmxpreprocess/gmxcpp.cpp (line 297)

Fatal error:
Topology include file "amber14sb.ff/ions.itp" not found

For more information and tips for troubleshooting, please check the GROMACS
website at https://manual.gromacs.org/current/user-guide/run-time-errors.html
-------------------------------------------------------
Setting the LD random seed to -302254449

Generated 75466 of the 75466 non-bonded parameter combinations

Generated 75466 of the 75466 1-4 parameter combinations

Excluding 3 bonded neighbours molecule type 'EDS00481054'
--------------------------------------------------------------------------
MPI_ABORT was invoked on rank 0 in communicator MPI_COMM_WORLD
with errorcode 1.

NOTE: invoking MPI_ABORT causes Open MPI to kill all MPI processes.
You may or may not see output from other processes, depending on
exactly when Open MPI kills them.
--------------------------------------------------------------------------

-------------------------------------------------------
Program:     gmx genion, version 2026.1
Source file: src/gromacs/commandline/cmdlineparser.cpp (line 271)
Function:    void gmx::CommandLineParser::parse(int*, char**)

Error in user input:
Invalid command-line options
  In command-line option -s
    File 'ions.tpr' does not exist or is not accessible.
    The file could not be opened.
      Reason: No such file or directory
      (call to fopen() returned error code 2)

For more information and tips for troubleshooting, please check the GROMACS
website at https://manual.gromacs.org/current/user-guide/run-time-errors.html
-------------------------------------------------------
--------------------------------------------------------------------------
MPI_ABORT was invoked on rank 0 in communicator MPI_COMM_WORLD
with errorcode 1.

NOTE: invoking MPI_ABORT causes Open MPI to kill all MPI processes.
You may or may not see output from other processes, depending on
exactly when Open MPI kills them.
--------------------------------------------------------------------------
Traceback (most recent call last):
  File "/scratch/u6sp/hpcuser.u6sp/md_cdk2_82496/create_ndx.py", line 22, in <module>
    with open(gro) as f:
         ^^^^^^^^^
FileNotFoundError: [Errno 2] No such file or directory: 'ions.gro'

-------------------------------------------------------
Program:     gmx grompp, version 2026.1
Source file: src/gromacs/commandline/cmdlineparser.cpp (line 271)
Function:    void gmx::CommandLineParser::parse(int*, char**)

Error in user input:
Invalid command-line options
  In command-line option -c
    File 'ions.gro' does not exist or is not accessible.
    The file could not be opened.
      Reason: No such file or directory
      (call to fopen() returned error code 2)

For more information and tips for troubleshooting, please check the GROMACS
website at https://manual.gromacs.org/current/user-guide/run-time-errors.html
-------------------------------------------------------
--------------------------------------------------------------------------
MPI_ABORT was invoked on rank 0 in communicator MPI_COMM_WORLD
with errorcode 1.

NOTE: invoking MPI_ABORT causes Open MPI to kill all MPI processes.
You may or may not see output from other processes, depending on
exactly when Open MPI kills them.
--------------------------------------------------------------------------

NOTE: invoking MPI_ABORT causes Open MPI to kill all MPI processes.
You may or may not see output from other processes, depending on
exactly when Open MPI kills them.
--------------------------------------------------------------------------
  EM done

-------------------------------------------------------
Program:     gmx grompp, version 2026.1
Source file: src/gromacs/commandline/cmdlineparser.cpp (line 271)
Function:    void gmx::CommandLineParser::parse(int*, char**)

Error in user input:
Invalid command-line options
  In command-line option -c
    File 'em.gro' does not exist or is not accessible.
    The file could not be opened.
      Reason: No such file or directory
      (call to fopen() returned error code 2)
  In command-line option -r
    File 'em.gro' does not exist or is not accessible.
    The file could not be opened.
      Reason: No such file or directory
      (call to fopen() returned error code 2)
  In command-line option -n
    File 'analysis.ndx' does not exist or is not accessible.
    The file could not be opened.
      Reason: No such file or directory
      (call to fopen() returned error code 2)

For more information and tips for troubleshooting, please check the GROMACS
website at https://manual.gromacs.org/current/user-guide/run-time-errors.html
-------------------------------------------------------
--------------------------------------------------------------------------
MPI_ABORT was invoked on rank 0 in communicator MPI_COMM_WORLD
with errorcode 1.

NOTE: invoking MPI_ABORT causes Open MPI to kill all MPI processes.
You may or may not see output from other processes, depending on
exactly when Open MPI kills them.
--------------------------------------------------------------------------

NOTE: invoking MPI_ABORT causes Open MPI to kill all MPI processes.
You may or may not see output from other processes, depending on
exactly when Open MPI kills them.
--------------------------------------------------------------------------
  NVT done

-------------------------------------------------------
Program:     gmx grompp, version 2026.1
Source file: src/gromacs/commandline/cmdlineparser.cpp (line 271)
Function:    void gmx::CommandLineParser::parse(int*, char**)

Error in user input:
Invalid command-line options
  In command-line option -c
    File 'nvt.gro' does not exist or is not accessible.
    The file could not be opened.
      Reason: No such file or directory
      (call to fopen() returned error code 2)
  In command-line option -r
    File 'nvt.gro' does not exist or is not accessible.
    The file could not be opened.
      Reason: No such file or directory
      (call to fopen() returned error code 2)
  In command-line option -t
    File 'nvt.cpt' does not exist or is not accessible.
    The file could not be opened.
      Reason: No such file or directory
      (call to fopen() returned error code 2)
  In command-line option -n
    File 'analysis.ndx' does not exist or is not accessible.
    The file could not be opened.
      Reason: No such file or directory
      (call to fopen() returned error code 2)

For more information and tips for troubleshooting, please check the GROMACS
website at https://manual.gromacs.org/current/user-guide/run-time-errors.html
-------------------------------------------------------
--------------------------------------------------------------------------
MPI_ABORT was invoked on rank 0 in communicator MPI_COMM_WORLD
with errorcode 1.

NOTE: invoking MPI_ABORT causes Open MPI to kill all MPI processes.
You may or may not see output from other processes, depending on
exactly when Open MPI kills them.
--------------------------------------------------------------------------

NOTE: invoking MPI_ABORT causes Open MPI to kill all MPI processes.
You may or may not see output from other processes, depending on
exactly when Open MPI kills them.
--------------------------------------------------------------------------
  NPT done

-------------------------------------------------------
Program:     gmx grompp, version 2026.1
Source file: src/gromacs/commandline/cmdlineparser.cpp (line 271)
Function:    void gmx::CommandLineParser::parse(int*, char**)

Error in user input:
Invalid command-line options
  In command-line option -c
    File 'npt.gro' does not exist or is not accessible.
    The file could not be opened.
      Reason: No such file or directory
      (call to fopen() returned error code 2)
  In command-line option -t
    File 'npt.cpt' does not exist or is not accessible.
    The file could not be opened.
      Reason: No such file or directory
      (call to fopen() returned error code 2)
  In command-line option -n
    File 'analysis.ndx' does not exist or is not accessible.
    The file could not be opened.
      Reason: No such file or directory
      (call to fopen() returned error code 2)

For more information and tips for troubleshooting, please check the GROMACS
website at https://manual.gromacs.org/current/user-guide/run-time-errors.html
-------------------------------------------------------
--------------------------------------------------------------------------
MPI_ABORT was invoked on rank 0 in communicator MPI_COMM_WORLD
with errorcode 1.

NOTE: invoking MPI_ABORT causes Open MPI to kill all MPI processes.
You may or may not see output from other processes, depending on
exactly when Open MPI kills them.
--------------------------------------------------------------------------

NOTE: invoking MPI_ABORT causes Open MPI to kill all MPI processes.
You may or may not see output from other processes, depending on
exactly when Open MPI kills them.
--------------------------------------------------------------------------
  MD done: EDS00481054 rep1
=== EDS00481054 replica 2 (seed 2002) ===
Note that major changes are planned in future for editconf, to improve usability and utility.
Read 9301 atoms
Volume: 338.076 nm^3, corresponds to roughly 152100 electrons
No velocities found
    system size :  6.980  7.951  6.092 (nm)
    diameter    :  8.398               (nm)
    center      :  2.651  0.625 -1.834 (nm)
    box vectors :  6.980  7.951  6.092 (nm)
    box angles  :  90.00  90.00  90.00 (degrees)
    box volume  : 338.08               (nm^3)
    shift       :  5.448  7.474  5.652 (nm)
new center      :  8.099  8.099  3.818 (nm)
new box vectors : 10.798 10.798 10.798 (nm)
new box angles  :  60.00  60.00  90.00 (degrees)
new box volume  : 890.31               (nm^3)
Reading solute configuration
Reading solvent configuration

Initialising inter-atomic distances...

WARNING: Masses and atomic (Van der Waals) radii will be guessed
         based on residue and atom names, since they could not be
         definitively assigned from the information in your input
         files. These guessed numbers might deviate from the mass
         and radius of the atom type. Please check the output
         files if necessary. Note, that this functionality may
         be removed in a future GROMACS version. Please, consider
         using another file format for your input.

         The atomic radii are set according to:

++++ PLEASE READ AND CITE THE FOLLOWING REFERENCE ++++
A. Bondi
van der Waals Volumes and Radii
J. Phys. Chem. (1964)
https://doi.org/10.1021/j100785a001
-------- -------- --- Thank You --- -------- --------

Generating solvent configuration
Will generate new solvent configuration of 6x6x5 boxes
Solvent box contains 98568 atoms in 32856 residues
Removed 10848 solvent atoms due to solvent-solvent overlap
Removed 8640 solvent atoms due to solute-solvent overlap
Sorting configuration
Found 1 molecule type:
    SOL (   3 atoms): 26360 residues
Generated solvent containing 79080 atoms in 26360 residues
Writing generated configuration to solv.gro

Output configuration contains 88381 atoms in 26927 residues
Volume                 :     890.306 (nm^3)
Density                :     1016.79 (g/l)
Number of solvent molecules:  26360   

Processing topology

Back Off! I just backed up topol.top to ./#topol.top.1#
Adding line for 26360 solvent molecules with resname (SOL) to topology file (topol.top)
Ignoring obsolete mdp entry 'ns_type'
Generating 1-4 interactions: fudge = 0.5

-------------------------------------------------------
Program:     gmx grompp, version 2026.1
Source file: src/gromacs/gmxpreprocess/gmxcpp.cpp (line 297)

Fatal error:
Topology include file "amber14sb.ff/ions.itp" not found

For more information and tips for troubleshooting, please check the GROMACS
website at https://manual.gromacs.org/current/user-guide/run-time-errors.html
-------------------------------------------------------
Setting the LD random seed to -941957265

Generated 75466 of the 75466 non-bonded parameter combinations

Generated 75466 of the 75466 1-4 parameter combinations

Excluding 3 bonded neighbours molecule type 'EDS00481054'
--------------------------------------------------------------------------
MPI_ABORT was invoked on rank 0 in communicator MPI_COMM_WORLD
with errorcode 1.

NOTE: invoking MPI_ABORT causes Open MPI to kill all MPI processes.
You may or may not see output from other processes, depending on
exactly when Open MPI kills them.
--------------------------------------------------------------------------

-------------------------------------------------------
Program:     gmx genion, version 2026.1
Source file: src/gromacs/commandline/cmdlineparser.cpp (line 271)
Function:    void gmx::CommandLineParser::parse(int*, char**)

Error in user input:
Invalid command-line options
  In command-line option -s
    File 'ions.tpr' does not exist or is not accessible.
    The file could not be opened.
      Reason: No such file or directory
      (call to fopen() returned error code 2)

For more information and tips for troubleshooting, please check the GROMACS
website at https://manual.gromacs.org/current/user-guide/run-time-errors.html
-------------------------------------------------------
--------------------------------------------------------------------------
MPI_ABORT was invoked on rank 0 in communicator MPI_COMM_WORLD
with errorcode 1.

NOTE: invoking MPI_ABORT causes Open MPI to kill all MPI processes.
You may or may not see output from other processes, depending on
exactly when Open MPI kills them.
--------------------------------------------------------------------------
Traceback (most recent call last):
  File "/scratch/u6sp/hpcuser.u6sp/md_cdk2_82496/create_ndx.py", line 22, in <module>
    with open(gro) as f:
         ^^^^^^^^^
FileNotFoundError: [Errno 2] No such file or directory: 'ions.gro'

-------------------------------------------------------
Program:     gmx grompp, version 2026.1
Source file: src/gromacs/commandline/cmdlineparser.cpp (line 271)
Function:    void gmx::CommandLineParser::parse(int*, char**)

Error in user input:
Invalid command-line options
  In command-line option -c
    File 'ions.gro' does not exist or is not accessible.
    The file could not be opened.
      Reason: No such file or directory
      (call to fopen() returned error code 2)

For more information and tips for troubleshooting, please check the GROMACS
website at https://manual.gromacs.org/current/user-guide/run-time-errors.html
-------------------------------------------------------
--------------------------------------------------------------------------
MPI_ABORT was invoked on rank 0 in communicator MPI_COMM_WORLD
with errorcode 1.

NOTE: invoking MPI_ABORT causes Open MPI to kill all MPI processes.
You may or may not see output from other processes, depending on
exactly when Open MPI kills them.
--------------------------------------------------------------------------

NOTE: invoking MPI_ABORT causes Open MPI to kill all MPI processes.
You may or may not see output from other processes, depending on
exactly when Open MPI kills them.
--------------------------------------------------------------------------
  EM done

-------------------------------------------------------
Program:     gmx grompp, version 2026.1
Source file: src/gromacs/commandline/cmdlineparser.cpp (line 271)
Function:    void gmx::CommandLineParser::parse(int*, char**)

Error in user input:
Invalid command-line options
  In command-line option -c
    File 'em.gro' does not exist or is not accessible.
    The file could not be opened.
      Reason: No such file or directory
      (call to fopen() returned error code 2)
  In command-line option -r
    File 'em.gro' does not exist or is not accessible.
    The file could not be opened.
      Reason: No such file or directory
      (call to fopen() returned error code 2)
  In command-line option -n
    File 'analysis.ndx' does not exist or is not accessible.
    The file could not be opened.
      Reason: No such file or directory
      (call to fopen() returned error code 2)

For more information and tips for troubleshooting, please check the GROMACS
website at https://manual.gromacs.org/current/user-guide/run-time-errors.html
-------------------------------------------------------
--------------------------------------------------------------------------
MPI_ABORT was invoked on rank 0 in communicator MPI_COMM_WORLD
with errorcode 1.

NOTE: invoking MPI_ABORT causes Open MPI to kill all MPI processes.
You may or may not see output from other processes, depending on
exactly when Open MPI kills them.
--------------------------------------------------------------------------

NOTE: invoking MPI_ABORT causes Open MPI to kill all MPI processes.
You may or may not see output from other processes, depending on
exactly when Open MPI kills them.
--------------------------------------------------------------------------
  NVT done

-------------------------------------------------------
Program:     gmx grompp, version 2026.1
Source file: src/gromacs/commandline/cmdlineparser.cpp (line 271)
Function:    void gmx::CommandLineParser::parse(int*, char**)

Error in user input:
Invalid command-line options
  In command-line option -c
    File 'nvt.gro' does not exist or is not accessible.
    The file could not be opened.
      Reason: No such file or directory
      (call to fopen() returned error code 2)
  In command-line option -r
    File 'nvt.gro' does not exist or is not accessible.
    The file could not be opened.
      Reason: No such file or directory
      (call to fopen() returned error code 2)
  In command-line option -t
    File 'nvt.cpt' does not exist or is not accessible.
    The file could not be opened.
      Reason: No such file or directory
      (call to fopen() returned error code 2)
  In command-line option -n
    File 'analysis.ndx' does not exist or is not accessible.
    The file could not be opened.
      Reason: No such file or directory
      (call to fopen() returned error code 2)

For more information and tips for troubleshooting, please check the GROMACS
website at https://manual.gromacs.org/current/user-guide/run-time-errors.html
-------------------------------------------------------
--------------------------------------------------------------------------
MPI_ABORT was invoked on rank 0 in communicator MPI_COMM_WORLD
with errorcode 1.

NOTE: invoking MPI_ABORT causes Open MPI to kill all MPI processes.
You may or may not see output from other processes, depending on
exactly when Open MPI kills them.
--------------------------------------------------------------------------

NOTE: invoking MPI_ABORT causes Open MPI to kill all MPI processes.
You may or may not see output from other processes, depending on
exactly when Open MPI kills them.
--------------------------------------------------------------------------
  NPT done

-------------------------------------------------------
Program:     gmx grompp, version 2026.1
Source file: src/gromacs/commandline/cmdlineparser.cpp (line 271)
Function:    void gmx::CommandLineParser::parse(int*, char**)

Error in user input:
Invalid command-line options
  In command-line option -c
    File 'npt.gro' does not exist or is not accessible.
    The file could not be opened.
      Reason: No such file or directory
      (call to fopen() returned error code 2)
  In command-line option -t
    File 'npt.cpt' does not exist or is not accessible.
    The file could not be opened.
      Reason: No such file or directory
      (call to fopen() returned error code 2)
  In command-line option -n
    File 'analysis.ndx' does not exist or is not accessible.
    The file could not be opened.
      Reason: No such file or directory
      (call to fopen() returned error code 2)

For more information and tips for troubleshooting, please check the GROMACS
website at https://manual.gromacs.org/current/user-guide/run-time-errors.html
-------------------------------------------------------
--------------------------------------------------------------------------
MPI_ABORT was invoked on rank 0 in communicator MPI_COMM_WORLD
with errorcode 1.

NOTE: invoking MPI_ABORT causes Open MPI to kill all MPI processes.
You may or may not see output from other processes, depending on
exactly when Open MPI kills them.
--------------------------------------------------------------------------

NOTE: invoking MPI_ABORT causes Open MPI to kill all MPI processes.
You may or may not see output from other processes, depending on
exactly when Open MPI kills them.
--------------------------------------------------------------------------
  MD done: EDS00481054 rep2
=== EDS00481054 replica 3 (seed 3003) ===
Note that major changes are planned in future for editconf, to improve usability and utility.
Read 9301 atoms
Volume: 338.076 nm^3, corresponds to roughly 152100 electrons
No velocities found
    system size :  6.980  7.951  6.092 (nm)
    diameter    :  8.398               (nm)
    center      :  2.651  0.625 -1.834 (nm)
    box vectors :  6.980  7.951  6.092 (nm)
    box angles  :  90.00  90.00  90.00 (degrees)
    box volume  : 338.08               (nm^3)
    shift       :  5.448  7.474  5.652 (nm)
new center      :  8.099  8.099  3.818 (nm)
new box vectors : 10.798 10.798 10.798 (nm)
new box angles  :  60.00  60.00  90.00 (degrees)
new box volume  : 890.31               (nm^3)
Reading solute configuration
Reading solvent configuration

Initialising inter-atomic distances...

WARNING: Masses and atomic (Van der Waals) radii will be guessed
         based on residue and atom names, since they could not be
         definitively assigned from the information in your input
         files. These guessed numbers might deviate from the mass
         and radius of the atom type. Please check the output
         files if necessary. Note, that this functionality may
         be removed in a future GROMACS version. Please, consider
         using another file format for your input.

         The atomic radii are set according to:

++++ PLEASE READ AND CITE THE FOLLOWING REFERENCE ++++
A. Bondi
van der Waals Volumes and Radii
J. Phys. Chem. (1964)
https://doi.org/10.1021/j100785a001
-------- -------- --- Thank You --- -------- --------

Generating solvent configuration
Will generate new solvent configuration of 6x6x5 boxes
Solvent box contains 98568 atoms in 32856 residues
Removed 10848 solvent atoms due to solvent-solvent overlap
Removed 8640 solvent atoms due to solute-solvent overlap
Sorting configuration
Found 1 molecule type:
    SOL (   3 atoms): 26360 residues
Generated solvent containing 79080 atoms in 26360 residues
Writing generated configuration to solv.gro

Output configuration contains 88381 atoms in 26927 residues
Volume                 :     890.306 (nm^3)
Density                :     1016.79 (g/l)
Number of solvent molecules:  26360   

Processing topology

Back Off! I just backed up topol.top to ./#topol.top.1#
Adding line for 26360 solvent molecules with resname (SOL) to topology file (topol.top)
Ignoring obsolete mdp entry 'ns_type'
Generating 1-4 interactions: fudge = 0.5

-------------------------------------------------------
Program:     gmx grompp, version 2026.1
Source file: src/gromacs/gmxpreprocess/gmxcpp.cpp (line 297)

Fatal error:
Topology include file "amber14sb.ff/ions.itp" not found

For more information and tips for troubleshooting, please check the GROMACS
website at https://manual.gromacs.org/current/user-guide/run-time-errors.html
-------------------------------------------------------
Setting the LD random seed to -536887445

Generated 75466 of the 75466 non-bonded parameter combinations

Generated 75466 of the 75466 1-4 parameter combinations

Excluding 3 bonded neighbours molecule type 'EDS00481054'
--------------------------------------------------------------------------
MPI_ABORT was invoked on rank 0 in communicator MPI_COMM_WORLD
with errorcode 1.

NOTE: invoking MPI_ABORT causes Open MPI to kill all MPI processes.
You may or may not see output from other processes, depending on
exactly when Open MPI kills them.
--------------------------------------------------------------------------

-------------------------------------------------------
Program:     gmx genion, version 2026.1
Source file: src/gromacs/commandline/cmdlineparser.cpp (line 271)
Function:    void gmx::CommandLineParser::parse(int*, char**)

Error in user input:
Invalid command-line options
  In command-line option -s
    File 'ions.tpr' does not exist or is not accessible.
    The file could not be opened.
      Reason: No such file or directory
      (call to fopen() returned error code 2)

For more information and tips for troubleshooting, please check the GROMACS
website at https://manual.gromacs.org/current/user-guide/run-time-errors.html
-------------------------------------------------------
--------------------------------------------------------------------------
MPI_ABORT was invoked on rank 0 in communicator MPI_COMM_WORLD
with errorcode 1.

NOTE: invoking MPI_ABORT causes Open MPI to kill all MPI processes.
You may or may not see output from other processes, depending on
exactly when Open MPI kills them.
--------------------------------------------------------------------------
Traceback (most recent call last):
  File "/scratch/u6sp/hpcuser.u6sp/md_cdk2_82496/create_ndx.py", line 22, in <module>
    with open(gro) as f:
         ^^^^^^^^^
FileNotFoundError: [Errno 2] No such file or directory: 'ions.gro'

-------------------------------------------------------
Program:     gmx grompp, version 2026.1
Source file: src/gromacs/commandline/cmdlineparser.cpp (line 271)
Function:    void gmx::CommandLineParser::parse(int*, char**)

Error in user input:
Invalid command-line options
  In command-line option -c
    File 'ions.gro' does not exist or is not accessible.
    The file could not be opened.
      Reason: No such file or directory
      (call to fopen() returned error code 2)

For more information and tips for troubleshooting, please check the GROMACS
website at https://manual.gromacs.org/current/user-guide/run-time-errors.html
-------------------------------------------------------
--------------------------------------------------------------------------
MPI_ABORT was invoked on rank 0 in communicator MPI_COMM_WORLD
with errorcode 1.

NOTE: invoking MPI_ABORT causes Open MPI to kill all MPI processes.
You may or may not see output from other processes, depending on
exactly when Open MPI kills them.
--------------------------------------------------------------------------

NOTE: invoking MPI_ABORT causes Open MPI to kill all MPI processes.
You may or may not see output from other processes, depending on
exactly when Open MPI kills them.
--------------------------------------------------------------------------
  EM done

-------------------------------------------------------
Program:     gmx grompp, version 2026.1
Source file: src/gromacs/commandline/cmdlineparser.cpp (line 271)
Function:    void gmx::CommandLineParser::parse(int*, char**)

Error in user input:
Invalid command-line options
  In command-line option -c
    File 'em.gro' does not exist or is not accessible.
    The file could not be opened.
      Reason: No such file or directory
      (call to fopen() returned error code 2)
  In command-line option -r
    File 'em.gro' does not exist or is not accessible.
    The file could not be opened.
      Reason: No such file or directory
      (call to fopen() returned error code 2)
  In command-line option -n
    File 'analysis.ndx' does not exist or is not accessible.
    The file could not be opened.
      Reason: No such file or directory
      (call to fopen() returned error code 2)

For more information and tips for troubleshooting, please check the GROMACS
website at https://manual.gromacs.org/current/user-guide/run-time-errors.html
-------------------------------------------------------
--------------------------------------------------------------------------
MPI_ABORT was invoked on rank 0 in communicator MPI_COMM_WORLD
with errorcode 1.

NOTE: invoking MPI_ABORT causes Open MPI to kill all MPI processes.
You may or may not see output from other processes, depending on
exactly when Open MPI kills them.
--------------------------------------------------------------------------

NOTE: invoking MPI_ABORT causes Open MPI to kill all MPI processes.
You may or may not see output from other processes, depending on
exactly when Open MPI kills them.
--------------------------------------------------------------------------
  NVT done

-------------------------------------------------------
Program:     gmx grompp, version 2026.1
Source file: src/gromacs/commandline/cmdlineparser.cpp (line 271)
Function:    void gmx::CommandLineParser::parse(int*, char**)

Error in user input:
Invalid command-line options
  In command-line option -c
    File 'nvt.gro' does not exist or is not accessible.
    The file could not be opened.
      Reason: No such file or directory
      (call to fopen() returned error code 2)
  In command-line option -r
    File 'nvt.gro' does not exist or is not accessible.
    The file could not be opened.
      Reason: No such file or directory
      (call to fopen() returned error code 2)
  In command-line option -t
    File 'nvt.cpt' does not exist or is not accessible.
    The file could not be opened.
      Reason: No such file or directory
      (call to fopen() returned error code 2)
  In command-line option -n
    File 'analysis.ndx' does not exist or is not accessible.
    The file could not be opened.
      Reason: No such file or directory
      (call to fopen() returned error code 2)

For more information and tips for troubleshooting, please check the GROMACS
website at https://manual.gromacs.org/current/user-guide/run-time-errors.html
-------------------------------------------------------
--------------------------------------------------------------------------
MPI_ABORT was invoked on rank 0 in communicator MPI_COMM_WORLD
with errorcode 1.

NOTE: invoking MPI_ABORT causes Open MPI to kill all MPI processes.
You may or may not see output from other processes, depending on
exactly when Open MPI kills them.
--------------------------------------------------------------------------

NOTE: invoking MPI_ABORT causes Open MPI to kill all MPI processes.
You may or may not see output from other processes, depending on
exactly when Open MPI kills them.
--------------------------------------------------------------------------
  NPT done

-------------------------------------------------------
Program:     gmx grompp, version 2026.1
Source file: src/gromacs/commandline/cmdlineparser.cpp (line 271)
Function:    void gmx::CommandLineParser::parse(int*, char**)

Error in user input:
Invalid command-line options
  In command-line option -c
    File 'npt.gro' does not exist or is not accessible.
    The file could not be opened.
      Reason: No such file or directory
      (call to fopen() returned error code 2)
  In command-line option -t
    File 'npt.cpt' does not exist or is not accessible.
    The file could not be opened.
      Reason: No such file or directory
      (call to fopen() returned error code 2)
  In command-line option -n
    File 'analysis.ndx' does not exist or is not accessible.
    The file could not be opened.
      Reason: No such file or directory
      (call to fopen() returned error code 2)

For more information and tips for troubleshooting, please check the GROMACS
website at https://manual.gromacs.org/current/user-guide/run-time-errors.html
-------------------------------------------------------
--------------------------------------------------------------------------
MPI_ABORT was invoked on rank 0 in communicator MPI_COMM_WORLD
with errorcode 1.

NOTE: invoking MPI_ABORT causes Open MPI to kill all MPI processes.
You may or may not see output from other processes, depending on
exactly when Open MPI kills them.
--------------------------------------------------------------------------

NOTE: invoking MPI_ABORT causes Open MPI to kill all MPI processes.
You may or may not see output from other processes, depending on
exactly when Open MPI kills them.
--------------------------------------------------------------------------
  MD done: EDS00481054 rep3
=== EDS00441134 replica 1 (seed 1001) ===
Note that major changes are planned in future for editconf, to improve usability and utility.
Read 9282 atoms
Volume: 338.076 nm^3, corresponds to roughly 152100 electrons
No velocities found
    system size :  6.980  7.951  6.092 (nm)
    diameter    :  8.398               (nm)
    center      :  2.647  0.623 -1.830 (nm)
    box vectors :  6.980  7.951  6.092 (nm)
    box angles  :  90.00  90.00  90.00 (degrees)
    box volume  : 338.08               (nm^3)
    shift       :  5.452  7.475  5.648 (nm)
new center      :  8.099  8.099  3.818 (nm)
new box vectors : 10.798 10.798 10.798 (nm)
new box angles  :  60.00  60.00  90.00 (degrees)
new box volume  : 890.31               (nm^3)
Reading solute configuration
Reading solvent configuration

Initialising inter-atomic distances...

WARNING: Masses and atomic (Van der Waals) radii will be guessed
         based on residue and atom names, since they could not be
         definitively assigned from the information in your input
         files. These guessed numbers might deviate from the mass
         and radius of the atom type. Please check the output
         files if necessary. Note, that this functionality may
         be removed in a future GROMACS version. Please, consider
         using another file format for your input.

         The atomic radii are set according to:

++++ PLEASE READ AND CITE THE FOLLOWING REFERENCE ++++
A. Bondi
van der Waals Volumes and Radii
J. Phys. Chem. (1964)
https://doi.org/10.1021/j100785a001
-------- -------- --- Thank You --- -------- --------

Generating solvent configuration
Will generate new solvent configuration of 6x6x5 boxes
Solvent box contains 98568 atoms in 32856 residues
Removed 10848 solvent atoms due to solvent-solvent overlap
Removed 8595 solvent atoms due to solute-solvent overlap
Sorting configuration
Found 1 molecule type:
    SOL (   3 atoms): 26375 residues
Generated solvent containing 79125 atoms in 26375 residues
Writing generated configuration to solv.gro

Output configuration contains 88407 atoms in 26942 residues
Volume                 :     890.306 (nm^3)
Density                :     1017.03 (g/l)
Number of solvent molecules:  26375   

Processing topology

Back Off! I just backed up topol.top to ./#topol.top.1#
Adding line for 26375 solvent molecules with resname (SOL) to topology file (topol.top)
Ignoring obsolete mdp entry 'ns_type'
Generating 1-4 interactions: fudge = 0.5

-------------------------------------------------------
Program:     gmx grompp, version 2026.1
Source file: src/gromacs/gmxpreprocess/gmxcpp.cpp (line 297)

Fatal error:
Topology include file "amber14sb.ff/ions.itp" not found

For more information and tips for troubleshooting, please check the GROMACS
website at https://manual.gromacs.org/current/user-guide/run-time-errors.html
-------------------------------------------------------
Setting the LD random seed to -8413201

Generated 74305 of the 74305 non-bonded parameter combinations

Generated 74305 of the 74305 1-4 parameter combinations

Excluding 3 bonded neighbours molecule type 'EDS00441134'
--------------------------------------------------------------------------
MPI_ABORT was invoked on rank 0 in communicator MPI_COMM_WORLD
with errorcode 1.

NOTE: invoking MPI_ABORT causes Open MPI to kill all MPI processes.
You may or may not see output from other processes, depending on
exactly when Open MPI kills them.
--------------------------------------------------------------------------

-------------------------------------------------------
Program:     gmx genion, version 2026.1
Source file: src/gromacs/commandline/cmdlineparser.cpp (line 271)
Function:    void gmx::CommandLineParser::parse(int*, char**)

Error in user input:
Invalid command-line options
  In command-line option -s
    File 'ions.tpr' does not exist or is not accessible.
    The file could not be opened.
      Reason: No such file or directory
      (call to fopen() returned error code 2)

For more information and tips for troubleshooting, please check the GROMACS
website at https://manual.gromacs.org/current/user-guide/run-time-errors.html
-------------------------------------------------------
--------------------------------------------------------------------------
MPI_ABORT was invoked on rank 0 in communicator MPI_COMM_WORLD
with errorcode 1.

NOTE: invoking MPI_ABORT causes Open MPI to kill all MPI processes.
You may or may not see output from other processes, depending on
exactly when Open MPI kills them.
--------------------------------------------------------------------------
Traceback (most recent call last):
  File "/scratch/u6sp/hpcuser.u6sp/md_cdk2_82496/create_ndx.py", line 22, in <module>
    with open(gro) as f:
         ^^^^^^^^^
FileNotFoundError: [Errno 2] No such file or directory: 'ions.gro'

-------------------------------------------------------
Program:     gmx grompp, version 2026.1
Source file: src/gromacs/commandline/cmdlineparser.cpp (line 271)
Function:    void gmx::CommandLineParser::parse(int*, char**)

Error in user input:
Invalid command-line options
  In command-line option -c
    File 'ions.gro' does not exist or is not accessible.
    The file could not be opened.
      Reason: No such file or directory
      (call to fopen() returned error code 2)

For more information and tips for troubleshooting, please check the GROMACS
website at https://manual.gromacs.org/current/user-guide/run-time-errors.html
-------------------------------------------------------
--------------------------------------------------------------------------
MPI_ABORT was invoked on rank 0 in communicator MPI_COMM_WORLD
with errorcode 1.

NOTE: invoking MPI_ABORT causes Open MPI to kill all MPI processes.
You may or may not see output from other processes, depending on
exactly when Open MPI kills them.
--------------------------------------------------------------------------

NOTE: invoking MPI_ABORT causes Open MPI to kill all MPI processes.
You may or may not see output from other processes, depending on
exactly when Open MPI kills them.
--------------------------------------------------------------------------
  EM done

-------------------------------------------------------
Program:     gmx grompp, version 2026.1
Source file: src/gromacs/commandline/cmdlineparser.cpp (line 271)
Function:    void gmx::CommandLineParser::parse(int*, char**)

Error in user input:
Invalid command-line options
  In command-line option -c
    File 'em.gro' does not exist or is not accessible.
    The file could not be opened.
      Reason: No such file or directory
      (call to fopen() returned error code 2)
  In command-line option -r
    File 'em.gro' does not exist or is not accessible.
    The file could not be opened.
      Reason: No such file or directory
      (call to fopen() returned error code 2)
  In command-line option -n
    File 'analysis.ndx' does not exist or is not accessible.
    The file could not be opened.
      Reason: No such file or directory
      (call to fopen() returned error code 2)

For more information and tips for troubleshooting, please check the GROMACS
website at https://manual.gromacs.org/current/user-guide/run-time-errors.html
-------------------------------------------------------
--------------------------------------------------------------------------
MPI_ABORT was invoked on rank 0 in communicator MPI_COMM_WORLD
with errorcode 1.

NOTE: invoking MPI_ABORT causes Open MPI to kill all MPI processes.
You may or may not see output from other processes, depending on
exactly when Open MPI kills them.
--------------------------------------------------------------------------

NOTE: invoking MPI_ABORT causes Open MPI to kill all MPI processes.
You may or may not see output from other processes, depending on
exactly when Open MPI kills them.
--------------------------------------------------------------------------
  NVT done

-------------------------------------------------------
Program:     gmx grompp, version 2026.1
Source file: src/gromacs/commandline/cmdlineparser.cpp (line 271)
Function:    void gmx::CommandLineParser::parse(int*, char**)

Error in user input:
Invalid command-line options
  In command-line option -c
    File 'nvt.gro' does not exist or is not accessible.
    The file could not be opened.
      Reason: No such file or directory
      (call to fopen() returned error code 2)
  In command-line option -r
    File 'nvt.gro' does not exist or is not accessible.
    The file could not be opened.
      Reason: No such file or directory
      (call to fopen() returned error code 2)
  In command-line option -t
    File 'nvt.cpt' does not exist or is not accessible.
    The file could not be opened.
      Reason: No such file or directory
      (call to fopen() returned error code 2)
  In command-line option -n
    File 'analysis.ndx' does not exist or is not accessible.
    The file could not be opened.
      Reason: No such file or directory
      (call to fopen() returned error code 2)

For more information and tips for troubleshooting, please check the GROMACS
website at https://manual.gromacs.org/current/user-guide/run-time-errors.html
-------------------------------------------------------
--------------------------------------------------------------------------
MPI_ABORT was invoked on rank 0 in communicator MPI_COMM_WORLD
with errorcode 1.

NOTE: invoking MPI_ABORT causes Open MPI to kill all MPI processes.
You may or may not see output from other processes, depending on
exactly when Open MPI kills them.
--------------------------------------------------------------------------

NOTE: invoking MPI_ABORT causes Open MPI to kill all MPI processes.
You may or may not see output from other processes, depending on
exactly when Open MPI kills them.
--------------------------------------------------------------------------
  NPT done

-------------------------------------------------------
Program:     gmx grompp, version 2026.1
Source file: src/gromacs/commandline/cmdlineparser.cpp (line 271)
Function:    void gmx::CommandLineParser::parse(int*, char**)

Error in user input:
Invalid command-line options
  In command-line option -c
    File 'npt.gro' does not exist or is not accessible.
    The file could not be opened.
      Reason: No such file or directory
      (call to fopen() returned error code 2)
  In command-line option -t
    File 'npt.cpt' does not exist or is not accessible.
    The file could not be opened.
      Reason: No such file or directory
      (call to fopen() returned error code 2)
  In command-line option -n
    File 'analysis.ndx' does not exist or is not accessible.
    The file could not be opened.
      Reason: No such file or directory
      (call to fopen() returned error code 2)

For more information and tips for troubleshooting, please check the GROMACS
website at https://manual.gromacs.org/current/user-guide/run-time-errors.html
-------------------------------------------------------
--------------------------------------------------------------------------
MPI_ABORT was invoked on rank 0 in communicator MPI_COMM_WORLD
with errorcode 1.

NOTE: invoking MPI_ABORT causes Open MPI to kill all MPI processes.
You may or may not see output from other processes, depending on
exactly when Open MPI kills them.
--------------------------------------------------------------------------

NOTE: invoking MPI_ABORT causes Open MPI to kill all MPI processes.
You may or may not see output from other processes, depending on
exactly when Open MPI kills them.
--------------------------------------------------------------------------
  MD done: EDS00441134 rep1
=== EDS00441134 replica 2 (seed 2002) ===
Note that major changes are planned in future for editconf, to improve usability and utility.
Read 9282 atoms
Volume: 338.076 nm^3, corresponds to roughly 152100 electrons
No velocities found
    system size :  6.980  7.951  6.092 (nm)
    diameter    :  8.398               (nm)
    center      :  2.647  0.623 -1.830 (nm)
    box vectors :  6.980  7.951  6.092 (nm)
    box angles  :  90.00  90.00  90.00 (degrees)
    box volume  : 338.08               (nm^3)
    shift       :  5.452  7.475  5.648 (nm)
new center      :  8.099  8.099  3.818 (nm)
new box vectors : 10.798 10.798 10.798 (nm)
new box angles  :  60.00  60.00  90.00 (degrees)
new box volume  : 890.31               (nm^3)
Reading solute configuration
Reading solvent configuration

Initialising inter-atomic distances...

WARNING: Masses and atomic (Van der Waals) radii will be guessed
         based on residue and atom names, since they could not be
         definitively assigned from the information in your input
         files. These guessed numbers might deviate from the mass
         and radius of the atom type. Please check the output
         files if necessary. Note, that this functionality may
         be removed in a future GROMACS version. Please, consider
         using another file format for your input.

         The atomic radii are set according to:

++++ PLEASE READ AND CITE THE FOLLOWING REFERENCE ++++
A. Bondi
van der Waals Volumes and Radii
J. Phys. Chem. (1964)
https://doi.org/10.1021/j100785a001
-------- -------- --- Thank You --- -------- --------

Generating solvent configuration
Will generate new solvent configuration of 6x6x5 boxes
Solvent box contains 98568 atoms in 32856 residues
Removed 10848 solvent atoms due to solvent-solvent overlap
Removed 8595 solvent atoms due to solute-solvent overlap
Sorting configuration
Found 1 molecule type:
    SOL (   3 atoms): 26375 residues
Generated solvent containing 79125 atoms in 26375 residues
Writing generated configuration to solv.gro

Output configuration contains 88407 atoms in 26942 residues
Volume                 :     890.306 (nm^3)
Density                :     1017.03 (g/l)
Number of solvent molecules:  26375   

Processing topology

Back Off! I just backed up topol.top to ./#topol.top.1#
Adding line for 26375 solvent molecules with resname (SOL) to topology file (topol.top)
Ignoring obsolete mdp entry 'ns_type'
Generating 1-4 interactions: fudge = 0.5

-------------------------------------------------------
Program:     gmx grompp, version 2026.1
Source file: src/gromacs/gmxpreprocess/gmxcpp.cpp (line 297)

Fatal error:
Topology include file "amber14sb.ff/ions.itp" not found

For more information and tips for troubleshooting, please check the GROMACS
website at https://manual.gromacs.org/current/user-guide/run-time-errors.html
-------------------------------------------------------
Setting the LD random seed to -151046154

Generated 74305 of the 74305 non-bonded parameter combinations

Generated 74305 of the 74305 1-4 parameter combinations

Excluding 3 bonded neighbours molecule type 'EDS00441134'
--------------------------------------------------------------------------
MPI_ABORT was invoked on rank 0 in communicator MPI_COMM_WORLD
with errorcode 1.

NOTE: invoking MPI_ABORT causes Open MPI to kill all MPI processes.
You may or may not see output from other processes, depending on
exactly when Open MPI kills them.
--------------------------------------------------------------------------

-------------------------------------------------------
Program:     gmx genion, version 2026.1
Source file: src/gromacs/commandline/cmdlineparser.cpp (line 271)
Function:    void gmx::CommandLineParser::parse(int*, char**)

Error in user input:
Invalid command-line options
  In command-line option -s
    File 'ions.tpr' does not exist or is not accessible.
    The file could not be opened.
      Reason: No such file or directory
      (call to fopen() returned error code 2)

For more information and tips for troubleshooting, please check the GROMACS
website at https://manual.gromacs.org/current/user-guide/run-time-errors.html
-------------------------------------------------------
--------------------------------------------------------------------------
MPI_ABORT was invoked on rank 0 in communicator MPI_COMM_WORLD
with errorcode 1.

NOTE: invoking MPI_ABORT causes Open MPI to kill all MPI processes.
You may or may not see output from other processes, depending on
exactly when Open MPI kills them.
--------------------------------------------------------------------------
Traceback (most recent call last):
  File "/scratch/u6sp/hpcuser.u6sp/md_cdk2_82496/create_ndx.py", line 22, in <module>
    with open(gro) as f:
         ^^^^^^^^^
FileNotFoundError: [Errno 2] No such file or directory: 'ions.gro'

-------------------------------------------------------
Program:     gmx grompp, version 2026.1
Source file: src/gromacs/commandline/cmdlineparser.cpp (line 271)
Function:    void gmx::CommandLineParser::parse(int*, char**)

Error in user input:
Invalid command-line options
  In command-line option -c
    File 'ions.gro' does not exist or is not accessible.
    The file could not be opened.
      Reason: No such file or directory
      (call to fopen() returned error code 2)

For more information and tips for troubleshooting, please check the GROMACS
website at https://manual.gromacs.org/current/user-guide/run-time-errors.html
-------------------------------------------------------
--------------------------------------------------------------------------
MPI_ABORT was invoked on rank 0 in communicator MPI_COMM_WORLD
with errorcode 1.

NOTE: invoking MPI_ABORT causes Open MPI to kill all MPI processes.
You may or may not see output from other processes, depending on
exactly when Open MPI kills them.
--------------------------------------------------------------------------

NOTE: invoking MPI_ABORT causes Open MPI to kill all MPI processes.
You may or may not see output from other processes, depending on
exactly when Open MPI kills them.
--------------------------------------------------------------------------
  EM done

-------------------------------------------------------
Program:     gmx grompp, version 2026.1
Source file: src/gromacs/commandline/cmdlineparser.cpp (line 271)
Function:    void gmx::CommandLineParser::parse(int*, char**)

Error in user input:
Invalid command-line options
  In command-line option -c
    File 'em.gro' does not exist or is not accessible.
    The file could not be opened.
      Reason: No such file or directory
      (call to fopen() returned error code 2)
  In command-line option -r
    File 'em.gro' does not exist or is not accessible.
    The file could not be opened.
      Reason: No such file or directory
      (call to fopen() returned error code 2)
  In command-line option -n
    File 'analysis.ndx' does not exist or is not accessible.
    The file could not be opened.
      Reason: No such file or directory
      (call to fopen() returned error code 2)

For more information and tips for troubleshooting, please check the GROMACS
website at https://manual.gromacs.org/current/user-guide/run-time-errors.html
-------------------------------------------------------
--------------------------------------------------------------------------
MPI_ABORT was invoked on rank 0 in communicator MPI_COMM_WORLD
with errorcode 1.

NOTE: invoking MPI_ABORT causes Open MPI to kill all MPI processes.
You may or may not see output from other processes, depending on
exactly when Open MPI kills them.
--------------------------------------------------------------------------

NOTE: invoking MPI_ABORT causes Open MPI to kill all MPI processes.
You may or may not see output from other processes, depending on
exactly when Open MPI kills them.
--------------------------------------------------------------------------
  NVT done

-------------------------------------------------------
Program:     gmx grompp, version 2026.1
Source file: src/gromacs/commandline/cmdlineparser.cpp (line 271)
Function:    void gmx::CommandLineParser::parse(int*, char**)

Error in user input:
Invalid command-line options
  In command-line option -c
    File 'nvt.gro' does not exist or is not accessible.
    The file could not be opened.
      Reason: No such file or directory
      (call to fopen() returned error code 2)
  In command-line option -r
    File 'nvt.gro' does not exist or is not accessible.
    The file could not be opened.
      Reason: No such file or directory
      (call to fopen() returned error code 2)
  In command-line option -t
    File 'nvt.cpt' does not exist or is not accessible.
    The file could not be opened.
      Reason: No such file or directory
      (call to fopen() returned error code 2)
  In command-line option -n
    File 'analysis.ndx' does not exist or is not accessible.
    The file could not be opened.
      Reason: No such file or directory
      (call to fopen() returned error code 2)

For more information and tips for troubleshooting, please check the GROMACS
website at https://manual.gromacs.org/current/user-guide/run-time-errors.html
-------------------------------------------------------
--------------------------------------------------------------------------
MPI_ABORT was invoked on rank 0 in communicator MPI_COMM_WORLD
with errorcode 1.

NOTE: invoking MPI_ABORT causes Open MPI to kill all MPI processes.
You may or may not see output from other processes, depending on
exactly when Open MPI kills them.
--------------------------------------------------------------------------

NOTE: invoking MPI_ABORT causes Open MPI to kill all MPI processes.
You may or may not see output from other processes, depending on
exactly when Open MPI kills them.
--------------------------------------------------------------------------
  NPT done

-------------------------------------------------------
Program:     gmx grompp, version 2026.1
Source file: src/gromacs/commandline/cmdlineparser.cpp (line 271)
Function:    void gmx::CommandLineParser::parse(int*, char**)

Error in user input:
Invalid command-line options
  In command-line option -c
    File 'npt.gro' does not exist or is not accessible.
    The file could not be opened.
      Reason: No such file or directory
      (call to fopen() returned error code 2)
  In command-line option -t
    File 'npt.cpt' does not exist or is not accessible.
    The file could not be opened.
      Reason: No such file or directory
      (call to fopen() returned error code 2)
  In command-line option -n
    File 'analysis.ndx' does not exist or is not accessible.
    The file could not be opened.
      Reason: No such file or directory
      (call to fopen() returned error code 2)

For more information and tips for troubleshooting, please check the GROMACS
website at https://manual.gromacs.org/current/user-guide/run-time-errors.html
-------------------------------------------------------
--------------------------------------------------------------------------
MPI_ABORT was invoked on rank 0 in communicator MPI_COMM_WORLD
with errorcode 1.

NOTE: invoking MPI_ABORT causes Open MPI to kill all MPI processes.
You may or may not see output from other processes, depending on
exactly when Open MPI kills them.
--------------------------------------------------------------------------

NOTE: invoking MPI_ABORT causes Open MPI to kill all MPI processes.
You may or may not see output from other processes, depending on
exactly when Open MPI kills them.
--------------------------------------------------------------------------
  MD done: EDS00441134 rep2
=== EDS00441134 replica 3 (seed 3003) ===
Note that major changes are planned in future for editconf, to improve usability and utility.
Read 9282 atoms
Volume: 338.076 nm^3, corresponds to roughly 152100 electrons
No velocities found
    system size :  6.980  7.951  6.092 (nm)
    diameter    :  8.398               (nm)
    center      :  2.647  0.623 -1.830 (nm)
    box vectors :  6.980  7.951  6.092 (nm)
    box angles  :  90.00  90.00  90.00 (degrees)
    box volume  : 338.08               (nm^3)
    shift       :  5.452  7.475  5.648 (nm)
new center      :  8.099  8.099  3.818 (nm)
new box vectors : 10.798 10.798 10.798 (nm)
new box angles  :  60.00  60.00  90.00 (degrees)
new box volume  : 890.31               (nm^3)
Reading solute configuration
Reading solvent configuration

Initialising inter-atomic distances...

WARNING: Masses and atomic (Van der Waals) radii will be guessed
         based on residue and atom names, since they could not be
         definitively assigned from the information in your input
         files. These guessed numbers might deviate from the mass
         and radius of the atom type. Please check the output
         files if necessary. Note, that this functionality may
         be removed in a future GROMACS version. Please, consider
         using another file format for your input.

         The atomic radii are set according to:

++++ PLEASE READ AND CITE THE FOLLOWING REFERENCE ++++
A. Bondi
van der Waals Volumes and Radii
J. Phys. Chem. (1964)
https://doi.org/10.1021/j100785a001
-------- -------- --- Thank You --- -------- --------

Generating solvent configuration
Will generate new solvent configuration of 6x6x5 boxes
Solvent box contains 98568 atoms in 32856 residues
Removed 10848 solvent atoms due to solvent-solvent overlap
Removed 8595 solvent atoms due to solute-solvent overlap
Sorting configuration
Found 1 molecule type:
    SOL (   3 atoms): 26375 residues
Generated solvent containing 79125 atoms in 26375 residues
Writing generated configuration to solv.gro

Output configuration contains 88407 atoms in 26942 residues
Volume                 :     890.306 (nm^3)
Density                :     1017.03 (g/l)
Number of solvent molecules:  26375   

Processing topology

Back Off! I just backed up topol.top to ./#topol.top.1#
Adding line for 26375 solvent molecules with resname (SOL) to topology file (topol.top)
Ignoring obsolete mdp entry 'ns_type'
Generating 1-4 interactions: fudge = 0.5

-------------------------------------------------------
Program:     gmx grompp, version 2026.1
Source file: src/gromacs/gmxpreprocess/gmxcpp.cpp (line 297)

Fatal error:
Topology include file "amber14sb.ff/ions.itp" not found

For more information and tips for troubleshooting, please check the GROMACS
website at https://manual.gromacs.org/current/user-guide/run-time-errors.html
-------------------------------------------------------
Setting the LD random seed to -10551843

Generated 74305 of the 74305 non-bonded parameter combinations

Generated 74305 of the 74305 1-4 parameter combinations

Excluding 3 bonded neighbours molecule type 'EDS00441134'
--------------------------------------------------------------------------
MPI_ABORT was invoked on rank 0 in communicator MPI_COMM_WORLD
with errorcode 1.

NOTE: invoking MPI_ABORT causes Open MPI to kill all MPI processes.
You may or may not see output from other processes, depending on
exactly when Open MPI kills them.
--------------------------------------------------------------------------

-------------------------------------------------------
Program:     gmx genion, version 2026.1
Source file: src/gromacs/commandline/cmdlineparser.cpp (line 271)
Function:    void gmx::CommandLineParser::parse(int*, char**)

Error in user input:
Invalid command-line options
  In command-line option -s
    File 'ions.tpr' does not exist or is not accessible.
    The file could not be opened.
      Reason: No such file or directory
      (call to fopen() returned error code 2)

For more information and tips for troubleshooting, please check the GROMACS
website at https://manual.gromacs.org/current/user-guide/run-time-errors.html
-------------------------------------------------------
--------------------------------------------------------------------------
MPI_ABORT was invoked on rank 0 in communicator MPI_COMM_WORLD
with errorcode 1.

NOTE: invoking MPI_ABORT causes Open MPI to kill all MPI processes.
You may or may not see output from other processes, depending on
exactly when Open MPI kills them.
--------------------------------------------------------------------------
Traceback (most recent call last):
  File "/scratch/u6sp/hpcuser.u6sp/md_cdk2_82496/create_ndx.py", line 22, in <module>
    with open(gro) as f:
         ^^^^^^^^^
FileNotFoundError: [Errno 2] No such file or directory: 'ions.gro'

-------------------------------------------------------
Program:     gmx grompp, version 2026.1
Source file: src/gromacs/commandline/cmdlineparser.cpp (line 271)
Function:    void gmx::CommandLineParser::parse(int*, char**)

Error in user input:
Invalid command-line options
  In command-line option -c
    File 'ions.gro' does not exist or is not accessible.
    The file could not be opened.
      Reason: No such file or directory
      (call to fopen() returned error code 2)

For more information and tips for troubleshooting, please check the GROMACS
website at https://manual.gromacs.org/current/user-guide/run-time-errors.html
-------------------------------------------------------
--------------------------------------------------------------------------
MPI_ABORT was invoked on rank 0 in communicator MPI_COMM_WORLD
with errorcode 1.

NOTE: invoking MPI_ABORT causes Open MPI to kill all MPI processes.
You may or may not see output from other processes, depending on
exactly when Open MPI kills them.
--------------------------------------------------------------------------

NOTE: invoking MPI_ABORT causes Open MPI to kill all MPI processes.
You may or may not see output from other processes, depending on
exactly when Open MPI kills them.
--------------------------------------------------------------------------
  EM done

-------------------------------------------------------
Program:     gmx grompp, version 2026.1
Source file: src/gromacs/commandline/cmdlineparser.cpp (line 271)
Function:    void gmx::CommandLineParser::parse(int*, char**)

Error in user input:
Invalid command-line options
  In command-line option -c
    File 'em.gro' does not exist or is not accessible.
    The file could not be opened.
      Reason: No such file or directory
      (call to fopen() returned error code 2)
  In command-line option -r
    File 'em.gro' does not exist or is not accessible.
    The file could not be opened.
      Reason: No such file or directory
      (call to fopen() returned error code 2)
  In command-line option -n
    File 'analysis.ndx' does not exist or is not accessible.
    The file could not be opened.
      Reason: No such file or directory
      (call to fopen() returned error code 2)

For more information and tips for troubleshooting, please check the GROMACS
website at https://manual.gromacs.org/current/user-guide/run-time-errors.html
-------------------------------------------------------
--------------------------------------------------------------------------
MPI_ABORT was invoked on rank 0 in communicator MPI_COMM_WORLD
with errorcode 1.

NOTE: invoking MPI_ABORT causes Open MPI to kill all MPI processes.
You may or may not see output from other processes, depending on
exactly when Open MPI kills them.
--------------------------------------------------------------------------

NOTE: invoking MPI_ABORT causes Open MPI to kill all MPI processes.
You may or may not see output from other processes, depending on
exactly when Open MPI kills them.
--------------------------------------------------------------------------
  NVT done

-------------------------------------------------------
Program:     gmx grompp, version 2026.1
Source file: src/gromacs/commandline/cmdlineparser.cpp (line 271)
Function:    void gmx::CommandLineParser::parse(int*, char**)

Error in user input:
Invalid command-line options
  In command-line option -c
    File 'nvt.gro' does not exist or is not accessible.
    The file could not be opened.
      Reason: No such file or directory
      (call to fopen() returned error code 2)
  In command-line option -r
    File 'nvt.gro' does not exist or is not accessible.
    The file could not be opened.
      Reason: No such file or directory
      (call to fopen() returned error code 2)
  In command-line option -t
    File 'nvt.cpt' does not exist or is not accessible.
    The file could not be opened.
      Reason: No such file or directory
      (call to fopen() returned error code 2)
  In command-line option -n
    File 'analysis.ndx' does not exist or is not accessible.
    The file could not be opened.
      Reason: No such file or directory
      (call to fopen() returned error code 2)

For more information and tips for troubleshooting, please check the GROMACS
website at https://manual.gromacs.org/current/user-guide/run-time-errors.html
-------------------------------------------------------
--------------------------------------------------------------------------
MPI_ABORT was invoked on rank 0 in communicator MPI_COMM_WORLD
with errorcode 1.

NOTE: invoking MPI_ABORT causes Open MPI to kill all MPI processes.
You may or may not see output from other processes, depending on
exactly when Open MPI kills them.
--------------------------------------------------------------------------

NOTE: invoking MPI_ABORT causes Open MPI to kill all MPI processes.
You may or may not see output from other processes, depending on
exactly when Open MPI kills them.
--------------------------------------------------------------------------
  NPT done

-------------------------------------------------------
Program:     gmx grompp, version 2026.1
Source file: src/gromacs/commandline/cmdlineparser.cpp (line 271)
Function:    void gmx::CommandLineParser::parse(int*, char**)

Error in user input:
Invalid command-line options
  In command-line option -c
    File 'npt.gro' does not exist or is not accessible.
    The file could not be opened.
      Reason: No such file or directory
      (call to fopen() returned error code 2)
  In command-line option -t
    File 'npt.cpt' does not exist or is not accessible.
    The file could not be opened.
      Reason: No such file or directory
      (call to fopen() returned error code 2)
  In command-line option -n
    File 'analysis.ndx' does not exist or is not accessible.
    The file could not be opened.
      Reason: No such file or directory
      (call to fopen() returned error code 2)

For more information and tips for troubleshooting, please check the GROMACS
website at https://manual.gromacs.org/current/user-guide/run-time-errors.html
-------------------------------------------------------
--------------------------------------------------------------------------
MPI_ABORT was invoked on rank 0 in communicator MPI_COMM_WORLD
with errorcode 1.

NOTE: invoking MPI_ABORT causes Open MPI to kill all MPI processes.
You may or may not see output from other processes, depending on
exactly when Open MPI kills them.
--------------------------------------------------------------------------

NOTE: invoking MPI_ABORT causes Open MPI to kill all MPI processes.
You may or may not see output from other processes, depending on
exactly when Open MPI kills them.
--------------------------------------------------------------------------
  MD done: EDS00441134 rep3
=== EDS00445742 replica 1 (seed 1001) ===
Note that major changes are planned in future for editconf, to improve usability and utility.
Read 9286 atoms
Volume: 338.076 nm^3, corresponds to roughly 152100 electrons
No velocities found
    system size :  6.980  7.951  6.092 (nm)
    diameter    :  8.398               (nm)
    center      :  2.646  0.624 -1.832 (nm)
    box vectors :  6.980  7.951  6.092 (nm)
    box angles  :  90.00  90.00  90.00 (degrees)
    box volume  : 338.08               (nm^3)
    shift       :  5.452  7.475  5.650 (nm)
new center      :  8.099  8.099  3.818 (nm)
new box vectors : 10.798 10.798 10.798 (nm)
new box angles  :  60.00  60.00  90.00 (degrees)
new box volume  : 890.31               (nm^3)
Reading solute configuration
Reading solvent configuration

Initialising inter-atomic distances...

WARNING: Masses and atomic (Van der Waals) radii will be guessed
         based on residue and atom names, since they could not be
         definitively assigned from the information in your input
         files. These guessed numbers might deviate from the mass
         and radius of the atom type. Please check the output
         files if necessary. Note, that this functionality may
         be removed in a future GROMACS version. Please, consider
         using another file format for your input.

         The atomic radii are set according to:

++++ PLEASE READ AND CITE THE FOLLOWING REFERENCE ++++
A. Bondi
van der Waals Volumes and Radii
J. Phys. Chem. (1964)
https://doi.org/10.1021/j100785a001
-------- -------- --- Thank You --- -------- --------

Generating solvent configuration
Will generate new solvent configuration of 6x6x5 boxes
Solvent box contains 98568 atoms in 32856 residues
Removed 10848 solvent atoms due to solvent-solvent overlap
Removed 8619 solvent atoms due to solute-solvent overlap
Sorting configuration
Found 1 molecule type:
    SOL (   3 atoms): 26367 residues
Generated solvent containing 79101 atoms in 26367 residues
Writing generated configuration to solv.gro

Output configuration contains 88387 atoms in 26934 residues
Volume                 :     890.306 (nm^3)
Density                :     1016.79 (g/l)
Number of solvent molecules:  26367   

Processing topology

Back Off! I just backed up topol.top to ./#topol.top.1#
Adding line for 26367 solvent molecules with resname (SOL) to topology file (topol.top)
Ignoring obsolete mdp entry 'ns_type'
Generating 1-4 interactions: fudge = 0.5

-------------------------------------------------------
Program:     gmx grompp, version 2026.1
Source file: src/gromacs/gmxpreprocess/gmxcpp.cpp (line 297)

Fatal error:
Topology include file "amber14sb.ff/ions.itp" not found

For more information and tips for troubleshooting, please check the GROMACS
website at https://manual.gromacs.org/current/user-guide/run-time-errors.html
-------------------------------------------------------
Setting the LD random seed to 1171783551

Generated 73920 of the 73920 non-bonded parameter combinations

Generated 73920 of the 73920 1-4 parameter combinations

Excluding 3 bonded neighbours molecule type 'EDS00445742'
--------------------------------------------------------------------------
MPI_ABORT was invoked on rank 0 in communicator MPI_COMM_WORLD
with errorcode 1.

NOTE: invoking MPI_ABORT causes Open MPI to kill all MPI processes.
You may or may not see output from other processes, depending on
exactly when Open MPI kills them.
--------------------------------------------------------------------------

-------------------------------------------------------
Program:     gmx genion, version 2026.1
Source file: src/gromacs/commandline/cmdlineparser.cpp (line 271)
Function:    void gmx::CommandLineParser::parse(int*, char**)

Error in user input:
Invalid command-line options
  In command-line option -s
    File 'ions.tpr' does not exist or is not accessible.
    The file could not be opened.
      Reason: No such file or directory
      (call to fopen() returned error code 2)

For more information and tips for troubleshooting, please check the GROMACS
website at https://manual.gromacs.org/current/user-guide/run-time-errors.html
-------------------------------------------------------
--------------------------------------------------------------------------
MPI_ABORT was invoked on rank 0 in communicator MPI_COMM_WORLD
with errorcode 1.

NOTE: invoking MPI_ABORT causes Open MPI to kill all MPI processes.
You may or may not see output from other processes, depending on
exactly when Open MPI kills them.
--------------------------------------------------------------------------
Traceback (most recent call last):
  File "/scratch/u6sp/hpcuser.u6sp/md_cdk2_82496/create_ndx.py", line 22, in <module>
    with open(gro) as f:
         ^^^^^^^^^
FileNotFoundError: [Errno 2] No such file or directory: 'ions.gro'

-------------------------------------------------------
Program:     gmx grompp, version 2026.1
Source file: src/gromacs/commandline/cmdlineparser.cpp (line 271)
Function:    void gmx::CommandLineParser::parse(int*, char**)

Error in user input:
Invalid command-line options
  In command-line option -c
    File 'ions.gro' does not exist or is not accessible.
    The file could not be opened.
      Reason: No such file or directory
      (call to fopen() returned error code 2)

For more information and tips for troubleshooting, please check the GROMACS
website at https://manual.gromacs.org/current/user-guide/run-time-errors.html
-------------------------------------------------------
--------------------------------------------------------------------------
MPI_ABORT was invoked on rank 0 in communicator MPI_COMM_WORLD
with errorcode 1.

NOTE: invoking MPI_ABORT causes Open MPI to kill all MPI processes.
You may or may not see output from other processes, depending on
exactly when Open MPI kills them.
--------------------------------------------------------------------------

NOTE: invoking MPI_ABORT causes Open MPI to kill all MPI processes.
You may or may not see output from other processes, depending on
exactly when Open MPI kills them.
--------------------------------------------------------------------------
  EM done

-------------------------------------------------------
Program:     gmx grompp, version 2026.1
Source file: src/gromacs/commandline/cmdlineparser.cpp (line 271)
Function:    void gmx::CommandLineParser::parse(int*, char**)

Error in user input:
Invalid command-line options
  In command-line option -c
    File 'em.gro' does not exist or is not accessible.
    The file could not be opened.
      Reason: No such file or directory
      (call to fopen() returned error code 2)
  In command-line option -r
    File 'em.gro' does not exist or is not accessible.
    The file could not be opened.
      Reason: No such file or directory
      (call to fopen() returned error code 2)
  In command-line option -n
    File 'analysis.ndx' does not exist or is not accessible.
    The file could not be opened.
      Reason: No such file or directory
      (call to fopen() returned error code 2)

For more information and tips for troubleshooting, please check the GROMACS
website at https://manual.gromacs.org/current/user-guide/run-time-errors.html
-------------------------------------------------------
--------------------------------------------------------------------------
MPI_ABORT was invoked on rank 0 in communicator MPI_COMM_WORLD
with errorcode 1.

NOTE: invoking MPI_ABORT causes Open MPI to kill all MPI processes.
You may or may not see output from other processes, depending on
exactly when Open MPI kills them.
--------------------------------------------------------------------------

NOTE: invoking MPI_ABORT causes Open MPI to kill all MPI processes.
You may or may not see output from other processes, depending on
exactly when Open MPI kills them.
--------------------------------------------------------------------------
  NVT done

-------------------------------------------------------
Program:     gmx grompp, version 2026.1
Source file: src/gromacs/commandline/cmdlineparser.cpp (line 271)
Function:    void gmx::CommandLineParser::parse(int*, char**)

Error in user input:
Invalid command-line options
  In command-line option -c
    File 'nvt.gro' does not exist or is not accessible.
    The file could not be opened.
      Reason: No such file or directory
      (call to fopen() returned error code 2)
  In command-line option -r
    File 'nvt.gro' does not exist or is not accessible.
    The file could not be opened.
      Reason: No such file or directory
      (call to fopen() returned error code 2)
  In command-line option -t
    File 'nvt.cpt' does not exist or is not accessible.
    The file could not be opened.
      Reason: No such file or directory
      (call to fopen() returned error code 2)
  In command-line option -n
    File 'analysis.ndx' does not exist or is not accessible.
    The file could not be opened.
      Reason: No such file or directory
      (call to fopen() returned error code 2)

For more information and tips for troubleshooting, please check the GROMACS
website at https://manual.gromacs.org/current/user-guide/run-time-errors.html
-------------------------------------------------------
--------------------------------------------------------------------------
MPI_ABORT was invoked on rank 0 in communicator MPI_COMM_WORLD
with errorcode 1.

NOTE: invoking MPI_ABORT causes Open MPI to kill all MPI processes.
You may or may not see output from other processes, depending on
exactly when Open MPI kills them.
--------------------------------------------------------------------------

NOTE: invoking MPI_ABORT causes Open MPI to kill all MPI processes.
You may or may not see output from other processes, depending on
exactly when Open MPI kills them.
--------------------------------------------------------------------------
  NPT done

-------------------------------------------------------
Program:     gmx grompp, version 2026.1
Source file: src/gromacs/commandline/cmdlineparser.cpp (line 271)
Function:    void gmx::CommandLineParser::parse(int*, char**)

Error in user input:
Invalid command-line options
  In command-line option -c
    File 'npt.gro' does not exist or is not accessible.
    The file could not be opened.
      Reason: No such file or directory
      (call to fopen() returned error code 2)
  In command-line option -t
    File 'npt.cpt' does not exist or is not accessible.
    The file could not be opened.
      Reason: No such file or directory
      (call to fopen() returned error code 2)
  In command-line option -n
    File 'analysis.ndx' does not exist or is not accessible.
    The file could not be opened.
      Reason: No such file or directory
      (call to fopen() returned error code 2)

For more information and tips for troubleshooting, please check the GROMACS
website at https://manual.gromacs.org/current/user-guide/run-time-errors.html
-------------------------------------------------------
--------------------------------------------------------------------------
MPI_ABORT was invoked on rank 0 in communicator MPI_COMM_WORLD
with errorcode 1.

NOTE: invoking MPI_ABORT causes Open MPI to kill all MPI processes.
You may or may not see output from other processes, depending on
exactly when Open MPI kills them.
--------------------------------------------------------------------------

NOTE: invoking MPI_ABORT causes Open MPI to kill all MPI processes.
You may or may not see output from other processes, depending on
exactly when Open MPI kills them.
--------------------------------------------------------------------------
  MD done: EDS00445742 rep1
=== EDS00445742 replica 2 (seed 2002) ===
Note that major changes are planned in future for editconf, to improve usability and utility.
Read 9286 atoms
Volume: 338.076 nm^3, corresponds to roughly 152100 electrons
No velocities found
    system size :  6.980  7.951  6.092 (nm)
    diameter    :  8.398               (nm)
    center      :  2.646  0.624 -1.832 (nm)
    box vectors :  6.980  7.951  6.092 (nm)
    box angles  :  90.00  90.00  90.00 (degrees)
    box volume  : 338.08               (nm^3)
    shift       :  5.452  7.475  5.650 (nm)
new center      :  8.099  8.099  3.818 (nm)
new box vectors : 10.798 10.798 10.798 (nm)
new box angles  :  60.00  60.00  90.00 (degrees)
new box volume  : 890.31               (nm^3)
Reading solute configuration
Reading solvent configuration

Initialising inter-atomic distances...

WARNING: Masses and atomic (Van der Waals) radii will be guessed
         based on residue and atom names, since they could not be
         definitively assigned from the information in your input
         files. These guessed numbers might deviate from the mass
         and radius of the atom type. Please check the output
         files if necessary. Note, that this functionality may
         be removed in a future GROMACS version. Please, consider
         using another file format for your input.

         The atomic radii are set according to:

++++ PLEASE READ AND CITE THE FOLLOWING REFERENCE ++++
A. Bondi
van der Waals Volumes and Radii
J. Phys. Chem. (1964)
https://doi.org/10.1021/j100785a001
-------- -------- --- Thank You --- -------- --------

Generating solvent configuration
Will generate new solvent configuration of 6x6x5 boxes
Solvent box contains 98568 atoms in 32856 residues
Removed 10848 solvent atoms due to solvent-solvent overlap
Removed 8619 solvent atoms due to solute-solvent overlap
Sorting configuration
Found 1 molecule type:
    SOL (   3 atoms): 26367 residues
Generated solvent containing 79101 atoms in 26367 residues
Writing generated configuration to solv.gro

Output configuration contains 88387 atoms in 26934 residues
Volume                 :     890.306 (nm^3)
Density                :     1016.79 (g/l)
Number of solvent molecules:  26367   

Processing topology

Back Off! I just backed up topol.top to ./#topol.top.1#
Adding line for 26367 solvent molecules with resname (SOL) to topology file (topol.top)
Ignoring obsolete mdp entry 'ns_type'
Generating 1-4 interactions: fudge = 0.5

-------------------------------------------------------
Program:     gmx grompp, version 2026.1
Source file: src/gromacs/gmxpreprocess/gmxcpp.cpp (line 297)

Fatal error:
Topology include file "amber14sb.ff/ions.itp" not found

For more information and tips for troubleshooting, please check the GROMACS
website at https://manual.gromacs.org/current/user-guide/run-time-errors.html
-------------------------------------------------------
Setting the LD random seed to -687900931

Generated 73920 of the 73920 non-bonded parameter combinations

Generated 73920 of the 73920 1-4 parameter combinations

Excluding 3 bonded neighbours molecule type 'EDS00445742'
--------------------------------------------------------------------------
MPI_ABORT was invoked on rank 0 in communicator MPI_COMM_WORLD
with errorcode 1.

NOTE: invoking MPI_ABORT causes Open MPI to kill all MPI processes.
You may or may not see output from other processes, depending on
exactly when Open MPI kills them.
--------------------------------------------------------------------------

-------------------------------------------------------
Program:     gmx genion, version 2026.1
Source file: src/gromacs/commandline/cmdlineparser.cpp (line 271)
Function:    void gmx::CommandLineParser::parse(int*, char**)

Error in user input:
Invalid command-line options
  In command-line option -s
    File 'ions.tpr' does not exist or is not accessible.
    The file could not be opened.
      Reason: No such file or directory
      (call to fopen() returned error code 2)

For more information and tips for troubleshooting, please check the GROMACS
website at https://manual.gromacs.org/current/user-guide/run-time-errors.html
-------------------------------------------------------
--------------------------------------------------------------------------
MPI_ABORT was invoked on rank 0 in communicator MPI_COMM_WORLD
with errorcode 1.

NOTE: invoking MPI_ABORT causes Open MPI to kill all MPI processes.
You may or may not see output from other processes, depending on
exactly when Open MPI kills them.
--------------------------------------------------------------------------
Traceback (most recent call last):
  File "/scratch/u6sp/hpcuser.u6sp/md_cdk2_82496/create_ndx.py", line 22, in <module>
    with open(gro) as f:
         ^^^^^^^^^
FileNotFoundError: [Errno 2] No such file or directory: 'ions.gro'

-------------------------------------------------------
Program:     gmx grompp, version 2026.1
Source file: src/gromacs/commandline/cmdlineparser.cpp (line 271)
Function:    void gmx::CommandLineParser::parse(int*, char**)

Error in user input:
Invalid command-line options
  In command-line option -c
    File 'ions.gro' does not exist or is not accessible.
    The file could not be opened.
      Reason: No such file or directory
      (call to fopen() returned error code 2)

For more information and tips for troubleshooting, please check the GROMACS
website at https://manual.gromacs.org/current/user-guide/run-time-errors.html
-------------------------------------------------------
--------------------------------------------------------------------------
MPI_ABORT was invoked on rank 0 in communicator MPI_COMM_WORLD
with errorcode 1.

NOTE: invoking MPI_ABORT causes Open MPI to kill all MPI processes.
You may or may not see output from other processes, depending on
exactly when Open MPI kills them.
--------------------------------------------------------------------------

NOTE: invoking MPI_ABORT causes Open MPI to kill all MPI processes.
You may or may not see output from other processes, depending on
exactly when Open MPI kills them.
--------------------------------------------------------------------------
  EM done

-------------------------------------------------------
Program:     gmx grompp, version 2026.1
Source file: src/gromacs/commandline/cmdlineparser.cpp (line 271)
Function:    void gmx::CommandLineParser::parse(int*, char**)

Error in user input:
Invalid command-line options
  In command-line option -c
    File 'em.gro' does not exist or is not accessible.
    The file could not be opened.
      Reason: No such file or directory
      (call to fopen() returned error code 2)
  In command-line option -r
    File 'em.gro' does not exist or is not accessible.
    The file could not be opened.
      Reason: No such file or directory
      (call to fopen() returned error code 2)
  In command-line option -n
    File 'analysis.ndx' does not exist or is not accessible.
    The file could not be opened.
      Reason: No such file or directory
      (call to fopen() returned error code 2)

For more information and tips for troubleshooting, please check the GROMACS
website at https://manual.gromacs.org/current/user-guide/run-time-errors.html
-------------------------------------------------------
--------------------------------------------------------------------------
MPI_ABORT was invoked on rank 0 in communicator MPI_COMM_WORLD
with errorcode 1.

NOTE: invoking MPI_ABORT causes Open MPI to kill all MPI processes.
You may or may not see output from other processes, depending on
exactly when Open MPI kills them.
--------------------------------------------------------------------------

NOTE: invoking MPI_ABORT causes Open MPI to kill all MPI processes.
You may or may not see output from other processes, depending on
exactly when Open MPI kills them.
--------------------------------------------------------------------------
  NVT done

-------------------------------------------------------
Program:     gmx grompp, version 2026.1
Source file: src/gromacs/commandline/cmdlineparser.cpp (line 271)
Function:    void gmx::CommandLineParser::parse(int*, char**)

Error in user input:
Invalid command-line options
  In command-line option -c
    File 'nvt.gro' does not exist or is not accessible.
    The file could not be opened.
      Reason: No such file or directory
      (call to fopen() returned error code 2)
  In command-line option -r
    File 'nvt.gro' does not exist or is not accessible.
    The file could not be opened.
      Reason: No such file or directory
      (call to fopen() returned error code 2)
  In command-line option -t
    File 'nvt.cpt' does not exist or is not accessible.
    The file could not be opened.
      Reason: No such file or directory
      (call to fopen() returned error code 2)
  In command-line option -n
    File 'analysis.ndx' does not exist or is not accessible.
    The file could not be opened.
      Reason: No such file or directory
      (call to fopen() returned error code 2)

For more information and tips for troubleshooting, please check the GROMACS
website at https://manual.gromacs.org/current/user-guide/run-time-errors.html
-------------------------------------------------------
--------------------------------------------------------------------------
MPI_ABORT was invoked on rank 0 in communicator MPI_COMM_WORLD
with errorcode 1.

NOTE: invoking MPI_ABORT causes Open MPI to kill all MPI processes.
You may or may not see output from other processes, depending on
exactly when Open MPI kills them.
--------------------------------------------------------------------------

NOTE: invoking MPI_ABORT causes Open MPI to kill all MPI processes.
You may or may not see output from other processes, depending on
exactly when Open MPI kills them.
--------------------------------------------------------------------------
  NPT done

-------------------------------------------------------
Program:     gmx grompp, version 2026.1
Source file: src/gromacs/commandline/cmdlineparser.cpp (line 271)
Function:    void gmx::CommandLineParser::parse(int*, char**)

Error in user input:
Invalid command-line options
  In command-line option -c
    File 'npt.gro' does not exist or is not accessible.
    The file could not be opened.
      Reason: No such file or directory
      (call to fopen() returned error code 2)
  In command-line option -t
    File 'npt.cpt' does not exist or is not accessible.
    The file could not be opened.
      Reason: No such file or directory
      (call to fopen() returned error code 2)
  In command-line option -n
    File 'analysis.ndx' does not exist or is not accessible.
    The file could not be opened.
      Reason: No such file or directory
      (call to fopen() returned error code 2)

For more information and tips for troubleshooting, please check the GROMACS
website at https://manual.gromacs.org/current/user-guide/run-time-errors.html
-------------------------------------------------------
--------------------------------------------------------------------------
MPI_ABORT was invoked on rank 0 in communicator MPI_COMM_WORLD
with errorcode 1.

NOTE: invoking MPI_ABORT causes Open MPI to kill all MPI processes.
You may or may not see output from other processes, depending on
exactly when Open MPI kills them.
--------------------------------------------------------------------------

NOTE: invoking MPI_ABORT causes Open MPI to kill all MPI processes.
You may or may not see output from other processes, depending on
exactly when Open MPI kills them.
--------------------------------------------------------------------------
  MD done: EDS00445742 rep2
=== EDS00445742 replica 3 (seed 3003) ===
Note that major changes are planned in future for editconf, to improve usability and utility.
Read 9286 atoms
Volume: 338.076 nm^3, corresponds to roughly 152100 electrons
No velocities found
    system size :  6.980  7.951  6.092 (nm)
    diameter    :  8.398               (nm)
    center      :  2.646  0.624 -1.832 (nm)
    box vectors :  6.980  7.951  6.092 (nm)
    box angles  :  90.00  90.00  90.00 (degrees)
    box volume  : 338.08               (nm^3)
    shift       :  5.452  7.475  5.650 (nm)
new center      :  8.099  8.099  3.818 (nm)
new box vectors : 10.798 10.798 10.798 (nm)
new box angles  :  60.00  60.00  90.00 (degrees)
new box volume  : 890.31               (nm^3)
Reading solute configuration
Reading solvent configuration

Initialising inter-atomic distances...

WARNING: Masses and atomic (Van der Waals) radii will be guessed
         based on residue and atom names, since they could not be
         definitively assigned from the information in your input
         files. These guessed numbers might deviate from the mass
         and radius of the atom type. Please check the output
         files if necessary. Note, that this functionality may
         be removed in a future GROMACS version. Please, consider
         using another file format for your input.

         The atomic radii are set according to:

++++ PLEASE READ AND CITE THE FOLLOWING REFERENCE ++++
A. Bondi
van der Waals Volumes and Radii
J. Phys. Chem. (1964)
https://doi.org/10.1021/j100785a001
-------- -------- --- Thank You --- -------- --------

Generating solvent configuration
Will generate new solvent configuration of 6x6x5 boxes
Solvent box contains 98568 atoms in 32856 residues
Removed 10848 solvent atoms due to solvent-solvent overlap
Removed 8619 solvent atoms due to solute-solvent overlap
Sorting configuration
Found 1 molecule type:
    SOL (   3 atoms): 26367 residues
Generated solvent containing 79101 atoms in 26367 residues
Writing generated configuration to solv.gro

Output configuration contains 88387 atoms in 26934 residues
Volume                 :     890.306 (nm^3)
Density                :     1016.79 (g/l)
Number of solvent molecules:  26367   

Processing topology

Back Off! I just backed up topol.top to ./#topol.top.1#
Adding line for 26367 solvent molecules with resname (SOL) to topology file (topol.top)
Ignoring obsolete mdp entry 'ns_type'
Generating 1-4 interactions: fudge = 0.5

-------------------------------------------------------
Program:     gmx grompp, version 2026.1
Source file: src/gromacs/gmxpreprocess/gmxcpp.cpp (line 297)

Fatal error:
Topology include file "amber14sb.ff/ions.itp" not found

For more information and tips for troubleshooting, please check the GROMACS
website at https://manual.gromacs.org/current/user-guide/run-time-errors.html
-------------------------------------------------------
Setting the LD random seed to 968622079

Generated 73920 of the 73920 non-bonded parameter combinations

Generated 73920 of the 73920 1-4 parameter combinations

Excluding 3 bonded neighbours molecule type 'EDS00445742'
--------------------------------------------------------------------------
MPI_ABORT was invoked on rank 0 in communicator MPI_COMM_WORLD
with errorcode 1.

NOTE: invoking MPI_ABORT causes Open MPI to kill all MPI processes.
You may or may not see output from other processes, depending on
exactly when Open MPI kills them.
--------------------------------------------------------------------------

-------------------------------------------------------
Program:     gmx genion, version 2026.1
Source file: src/gromacs/commandline/cmdlineparser.cpp (line 271)
Function:    void gmx::CommandLineParser::parse(int*, char**)

Error in user input:
Invalid command-line options
  In command-line option -s
    File 'ions.tpr' does not exist or is not accessible.
    The file could not be opened.
      Reason: No such file or directory
      (call to fopen() returned error code 2)

For more information and tips for troubleshooting, please check the GROMACS
website at https://manual.gromacs.org/current/user-guide/run-time-errors.html
-------------------------------------------------------
--------------------------------------------------------------------------
MPI_ABORT was invoked on rank 0 in communicator MPI_COMM_WORLD
with errorcode 1.

NOTE: invoking MPI_ABORT causes Open MPI to kill all MPI processes.
You may or may not see output from other processes, depending on
exactly when Open MPI kills them.
--------------------------------------------------------------------------
Traceback (most recent call last):
  File "/scratch/u6sp/hpcuser.u6sp/md_cdk2_82496/create_ndx.py", line 22, in <module>
    with open(gro) as f:
         ^^^^^^^^^
FileNotFoundError: [Errno 2] No such file or directory: 'ions.gro'

-------------------------------------------------------
Program:     gmx grompp, version 2026.1
Source file: src/gromacs/commandline/cmdlineparser.cpp (line 271)
Function:    void gmx::CommandLineParser::parse(int*, char**)

Error in user input:
Invalid command-line options
  In command-line option -c
    File 'ions.gro' does not exist or is not accessible.
    The file could not be opened.
      Reason: No such file or directory
      (call to fopen() returned error code 2)

For more information and tips for troubleshooting, please check the GROMACS
website at https://manual.gromacs.org/current/user-guide/run-time-errors.html
-------------------------------------------------------
--------------------------------------------------------------------------
MPI_ABORT was invoked on rank 0 in communicator MPI_COMM_WORLD
with errorcode 1.

NOTE: invoking MPI_ABORT causes Open MPI to kill all MPI processes.
You may or may not see output from other processes, depending on
exactly when Open MPI kills them.
--------------------------------------------------------------------------

NOTE: invoking MPI_ABORT causes Open MPI to kill all MPI processes.
You may or may not see output from other processes, depending on
exactly when Open MPI kills them.
--------------------------------------------------------------------------
  EM done

-------------------------------------------------------
Program:     gmx grompp, version 2026.1
Source file: src/gromacs/commandline/cmdlineparser.cpp (line 271)
Function:    void gmx::CommandLineParser::parse(int*, char**)

Error in user input:
Invalid command-line options
  In command-line option -c
    File 'em.gro' does not exist or is not accessible.
    The file could not be opened.
      Reason: No such file or directory
      (call to fopen() returned error code 2)
  In command-line option -r
    File 'em.gro' does not exist or is not accessible.
    The file could not be opened.
      Reason: No such file or directory
      (call to fopen() returned error code 2)
  In command-line option -n
    File 'analysis.ndx' does not exist or is not accessible.
    The file could not be opened.
      Reason: No such file or directory
      (call to fopen() returned error code 2)

For more information and tips for troubleshooting, please check the GROMACS
website at https://manual.gromacs.org/current/user-guide/run-time-errors.html
-------------------------------------------------------
--------------------------------------------------------------------------
MPI_ABORT was invoked on rank 0 in communicator MPI_COMM_WORLD
with errorcode 1.

NOTE: invoking MPI_ABORT causes Open MPI to kill all MPI processes.
You may or may not see output from other processes, depending on
exactly when Open MPI kills them.
--------------------------------------------------------------------------

NOTE: invoking MPI_ABORT causes Open MPI to kill all MPI processes.
You may or may not see output from other processes, depending on
exactly when Open MPI kills them.
--------------------------------------------------------------------------
  NVT done

-------------------------------------------------------
Program:     gmx grompp, version 2026.1
Source file: src/gromacs/commandline/cmdlineparser.cpp (line 271)
Function:    void gmx::CommandLineParser::parse(int*, char**)

Error in user input:
Invalid command-line options
  In command-line option -c
    File 'nvt.gro' does not exist or is not accessible.
    The file could not be opened.
      Reason: No such file or directory
      (call to fopen() returned error code 2)
  In command-line option -r
    File 'nvt.gro' does not exist or is not accessible.
    The file could not be opened.
      Reason: No such file or directory
      (call to fopen() returned error code 2)
  In command-line option -t
    File 'nvt.cpt' does not exist or is not accessible.
    The file could not be opened.
      Reason: No such file or directory
      (call to fopen() returned error code 2)
  In command-line option -n
    File 'analysis.ndx' does not exist or is not accessible.
    The file could not be opened.
      Reason: No such file or directory
      (call to fopen() returned error code 2)

For more information and tips for troubleshooting, please check the GROMACS
website at https://manual.gromacs.org/current/user-guide/run-time-errors.html
-------------------------------------------------------
--------------------------------------------------------------------------
MPI_ABORT was invoked on rank 0 in communicator MPI_COMM_WORLD
with errorcode 1.

NOTE: invoking MPI_ABORT causes Open MPI to kill all MPI processes.
You may or may not see output from other processes, depending on
exactly when Open MPI kills them.
--------------------------------------------------------------------------

NOTE: invoking MPI_ABORT causes Open MPI to kill all MPI processes.
You may or may not see output from other processes, depending on
exactly when Open MPI kills them.
--------------------------------------------------------------------------
  NPT done

-------------------------------------------------------
Program:     gmx grompp, version 2026.1
Source file: src/gromacs/commandline/cmdlineparser.cpp (line 271)
Function:    void gmx::CommandLineParser::parse(int*, char**)

Error in user input:
Invalid command-line options
  In command-line option -c
    File 'npt.gro' does not exist or is not accessible.
    The file could not be opened.
      Reason: No such file or directory
      (call to fopen() returned error code 2)
  In command-line option -t
    File 'npt.cpt' does not exist or is not accessible.
    The file could not be opened.
      Reason: No such file or directory
      (call to fopen() returned error code 2)
  In command-line option -n
    File 'analysis.ndx' does not exist or is not accessible.
    The file could not be opened.
      Reason: No such file or directory
      (call to fopen() returned error code 2)

For more information and tips for troubleshooting, please check the GROMACS
website at https://manual.gromacs.org/current/user-guide/run-time-errors.html
-------------------------------------------------------
--------------------------------------------------------------------------
MPI_ABORT was invoked on rank 0 in communicator MPI_COMM_WORLD
with errorcode 1.

NOTE: invoking MPI_ABORT causes Open MPI to kill all MPI processes.
You may or may not see output from other processes, depending on
exactly when Open MPI kills them.
--------------------------------------------------------------------------

NOTE: invoking MPI_ABORT causes Open MPI to kill all MPI processes.
You may or may not see output from other processes, depending on
exactly when Open MPI kills them.
--------------------------------------------------------------------------
  MD done: EDS00445742 rep3
--- Analysing EDS00495858 rep1 ---
WARN: md.xtc missing for EDS00495858 rep1 — skipping
--- Analysing EDS00495858 rep2 ---
WARN: md.xtc missing for EDS00495858 rep2 — skipping
--- Analysing EDS00495858 rep3 ---
WARN: md.xtc missing for EDS00495858 rep3 — skipping
--- Analysing EDS00480994 rep1 ---
WARN: md.xtc missing for EDS00480994 rep1 — skipping
--- Analysing EDS00480994 rep2 ---
WARN: md.xtc missing for EDS00480994 rep2 — skipping
--- Analysing EDS00480994 rep3 ---
WARN: md.xtc missing for EDS00480994 rep3 — skipping
--- Analysing EDS00444974 rep1 ---
WARN: md.xtc missing for EDS00444974 rep1 — skipping
--- Analysing EDS00444974 rep2 ---
WARN: md.xtc missing for EDS00444974 rep2 — skipping
--- Analysing EDS00444974 rep3 ---
WARN: md.xtc missing for EDS00444974 rep3 — skipping
--- Analysing EDS00481054 rep1 ---
WARN: md.xtc missing for EDS00481054 rep1 — skipping
--- Analysing EDS00481054 rep2 ---
WARN: md.xtc missing for EDS00481054 rep2 — skipping
--- Analysing EDS00481054 rep3 ---
WARN: md.xtc missing for EDS00481054 rep3 — skipping
--- Analysing EDS00441134 rep1 ---
WARN: md.xtc missing for EDS00441134 rep1 — skipping
--- Analysing EDS00441134 rep2 ---
WARN: md.xtc missing for EDS00441134 rep2 — skipping
--- Analysing EDS00441134 rep3 ---
WARN: md.xtc missing for EDS00441134 rep3 — skipping
--- Analysing EDS00445742 rep1 ---
WARN: md.xtc missing for EDS00445742 rep1 — skipping
--- Analysing EDS00445742 rep2 ---
WARN: md.xtc missing for EDS00445742 rep2 — skipping
--- Analysing EDS00445742 rep3 ---
WARN: md.xtc missing for EDS00445742 rep3 — skipping

============= MD RESULTS SUMMARY =============
compound,replica,rmsd_mean_nm,rmsd_std_nm,hbond_mean,hbond_std,mindist_mean_nm,mindist_std_nm,bsa_mean_nm2
EDS00495858,1,NA,NA,NA,NA,NA,NA,NA,NA
EDS00495858,2,NA,NA,NA,NA,NA,NA,NA,NA
EDS00495858,3,NA,NA,NA,NA,NA,NA,NA,NA
EDS00480994,1,NA,NA,NA,NA,NA,NA,NA,NA
EDS00480994,2,NA,NA,NA,NA,NA,NA,NA,NA
EDS00480994,3,NA,NA,NA,NA,NA,NA,NA,NA
EDS00444974,1,NA,NA,NA,NA,NA,NA,NA,NA
EDS00444974,2,NA,NA,NA,NA,NA,NA,NA,NA
EDS00444974,3,NA,NA,NA,NA,NA,NA,NA,NA
EDS00481054,1,NA,NA,NA,NA,NA,NA,NA,NA
EDS00481054,2,NA,NA,NA,NA,NA,NA,NA,NA
EDS00481054,3,NA,NA,NA,NA,NA,NA,NA,NA
EDS00441134,1,NA,NA,NA,NA,NA,NA,NA,NA
EDS00441134,2,NA,NA,NA,NA,NA,NA,NA,NA
EDS00441134,3,NA,NA,NA,NA,NA,NA,NA,NA
EDS00445742,1,NA,NA,NA,NA,NA,NA,NA,NA
EDS00445742,2,NA,NA,NA,NA,NA,NA,NA,NA
EDS00445742,3,NA,NA,NA,NA,NA,NA,NA,NA
===============================================
All results in: /scratch/u6sp/hpcuser.u6sp/rayca/max-7c328505dd/out
