Cpptraj Generated trajectory                                                    
  90.051 180.375  24.645  91.016 180.408  24.352  90.015 179.404  24.922  89.859
 180.942  25.459  89.148 180.719  23.451  88.111 180.563  23.748  89.366 182.267
  22.997  90.426 182.501  23.096  89.024 182.389  21.970  88.483 183.168  23.886
  87.442 182.985  23.620  88.717 182.936  24.925  88.859 184.962  23.619  87.937
 185.167  22.037  86.881 185.105  22.298  88.019 186.185  21.657  88.145 184.356
  21.339  89.389 179.739  22.301  90.475 179.198  22.172  88.322 179.391  21.616
  87.448 179.855  21.816  88.403 178.347  20.556  88.883 177.494  21.036  86.977
 177.842  20.290  86.245 178.615  20.523  86.656 177.233  18.905  87.047 176.215
  18.900  85.580 177.165  18.742  87.055 177.808  18.070  86.669 176.795  21.329
  85.950 176.103  20.892  87.542 176.167  21.507  86.121 177.244  22.692  85.293
 177.927  22.500  85.803 176.358  23.241  86.895 177.851  23.161  89.212 178.755
  19.302  89.374 179.928  19.100  89.781 177.866  18.524  89.789 176.898  18.810
  90.395 178.235  17.200  90.056 179.210  16.849  91.914 178.481  17.355  92.300
 178.699  16.359  91.991 179.308  18.061  92.690 177.262  17.902  92.274 176.139
  17.846  93.825 177.484  18.509  94.391 176.704  18.812  94.249 178.400  18.566
  90.032 177.326  16.023  90.465 177.536  14.900  89.223 176.301  16.256  89.162
 176.010  17.221  88.695 175.326  15.317  89.519 174.915  14.734  87.907 174.173
  15.992  88.504 173.829  16.837  86.987 174.545  16.442  87.528 173.009  15.152
  88.522 172.006  14.821  89.565 172.184  15.037  88.146 170.844  14.147  88.828
 170.008  14.109  86.807 170.631  13.860  86.437 169.706  13.443  85.844 171.659
  14.085  84.803 171.480  13.863  86.216 172.898  14.644  85.518 173.709  14.792
  87.657 175.974  14.343  86.788 176.767  14.755  87.754 175.692  13.054  88.512
 175.085  12.776  86.871 176.210  11.998  86.549 177.220  12.250  87.607 176.301
  10.699  88.495 176.917  10.838  87.955 175.344  10.310  86.777 176.927   9.579
  85.538 176.899   9.712  87.384 177.341   8.590  85.648 175.275  11.963  85.716
 174.099  11.541  84.554 175.676  12.620  84.620 176.627  12.954  83.298 174.917
  12.805  83.535 174.081  13.463  82.295 175.754  13.603  81.279 175.382  13.469
  82.681 175.838  15.066  83.600 176.417  15.152  81.877 176.388  15.555  82.786
 174.827  15.458  82.367 177.126  13.147  82.018 177.219  12.257  82.635 174.475
  11.509  81.649 173.762  11.594  83.184 174.788  10.316  83.919 175.480  10.320
  82.837 174.220   8.981  81.773 173.986   8.994  83.077 175.241   7.842  82.481
 174.935   6.982  82.665 176.209   8.127  84.437 175.365   7.619  84.703 176.148
   8.106  83.536 172.889   8.650  83.002 172.033   7.939  84.646 172.524   9.311
  85.120 173.298   9.753  85.410 171.214   9.170  85.844 171.094   8.177  86.567
 171.301  10.114  86.196 171.646  11.079  87.022 170.357  10.414  87.667 172.328
   9.642  87.318 173.353   9.513  88.653 172.377  10.784  89.161 171.416  10.860
  89.321 173.202  10.535  88.103 172.565  11.706  88.375 171.858   8.352  87.629
 171.871   7.558  89.106 172.609   8.052  88.772 170.866   8.568  84.582 169.965
   9.347  85.033 168.872   8.922  83.425 169.974  10.062  83.074 170.869  11.099
  82.281 171.575  10.854  83.909 171.498  11.406  82.615 169.995  12.270  82.058
 170.586  12.996  83.467 169.423  12.639  81.785 168.965  11.442  80.771 169.342
  11.301  81.746 167.992  11.931  82.473 168.829  10.062  83.052 167.906  10.084
  81.474 168.783   8.887  81.216 167.781   8.290  80.915 169.938   8.534  81.207
 170.775   9.018  79.823 170.084   7.596  79.241 169.202   7.864  79.002 171.372
   7.859  78.209 171.417   7.113  78.280 171.393   9.160  79.051 171.423   9.929
  77.581 172.228   9.206  77.691 170.476   9.192  79.760 172.567   7.972  79.615
 173.053   7.157  80.203 170.095   6.072  79.305 169.950   5.245  81.504 170.198
   5.830  82.092 170.321   6.642  82.144 169.844   4.567  81.608 170.379   3.783
  83.599 170.400   4.552  84.089 170.269   3.587  83.509 171.478   4.684  84.288
 169.937   5.708  85.040 170.514   5.857  82.093 168.288   4.304  82.055 167.870
   3.131  82.136 167.443   5.393  82.066 167.812   6.331  82.172 165.956   5.354
  82.232 165.516   6.350  80.846 165.350   4.906  80.695 165.651   3.870  81.013
 164.276   4.987  79.688 165.601   5.867  79.473 164.845   7.042  78.443 165.414
   7.649  77.955 164.954   8.495  77.951 166.391   6.907  77.065 166.848   7.069
  78.747 166.553   5.813  78.513 167.160   4.950  83.457 165.352   4.685  83.425
 164.310   4.035  84.602 166.028   4.899  84.544 166.938   5.333  85.951 165.549
   4.283  85.767 165.673   3.215  87.008 166.547   4.798  86.932 166.670   5.878
  87.988 166.086   4.679  86.911 167.911   4.081  87.138 167.806   3.020  85.881
 168.249   4.194  87.828 169.292   4.921  89.520 168.925   4.308  89.543 168.951
   3.219  90.211 169.715   4.601  89.805 167.960   4.728  86.328 164.108   4.565
  86.924 163.490   3.741  85.944 163.535   5.718  85.539 164.179   6.383  86.182
 162.112   5.969  87.225 161.870   5.766  85.744 161.717   7.372  86.176 160.730
   7.541  86.083 162.464   8.089  84.242 161.528   7.541  83.448 162.643   7.849
  83.798 163.645   8.048  82.054 162.480   7.893  81.531 163.371   8.207  81.432
 161.261   7.585  80.125 161.069   7.676  79.619 161.863   7.864  82.220 160.164
   7.246  81.758 159.237   6.941  83.631 160.300   7.191  84.274 159.508   6.836
  85.518 161.203   4.985  86.065 160.137   4.665  84.340 161.610   4.434  83.952
 162.518   4.644  83.594 160.961   3.311  83.667 159.888   3.490  82.134 161.448
   3.517  81.884 161.559   4.572  82.142 162.401   2.989  81.085 160.513   2.858
  81.345 160.211   1.843  80.575 159.328   3.768  80.142 159.676   4.706  79.794
 158.736   3.291  81.447 158.747   4.069  79.791 161.307   2.559  80.016 162.084
   1.827  78.955 160.707   2.200  79.450 161.841   3.446  84.279 161.242   1.975
  83.882 160.698   0.955  85.415 161.937   1.985  85.741 162.328   2.857  86.100
 162.358   0.815  87.165 162.476   1.015  85.976 161.701  -0.045  85.640 163.713
   0.236  84.436 164.024   0.164  86.578 164.521  -0.221  87.545 164.295  -0.038
  86.227 165.664  -1.114  85.395 166.293  -0.796  87.466 166.581  -1.091  87.070
 167.554  -1.379  87.938 166.729  -0.119  88.450 166.129  -2.056  88.875 165.298
  -1.831  85.804 165.267  -2.564  85.558 164.059  -2.774  85.808 166.227  -3.529
  86.055 167.163  -3.239  85.869 165.943  -4.991  85.813 166.906  -5.499  87.228
 165.245  -5.310  87.982 165.688  -4.660  87.175 164.234  -4.906  87.751 165.204
  -6.777  87.474 166.113  -7.573  88.437 164.227  -7.154  84.636 165.105  -5.547
  84.791 164.170  -6.354  83.429 165.395  -5.123  83.374 166.235  -4.566  82.149
 164.808  -5.518  82.338 163.773  -5.803  81.166 164.808  -4.334  80.754 165.788
  -4.095  80.312 164.208  -4.647  81.824 164.140  -3.092  82.196 163.156  -3.377
  82.648 164.739  -2.703  80.753 163.808  -1.676  79.973 162.228  -2.148  80.743
 161.494  -2.387  79.327 161.873  -1.346  79.373 162.400  -3.041  81.532 165.524
  -6.759  81.875 166.655  -7.087  80.499 164.909  -7.411  80.225 163.986  -7.107
  79.473 165.619  -8.208  79.988 166.342  -8.841  78.803 164.644  -9.202  79.506
 164.056  -9.792  78.369 163.837  -8.612  77.717 165.248 -10.140  76.786 165.470
  -9.619  78.068 166.149 -10.643  77.412 164.288 -11.318  77.356 163.049 -11.101
  77.054 164.825 -12.399  78.578 166.386  -7.287  77.959 165.801  -6.405  78.394
 167.718  -7.444  78.869 168.152  -8.223  77.321 168.496  -6.740  76.910 168.022
  -5.848  77.922 169.855  -6.259  78.593 170.399  -6.925  77.091 170.541  -6.095
  78.673 169.753  -4.913  78.136 169.180  -4.157  79.642 169.282  -5.075  79.001
 171.155  -4.321  78.282 172.193  -4.502  80.049 171.382  -3.605  76.129 168.811
  -7.598  76.237 169.308  -8.727  74.967 168.349  -7.137  74.955 167.996  -6.191
  73.701 168.629  -7.845  73.813 168.809  -8.914  72.630 167.542  -7.585  72.801
 167.283  -6.540  71.638 167.966  -7.747  72.947 166.285  -8.374  72.690 166.159
  -9.760  72.391 167.015 -10.346  72.926 164.928 -10.397  72.845 164.929 -11.474
  73.387 163.780  -9.689  73.619 162.777 -10.018  73.555 163.942  -8.278  73.999
 163.136  -7.714  73.417 165.149  -7.645  73.529 165.160  -6.571  73.170 169.970
  -7.335  73.284 170.301  -6.161  72.561 170.692  -8.291  72.425 170.381  -9.242
  72.116 172.101  -8.011  72.451 172.496  -7.052  72.604 172.947  -9.216  72.420
 174.002  -9.012  73.676 172.763  -9.294  72.061 172.637 -10.630  72.249 171.446
 -11.357  71.873 171.698 -12.599  72.030 170.977 -13.388  71.387 172.948 -12.738
  70.978 173.348 -13.570  71.520 173.591 -11.517  71.341 174.640 -11.329  70.564
 172.386  -7.939  70.136 173.370  -7.342  69.734 171.585  -8.683  70.040 170.897
  -9.355  68.299 171.977  -8.789  68.187 173.061  -8.768  67.921 171.647  -9.757
  67.477 171.409  -7.614  67.717 170.308  -7.135  66.577 172.226  -6.983  66.373
 173.159  -7.311  65.829 171.689  -5.824  66.442 170.994  -5.250  65.455 172.893
  -4.903  64.825 173.673  -5.330  64.953 172.408  -4.066  66.695 173.660  -4.336
  67.315 173.996  -5.167  66.352 174.559  -3.825  67.521 172.830  -3.322  67.014
 172.638  -2.376  67.805 171.918  -3.847  68.798 173.453  -2.973  69.599 173.018
  -3.408  69.032 174.544  -2.246  68.136 175.201  -1.661  67.216 174.820  -1.491
  68.329 176.075  -1.192  70.217 175.040  -2.181  71.003 174.604  -2.642  70.457
 175.857  -1.638  64.526 170.834  -6.102  63.874 171.001  -7.119  64.308 169.819
  -5.297  64.958 169.687  -4.535  63.149 168.963  -5.372  62.675 168.979  -6.353
  63.542 167.418  -5.059  63.861 167.242  -4.032  62.355 166.500  -5.499  61.819
 166.974  -6.321  62.731 165.498  -5.708  61.712 166.339  -4.634  64.641 167.096
  -5.929  64.547 166.169  -6.160  62.100 169.433  -4.344  62.286 169.308  -3.164
  60.910 169.788  -4.769  60.783 169.808  -5.771  59.740 169.932  -3.879  59.808
 169.164  -3.109  59.617 171.316  -3.299  59.556 172.013  -4.135  58.663 171.465
  -2.793  60.714 171.717  -2.361  61.695 171.527  -2.796  60.566 173.201  -2.066
  59.592 173.504  -1.679  61.326 173.619  -1.406  60.657 173.824  -2.956  60.551
 171.045  -1.011  61.014 170.070  -1.164  61.116 171.622  -0.280  59.514 170.963
  -0.683  58.365 169.637  -4.532  58.190 170.048  -5.675  57.472 168.929  -3.878
  57.759 168.605  -2.966  56.053 168.622  -4.265  56.006 168.585  -5.353  55.689
 167.223  -3.766  55.512 167.169  -2.692  54.827 167.042  -4.409  56.675 166.152
  -4.048  57.754 165.817  -3.256  58.545 165.034  -3.964  59.459 164.610  -3.573
  58.025 164.779  -5.132  58.354 164.094  -5.798  56.830 165.465  -5.187  56.201
 165.625  -6.050  55.067 169.664  -3.676  55.369 170.398  -2.718  53.861 169.693
  -4.204  53.685 169.093  -4.997  52.791 170.569  -3.759  53.148 171.598  -3.707
  51.632 170.618  -4.823  51.026 169.712  -4.823  50.921 171.402  -4.562  52.092
 171.034  -6.219  52.730 172.123  -6.291  51.762 170.294  -7.199  52.287 170.088
  -2.388  52.438 168.898  -2.068  51.712 171.010  -1.570  51.663 171.952  -1.931
  51.294 170.632  -0.253  52.192 170.254   0.235  50.856 171.827   0.581  50.140
 172.376  -0.031  50.372 171.532   1.512  52.004 172.780   1.015  53.146 172.320
   1.243  51.754 173.999   0.972  50.203 169.575  -0.220  49.311 169.601  -1.085
  50.378 168.630   0.731  51.033 168.860   1.464  49.543 167.443   0.926  50.113
 166.805   1.602  48.138 167.819   1.519  47.605 168.509   0.864  47.525 166.918
   1.499  48.195 168.376   2.973  48.682 167.611   3.852  47.720 169.508   3.227
  49.347 166.575  -0.354  48.375 165.888  -0.564  50.254 166.726  -1.296  51.025
 167.373  -1.221  50.258 165.780  -2.406  49.288 165.824  -2.902  51.165 166.157
  -3.542  51.086 165.372  -4.294  50.775 167.076  -3.979  52.525 166.212  -3.185
  52.665 167.035  -2.710  50.484 164.248  -2.043  51.310 164.023  -1.164  49.772
 163.328  -2.675  48.936 163.606  -3.169  49.985 161.888  -2.606  50.170 161.659
  -1.557  48.759 161.065  -2.960  47.845 161.572  -2.653  48.508 160.955  -4.015
  48.875 159.437  -2.132  48.056 158.754  -2.937  51.179 161.464  -3.544  51.237
 161.793  -4.739  52.146 160.709  -2.923  52.027 160.526  -1.936  53.392 160.327
  -3.572  53.264 160.456  -4.647  54.533 161.247  -3.294  54.876 160.977  -2.295
  55.326 160.937  -3.976  54.322 162.793  -3.426  53.471 163.049  -2.794  55.185
 163.360  -3.077  54.097 163.126  -4.827  54.350 162.357  -5.805  53.689 164.381
  -5.134  53.430 164.629  -6.078  53.521 165.047  -4.394  53.771 158.836  -3.303
  53.303 158.266  -2.307  54.702 158.268  -4.069  55.023 158.712  -4.918  55.388
 157.014  -3.738  55.198 156.829  -2.680  54.712 155.762  -4.454  53.636 155.742
  -4.283  54.845 155.904  -6.022  55.900 155.897  -6.296  54.414 155.038  -6.523
  54.456 156.882  -6.305  55.358 154.450  -3.992  55.379 154.434  -2.903  54.670
 153.649  -4.264  56.334 154.249  -4.434  56.893 157.046  -3.873  57.360 157.425
  -4.938  57.636 156.711  -2.827  57.206 156.376  -1.976  59.047 157.076  -2.754
  59.389 157.299  -3.765  59.238 158.460  -2.020  58.844 158.423  -1.004  60.649
 159.034  -2.076  60.910 159.312  -3.097  60.751 159.926  -1.458  61.377 158.312
  -1.709  58.337 159.622  -2.649  58.613 159.742  -3.696  57.294 159.358  -2.473
  58.509 160.991  -2.068  59.411 161.468  -2.452  57.711 161.659  -2.393  58.370
 160.895  -0.991  59.969 155.948  -2.149  59.566 155.330  -1.150  61.124 155.553
  -2.759  61.836 156.141  -3.871  62.016 157.193  -3.650  61.265 156.111  -4.799
  63.209 155.417  -4.033  63.988 155.999  -3.541  63.576 155.340  -5.057  63.019
 154.102  -3.296  63.929 153.759  -2.804  62.728 153.312  -3.989  61.891 154.406
  -2.255  61.192 153.577  -2.143  62.507 154.732  -0.865  62.784 155.903  -0.542
  62.794 153.686  -0.082  62.574 152.787  -0.487  63.365 153.736   1.287  63.738
 154.736   1.509  62.269 153.283   2.350  62.037 152.233   2.171  62.827 153.327
   3.794  63.097 154.338   4.098  62.145 152.869   4.510  63.720 152.703   3.827
  60.958 154.030   2.251  60.461 153.723   1.331  60.276 153.768   3.061  61.207
 155.089   2.325  64.583 152.812   1.397  64.382 151.619   1.639  65.755 153.369
   1.582  65.962 154.330   1.348  66.959 152.556   1.914  67.112 151.856   1.092
  68.203 153.475   1.902  67.898 154.344   2.485  68.968 152.877   2.398  68.748
 153.822   0.463  67.925 153.992  -0.231  69.537 155.171   0.431  70.292 155.189
   1.217  69.974 155.281  -0.562  68.770 155.926   0.607  69.806 152.763  -0.020
  69.347 151.796   0.189  70.137 152.882  -1.052  70.679 152.760   0.632  66.818
 151.826   3.231  66.628 152.447   4.251  66.872 150.494   3.269  67.014 149.702
   2.107  67.920 149.993   1.575  66.156 149.911   1.468  66.989 148.279   2.676
  68.004 147.940   2.886  66.480 147.608   1.984  66.168 148.290   3.944  66.492
 147.567   4.693  65.102 148.195   3.738  66.521 149.716   4.452  65.623 150.130
   4.910  67.615 149.562   5.486  67.309 149.180   6.629  68.888 149.809   5.190
  69.180 149.844   4.224  69.895 150.005   6.271  69.627 149.352   7.101  71.249
 149.567   5.709  71.445 150.055   4.755  71.954 149.775   6.514  71.330 148.056
   5.405  70.691 147.439   4.335  70.824 146.086   4.499  70.314 145.334   3.915
  71.468 145.868   5.671  71.689 144.933   5.985  71.776 147.072   6.237  72.166
 147.222   7.233  69.945 151.307   7.036  70.727 151.527   7.970  69.051 152.187
   6.620  68.553 151.931   5.779  68.763 153.492   7.306  69.694 153.831   7.761
  68.263 154.648   6.380  67.372 154.387   5.809  67.984 155.907   7.125  68.945
 156.249   7.510  67.694 156.625   6.358  67.177 155.790   7.848  69.270 154.908
   5.260  69.553 153.984   4.756  68.659 155.495   4.575  70.130 155.503   5.569
  67.703 153.249   8.439  66.602 152.872   8.171  67.970 153.743   9.648  68.951
 153.836   9.867  67.097 153.544  10.826  66.071 153.321  10.534  67.599 152.325
  11.587  68.669 152.521  11.660  67.091 152.325  12.551  67.432 150.942  10.978
  66.370 150.731  10.854  67.903 150.916   9.995  68.138 149.614  11.995  69.120
 148.663  10.838  69.874 149.305  10.382  69.543 147.793  11.340  68.560 148.329
   9.965  66.916 154.822  11.675  66.002 154.862  12.547  67.809 155.814  11.539
  68.455 155.780  10.763  67.673 157.121  12.229  67.467 156.861  13.267  68.957
 157.991  12.151  68.777 158.933  12.671  70.108 157.332  12.934  70.354 156.372
  12.480  71.034 157.901  13.018  69.788 157.133  13.957  69.450 158.299  10.756
  68.671 158.636  10.072  70.207 159.076  10.862  69.905 157.412  10.315  66.459
 157.893  11.654  66.105 157.708  10.497  65.917 158.801  12.431  66.003 158.793
  13.437  64.893 159.732  11.896  64.332 159.224  11.111  64.032 160.024  13.144
  63.525 159.107  13.444  64.695 160.278  13.971  62.905 161.121  12.985  63.205
 162.062  12.523  62.071 160.713  12.414  62.225 161.692  14.526  62.081 160.157
  15.498  63.019 159.760  15.886  61.537 160.535  16.364  61.496 159.377  15.011
  65.489 161.066  11.369  65.962 161.850  12.198  65.540 161.255  10.078  65.219
 160.546   9.435  65.964 162.484   9.526  66.906 162.689  10.035  66.160 162.292
   7.982  66.866 161.472   7.851  65.207 162.030   7.522  66.719 163.520   7.238
  66.163 164.426   7.478  68.226 163.696   7.512  68.777 162.758   7.437  68.729
 164.379   6.827  68.417 164.150   8.484  66.677 163.239   5.726  65.675 163.175
   5.302  67.180 164.045   5.192  67.171 162.269   5.658  64.921 163.604   9.838
  63.760 163.416   9.534  65.331 164.743  10.349  66.296 164.868  10.620  64.591
 166.049  10.481  63.535 165.794  10.387  64.936 166.738  11.803  66.021 166.838
  11.831  64.426 168.204  11.974  63.345 168.232  11.844  64.708 168.536  12.973
  64.954 168.746  11.189  64.583 165.954  13.041  65.141 165.027  12.903  65.032
 166.391  13.933  63.119 165.696  13.233  62.749 165.174  12.351  62.899 165.045
  14.079  62.518 166.594  13.378  64.913 166.950   9.266  66.049 166.840   8.816
  64.017 167.708   8.697  62.594 167.807   8.957  62.410 168.387   9.861  62.101
 166.840   9.051  62.009 168.479   7.686  61.032 168.940   7.836  61.856 167.706
   6.932  63.094 169.469   7.367  62.968 170.259   8.108  63.146 169.909   6.371
  64.334 168.702   7.643  64.575 168.155   6.732  65.478 169.652   7.883  65.854
 169.943   9.033  66.148 170.183   6.853  65.736 170.091   5.936  67.348 171.033
   6.985  67.575 171.556   6.056  67.058 171.815   7.688  68.615 170.342   7.472
  69.704 170.873   7.248  68.523 169.215   8.232  67.556 169.014   8.443  69.596
 168.320   8.593  70.409 168.880   9.054  68.956 167.153   9.481  68.244 167.542
  10.209  68.533 166.439   8.774  70.018 166.481  10.396  70.672 165.843   9.801
  70.556 167.203  11.010  69.476 165.479  11.358  68.259 165.395  11.578  70.313
 164.614  11.974  70.056 163.990  12.725  71.286 164.623  11.703  70.258 167.660
   7.376  69.613 167.093   6.479  71.573 167.694   7.389  72.081 168.126   8.148
  72.473 167.043   6.392  72.030 167.040   5.396  73.792 167.843   6.288  74.302
 167.761   7.247  74.721 167.337   5.156  74.248 167.534   4.194  75.727 167.755
   5.207  74.852 166.257   5.215  73.606 169.197   6.031  74.480 169.565   5.881
  72.702 165.602   6.751  72.670 165.240   7.907  72.791 164.693   5.778  72.735
 165.064   4.841  72.881 163.245   5.984  73.078 162.985   7.024  71.391 162.726
   5.713  70.754 163.055   6.534  71.034 163.189   4.793  71.318 161.142   5.592
  71.890 160.818   4.723  71.757 160.335   6.842  71.227 160.680   7.729  71.704
 159.257   6.687  72.830 160.479   6.974  69.875 160.769   5.329  69.521 161.188
   4.387  69.755 159.686   5.281  69.169 161.002   6.126  73.984 162.635   5.025
  73.720 162.403   3.869  75.172 162.357   5.519  75.717 162.762   6.796  75.088
 162.369   7.595  75.888 163.830   6.658  77.066 162.070   6.911  76.925 161.190
   7.539  77.704 162.782   7.434  77.490 161.779   5.503  78.236 160.990   5.403
  77.837 162.714   5.065  76.147 161.551   4.829  76.171 161.762   3.760  75.699
 160.137   4.950  75.166 159.674   5.991  75.965 159.362   3.908  76.378 159.808
   3.102  75.754 157.891   3.739  75.741 157.482   4.750  74.379 157.656   3.019
  74.435 158.239   2.100  74.367 156.588   2.801  73.081 157.976   3.765  73.284
 158.993   4.099  71.811 158.040   2.911  71.789 157.093   2.373  71.000 158.183
   3.626  71.847 158.848   2.180  72.749 156.915   4.893  73.689 156.565   5.321
  72.166 157.377   5.690  72.303 155.992   4.521  76.891 157.295   2.908  77.469
 157.885   2.008  77.355 156.067   3.176  76.941 155.625   3.985  78.176 155.227
   2.326  78.230 155.721   1.356  79.591 154.967   2.981  80.037 155.941   3.184
  79.490 154.550   3.983  80.506 154.159   2.099  80.071 153.160   2.067  80.517
 154.513   1.068  81.929 154.071   2.635  82.343 154.945   3.400  82.804 153.222
   2.162  83.747 153.273   2.521  82.505 152.505   1.518  77.435 153.929   2.034
  77.247 153.165   2.936  77.116 153.638   0.768  77.368 154.311   0.059  76.264
 152.587   0.364  75.858 152.023   1.204  75.050 153.131  -0.378  75.384 153.621
  -1.292  74.426 152.310  -0.731  74.186 154.090   0.439  74.856 154.935   0.600
  73.064 154.791  -0.310  72.345 154.107  -0.760  72.601 155.427   0.444  73.491
 155.372  -1.128  73.635 153.559   1.789  74.446 153.323   2.478  72.995 154.288
   2.285  73.044 152.659   1.617  77.057 151.610  -0.481  77.444 151.928  -1.612
  77.240 150.406   0.033  76.993 150.215   0.994  78.053 149.349  -0.543  78.506
 149.576  -1.508  79.271 149.114   0.389  79.904 148.331  -0.028  79.799 150.068
   0.417  78.851 148.706   1.839  78.493 149.681   2.749  78.673 150.709   2.473
  78.130 149.334   4.079  77.746 150.091   4.748  78.115 147.975   4.480  77.793
 147.710   5.477  78.437 147.005   3.500  78.248 145.976   3.767  78.668 147.362
   2.178  78.652 146.652   1.363  77.301 148.037  -0.847  77.726 147.298  -1.762
  76.133 147.820  -0.184  75.837 148.409   0.581  75.303 146.712  -0.611  75.990
 145.867  -0.625  74.113 146.385   0.289  73.391 147.200   0.329  73.645 145.490
  -0.123  74.611 145.999   1.669  74.981 144.696   2.043  75.064 144.671   3.401
  75.589 143.904   3.950  74.643 145.837   3.877  74.686 146.117   4.846  74.231
 146.600   2.839  73.674 147.525   2.856  74.759 146.936  -2.105  74.200 148.015
  -2.340  74.784 145.898  -2.986  75.351 144.555  -2.858  74.997 144.120  -1.924
  76.425 144.707  -2.746  74.969 143.744  -4.050  73.956 143.395  -3.848  75.679
 142.924  -4.159  74.894 144.824  -5.193  73.998 144.606  -5.773  75.792 144.822
  -5.811  74.677 146.196  -4.471  75.424 146.943  -4.738  73.298 146.788  -4.796
  73.220 147.927  -5.355  72.234 146.190  -4.278  72.321 145.323  -3.767  70.885
 146.786  -4.369  70.727 146.892  -5.442  69.819 145.786  -3.758  68.872 146.213
  -4.089  70.016 144.866  -4.309  69.689 145.639  -2.292  69.672 146.648  -1.878
  68.692 145.298  -2.013  70.763 144.760  -1.605  71.776 144.444  -2.191  70.562
 144.438  -0.290  71.284 143.975   0.243  69.686 144.647   0.167  70.805 148.229
  -3.832  69.987 149.047  -4.375  71.484 148.603  -2.785  72.118 148.002  -2.279
  71.386 149.977  -2.272  70.363 150.352  -2.237  72.053 150.012  -0.911  73.100
 149.714  -0.974  72.076 151.060  -0.612  71.283 149.158   0.132  70.214 149.219
  -0.074  71.591 148.115   0.052  71.510 149.729   1.493  72.726 149.775   1.933
  70.575 150.198   2.170  72.171 150.965  -3.166  71.813 152.101  -3.353  73.243
 150.492  -3.817  73.538 149.532  -3.712  73.813 151.171  -4.986  74.064 152.189
  -4.688  75.109 150.560  -5.518  74.928 149.659  -6.103  75.933 151.575  -6.334
  76.385 152.313  -5.671  76.696 150.951  -6.798  75.389 152.095  -7.123  75.976
 150.070  -4.357  75.664 149.081  -4.022  77.006 150.003  -4.705  76.034 150.798
  -3.547  72.864 151.258  -6.109  72.769 152.317  -6.708  72.158 150.161  -6.466
  72.342 149.279  -6.010  71.301 150.104  -7.612  71.891 150.395  -8.481  70.718
 148.733  -7.747  71.542 148.020  -7.781  70.158 148.387  -6.878  69.959 148.693
  -8.911  69.456 147.879  -8.986  70.166 151.164  -7.622  69.914 151.938  -8.543
  69.431 151.236  -6.515  69.623 150.658  -5.709  68.319 152.143  -6.412  67.664
 151.845  -7.231  67.664 151.922  -5.056  67.416 150.860  -5.056  68.362 152.110
  -4.240  66.310 152.653  -4.981  65.749 152.586  -5.913  65.723 152.163  -4.204
  66.337 154.358  -4.461  66.934 154.265  -2.821  67.841 153.659  -2.797  67.243
 155.240  -2.445  66.256 153.656  -2.223  68.743 153.600  -6.537  68.052 154.379
  -7.239  69.794 154.046  -5.874  70.382 153.476  -5.282  70.223 155.412  -6.059
  69.301 155.987  -5.969  71.061 155.893  -4.917  71.292 156.940  -5.113  70.435
 155.725  -3.545  70.031 154.713  -3.517  71.095 155.938  -2.704  69.553 156.365
  -3.574  72.479 155.226  -4.822  73.001 155.098  -5.770  73.128 155.868  -4.224
  72.496 154.221  -4.402  70.843 155.714  -7.364  70.394 156.671  -7.975  71.689
 154.836  -7.933  71.862 153.960  -7.461  72.075 154.838  -9.352  72.781 155.631
  -9.600  72.740 153.572  -9.715  73.648 153.505  -9.115  72.129 152.727  -9.400
  73.059 153.387 -11.227  72.174 153.367 -11.863  73.603 154.190 -11.723  73.760
 152.008 -11.471  73.034 151.319 -11.040  73.813 151.773 -12.534  75.114 151.927
 -10.885  75.497 152.768 -10.478  75.793 150.781 -10.650  75.554 149.564 -11.087
  74.766 149.557 -11.718  76.047 148.739 -10.776  76.788 150.793  -9.773  77.123
 151.737  -9.641  77.392 149.998  -9.618  70.868 155.084 -10.262  70.977 155.930
 -11.125  69.744 154.404 -10.081  69.739 153.673  -9.383  68.658 154.509 -11.064
  68.982 154.703 -12.086  67.933 153.134 -11.116  67.524 152.850 -10.146  67.117
 153.263 -11.828  68.804 151.932 -11.580  69.854 152.040 -12.196  68.473 150.715
 -11.224  69.095 149.973 -11.512  67.733 150.558 -10.554  67.654 155.629 -10.740
  67.097 156.143 -11.763  67.639 156.194  -9.553  68.072 155.640  -8.828  67.053
 157.487  -9.153  66.063 157.599  -9.597  66.921 157.373  -7.625  66.103 156.703
  -7.359  67.875 156.985  -7.269  66.648 158.693  -6.851  67.333 159.483  -7.159
  65.260 159.237  -7.139  64.461 158.507  -7.008  65.026 160.066  -6.472  65.170
 159.605  -8.161  66.777 158.396  -5.394  67.814 158.405  -5.059  66.266 159.208
  -4.877  66.288 157.446  -5.177  67.845 158.743  -9.628  67.198 159.821  -9.832
  69.212 158.693  -9.834  69.789 157.898  -9.603  70.075 159.881  -9.982  69.713
 160.660  -9.310  71.544 159.633  -9.527  71.540 158.756  -8.880  72.472 159.347
 -10.676  72.417 160.209 -11.340  73.523 159.266 -10.400  72.175 158.457 -11.232
  71.940 160.760  -8.575  73.018 160.740  -8.419  71.632 161.726  -8.974  71.291
 160.803  -7.205  71.750 160.116  -6.493  71.480 161.802  -6.814  70.239 160.521
  -7.176  69.799 160.582 -11.292  69.969 161.804 -11.392  69.263 159.946 -12.334
  69.082 158.955 -12.270  68.861 160.640 -13.578  69.508 161.469 -13.865  68.989
 159.694 -14.799  68.377 158.796 -14.718  68.612 160.215 -15.679  70.455 159.537
 -15.331  70.391 159.119 -16.335  70.940 160.513 -15.345  71.452 158.741 -14.485
  72.643 159.046 -14.360  70.978 157.742 -13.806  71.647 157.337 -13.167  70.098
 157.276 -13.976  67.472 161.279 -13.460  67.012 161.742 -14.524  66.739 161.175
 -12.329  67.218 160.820 -11.514  65.380 161.598 -12.065  65.154 162.365 -12.806
  64.402 160.410 -12.219  63.446 160.831 -11.907  64.330 160.018 -13.233  64.808
 159.196 -11.403  65.741 158.803 -11.805  64.909 159.483 -10.356  63.761 158.029
 -11.435  63.894 157.279 -10.656  62.782 158.465 -11.237  63.623 157.293 -12.821
  63.428 158.013 -13.615  64.505 156.734 -13.135  62.434 156.316 -12.848  61.590
 156.859 -12.961  62.451 155.758 -13.690  62.437 155.617 -12.119  65.269 162.462
 -10.739  66.150 163.309 -10.638  64.196 162.434  -9.960  63.646 161.589 -10.034
  63.862 163.372  -8.888  63.873 164.379  -9.307  62.363 163.072  -8.472  61.863
 162.632  -9.334  62.497 162.389  -7.633  61.444 164.251  -8.138  61.774 165.445
  -8.330  60.364 164.050  -7.609  64.803 163.452  -7.637  64.530 164.242  -6.752
  65.806 162.539  -7.455  65.931 161.959  -8.273  66.878 162.471  -6.368  67.412
 161.539  -6.553  67.957 163.579  -6.650  67.332 164.462  -6.779  68.570 163.764
  -5.768  68.723 163.341  -7.914  69.260 162.393  -7.879  68.044 163.266  -8.763
  69.700 164.432  -8.111  70.262 164.495  -7.180  70.457 164.184  -8.855  69.055
 165.767  -8.510  69.048 165.904  -9.511  68.770 166.801  -7.796  68.950 166.785
  -6.480  69.407 166.022  -6.001  68.578 167.543  -5.926  68.247 167.846  -8.318
  67.993 167.912  -9.293  67.965 168.653  -7.779  66.438 162.436  -4.906  67.268
 162.557  -3.995  65.115 162.277  -4.591  64.453 162.357  -5.349  64.558 162.094
  -3.231  65.368 162.340  -2.545  63.387 163.043  -2.879  62.990 162.747  -1.908
  63.808 164.524  -2.865  64.203 164.746  -3.857  62.877 165.077  -2.743  64.425
 164.741  -1.993  62.359 162.926  -3.880  62.030 162.047  -4.080  64.279 160.585
  -2.932  63.671 159.829  -3.673  64.763 160.189  -1.700  65.217 160.855  -1.091
  64.449 158.943  -1.092  63.716 158.430  -1.715  65.642 157.995  -1.026  65.271
 157.057  -0.615  65.950 157.708  -2.032  66.787 158.388  -0.097  67.948 158.857
  -0.641  67.996 158.888  -1.719  68.947 159.274   0.159  69.823 159.758  -0.245
  68.859 159.207   1.595  69.690 159.580   2.175  67.688 158.577   2.157  67.615
 158.358   3.212  66.639 158.251   1.327  65.747 157.819   1.757  63.750 159.238
   0.236  63.956 160.306   0.831  62.923 158.336   0.801  62.878 157.426   0.366
  62.295 158.513   2.142  62.243 159.577   2.371  60.849 157.948   2.101  60.775
 157.256   1.262  60.509 157.378   2.965  60.129 158.723   1.840  63.237 157.873
   3.201  63.601 156.695   3.126  63.443 158.672   4.259  63.073 159.611   4.298
  63.834 158.116   5.592  64.271 157.121   5.514  64.741 159.158   6.345  64.277
 160.144   6.379  65.076 158.585   7.757  65.269 157.513   7.737  65.982 159.048
   8.148  64.246 158.808   8.428  66.015 159.240   5.512  65.798 159.548   4.489
  66.706 159.949   5.967  66.516 158.273   5.559  62.509 158.024   6.347  61.716
 158.976   6.290  62.296 156.852   6.987  62.949 156.099   6.824  61.119 156.600
   7.883  60.322 157.284   7.595  60.686 155.129   7.761  61.607 154.555   7.872
  60.085 154.897   8.640  59.908 154.824   6.477  60.509 155.004   5.586  59.620
 153.304   6.447  58.899 152.922   7.170  59.265 153.069   5.443  60.545 152.728
   6.466  58.587 155.560   6.416  58.704 156.642   6.351  58.090 155.198   5.515
  57.968 155.307   7.276  61.460 156.923   9.404  62.586 156.655   9.850  60.569
 157.533  10.134  59.701 157.731   9.656  60.542 157.695  11.545  61.547 158.000
  11.837  59.594 158.901  11.863  58.542 158.685  11.676  59.664 159.026  12.943
  59.878 159.848  11.406  60.219 156.373  12.205  59.074 156.080  12.565  61.206
 155.467  12.270  62.071 155.680  11.793  60.954 154.193  12.904  60.048 153.842
  12.409  62.045 153.134  12.717  63.017 153.525  13.017  61.777 152.216  13.240
  62.137 152.628  11.341  61.173 151.709  10.858  60.304 151.385  11.412  61.178
 151.288   9.513  60.399 150.645   9.131  62.289 151.604   8.695  62.396 151.098
   7.422  61.534 150.786   7.138  63.290 152.473   9.186  64.128 152.800   8.589
  63.175 153.006  10.496  63.914 153.673  10.916  60.613 154.280  14.393  61.472
 154.413  15.289  59.266 154.225  14.627  58.651 154.077  13.839  58.545 154.178
  15.953  58.886 154.880  16.714  57.048 154.457  15.787  56.584 154.442  16.773
  56.967 155.397  15.242  56.537 153.372  14.937  55.583 153.423  15.040  58.716
 152.853  16.673  58.708 152.896  17.933  59.089 151.752  15.963  59.153 151.903
  14.966  59.706 150.486  16.471  60.152 150.633  17.454  58.572 149.421  16.590
  57.840 149.864  17.265  58.136 149.169  15.623  59.025 148.160  17.257  60.125
 147.556  17.057  58.153 147.529  17.968  58.429 146.682  18.445  57.255 147.925
  18.206  60.724 149.974  15.479  60.380 149.731  14.320  61.981 149.810  15.852
  62.148 150.112  16.802  63.145 149.566  14.932  62.936 149.963  13.938  64.303
 150.511  15.415  63.872 151.464  15.726  65.060 149.982  16.673  65.588 149.034
  16.564  65.880 150.645  16.949  64.430 149.850  17.553  65.437 150.769  14.341
  64.926 151.123  13.446  66.066 151.561  14.747  65.986 149.841  14.180  63.511
 148.053  14.806  64.249 147.700  13.941  62.959 147.227  15.717  62.424 147.703
  16.430  62.990 145.781  15.745  63.947 145.449  15.342  62.948 145.348  17.189
  63.771 145.833  17.715  61.975 145.614  17.604  63.190 143.849  17.339  62.363
 143.405  16.784  64.219 143.725  17.004  63.111 143.368  18.807  63.896 143.864
  19.378  62.074 143.530  19.102  63.363 141.896  18.795  64.261 141.578  19.129
  62.514 140.899  18.520  61.364 141.075  17.906  61.120 142.006  17.598  60.783
 140.284  17.671  62.865 139.702  18.853  63.741 139.532  19.326  62.318 138.885
  18.621  61.848 145.092  14.934  62.036 144.139  14.216  60.638 145.705  15.010
  60.435 146.413  15.700  59.453 145.330  14.218  59.605 144.365  13.735  58.151
 145.354  15.025  58.018 146.341  15.468  57.261 145.220  14.410  58.202 144.222
  16.110  58.945 144.543  16.840  57.338 144.165  16.771  58.500 142.801  15.504
  57.999 142.382  14.394  59.228 142.036  16.157  59.344 146.180  12.947  58.589
 145.765  12.064  60.195 147.239  12.762  60.717 147.554  13.567  60.300 148.156
  11.591  60.969 148.967  11.877  60.987 147.386  10.405  60.389 146.595   9.952
  61.186 148.096   9.602  62.340 146.757  10.805  62.773 147.443  11.533  62.157
 145.776  11.241  63.355 146.549   9.679  64.229 145.982   9.999  62.827 146.020
   8.886  63.819 147.870   9.271  63.391 148.648   9.751  64.899 148.191   8.559
  65.699 147.277   7.998  65.326 146.340   8.063  66.489 147.584   7.448  65.238
 149.482   8.504  64.639 150.246   8.782  66.047 149.677   7.931  58.976 148.899
  11.254  58.659 149.151  10.099  58.161 149.212  12.281  58.511 148.930  13.185
  57.037 150.138  12.095  56.592 149.924  11.124  55.936 149.848  13.102  56.349
 150.173  14.057  55.095 150.495  12.850  55.436 148.383  13.325  55.230 147.994
  12.328  56.222 147.809  13.817  54.174 148.335  14.146  54.132 148.654  15.375
  53.121 147.910  13.598  57.570 151.604  12.150  58.479 151.988  12.925  56.866
 152.395  11.296  56.110 152.002  10.755  56.952 153.886  11.280  57.193 154.243
  12.282  58.099 154.274  10.327  57.845 153.871   9.346  58.189 155.359  10.264
  59.079 153.891  10.611  55.674 154.589  10.706  55.197 154.097   9.698  55.070
 155.591  11.353  55.351 155.852  12.287  53.952 156.255  10.732  53.469 155.565
  10.040  52.909 156.529  11.774  53.270 157.387  12.342  51.919 156.710  11.356
  52.617 155.317  12.708  51.886 154.165  12.317  51.690 153.395  13.388  51.167
 152.452  13.449  52.315 153.993  14.441  52.286 153.580  15.362  52.860 155.194
  14.026  53.295 155.998  14.601  54.198 157.550   9.955  53.283 158.097   9.342
  55.414 158.098  10.106  56.105 157.612  10.660  55.908 159.340   9.511  55.271
 159.532   8.648  55.889 160.457  10.589  56.600 160.333  11.405  56.158 161.354
  10.031  54.524 160.585  11.222  53.678 161.606  10.699  54.083 162.298   9.975
  52.395 161.839  11.281  51.749 162.654  10.990  51.925 161.027  12.311  50.901
 161.141  12.635  52.710 159.978  12.781  52.354 159.354  13.588  54.053 159.838
  12.331  54.730 159.187  12.863  57.335 159.282   8.966  58.020 158.262   9.105
  57.778 160.320   8.335  57.137 161.085   8.179  59.162 160.483   7.898  59.795
 160.511   8.785  59.350 159.657   7.213  59.497 161.746   7.108  58.756 162.718
   7.057  60.721 161.767   6.620  61.157 160.856   6.576  61.310 162.943   5.912
  60.441 163.546   5.652  62.206 163.735   6.864  62.887 163.015   7.318  63.031
 164.840   6.211  62.379 165.637   5.854  63.653 165.231   7.016  63.688 164.474
   5.421  61.487 164.454   7.888  61.535 163.903   8.673  62.014 162.639   4.558
  62.717 161.665   4.400  61.779 163.447   3.521  61.139 164.220   3.631  62.338
 163.173   2.172  62.225 162.119   1.916  61.454 163.895   1.128  61.790 163.743
   0.102  59.994 163.514   1.204  59.566 164.101   2.016  59.551 163.791   0.247
  59.800 162.456   1.378  61.389 165.284   1.414  62.113 165.712   0.951  63.761
 163.739   2.038  64.017 164.931   2.107  64.770 162.840   1.914  64.529 161.875
   1.737  66.141 163.309   1.830  66.329 164.243   2.358  66.989 162.090   2.448
  66.940 161.218   1.796  68.043 162.335   2.581  66.610 161.750   3.412  66.431
 163.523   0.325  66.293 162.587  -0.448  66.711 164.737  -0.111  66.736 165.474
   0.580  67.304 164.991  -1.481  66.795 164.350  -2.201  67.020 166.467  -1.903
  66.019 166.726  -1.560  67.725 167.186  -1.485  67.049 166.723  -3.416  67.858
 166.137  -3.851  66.112 166.380  -3.854  67.227 168.229  -3.817  66.541 169.142
  -3.268  68.115 168.554  -4.620  68.779 164.675  -1.525  69.575 165.300  -0.846
  69.242 163.657  -2.335  68.594 163.086  -2.858  70.700 163.484  -2.636  71.338
 163.396  -1.756  70.962 162.152  -3.340  70.408 162.240  -4.275  72.442 162.119
  -3.781  73.065 162.419  -2.938  72.778 161.158  -4.170  72.527 162.873  -4.563
  70.608 160.981  -2.477  71.255 160.873  -1.606  69.603 161.247  -2.147  70.619
 159.669  -3.182  71.615 159.541  -3.605  70.436 158.872  -2.462  69.868 159.670
  -3.972  71.230 164.719  -3.455  70.738 164.958  -4.563  72.124 165.479  -2.839
  72.435 165.157  -1.933  72.710 166.706  -3.409  72.206 166.890  -4.357  72.370
 167.981  -2.620  72.339 168.842  -3.287  71.321 167.936  -2.326  73.247 168.204
  -1.375  74.205 169.212  -1.319  74.380 169.856  -2.168  74.939 169.514  -0.148
  75.734 170.243  -0.100  74.644 168.748   1.026  75.351 168.987   2.197  76.083
 169.588   2.043  73.595 167.832   1.007  73.311 167.303   1.904  72.922 167.487
  -0.206  72.078 166.815  -0.153  74.210 166.557  -3.757  74.741 167.412  -4.408
  74.906 165.495  -3.241  74.517 164.961  -2.478  76.300 165.212  -3.611  76.411
 165.589  -4.628  77.286 166.119  -2.848  77.205 165.776  -1.817  78.316 166.010
  -3.189  77.081 167.187  -2.925  76.515 163.714  -3.595  76.071 163.020  -2.682
  77.117 163.260  -4.721  77.297 163.986  -5.399  77.226 161.858  -5.139  77.103
 161.219  -4.265  75.991 161.640  -6.037  75.183 161.853  -5.337  76.063 162.334
  -6.874  75.829 160.248  -6.672  74.861 159.358  -6.142  74.210 159.652  -5.331
  74.705 158.064  -6.682  73.978 157.398  -6.241  75.422 157.652  -7.825  75.104
 156.493  -8.471  74.908 155.751  -7.895  76.424 158.512  -8.365  77.066 158.197
  -9.174  76.619 159.778  -7.697  77.362 160.453  -8.097  78.541 161.522  -5.797
  79.078 162.317  -6.579  79.068 160.337  -5.491  78.479 159.768  -4.901  80.328
 159.638  -6.004  80.465 160.002  -7.022  81.482 160.132  -5.130  81.315 161.183
  -4.891  81.432 159.633  -4.163  82.925 159.893  -5.702  83.087 158.827  -5.858
  83.054 160.350  -6.684  83.998 160.541  -4.782  83.485 161.110  -4.007  84.503
 159.686  -4.332  84.923 161.365  -5.525  84.580 162.233  -5.911  86.085 160.900
  -5.933  86.627 159.708  -5.765  86.157 159.086  -5.124  87.418 159.384  -6.304
  86.814 161.745  -6.585  86.475 162.696  -6.585  87.744 161.486  -6.883  80.312
 158.061  -5.966  80.303 157.434  -4.943  80.189 157.415  -7.132  79.932 157.961
  -7.941  80.461 155.966  -7.232  80.001 155.457  -6.385  79.819 155.263  -8.450
  80.101 155.822  -9.342  80.082 154.206  -8.455  78.306 155.357  -8.447  77.853
 155.004  -7.521  78.039 156.407  -8.563  77.833 154.564  -9.713  77.087 153.562
  -9.366  78.181 154.892 -10.905  81.984 155.712  -7.213  82.780 156.452  -7.864
  82.425 154.653  -6.541  81.715 154.094  -6.089  83.740 154.020  -6.640  84.147
 154.377  -7.586  84.685 154.493  -5.533  84.193 154.149  -4.624  85.667 154.036
  -5.655  84.964 156.056  -5.501  85.354 156.368  -6.470  84.053 156.589  -5.227
  85.999 156.393  -4.422  87.127 155.851  -4.547  85.879 157.349  -3.630  83.645
 152.462  -6.733  82.591 151.821  -6.587  84.755 151.768  -6.987  85.648 152.238
  -7.027  84.903 150.315  -7.191  84.124 149.870  -6.573  84.541 150.067  -8.674
  83.493 150.337  -8.807  85.245 150.728  -9.180  84.881 148.644  -9.231  85.965
 148.528  -9.249  84.427 147.842  -8.648  84.337 148.390 -10.683  84.345 147.253
 -11.216  84.015 149.437 -11.453  83.678 149.212 -12.378  84.087 150.404 -11.171
  86.312 149.821  -6.626  87.374 150.291  -7.082  86.267 148.976  -5.611  85.395
 148.557  -5.321  87.455 148.484  -4.961  88.240 148.130  -5.629  88.019 149.383
  -3.851  87.270 149.460  -3.063  88.843 148.785  -3.461  88.641 150.694  -4.240
  89.500 150.469  -4.872  87.972 151.369  -4.774  89.138 151.493  -3.009  88.361
 152.112  -2.202  90.363 151.738  -2.900  87.138 147.138  -4.211  85.939 146.893
  -4.058  88.093 146.315  -3.861  89.036 146.658  -3.981  87.880 145.002  -3.126
  88.845 144.518  -2.979  87.447 145.235  -1.676  86.446 145.663  -1.624  87.362
 144.274  -1.169  88.364 146.154  -0.814  89.620 145.716  -0.350  89.971 144.723
  -0.591  90.446 146.512   0.399  91.460 146.197   0.598  90.051 147.852   0.646
  90.985 148.651   1.236  90.724 149.574   1.219  88.842 148.399   0.206  88.603
 149.437   0.384  88.017 147.533  -0.546  87.082 147.917  -0.927  87.086 143.969
  -3.971  86.542 143.025  -3.454  86.855 144.287  -5.255  87.252 145.169  -5.547
  86.061 143.512  -6.154  86.283 143.537  -7.221  86.095 142.447  -5.924  84.604
 143.962  -6.042  83.750 143.188  -6.481  84.216 145.093  -5.462  84.913 145.644
  -4.983  82.814 145.498  -5.244  82.133 144.820  -5.758  82.383 145.527  -3.748
  81.298 145.414  -3.745  82.980 144.304  -3.030  84.038 144.383  -2.782  82.488
 144.130  -2.073  82.868 143.408  -3.641  82.748 146.829  -2.982  83.835 146.893
  -2.947  82.403 147.744  -3.465  82.060 146.924  -1.647  82.577 146.281  -0.934
  82.038 147.968  -1.333  81.028 146.609  -1.802  82.578 146.906  -5.903  83.481
 147.712  -5.981  81.300 147.118  -6.265  80.585 146.441  -6.040  80.823 148.524
  -6.557  81.657 149.049  -7.023  79.713 148.530  -7.600  78.916 148.010  -7.068
  79.442 149.562  -7.821  79.992 147.754  -8.935  81.061 147.879  -9.108  79.881
 146.675  -8.832  79.097 148.214 -10.134  77.832 148.262 -10.001  79.583 148.581
 -11.217  80.336 149.221  -5.252  79.675 148.610  -4.411  80.647 150.488  -5.089
  81.246 150.956  -5.754  80.231 151.231  -3.889  79.312 150.813  -3.476  81.314
 151.174  -2.826  81.717 150.162  -2.877  82.426 152.171  -2.957  82.062 153.188
  -3.104  83.044 152.136  -2.060  83.062 151.976  -3.821  80.667 151.463  -1.684
  81.149 151.101  -0.937  79.878 152.654  -4.214  80.226 153.111  -5.310  79.160
 153.400  -3.318  78.861 153.007  -2.437  78.789 154.827  -3.560  79.605 155.210
  -4.173  77.485 154.861  -4.518  77.674 154.240  -5.393  76.249 154.316  -3.829
  76.078 154.982  -2.982  75.372 154.292  -4.475  76.441 153.336  -3.393  77.245
 156.264  -5.020  78.103 156.533  -5.637  76.250 156.399  -5.444  77.198 157.005
  -4.222  78.693 155.701  -2.337  78.173 155.248  -1.310  79.292 156.897  -2.379
  79.736 157.181  -3.241  79.308 157.892  -1.280  79.053 157.506  -0.293  80.789
 158.322  -1.145  81.052 158.937  -2.005  80.766 158.978  -0.274  81.763 157.142
  -0.897  81.485 156.541  -0.032  81.723 156.488  -1.769  83.198 157.602  -0.591
  83.455 158.459  -1.214  83.160 158.057   0.399  84.288 156.525  -0.851  84.269
 155.782  -0.054  84.126 156.046  -1.816  85.625 157.140  -0.915  85.867 157.815
  -0.204  86.291 156.395  -0.763  85.831 157.514  -1.831  78.370 159.090  -1.515
  78.516 159.786  -2.559  77.384 159.284  -0.621  77.236 158.779   0.242  76.339
 160.331  -0.894  76.762 160.896  -1.725  75.056 159.778  -1.478  74.479 160.648
  -1.790  75.333 158.808  -2.658  75.824 157.906  -2.292  74.433 158.449  -3.157
  75.930 159.309  -3.420  74.156 159.036  -0.495  73.905 159.715   0.320  73.208
 158.785  -0.971  74.660 158.131  -0.158  76.072 161.182   0.341  76.166 160.772
   1.500  75.737 162.407   0.055  75.659 162.644  -0.924  75.272 163.405   0.989
  75.226 162.994   1.998  76.347 164.634   1.047  76.521 165.084   0.070  75.910
 165.354   1.739  77.610 164.290   1.786  77.426 164.343   2.859  77.701 163.226
   1.563  78.791 165.137   1.315  79.606 164.892   1.995  79.021 164.971   0.262
  78.648 166.676   1.515  77.722 166.999   1.041  78.606 166.877   2.586  79.761
 167.391   0.906  79.597 167.443  -0.089  79.758 168.342   1.245  80.651 166.940
   1.067  73.894 163.863   0.504  73.635 164.068  -0.719  72.975 164.055   1.453
  73.300 163.730   2.352  71.559 164.205   1.315  71.456 164.543   0.284  71.001
 162.774   1.553  71.172 162.352   2.543  69.928 162.811   1.364  71.370 162.129
   0.755  71.095 165.254   2.332  71.763 165.447   3.345  69.922 165.825   2.163
  69.591 165.883   1.210  69.386 166.923   3.050  69.729 166.805   4.078  69.942
 168.234   2.501  70.993 167.994   2.340  69.347 168.658   1.149  68.332 169.034
   1.284  69.932 169.487   0.749  69.276 167.826   0.449  69.799 169.331   3.566
  68.822 169.767   3.355  69.864 168.890   4.561  70.868 170.428   3.392  70.914
 170.750   2.352  70.612 171.250   4.061  71.805 169.949   3.676  67.866 166.782
   3.146  67.173 166.561   2.131  67.295 166.841   4.321  67.905 167.036   5.102
  65.797 166.721   4.451  65.490 165.759   4.040  65.636 166.708   5.528  64.937
 167.873   3.892  65.026 169.018   4.431  64.219 167.748   2.813  64.246 166.826
   2.401  63.344 168.853   2.223  63.804 169.806   2.481  63.266 168.676   0.723
  63.024 167.622   0.586  62.383 169.216   0.382  64.537 168.894  -0.145  65.420
 168.710   0.466  64.492 168.147  -0.938  64.737 170.264  -0.708  65.252 170.179
  -1.664  63.775 170.672  -1.021  65.453 171.144   0.253  64.807 171.680   0.814
  66.761 171.488   0.322  67.557 170.911  -0.554  67.177 170.193  -1.154  68.557
 171.056  -0.546  67.187 172.372   1.134  66.586 172.952   1.702  68.152 172.643
   1.011  61.981 168.993   2.900  61.535 170.103   3.165  61.261 167.878   3.042
  61.658 167.002   2.735  59.764 167.836   3.441  59.423 168.750   3.925  58.868
 167.537   2.227  59.116 166.517   1.934  57.861 167.342   2.594  58.870 168.583
   1.070  58.078 169.306   1.267  59.743 169.234   1.123  58.706 167.926  -0.294
  58.031 168.436  -1.155  59.369 166.817  -0.704  59.268 166.525  -1.665  59.936
 166.281  -0.063  59.544 166.794   4.490  59.997 165.626   4.273  58.733 167.023
   5.566  58.410 167.973   5.679  58.142 165.963   6.404  58.827 165.132   6.574
  57.670 166.601   7.684  56.944 167.402   7.549  57.129 165.874   8.289  58.752
 167.180   8.581  59.489 166.394   8.750  59.283 168.017   8.128  58.224 167.560
   9.945  57.655 166.713  10.327  59.034 167.812  10.630  57.346 168.830   9.858
  57.766 169.559   9.299  56.153 169.088  10.205  55.409 168.110  10.735  55.826
 167.360  11.268  54.411 168.240  10.821  55.650 170.245   9.929  56.159 171.040
   9.569  54.640 170.221   9.915  56.942 165.294   5.648  56.378 165.927   4.742
  56.604 164.058   6.026  57.108 163.706   6.827  55.477 163.288   5.506  54.775
 164.047   5.162  55.829 162.468   4.267  54.955 161.977   3.839  56.082 163.139
   3.446  56.930 161.405   4.382  56.623 160.156   4.925  55.653 160.054   5.390
  57.551 159.148   5.016  57.289 158.199   5.461  58.827 159.392   4.577  59.537
 158.584   4.675  59.157 160.630   3.946  60.144 160.800   3.541  58.205 161.647
   3.902  58.377 162.635   3.500  54.825 162.334   6.594  55.472 161.742   7.459
  53.552 162.052   6.369  53.143 162.580   5.611  52.756 160.926   6.907  53.248
 160.647   7.839  51.291 161.343   7.259  51.410 162.134   8.000  50.839 161.691
   6.331  50.506 160.251   7.947  50.804 159.248   7.640  50.771 160.196   9.002
  48.986 160.415   7.757  48.787 160.186   6.710  48.450 159.780   8.463  48.473
 161.776   8.065  48.916 162.212   8.961  48.821 162.463   7.293  46.951 161.808
   8.058  46.587 161.052   8.621  46.631 162.665   8.486  46.644 161.703   7.102
  52.815 159.767   5.925  52.644 159.947   4.721  52.884 158.515   6.441  52.897
 158.477   7.450  52.928 157.172   5.746  53.372 157.263   4.755  53.827 156.192
   6.504  53.427 156.040   7.507  53.920 154.871   5.761  54.173 155.103   4.726
  54.715 154.216   6.116  52.992 154.298   5.765  55.243 156.725   6.620  55.286
 157.765   6.943  55.716 156.099   7.376  55.800 156.717   5.683  51.589 156.507
   5.559  50.784 156.324   6.488  51.354 156.079   4.303  52.053 156.200   3.584
  50.103 155.432   3.919  49.386 155.490   4.738  49.521 156.042   2.640  50.261
 155.924   1.848  48.605 155.501   2.404  49.069 157.477   2.778  49.902 157.983
   3.267  48.812 158.025   1.385  48.030 157.452   0.887  48.402 159.034   1.443
  49.694 157.916   0.755  47.852 157.632   3.648  48.117 157.233   4.627  47.628
 158.692   3.771  46.982 157.140   3.211  50.210 153.891   3.797  49.399 153.095
   4.324  51.324 153.527   3.171  52.063 154.134   2.849  51.591 152.085   2.917
  51.276 151.506   3.786  50.767 151.613   1.669  49.767 152.020   1.817  51.109
 152.156   0.788  50.580 150.090   1.480  51.575 149.670   1.333  50.159 149.680
   2.398  49.648 149.874   0.292  48.430 149.976   0.451  50.213 149.580  -0.804
  53.083 151.809   2.746  53.803 152.761   2.396  53.497 150.520   2.965  52.874
 149.749   3.160  54.950 150.106   2.728  55.407 150.869   2.097  55.785 150.085
   4.027  55.371 149.249   4.592  57.268 149.785   3.740  57.741 150.676   3.329
  57.753 149.500   4.674  57.360 149.045   2.944  55.742 151.398   4.824  56.327
 152.128   4.265  54.705 151.713   4.938  56.342 151.312   6.237  57.397 151.582
   6.283  55.927 152.174   6.759  56.164 150.378   6.771  54.993 148.835   1.939
  54.717 147.761   2.433  55.489 148.892   0.700  55.702 149.779   0.268  55.735
 147.691  -0.156  55.197 146.816   0.208  55.347 147.949  -1.654  54.332 148.345
  -1.635  55.905 148.769  -2.106  55.434 146.655  -2.513  56.462 146.313  -2.630
  54.766 145.907  -2.086  54.911 147.014  -3.909  53.863 147.285  -3.778  55.503
 147.826  -4.332  55.098 145.820  -4.839  55.291 144.904  -4.461  54.812 145.890
  -6.133  54.720 147.119  -6.670  54.965 147.889  -6.064  54.449 147.274  -7.630
  54.655 144.856  -6.896  54.646 143.935  -6.482  54.568 145.011  -7.890  57.172
 147.327   0.027  58.045 148.183   0.216  57.469 146.030  -0.124  56.741 145.334
  -0.205  58.884 145.544  -0.194  59.551 146.405  -0.137  59.171 144.622   1.030
  58.624 143.679   1.031  60.703 144.256   1.018  61.306 145.164   0.980  60.864
 143.668   1.921  60.780 143.540   0.200  59.017 145.336   2.293  58.183 144.985
   2.615  59.179 144.875  -1.540  58.585 143.877  -1.945  60.122 145.452  -2.321
  60.590 146.259  -1.933  60.484 144.873  -3.671  59.551 144.488  -4.082  61.046
 145.961  -4.634  61.852 146.475  -4.110  61.487 145.414  -5.467  59.981 146.796
  -5.307  59.293 146.121  -5.816  59.462 147.380  -4.547  60.428 147.768  -6.362
  60.878 148.847  -6.059  60.338 147.386  -7.621  60.816 147.927  -8.328  60.243
 146.429  -7.930  61.357 143.619  -3.617  62.079 143.329  -2.627  61.297 142.879
  -4.724  60.782 143.231  -5.518  61.900 141.575  -4.915  61.581 140.990  -4.052
  61.435 140.941  -6.222  61.807 141.472  -7.099  61.938 139.975  -6.263  60.048
 140.772  -6.216  59.874 139.832  -6.132  63.428 141.654  -4.970  64.078 140.639
  -4.705  64.021 142.831  -5.230  63.387 143.498  -5.645  65.427 143.154  -5.083
  66.017 142.282  -5.364  65.781 144.389  -5.963  66.860 144.446  -6.108  65.367
 144.263  -6.963  65.377 145.743  -5.548  65.005 145.945  -4.391  65.439 146.654
  -6.403  65.914 143.332  -3.625  67.121 143.385  -3.350  65.026 143.485  -2.631
  64.052 143.334  -2.849  65.240 143.743  -1.202  64.682 142.929  -0.738  66.312
 143.653  -1.032  64.769 145.091  -0.685  64.372 145.197   0.467  64.735 146.164
  -1.478  64.766 146.010  -2.475  64.446 147.529  -0.967  64.874 147.721   0.016
  65.152 148.730  -1.719  65.050 149.578  -1.042  66.653 148.509  -1.841  66.854
 147.688  -2.530  67.210 149.431  -2.007  67.158 148.133  -0.951  64.631 149.215
  -3.136  65.417 149.535  -3.821  64.329 148.316  -3.674  63.578 150.320  -3.179
  63.827 151.079  -2.437  63.509 150.821  -4.144  62.637 149.781  -3.068  62.929
 147.850  -0.822  62.061 147.276  -1.481  62.508 148.767   0.032  63.249 149.263
   0.506  61.160 149.196   0.279  60.434 148.443  -0.026  60.877 149.387   1.814
  61.266 150.346   2.155  59.791 149.376   1.902  61.379 148.250   2.678  61.041
 147.299   2.266  62.468 148.236   2.698  60.725 148.287   4.089  61.040 149.125
   4.941  59.815 147.308   4.339  59.351 147.376   5.234  59.553 146.539   3.740
  60.726 150.436  -0.525  61.535 151.310  -0.878  59.435 150.535  -0.754  58.934
 149.683  -0.546  58.735 151.628  -1.481  59.380 152.491  -1.650  58.326 151.146
  -2.870  57.766 150.214  -2.797  57.581 151.874  -3.192  59.444 150.918  -3.904
  60.359 150.534  -3.453  59.159 150.183  -4.657  59.868 152.084  -4.702  59.612
 153.240  -4.432  60.626 151.843  -5.737  61.035 152.621  -6.235  60.912 150.886
  -5.889  57.530 151.981  -0.626  56.748 151.092  -0.255  57.345 153.254  -0.332
  57.997 153.917  -0.726  56.380 153.657   0.650  55.735 152.850   0.996  57.095
 154.175   1.919  57.658 155.086   1.716  56.391 154.474   2.696  57.803 153.436
   2.295  55.421 154.724   0.030  55.829 155.788  -0.420  54.081 154.497   0.101
  53.791 153.771   0.740  53.110 155.551  -0.256  53.440 156.055  -1.164  51.738
 154.978  -0.490  51.429 154.382   0.369  51.113 155.863  -0.609  51.670 154.224
  -1.821  52.047 154.836  -2.641  52.282 153.337  -1.655  50.271 153.745  -2.101
  50.067 152.993  -1.339  49.607 154.607  -2.028  50.140 153.179  -3.545  49.136
 153.330  -3.942  50.708 153.823  -4.216  50.371 151.705  -3.670  49.652 151.151
  -3.227  50.392 151.482  -4.655  51.223 151.443  -3.195  53.033 156.625   0.908
  52.912 156.242   2.091  53.155 157.906   0.580  53.254 158.214  -0.377  53.216
 158.963   1.577  52.879 158.600   2.548  54.726 159.385   1.749  54.783 160.228
   2.437  55.626 158.270   2.363  55.533 157.397   1.716  56.664 158.583   2.475
  55.190 158.040   3.335  55.361 159.787   0.404  54.810 160.558  -0.135  56.391
 160.078   0.613  55.526 159.044  -0.376  52.408 160.191   1.186  52.150 160.367
  -0.009  52.026 161.076   2.123  52.062 160.687   3.055  51.516 162.451   1.860
  51.389 162.583   0.786  50.063 162.605   2.421  49.326 161.960   1.943  50.075
 162.486   3.505  49.554 164.061   2.346  50.199 164.787   2.841  49.527 164.403
   1.311  48.171 164.109   2.955  47.373 163.229   2.667  47.719 165.106   3.746
  46.796 165.032   4.150  48.243 165.968   3.786  52.479 163.487   2.453  52.865
 163.471   3.638  52.975 164.384   1.558  52.491 164.255   0.680  53.845 165.511
   1.852  54.690 165.143   2.434  54.534 166.095   0.578  53.736 166.011  -0.160
  54.866 167.558   0.657  55.359 167.774   1.605  55.451 167.866  -0.211  53.965
 168.165   0.571  55.880 165.351   0.232  56.254 165.644  -0.749  56.658 165.715
   0.904  55.881 163.820   0.208  55.034 163.493  -0.396  56.770 163.324  -0.181
  55.711 163.505   1.238  53.125 166.433   2.844  52.214 167.176   2.440  53.524
 166.422   4.122  54.377 165.900   4.261  53.024 167.371   5.105  51.945 167.384
   4.957  53.232 166.856   6.548  54.291 166.618   6.654  52.997 167.580   7.327
  52.369 165.590   6.894  52.652 164.715   6.308  52.570 165.255   8.389  52.337
 166.138   8.984  51.912 164.417   8.616  53.567 164.839   8.537  50.822 165.913
   6.713  50.599 165.916   5.646  50.132 165.296   7.289  50.533 166.877   7.131
  53.497 168.862   4.986  54.692 169.033   4.776  52.568 169.790   5.220  51.132
 169.724   5.405  50.982 169.188   6.342  50.638 169.244   4.560  50.621 171.208
   5.449  50.715 171.590   6.465  49.636 171.331   4.998  51.716 171.890   4.658
  51.594 172.961   4.822  51.676 171.732   3.580  53.015 171.190   5.094  53.738
 171.306   4.286  53.488 171.833   6.389  53.136 171.382   7.498  54.056 173.014
   6.303  54.207 173.485   5.422  54.124 173.935   7.447  54.300 173.380   8.369
  55.322 174.968   7.242  55.213 175.425   6.259  55.309 175.728   8.024  56.700
 174.375   7.404  56.901 173.589   6.677  57.433 175.153   7.189  56.946 173.815
   8.782  57.466 174.562   9.676  56.638 172.613   9.101  52.780 174.679   7.562
  52.251 175.186   6.563  52.257 174.787   8.802  52.633 174.429   9.669  51.016
 175.622   8.972  50.542 175.711   7.994  49.970 174.954   9.855  50.442 174.837
  10.831  49.112 175.622   9.928  49.596 173.538   9.314  49.236 173.572   8.286
  50.446 172.858   9.382  48.489 172.800  10.108  48.274 171.849   9.622  48.709
 172.577  11.152  47.267 173.623  10.022  46.887 173.565   9.088  46.454 174.130
  10.955  46.859 174.295  12.186  47.780 173.932  12.385  46.161 174.677  12.807
  45.279 174.585  10.738  44.810 174.378   9.868  44.671 174.665  11.540  51.469
 177.015   9.428  51.467 177.264  10.624  51.848 177.837   8.456  51.877 177.515
   7.500  52.516 179.096   8.685  53.295 179.037   9.445  53.294 179.480   7.388
  52.706 179.379   6.476  53.771 180.938   7.456  54.104 181.255   8.444  54.630
 180.928   6.785  52.919 181.526   7.115  54.526 178.516   7.159  54.088 177.524
   7.049  54.905 178.661   6.148  55.342 178.638   7.871  51.434 180.149   9.043
  50.423 180.276   8.417  51.542 180.784  10.237  52.399 180.690  10.764  50.605
 181.706  10.784  49.648 181.620  10.271  50.263 181.213  12.237  51.155 181.198
  12.864  49.553 181.943  12.626  49.531 179.823  12.306  49.936 179.055  11.648
  49.541 179.294  13.797  48.809 179.811  14.417  49.166 178.275  13.709  50.603
 179.359  14.034  48.033 179.959  11.985  47.900 180.494  11.045  47.744 178.923
  11.804  47.432 180.387  12.787  51.102 183.165  10.628  52.281 183.468  10.834
  50.165 184.180  10.526  48.725 184.062  10.341  48.255 183.408  11.075  48.589
 183.666   9.334  48.037 185.456  10.566  47.715 185.633  11.593  47.227 185.692
   9.877  49.284 186.289  10.156  49.227 187.306  10.543  49.188 186.259   9.070
  50.578 185.583  10.572  51.437 185.724   9.915  50.912 186.030  12.022  50.734
 185.305  12.975  51.198 187.323  12.202  51.498 187.920  11.445  51.223 187.969
  13.481  52.047 187.599  14.091  51.441 189.505  13.251  52.357 189.672  12.684
  50.644 189.930  12.640  51.468 190.258  14.455  51.640 191.191  14.305  49.878
 187.697  14.164  48.813 187.799  13.560  49.906 187.409  15.468  50.753 187.532
  16.005  48.699 187.000  16.232  48.207 186.217  15.656  49.108 186.320  17.588
  48.243 185.874  18.078  50.152 185.193  17.333  51.132 185.450  16.931  50.502
 184.763  18.271  49.687 184.486  16.646  49.685 187.346  18.435  50.211 186.890
  19.096  47.725 188.116  16.577  46.643 187.789  17.059  48.075 189.376  16.317
  49.018 189.551  16.003  47.172 190.513  16.513  46.358 190.312  17.209  47.980
 191.792  17.016  48.771 192.035  16.307  47.347 192.678  16.960  48.551 191.759
  18.360  49.246 190.927  18.475  49.188 192.640  18.446  47.354 191.988  19.677
  47.180 190.248  20.192  48.124 189.705  20.250  46.763 190.143  21.194  46.409
 189.757  19.598  46.572 190.854  15.149  45.734 191.739  15.110  47.037 190.267
  14.047  47.730 189.532  14.053  46.721 190.799  12.720  47.176 191.785  12.628
  47.377 189.957  11.633  47.371 190.514  10.696  48.423 189.821  11.907  46.772
 188.673  11.406  46.492 188.528  10.499  45.178 191.019  12.465  44.728 192.080
  11.877  44.398 190.139  12.972  44.887 189.366  13.399  42.937 190.040  12.844
  42.765 190.450  11.849  42.582 188.567  12.754  43.012 188.274  13.712  41.513
 188.361  12.789  42.989 188.122  11.846  42.062 190.962  13.746  40.897 191.189
  13.510  42.688 191.464  14.795  43.635 191.121  14.863  42.180 192.407  15.780
  41.106 192.476  15.608  42.234 191.829  17.230  42.157 190.753  17.073  43.556
 192.243  17.913  43.528 193.290  18.213  43.608 191.791  18.904  44.410 192.034
  17.270  41.015 192.241  18.089  40.160 191.738  17.638  41.283 191.822  19.059
  40.887 193.320  18.182  42.724 193.875  15.619  42.037 194.821  16.037  43.883
 194.089  14.991  44.461 193.263  14.925  44.592 195.353  14.952  44.203 195.921
  15.798  46.100 195.167  15.165  46.391 196.160  15.508  46.324 194.528  16.019
  46.999 194.694  14.014  47.117 193.620  14.159  46.459 194.772  13.071  48.374
 195.268  13.795  48.788 196.115  14.631  49.104 194.815  12.816  50.079 195.071
  12.750  48.747 194.040  12.276  44.250 196.267  13.816  44.998 197.180  13.445
  43.096 196.063  13.176  42.557 195.250  13.439  42.632 196.918  12.088  43.511
 197.036  11.455  41.520 196.139  11.242  40.876 195.525  11.871  40.943 196.971
  10.836  42.094 195.397  10.047  42.749 196.024   9.442  42.976 194.189  10.548
  42.598 193.769  11.480  42.978 193.370   9.829  44.010 194.500  10.694  41.045
 194.738   9.207  40.267 195.440   8.908  41.439 194.209   8.339  40.563 194.001
   9.848  42.152 198.232  12.608  40.971 198.462  12.951  43.004 199.219  12.594
  43.922 198.935  12.281  42.853 200.641  13.048  41.983 201.049  12.533  42.693
 200.704  14.621  42.606 201.752  14.904  41.781 200.205  14.949  43.791 199.989
  15.448  43.975 198.984  15.068  44.747 200.513  15.465  43.436 199.878  16.933
  43.666 198.847  17.528  42.873 200.875  17.610  42.578 200.721  18.564  42.548
 201.674  17.085  44.007 201.487  12.464  44.952 200.903  11.950  44.015 202.769
  12.717  43.219 203.147  13.211  45.090 203.684  12.229  45.159 203.560  11.148
  44.654 205.141  12.535  45.555 205.754  12.507  44.049 205.491  11.698  44.105
 205.215  13.845  43.751 206.107  13.883  46.492 203.409  12.867  47.543 203.854
  12.324  46.612 202.792  14.076  45.771 202.486  14.544  47.931 202.375  14.709
  48.651 203.192  14.750  47.693 202.033  16.189  46.836 201.360  16.211  48.506
 201.416  16.571  47.522 203.264  17.100  48.239 204.024  16.792  46.110 203.982
  17.086  45.323 203.289  16.791  45.912 204.497  18.027  46.116 204.761  16.323
  47.853 202.873  18.536  48.887 202.530  18.570  47.873 203.684  19.265  47.189
 202.087  18.897  48.708 201.196  13.997  49.847 201.015  14.276  48.054 200.459
  13.161  47.095 200.681  12.932  48.686 199.273  12.603  48.891 198.628  13.457
  47.769 198.576  11.689  48.273 197.639  11.450  46.923 198.232  12.284  47.444
 199.409  10.539  46.512 199.622  10.632  50.065 199.490  11.911  50.954 198.656
  11.861  50.240 200.745  11.372  49.465 201.391  11.330  51.552 201.237  10.889
  51.949 200.412  10.298  51.266 202.352   9.780  52.113 202.423   9.099  50.458
 201.896   9.207  50.853 203.645  10.491  49.833 203.481  10.837  51.557 203.895
  11.285  50.808 204.841   9.560  51.764 205.341   9.402  50.498 204.422   8.603
  49.695 205.785   9.876  48.781 205.491   9.563  49.792 206.944  10.411  50.918
 207.398  10.780  51.741 207.005  10.346  50.862 208.287  11.257  48.743 207.613
  10.726  47.811 207.241  10.612  48.936 208.535  11.091  52.689 201.618  11.884
  53.768 201.990  11.406  52.509 201.455  13.234  51.623 201.061  13.516  53.638
 201.482  14.216  54.111 202.459  14.118  53.021 201.497  15.607  52.166 200.826
  15.690  53.745 201.147  16.343  52.519 202.867  16.000  53.316 203.596  15.852
  51.675 203.149  15.371  52.190 202.974  17.498  51.237 203.503  17.511  52.048
 202.022  18.009  53.208 203.696  18.275  53.924 204.064  17.665  53.317 203.840
  19.620  52.399 203.338  20.350  51.543 203.053  19.896  52.409 203.373  21.360
  54.329 204.441  20.192  55.022 204.835  19.572  54.407 204.697  21.166  54.685
 200.341  14.061  54.525 199.244  14.661  55.657 200.584  13.182  55.731 201.500
  12.761  56.481 199.487  12.647  55.926 198.555  12.759  56.591 199.755  11.085
  55.665 200.186  10.704  57.369 200.517  11.042  56.879 198.672  10.109  57.872
 198.690   9.099  57.592 197.528   8.422  58.262 197.184   7.648  56.536 196.889
   8.881  56.229 196.015   8.480  56.025 197.604   9.919  55.120 197.359  10.455
  57.813 199.270  13.362  58.007 199.890  14.401  58.674 198.404  12.843  58.452
 198.073  11.914  59.838 197.746  13.460  59.690 197.837  14.536  59.755 196.273
  13.112  60.700 195.830  13.426  58.634 195.550  13.896  57.638 195.848  13.568
  58.890 194.491  13.867  58.811 195.748  14.953  59.500 196.013  11.594  58.424
 196.057  11.420  59.959 196.810  11.009  60.156 194.691  11.181  59.873 193.836
  11.794  59.781 194.472  10.181  61.233 194.757  11.022  61.239 198.398  13.189
  61.387 199.077  12.173  62.312 198.289  13.941  63.070 198.795  13.506  62.814
 197.166  14.782  63.755 197.509  15.212  61.980 197.050  16.075  61.096 196.530
  15.705  62.501 196.279  16.643  61.717 198.215  17.032  62.532 199.403  17.002
  63.365 199.506  16.323  62.259 200.355  18.004  62.969 201.168  18.027  61.195
 200.186  18.932  61.108 200.848  19.781  60.352 199.095  18.869  59.509 199.050
  19.543  60.606 198.141  17.916  59.925 197.304  17.877  63.249 195.852  13.964
  63.635 196.056  12.789  63.270 194.571  14.460  62.191 193.966  15.265  61.360
 193.837  14.571  61.814 194.417  16.183  62.646 192.560  15.666  61.882 191.789
  15.764  63.181 192.686  16.608  63.556 192.250  14.453  62.873 192.055  13.628
  64.230 191.407  14.607  64.287 193.578  14.275  65.053 193.684  15.044  64.937
 193.614  12.899  64.344 193.468  11.805  66.244 193.883  12.859  66.527 194.122
  11.920  67.278 194.002  13.962  68.213 194.037  13.404  67.384 192.693  14.828
  68.398 192.698  15.227  66.723 192.815  15.686  67.187 191.475  14.084  67.303
 191.751  13.172  67.227 195.292  14.772  66.265 196.043  14.868  68.391 195.642
  15.391  69.208 195.056  15.291  68.471 196.733  16.368  67.563 197.331  16.285
  68.421 196.120  17.750  68.086 195.083  17.736  69.434 196.095  18.152  67.731
 196.830  18.677  66.795 196.646  18.575  69.506 197.869  16.177  69.470 198.879
  16.867  70.564 197.805  15.342  71.036 198.687  15.204  71.206 196.761  14.591
  72.240 197.101  14.530  70.640 196.659  13.127  69.719 196.082  13.214  70.342
 197.670  12.850  71.466 195.858  12.074  71.654 194.851  12.445  70.849 195.738
  11.184  72.854 196.490  11.788  73.423 196.511  12.717  73.429 195.880  11.091
  72.677 197.930  11.296  71.909 198.379  11.927  73.548 198.579  11.382  72.367
 197.888   9.881  71.617 197.235   9.710  71.930 198.770   9.654  73.134 197.767
   9.235  71.492 195.485  15.365  70.782 194.493  15.073  72.270 195.521  16.447
  72.140 194.504  17.487  72.085 193.468  17.151  71.354 194.768  18.195  73.413
 194.517  18.257  73.749 193.571  18.681  73.312 195.366  18.933  74.436 194.898
  17.168  75.371 195.323  17.534  74.650 194.062  16.502  73.644 195.912  16.316
  73.959 195.787  15.280  74.029 197.372  16.684  73.464 197.925  17.643  75.174
 197.898  16.199  75.633 197.355  15.482  76.023 199.030  16.670  76.821 199.065
  15.929  75.285 200.360  16.630  75.007 200.442  15.580  74.394 200.330  17.258
  76.004 201.646  17.173  76.146 201.611  18.253  77.012 201.773  16.778  75.208
 202.883  16.906  74.278 202.776  17.464  75.728 203.771  17.267  74.806 203.024
  15.418  75.687 202.647  14.898  73.940 202.386  15.239  74.484 204.442  15.102
  75.314 204.979  15.308  74.339 204.485  14.103  73.607 204.759  15.490  76.767
 198.714  18.006  77.928 199.036  18.144  76.137 197.943  18.921  75.174 197.706
  18.728  76.717 197.512  20.199  77.531 198.212  20.393  75.675 197.642  21.293
  76.129 197.158  22.158  75.324 199.098  21.541  74.737 199.524  20.727  74.798
 199.052  22.495  76.154 199.786  21.699  74.429 196.836  21.049  74.742 195.869
  20.653  73.831 196.701  21.950  73.764 197.327  20.339  77.435 196.174  20.318
  78.218 196.008  21.267  77.320 195.260  19.325  76.874 195.623  18.495  77.631
 193.846  19.398  77.363 193.391  18.445  79.092 193.581  19.572  79.478 193.783
  20.571  79.326 192.522  19.459  80.101 194.330  18.665  81.074 195.136  19.136
  81.177 195.242  20.206  81.926 195.524  18.116  82.766 196.085  18.134  81.666
 194.780  17.011  82.375 194.670  15.766  83.244 195.295  15.627  81.850 193.907
  14.732  82.244 193.954  13.727  80.616 193.215  14.974  80.236 192.572  14.195
  80.023 193.228  16.232  79.139 192.666  16.495  80.509 194.040  17.281  76.718
 193.075  20.429  75.515 193.238  20.393  77.287 192.233  21.316  78.291 192.148
  21.239  76.717 191.531  22.483  77.638 191.016  22.758  75.681 190.421  22.091
  74.959 190.241  22.888  75.040 190.678  21.247  76.493 189.221  21.652  75.872
 188.757  20.887  77.407 189.547  21.156  76.612 188.059  22.701  75.682 187.696
  23.441  77.776 187.437  22.837  77.844 186.738  23.562  78.515 187.729  22.213
  76.371 192.458  23.668  76.339 193.667  23.516  76.206 191.868  24.860  76.146
 190.865  24.962  76.360 192.529  26.161  76.149 191.822  26.963  77.809 193.017
  26.342  77.989 193.783  25.588  77.894 193.476  27.328  78.814 191.897  26.057
  79.673 191.961  25.134  78.869 190.980  26.932  75.464 193.757  26.417  75.749
 194.907  25.964  74.353 193.524  27.185  74.168 192.555  27.402  73.403 194.526
  27.667  72.497 194.009  27.982  73.984 195.217  28.993  73.212 195.919  29.308
  74.063 194.444  29.757  75.300 195.946  28.931  75.561 196.110  29.977  76.088
 195.348  28.475  75.362 197.426  28.459  74.386 197.891  28.593  76.000 198.032
  29.103  75.909 197.628  27.121  75.342 197.426  26.311  77.196 197.751  26.741
  78.184 197.856  27.580  77.957 197.696  28.551  79.152 197.841  27.292  77.516
 197.723  25.454  78.469 197.821  25.135  76.818 197.511  24.755  72.772 195.448
  26.607  72.607 195.136  25.447  72.280 196.619  27.065  72.274 196.697  28.072
  71.414 197.671  26.355  71.349 198.486  27.076  72.203 198.288  25.159  72.598
 197.624  24.390  71.543 198.948  24.598  73.027 198.875  25.563  69.967 197.295
  26.052  68.976 197.968  26.318  69.774 196.221  25.270  70.579 195.723  24.916
  68.490 195.793  24.694  68.105 196.742  24.323  68.770 195.091  23.318  67.771
 194.760  23.035  68.991 195.867  22.585  69.765 193.851  23.211  69.314 192.539
  23.385  68.251 192.415  23.536  70.214 191.457  23.237  69.966 190.422  23.421
  71.527 191.657  22.739  72.259 190.870  22.635  71.943 193.032  22.549  72.932
 193.218  22.155  71.100 194.104  22.835  71.444 195.118  22.694  67.342 195.298
  25.651  66.263 194.893  25.272  67.584 195.301  26.981  68.521 195.596  27.215
  66.680 194.634  27.952  66.344 193.650  27.624  67.261 194.461  29.406  67.203
 195.385  29.980  66.550 193.868  29.981  68.654 193.754  29.584  68.474 192.856
  30.174  69.009 193.336  28.642  69.671 194.689  30.297  70.682 194.301  30.420
  69.674 195.580  29.669  69.229 195.125  31.629  68.631 194.507  32.158  69.590
 196.236  32.262  70.257 197.253  31.742  70.588 197.236  30.788  70.277 198.133
  32.239  69.171 196.382  33.476  68.548 195.702  33.888  69.134 197.257  33.980
  65.380 195.504  27.990  64.308 194.926  27.808  65.504 196.806  28.255  66.442
 197.175  28.322  64.408 197.725  28.245  63.718 197.475  29.050  65.012 199.117
  28.634  65.859 199.317  27.978  64.215 199.859  28.599  65.675 199.164  30.079
  64.838 198.866  30.711  66.490 198.448  30.187  66.153 200.580  30.491  67.064
 201.169  29.861  65.662 201.141  31.579  66.083 202.001  31.899  64.985 200.675
  32.165  63.612 197.831  26.952  62.411 198.076  26.909  64.252 197.608  25.837
  65.246 197.448  25.921  63.656 197.411  24.497  62.909 198.166  24.251  64.775
 197.496  23.487  64.985 198.565  23.525  65.628 196.864  23.733  64.357 197.146
  22.089  63.820 197.960  21.158  63.582 198.992  21.366  63.489 197.255  20.032
  63.119 197.692  19.200  63.839 195.879  20.151  63.804 194.823  19.247  63.396
 194.927  18.252  64.306 193.593  19.628  64.297 192.821  18.873  64.741 193.429
  20.983  65.196 192.475  21.208  64.747 194.476  21.847  65.146 194.409  22.848
  64.325 195.801  21.516  62.897 196.080  24.346  61.952 196.065  23.607  63.280
 195.001  25.015  64.169 194.974  25.493  62.467 193.757  24.997  62.207 193.550
  23.959  63.244 192.491  25.490  63.953 192.789  26.263  62.545 191.848  26.024
  63.934 191.692  24.466  65.278 191.445  24.400  66.050 191.833  25.048  65.520
 190.656  23.259  66.438 190.311  23.019  64.388 190.422  22.534  64.121 189.928
  21.256  64.949 189.792  20.576  62.788 189.922  20.781  62.627 189.742  19.728
  61.741 190.302  21.556  60.730 190.266  21.177  61.988 190.902  22.799  61.176
 191.267  23.411  63.322 190.974  23.282  61.120 193.942  25.658  60.064 193.531
  25.143  61.103 194.793  26.777  62.034 194.977  27.123  59.848 195.226  27.431
  59.300 194.314  27.665  60.208 195.846  28.812  61.040 196.547  28.739  59.336
 196.355  29.223  60.577 194.803  29.881  59.741 194.122  30.035  61.360 194.148
  29.500  61.044 195.469  31.189  61.800 196.461  31.162  60.661 194.895  32.329
  61.081 195.343  33.131  59.873 194.271  32.427  59.016 196.090  26.479  57.839
 195.818  26.371  59.662 197.059  25.827  60.634 197.144  26.088  59.147 198.059
  24.905  58.299 198.600  25.326  60.176 199.102  24.649  60.794 199.465  25.470
  60.910 198.727  23.936  59.569 200.369  24.160  58.996 200.085  23.277  58.865
 200.793  24.876  60.671 201.387  23.800  61.382 201.624  24.592  61.321 200.973
  23.028  60.060 202.805  23.354  60.864 203.335  22.843  59.241 202.547  22.682
  59.564 203.627  24.476  60.334 203.735  25.121  59.371 204.593  24.253  58.751
 203.248  24.940  58.604 197.393  23.608  57.524 197.769  23.213  59.304 196.450
  22.961  60.152 196.181  23.439  58.836 195.796  21.726  58.635 196.575  20.990
  59.903 194.902  21.198  60.703 195.472  20.725  60.443 194.269  21.903  59.595
 193.912  20.076  59.846 194.275  18.735  60.394 195.188  18.555  59.538 193.365
  17.724  59.839 193.514  16.698  59.021 192.063  17.986  58.805 191.228  16.915
  58.852 191.525  16.003  58.678 191.732  19.362  58.134 190.815  19.531  58.863
 192.687  20.394  58.453 192.479  21.371  57.496 195.060  22.091  56.510 195.375
  21.373  57.469 194.239  23.207  58.342 194.147  23.708  56.209 193.727  23.711
  55.847 193.097  22.899  56.564 192.705  24.816  56.750 191.785  24.263  57.493
 192.991  25.310  55.444 192.430  25.802  55.010 193.303  26.290  54.640 191.920
  25.272  55.905 191.481  26.936  56.562 190.453  26.702  55.505 191.799  28.158
  55.793 191.189  28.910  54.865 192.571  28.276  55.100 194.781  24.019  53.960
 194.601  23.542  55.439 195.870  24.684  56.374 195.925  25.063  54.502 196.992
  24.962  53.646 196.467  25.387  55.132 197.978  25.981  55.259 197.349  26.862
  56.041 198.442  25.598  54.158 199.145  26.348  54.027 199.693  25.415  53.227
 198.747  26.751  54.749 200.038  27.433  54.864 199.453  28.346  55.730 200.447
  27.188  53.829 201.254  27.591  53.999 201.871  26.709  52.775 200.981  27.628
  54.230 202.059  28.801  55.150 202.462  28.694  53.592 202.802  29.048  54.303
 201.534  29.660  54.014 197.647  23.654  52.841 198.016  23.595  54.828 197.846
  22.648  55.819 197.798  22.840  54.446 198.539  21.356  53.806 199.389  21.591
  55.761 199.080  20.776  56.050 199.721  21.609  56.469 198.261  20.654  55.487
 199.911  19.467  54.936 199.302  18.751  54.894 200.797  19.698  56.702 200.505
  18.723  57.454 199.719  18.646  56.426 200.756  17.699  57.262 201.674  19.414
  56.833 201.858  20.309  58.254 202.479  19.008  58.817 202.235  17.885  58.441
 201.519  17.280  59.517 202.885  17.557  58.694 203.533  19.725  58.263 203.849
  20.583  59.452 204.117  19.403  53.664 197.701  20.384  52.756 198.235  19.687
  54.088 196.432  20.253  54.940 196.169  20.727  53.512 195.473  19.238  53.228
 196.042  18.353  54.717 194.562  18.905  55.542 195.241  18.689  55.038 193.951
  19.749  54.461 193.708  17.714  53.504 193.223  17.905  54.425 194.274  16.783
  55.488 192.603  17.457  56.331 193.152  17.040  55.713 192.119  18.407  55.122
 191.527  16.401  55.815 190.686  16.421  54.154 191.051  16.556  55.092 191.991
  14.967  55.950 192.455  14.705  54.944 191.238  14.310  54.312 192.617  14.828
  52.296 194.719  19.702  51.353 194.632  18.922  52.222 194.313  20.939  53.013
 194.435  21.556  51.021 193.597  21.481  50.361 193.354  20.648  51.442 192.359
  22.198  51.917 192.588  23.151  50.578 191.737  22.431  52.361 191.465  21.426
  51.967 190.957  20.148  50.987 191.209  19.771  52.890 190.156  19.422  52.540
 189.576  18.581  54.181 189.881  19.953  54.875 189.267  19.397  54.604 190.419
  21.198  55.596 190.320  21.614  53.695 191.246  21.856  54.003 191.695  22.789
  50.154 194.541  22.341  49.166 194.141  22.904  50.434 195.854  22.368  51.354
 196.067  22.011  49.508 196.972  22.757  49.703 197.224  23.799  49.942 198.198
  21.893  50.995 198.442  22.039  49.837 197.903  20.849  49.261 199.462  22.092
  49.473 200.303  23.180  48.692 201.334  23.056  48.687 202.188  23.718  47.812
 201.092  22.015  46.971 201.629  21.862  48.220 199.935  21.368  47.774 199.423
  20.528  47.972 196.692  22.447  47.171 197.033  23.345  47.582 196.201  21.282
  48.337 196.007  20.640  46.185 196.017  20.900  45.616 196.906  21.174  46.103
 196.018  19.378  46.339 195.049  18.939  45.060 196.090  19.070  47.154 197.273
  18.562  47.164 196.693  17.359  45.425 194.837  21.472  44.207 194.769  21.274
  46.059 194.035  22.356  46.993 194.353  22.573  45.508 192.887  23.066  45.001
 192.292  22.306  46.702 192.126  23.668  47.182 192.777  24.399  46.317 191.284
  24.243  47.315 191.738  22.855  44.494 193.282  24.104  43.617 192.503  24.480
  44.484 194.548  24.457  45.114 195.214  24.034  43.447 195.162  25.284  43.618
 194.718  26.265  43.775 196.702  25.311  43.088 197.167  26.018  44.799 196.799
  25.671  43.628 197.170  23.984  43.931 198.078  24.048  41.964 194.939  24.839
  41.080 194.956  25.731  41.660 194.728  23.572  42.478 194.812  22.986  40.387
 194.393  23.037  39.600 194.936  23.560  40.356 194.736  21.551  41.070 194.038
  21.114  39.408 194.561  21.044  40.781 196.156  21.156  41.695 196.443  21.676
  40.989 196.205  19.658  40.045 196.007  19.151  41.358 197.194  19.387  41.677
 195.421  19.340  39.637 197.078  21.546  39.520 197.020  22.628  39.885 198.108
  21.292  38.708 196.755  21.077  39.995 192.927  23.357  38.846 192.548  23.088
  40.902 192.027  23.770  41.819 192.390  23.990  40.639 190.608  24.161  39.573
 190.435  24.013  41.382 189.604  23.251  40.813 188.681  23.355  41.370 189.923
  21.748  41.947 190.844  21.657  41.747 189.142  21.088  40.365 190.117  21.373
  42.690 189.274  23.726  43.049 188.517  23.259  40.803 190.277  25.612  41.099
 191.130  26.448  40.478 189.013  25.944  40.007 188.428  25.268  40.537 188.577
  27.321  40.084 189.353  27.937  39.772 187.272  27.510  39.926 186.856  28.506
  38.694 187.432  27.483  40.044 186.225  26.614  39.599 185.394  26.796  41.969
 188.368  27.918  42.060 188.072  29.116  43.032 188.568  27.152  42.899 188.879
  26.201  44.434 188.313  27.523  44.331 187.829  28.494  44.990 187.299  26.545
  45.041 187.814  25.586  46.019 187.043  26.797  44.158 186.027  26.334  43.455
 185.803  25.215  43.356 186.544  24.435  42.764 184.629  25.314  42.180 184.303
  24.558  42.919 184.088  26.574  42.399 182.950  27.121  41.785 182.329  26.485
  42.870 182.456  28.354  42.532 181.485  28.683  43.843 183.201  29.017  44.213
 182.908  29.989  44.345 184.421  28.500  45.007 185.042  29.086  43.886 184.894
  27.261  45.391 189.521  27.590  45.493 190.299  26.631  46.222 189.665  28.659
  46.305 188.745  29.766  46.393 187.685  29.524  45.424 188.884  30.392  47.535
 189.124  30.536  48.303 188.426  30.204  47.405 189.084  31.618  47.853 190.568
  30.103  48.930 190.700  30.004  47.425 191.321  30.765  47.265 190.628  28.631
  46.865 191.630  28.474  48.452 190.411  27.573  48.704 189.276  27.130  49.300
 191.448  27.269  49.318 192.795  27.852  49.690 192.766  28.877  48.312 193.211
  27.899  50.228 193.703  27.044  50.786 194.345  27.725  49.575 194.315  26.422
  51.070 192.811  26.222  52.037 192.690  26.710  51.168 193.199  25.209  50.260
 191.417  26.170  49.767 191.302  25.205  51.269 190.246  26.239  51.658 189.698
  25.229  51.658 189.736  27.421  51.403 190.152  28.305  52.695 188.676  27.552
  53.562 188.988  26.970  53.291 188.572  28.983  53.886 187.662  29.058  53.951
 189.437  29.060  52.276 188.601  30.090  51.931 189.659  30.875  52.297 190.674
  30.819  51.063 189.243  31.807  50.626 189.878  32.460  50.692 187.889  31.664
  49.823 186.997  32.299  49.176 187.404  33.062  49.789 185.654  31.940  49.103
 185.001  32.460  50.695 185.170  31.002  50.618 184.135  30.706  51.494 186.045
  30.263  52.037 185.580  29.453  51.490 187.463  30.525  52.265 187.232  27.050
  53.181 186.484  26.729  50.987 186.832  26.962  50.260 187.506  27.157  50.562
 185.509  26.463  51.236 184.803  26.948  49.125 185.194  26.888  48.986 185.270
  27.966  48.490 185.991  26.500  48.606 183.795  26.400  48.859 183.698  25.345
  49.225 182.673  27.254  49.133 182.875  28.321  48.642 181.775  27.051  50.250
 182.435  26.971  47.101 183.638  26.410  46.631 184.532  26.000  46.845 182.784
  25.784  46.764 183.493  27.437  50.826 185.466  24.922  51.072 184.465  24.353
  50.692 186.606  24.200  50.550 187.452  24.733  51.106 186.730  22.788  50.666
 185.846  22.326  50.321 187.867  22.162  50.583 188.819  22.622  50.677 187.846
  21.132  48.801 187.721  22.135  48.154 186.714  21.307  48.705 185.962  20.762
  46.785 186.441  21.404  46.397 185.662  20.765  45.948 187.218  22.216  44.621
 186.962  22.330  44.223 186.482  21.599  46.580 188.207  23.004  46.019 188.872
  23.644  47.954 188.506  22.942  48.325 189.284  23.592  52.585 186.724  22.561
  53.064 186.082  21.660  53.383 187.159  23.534  52.925 187.700  24.254  54.853
 186.941  23.502  55.187 187.237  22.508  55.516 187.805  24.544  55.120 187.564
  25.530  56.583 187.592  24.478  55.320 189.240  24.242  56.031 189.722  24.670
  55.311 185.508  23.693  56.382 185.130  23.173  54.416 184.681  24.291  53.541
 185.059  24.625  54.618 183.193  24.477  55.700 183.080  24.549  53.902 182.742
  25.812  52.828 182.898  25.714  53.943 181.654  25.872  54.506 183.342  27.147
  54.493 184.432  27.138  53.678 182.783  28.293  53.872 181.715  28.397  54.056
 183.264  29.195  52.619 182.986  28.133  55.914 182.904  27.342  56.573 183.345
  26.594  56.326 183.091  28.333  55.858 181.823  27.215  54.186 182.407  23.238
  54.276 181.177  23.227  53.693 183.079  22.150  53.608 184.085  22.128  53.338
 182.427  20.858  53.726 181.411  20.783  51.809 182.295  20.756  51.394 183.288
  20.927  51.499 181.968  19.763  51.162 181.211  21.642  50.778 181.456  22.966
  50.945 182.451  23.353  50.225 180.441  23.744  50.081 180.615  24.800  49.885
 179.184  23.259  49.153 178.309  24.002  48.581 178.671  24.683  50.236 178.900
  21.883  50.004 177.981  21.366  50.877 179.907  21.098  50.938 179.660  20.049
  54.046 183.211  19.700  53.987 182.707  18.565  54.617 184.386  19.906  54.526
 184.888  20.777  55.276 185.178  18.885  54.559 185.352  18.081  55.693 186.450
  19.570  54.754 186.997  19.643  56.131 186.153  20.523  56.621 187.295  18.680
  56.437 187.402  17.435  57.524 187.959  19.264  56.531 184.428  18.344  57.435
 184.053  19.065  56.595 184.162  17.045  56.007 184.654  16.388  57.844 183.541
  16.484  58.043 182.570  16.937  57.720 183.308  14.958  57.485 184.227  14.419
  58.672 182.964  14.555  56.990 182.521  14.769  59.133 184.348  16.780  60.178
 183.774  17.143  59.146 185.680  16.767  58.240 186.127  16.738  60.333 186.560
  17.023  61.136 186.118  16.434  60.127 188.045  16.499  59.395 188.539  17.138
  61.012 188.649  16.697  59.738 188.255  15.005  58.840 187.670  14.806  59.542
 189.305  14.790  60.898 187.860  14.036  62.112 187.804  14.421  60.547 187.420
  12.913  60.873 186.432  18.431  62.071 186.193  18.639  59.971 186.548  19.441
  59.066 186.928  19.204  60.341 186.442  20.828  61.267 187.002  20.961  59.200
 186.942  21.825  58.327 186.290  21.840  59.774 186.939  23.271  60.721 187.467
  23.160  59.192 187.560  23.952  59.803 185.975  23.778  58.758 188.302  21.576
  58.307 188.307  20.729  60.773 184.988  21.194  61.753 184.831  21.925  60.154
 183.974  20.543  59.479 184.313  19.872  60.428 182.515  20.738  60.455 182.240
  21.792  59.242 181.689  20.094  59.091 182.066  19.083  59.607 180.674  19.940
  57.904 181.545  20.807  57.566 182.536  21.109  56.860 180.842  19.971  57.170
 179.814  19.782  55.944 180.800  20.560  56.736 181.309  18.994  58.004 180.807
  22.130  58.556 181.327  22.913  57.052 180.491  22.558  58.455 179.837  21.920
  61.741 182.080  20.092  62.355 181.128  20.519  62.149 182.680  18.962  61.502
 183.348  18.568  63.465 182.609  18.348  63.727 181.566  18.173  63.567 183.354
  17.000  63.082 184.330  17.017  64.596 183.636  16.779  63.028 182.548  15.857
  63.634 181.649  15.742  62.046 182.173  16.146  62.959 183.202  14.191  64.708
 182.949  13.844  64.812 181.865  13.887  65.002 183.251  12.839  65.403 183.421
  14.539  64.511 183.186  19.322  65.541 182.530  19.614  64.275 184.368  19.835
  63.494 184.937  19.541  65.232 184.901  20.856  66.206 184.849  20.370  64.980
 186.402  21.170  64.916 186.923  20.215  64.050 186.412  21.738  66.081 187.089
  22.046  65.772 188.114  22.255  66.154 186.585  23.009  67.382 187.053  21.251
  67.394 187.262  20.015  68.484 186.910  21.930  65.438 184.091  22.144  66.580
 183.795  22.436  64.354 183.602  22.786  63.458 183.965  22.493  64.591 182.714
  23.893  65.080 183.204  24.736  63.183 182.266  24.447  62.615 181.820  23.631
  63.399 181.583  25.269  62.485 183.485  25.075  63.014 183.806  25.972  62.405
 184.344  24.408  61.116 183.003  25.521  60.571 183.852  25.931  60.617 182.752
  24.585  61.154 181.905  26.553  61.994 181.780  27.100  60.144 181.141  26.901
  58.940 181.098  26.357  58.732 181.812  25.674  58.196 180.508  26.703  60.291
 180.377  27.868  61.075 180.350  28.504  59.512 179.779  28.103  65.505 181.524
  23.555  66.274 181.140  24.371  65.473 181.048  22.293  64.770 181.399  21.658
  66.358 179.961  21.850  66.502 179.223  22.639  65.803 179.133  20.680  65.568
 179.710  19.785  66.722 177.977  20.202  66.729 177.259  21.022  66.226 177.492
  19.361  67.721 178.308  19.919  64.436 178.519  21.129  63.706 179.281  21.401
  63.964 178.110  20.235  64.620 177.871  21.986  67.841 180.428  21.578  68.806
 179.744  21.960  68.022 181.672  21.015  67.197 182.220  20.817  69.387 182.268
  20.795  69.988 181.523  20.273  69.195 183.540  19.918  68.270 184.085  20.107
  70.058 184.144  20.199  69.238 183.186  18.458  70.079 182.516  18.275  68.311
 182.707  18.143  69.437 184.462  17.613  68.797 185.240  18.027  70.468 184.804
  17.707  69.039 184.151  16.168  69.721 183.445  15.694  68.041 183.713  16.150
  69.104 185.422  15.386  69.979 185.916  15.487  69.064 185.316  14.383  68.445
 186.110  15.723  70.083 182.510  22.099  71.231 182.116  22.237  69.416 182.993
  23.186  68.482 183.353  23.052  70.016 183.089  24.548  70.913 183.704  24.470
  69.024 183.848  25.511  68.764 184.751  24.959  68.148 183.206  25.598  69.564
 184.165  26.862  69.586 183.281  27.499  70.587 184.539  26.820  68.636 185.234
  27.521  68.976 185.571  28.501  68.749 186.184  27.000  67.216 184.837  27.578
  67.053 183.966  28.062  66.267 185.695  27.314  66.525 186.900  26.797  67.487
 187.170  26.648  65.778 187.507  26.489  65.036 185.388  27.588  64.800 184.578
  28.143  64.447 186.185  27.393  70.520 181.741  25.104  71.392 181.854  25.967
  70.100 180.546  24.582  69.436 180.571  23.822  70.825 179.276  24.800  71.210
 179.246  25.820  69.726 178.169  24.769  69.027 178.262  25.599  69.110 178.107
  23.871  70.316 176.750  25.005  69.545 176.002  24.824  71.113 176.528  24.294
  70.859 176.617  26.383  70.137 176.441  27.331  72.133 176.763  26.575  72.425
 176.832  27.540  72.792 176.735  25.810  71.891 179.026  23.785  72.999 178.741
  24.094  71.622 179.162  22.446  70.692 179.445  22.173  72.618 178.887  21.369
  72.943 177.858  21.521  72.053 179.126  20.029  71.680 180.149  20.010  72.809
 179.011  19.252  70.887 178.248  19.644  70.119 178.241  20.417  70.247 178.720
  18.327  70.980 178.519  17.546  69.365 178.123  18.097  70.052 179.792  18.303
  71.370 176.793  19.242  71.719 176.268  20.131  70.510 176.231  18.878  72.112
 176.816  18.443  73.924 179.718  21.514  75.004 179.296  21.155  73.851 180.926
  22.092  72.943 181.284  22.350  75.057 181.720  22.463  75.741 181.670  21.617
  74.678 183.186  22.556  73.765 183.354  23.127  75.388 183.624  23.258  74.663
 183.838  21.166  75.855 184.275  20.573  75.476 184.806  19.386  76.118 185.386
  18.739  74.126 184.702  19.223  73.600 185.140  18.480  73.624 184.073  20.330
  72.575 184.039  20.585  75.903 181.263  23.647  77.043 181.728  23.706  75.349
 180.500  24.541  74.401 180.181  24.398  76.084 179.710  25.559  76.934 180.283
  25.930  75.199 179.313  26.736  74.372 178.768  26.280  75.742 178.590  27.345
  74.681 180.454  27.668  74.637 181.452  27.233  73.680 180.154  27.979  75.522
 180.422  28.923  76.394 181.350  29.155  75.344 179.528  29.766  76.672 178.448
  24.974  77.730 178.049  25.447  76.053 177.811  23.986  75.162 178.127  23.630
  76.622 176.640  23.360  77.165 176.123  24.152  75.589 175.703  22.781  74.943
 176.347  22.183  76.111 174.961  22.177  74.681 174.996  23.748  75.054 174.534
  24.950  76.041 174.668  25.367  73.989 173.830  25.485  74.053 173.389  26.391
  72.986 173.729  24.569  71.774 172.981  24.540  71.517 172.572  25.506  70.900
 172.932  23.392  69.952 172.416  23.345  71.281 173.703  22.250  70.696 173.713
  21.342  72.501 174.418  22.307  72.789 174.905  21.387  73.351 174.488  23.450
  77.670 177.005  22.221  78.377 176.086  21.828  77.743 178.284  21.790  77.139
 178.930  22.277  78.715 178.734  20.843  79.569 178.073  20.988  78.145 178.537
  19.437  77.444 177.704  19.374  77.492 179.353  19.129  79.168 178.465  18.357
  80.378 178.593  18.621  78.729 178.362  17.204  79.256 180.126  21.129  78.816
 181.106  20.598  80.169 180.215  22.024  80.464 179.341  22.437  80.669 181.465
  22.570  79.814 182.089  22.829  81.470 181.220  23.844  82.415 180.721  23.631
  81.699 182.209  24.242  80.741 180.398  24.970  81.156 180.828  25.882  79.669
 180.518  24.818  81.019 178.851  25.002  81.055 178.213  23.951  81.312 178.304
  26.062  81.453 182.380  21.585  81.795 183.490  21.933  81.724 181.875  20.396
  81.195 181.050  20.150  82.338 182.587  19.250  82.502 183.565  19.703  83.712
 181.930  18.939  83.518 180.889  18.680  84.126 182.359  18.027  84.672 182.050
  20.101  85.117 181.000  20.557  85.091 183.243  20.541  85.825 183.259  21.234
  84.932 184.121  20.067  81.425 182.836  17.975  81.962 183.063  16.903  80.092
 182.604  18.156  79.742 182.335  19.065  79.208 182.667  17.042  79.684 182.219
  16.169  78.004 181.837  17.398  78.486 180.865  17.504  77.569 182.106  18.361
  76.825 181.741  16.322  77.202 182.147  15.383  76.287 180.381  16.060  75.907
 179.896  16.960  75.444 180.533  15.386  77.128 179.768  15.736  75.723 182.694
  16.814  76.034 183.717  17.025  74.946 182.725  16.051  75.268 182.246  17.698
  78.852 184.093  16.665  78.430 184.855  17.494  78.876 184.347  15.374  79.542
 183.769  14.882  78.144 185.440  14.656  77.896 186.227  15.369  78.977 185.984
  13.500  79.143 185.259  12.703  78.449 186.720  12.893  80.302 186.553  14.098
  80.170 187.584  14.426  80.679 186.045  14.986  81.373 186.554  13.035  82.320
 186.709  13.552  81.458 185.552  12.615  81.111 187.537  11.895  81.918 187.529
  11.162  80.221 187.272  11.324  81.170 188.943  12.340  82.121 189.206  12.553
  80.896 189.575  11.601  80.628 189.109  13.177  76.854 184.961  14.096  76.744
 183.893  13.526  75.799 185.762  14.248  75.844 186.544  14.886  74.396 185.430
  13.933  74.120 184.546  14.509  73.448 186.551  14.348  73.872 187.550  14.248
  72.586 186.529  13.681  72.789 186.472  15.789  73.574 186.241  16.762  71.519
 186.623  15.964  74.235 185.099  12.436  73.259 184.468  12.120  75.148 185.518
  11.521  75.945 186.041  11.854  75.042 185.313  10.056  74.128 185.775   9.684
  76.203 186.037   9.364  77.117 185.443   9.388  75.997 186.118   8.297  76.522
 187.440   9.908  77.035 187.437  10.869  77.109 187.975   9.162  75.327 188.365
  10.166  74.310 188.301   9.407  75.431 189.249  11.069  75.124 183.840   9.611
  74.831 183.494   8.462  75.481 182.872  10.543  75.595 183.100  11.521  75.484
 181.396  10.341  75.682 181.099   9.311  76.639 180.837  11.167  76.825 179.797
  10.902  77.559 181.391  10.977  76.284 180.892  12.489  77.022 180.554  13.002
  74.147 180.693  10.635  73.864 179.596  10.121  73.249 181.277  11.360  73.440
 182.242  11.588  71.923 180.738  11.655  71.829 179.678  11.418  71.683 180.933
  13.152  71.839 181.992  13.356  70.660 180.697  13.447  72.709 180.121  14.044
  73.707 180.439  13.740  72.498 180.404  15.577  71.463 180.219  15.867  73.247
 179.871  16.162  72.645 181.470  15.749  72.575 178.585  13.876  72.527 178.215
  12.852  73.356 178.080  14.444  71.607 178.253  14.252  70.781 181.405  10.864
  70.846 182.602  10.634  69.697 180.614  10.485  69.503 179.214  10.554  68.941
 178.943  11.448  70.462 178.704  10.469  68.742 178.936   9.295  68.318 177.936
   9.387  69.382 179.036   8.418  67.700 180.021   9.304  66.937 179.781  10.044
  67.231 180.178   8.333  68.589 181.202   9.724  69.012 181.526   8.773  67.746
 182.327  10.404  67.380 182.342  11.606  67.340 183.305   9.594  67.685 183.387
   8.649  66.372 184.337  10.042  66.632 184.606  11.065  66.435 185.559   9.227
  65.710 186.308   9.546  67.802 186.208   9.256  68.566 185.546   8.847  67.824
 187.075   8.597  68.056 186.438  10.290  66.220 185.288   7.800  66.122 186.094
   7.289  64.953 183.817  10.090  64.137 184.321  10.898  64.609 182.770   9.303
  65.284 182.349   8.680  63.242 182.474   9.039  62.568 183.322   9.156  63.169
 181.920   7.608  63.628 182.589   6.880  63.871 181.086   7.621  61.712 181.656
   7.229  60.822 182.349   7.591  61.558 180.555   6.607  60.633 180.395   6.235
  62.385 180.084   6.268  62.880 181.408  10.099  63.625 180.430  10.114  61.841
 181.507  10.915  60.952 182.706  11.026  60.726 183.208  10.085  61.372 183.449
  11.704  59.698 182.227  11.707  58.989 181.806  10.994  59.315 183.023  12.345
  60.254 181.131  12.656  59.447 180.436  12.887  60.564 181.643  13.566  61.490
 180.598  11.948  62.314 180.566  12.661  61.341 179.144  11.476  61.820 178.292
  12.228  60.886 178.849  10.261  60.535 179.629   9.723  60.792 177.446   9.761
  60.251 176.774  10.427  60.062 177.477   8.362  60.637 178.153   7.729  60.193
 176.081   7.663  59.772 175.273   8.261  59.517 175.923   6.823  61.222 175.809
   7.426  58.575 177.920   8.536  57.952 177.456   7.770  58.199 177.590   9.504
  58.507 179.431   8.299  58.721 179.660   7.255  57.470 179.754   8.392  59.219
 180.064   8.828  62.220 176.886   9.663  62.517 175.933  10.392  63.059 177.435
   8.775  62.823 178.319   8.348  64.450 176.954   8.731  64.435 175.910   8.417
  65.168 177.769   7.593  65.216 178.764   8.037  66.201 177.462   7.431  64.398
 177.928   6.237  63.737 178.969   6.043  64.510 176.965   5.387  65.285 176.972
  10.012  66.096 176.062  10.245  65.106 177.927  10.946  64.437 178.663  10.767
  65.692 177.969  12.249  66.762 177.769  12.180  65.518 179.294  12.960  65.854
 180.046  12.246  64.455 179.533  12.967  66.022 179.478  14.356  65.190 179.171
  15.436  64.223 178.770  15.173  65.662 179.380  16.757  65.037 179.140  17.605
  66.953 179.789  16.961  67.303 180.080  17.940  67.785 180.144  15.861  68.769
 180.554  16.032  67.311 179.928  14.576  67.924 180.204  13.731  65.202 176.815
  13.203  65.974 176.058  13.761  63.871 176.628  13.327  63.200 177.275  12.940
  63.340 175.611  14.166  63.754 175.754  15.164  61.834 175.665  14.298  61.379
 174.897  14.923  61.544 176.659  14.639  61.340 175.527  12.971  61.548 176.268
  12.398  63.767 174.170  13.717  64.255 173.395  14.536  63.700 173.916  12.405
  63.169 174.572  11.849  64.028 172.644  11.795  63.482 171.829  12.270  63.661
 172.545  10.307  63.992 173.453   9.805  64.244 171.687   9.973  62.267 172.232
   9.930  61.683 171.050  10.476  62.167 170.450  11.232  60.485 170.537   9.866
  59.976 169.656  10.226  59.886 171.270   8.871  58.718 170.763   8.326  58.455
 171.316   7.587  60.465 172.444   8.275  59.936 172.983   7.503  61.650 172.883
   8.879  62.249 173.712   8.533  65.492 172.439  12.080  65.839 171.312  12.368
  66.410 173.419  11.946  65.998 174.275  11.604  67.855 173.277  12.360  68.448
 172.566  11.785  68.589 174.637  12.249  68.503 175.053  11.245  68.079 175.354
  12.893  70.101 174.584  12.706  70.427 175.609  12.881  70.247 174.077  13.660
  71.098 173.961  11.659  72.083 174.253  12.021  70.952 172.882  11.622  70.921
 174.523  10.265  70.176 174.109   9.723  71.557 175.553   9.734  72.291 176.392
  10.485  72.432 176.113  11.445  72.835 177.105  10.019  71.331 175.902   8.521
  70.717 175.336   7.953  71.660 176.805   8.211  67.954 172.854  13.858  68.743
 171.994  14.239  67.097 173.330  14.685  66.488 174.045  14.313  67.200 173.199
  16.174  68.260 173.160  16.424  66.732 174.453  16.907  65.797 174.811  16.474
  66.621 174.320  18.474  67.595 174.059  18.887  66.260 175.253  18.907  65.973
 173.494  18.767  67.677 175.645  16.641  67.914 175.681  15.577  67.195 176.574
  16.945  68.643 175.521  17.131  66.569 171.881  16.696  67.260 171.145  17.431
  65.347 171.545  16.309  64.908 172.124  15.608  64.885 170.160  16.427  64.613
 169.887  17.446  63.586 170.074  15.651  63.843 170.238  14.605  63.166 169.072
  15.735  62.877 170.851  15.940  65.894 169.082  15.808  66.053 168.050  16.473
  66.528 169.275  14.625  66.407 170.195  14.225  67.514 168.410  14.052  67.048
 167.446  13.846  67.982 169.045  12.710  68.242 170.100  12.798  68.825 168.512
  12.270  67.237 168.833  11.942  68.668 168.144  15.033  69.025 166.972  15.287
  69.353 169.207  15.535  69.036 170.108  15.204  70.561 169.093  16.317  71.174
 168.266  15.961  71.464 170.293  16.070  72.450 170.151  16.512  71.702 170.486
  15.024  70.694 171.717  16.803  69.819 171.871  15.805  70.340 168.812  17.853
  71.302 168.812  18.642  69.093 168.595  18.369  68.367 168.358  17.708  68.756
 168.500  19.776  69.332 169.300  20.240  67.247 168.802  19.996  66.682 168.646
  19.077  66.866 168.163  20.793  67.097 170.309  20.488  67.886 170.920  20.049
  65.669 170.763  20.186  64.935 170.173  20.736  65.651 171.772  20.599  65.434
 170.811  19.123  67.136 170.488  21.993  68.094 170.061  22.288  67.047 171.549
  22.224  66.426 169.908  22.583  68.983 167.117  20.456  68.605 166.120  19.817
  69.492 166.944  21.725  70.394 167.935  22.343  69.879 168.779  22.803  71.025
 168.272  21.520  71.125 167.202  23.466  70.427 167.227  24.303  72.003 167.770
  23.774  71.140 165.808  22.962  71.205 165.132  23.815  71.988 165.705  22.285
  69.898 165.616  22.164  70.144 165.038  21.273  68.731 164.919  22.976  68.631
 165.146  24.170  67.919 164.138  22.321  67.993 164.038  21.319  66.653 163.576
  22.880  66.804 163.332  23.932  65.486 164.611  22.747  64.555 164.046  22.803
  65.411 165.630  23.947  66.195 166.387  23.942  64.451 166.117  23.780  65.405
 165.067  24.881  65.504 165.355  21.365  66.271 166.128  21.307  65.605 164.625
  20.562  64.150 166.040  21.012  63.931 166.826  21.734  64.218 166.657  20.117
  63.368 165.309  20.805  66.325 162.241  22.334  66.818 161.858  21.274  65.589
 161.397  23.069  65.235 161.622  23.988  65.144 160.072  22.561  65.991 159.480
  22.215  64.441 159.290  23.689  63.867 158.464  23.269  65.184 158.738  24.264
  63.508 160.038  24.582  63.923 161.010  25.211  62.321 159.626  24.737  64.087
 160.162  21.473  63.460 161.178  21.257  63.991 159.086  20.707  64.467 158.230
  20.957  63.318 159.123  19.430  63.701 160.046  18.994  63.613 157.981  18.495
  63.230 157.097  19.005  63.017 158.032  17.583  65.143 157.785  18.257  65.846
 158.725  17.834  65.679 156.698  18.618  61.781 159.352  19.583  61.229 160.208
  18.954  61.175 158.757  20.596  61.676 158.110  21.189  59.755 158.980  20.862
  59.119 158.655  20.038  59.417 158.082  22.089  60.102 158.347  22.894  58.414
 158.312  22.448  59.487 157.028  21.822  59.414 160.454  21.159  58.294 160.872
  20.769  60.426 161.274  21.585  61.323 160.822  21.687  60.412 162.711  21.787
  59.397 162.955  22.100  61.283 163.036  23.030  60.791 162.565  23.881  62.305
 162.695  22.862  61.401 164.506  23.391  61.995 165.040  22.648  60.051 165.235
  23.474  59.390 164.720  24.171  60.275 166.263  23.760  59.591 165.122  22.493
  62.102 164.567  24.754  62.943 163.881  24.848  62.491 165.573  24.913  61.399
 164.283  25.537  60.777 163.458  20.490  60.129 164.465  20.217  61.665 162.942
  19.665  62.088 162.068  19.945  61.916 163.434  18.296  62.027 164.518  18.303
  63.257 162.919  17.643  63.159 161.862  17.398  63.418 163.498  16.733  64.458
 163.174  18.533  64.656 164.241  18.637  64.237 162.786  19.527  65.777 162.644
  18.099  66.528 162.925  18.838  65.572 161.574  18.134  66.260 163.060  16.739
  66.367 162.322  16.057  66.895 164.144  16.378  67.295 165.029  17.217  67.225
 164.908  18.218  67.813 165.836  16.900  67.260 164.238  15.127  67.124 163.447
  14.514  67.855 164.990  14.811  60.700 163.160  17.367  60.476 164.008  16.514
  59.830 162.160  17.612  60.151 161.447  18.251  58.536 161.999  16.948  58.569
 162.123  15.865  58.052 160.481  17.115  57.948 160.295  18.184  56.695 160.337
  16.459  56.753 160.753  15.454  56.339 159.310  16.369  55.935 160.825  17.069
  58.996 159.355  16.524  59.093 159.554  15.457  59.981 159.381  16.991  58.519
 157.902  16.676  57.798 157.598  15.917  59.398 157.266  16.579  58.160 157.625
  17.668  57.525 162.960  17.469  56.724 163.474  16.692  57.391 163.217  18.787
  57.918 162.694  19.471  56.506 164.217  19.362  55.483 164.009  19.048  56.588
 164.226  20.865  57.589 164.414  21.254  55.970 165.051  21.221  56.126 162.957
  21.660  57.003 162.351  21.889  55.698 163.359  22.578  55.155 162.019  20.931
  54.085 162.420  20.472  55.482 160.755  21.025  54.886 160.036  20.641  56.451
 160.559  21.231  56.786 165.632  18.711  55.841 166.282  18.367  58.063 165.952
  18.528  58.762 165.346  18.934  58.520 167.208  17.890  58.025 168.066  18.343
  59.956 167.320  18.300  60.030 167.146  19.373  60.461 166.613  17.642  60.616
 168.689  18.024  60.594 168.968  16.970  59.939 169.800  18.742  59.797 169.528
  19.788  60.527 170.695  18.541  58.934 169.921  18.338  62.034 168.554  18.529
  62.663 167.823  18.021  62.533 169.519  18.430  61.969 168.270  19.579  58.319
 167.151  16.367  57.756 168.052  15.748  58.688 166.037  15.686  59.140 165.320
  16.235  58.511 165.864  14.221  59.025 166.708  13.761  59.196 164.577  13.763
  60.272 164.522  13.931  58.770 163.818  14.418  58.897 164.102  12.334  57.870
 164.231  11.992  59.787 164.842  11.359  60.804 164.461  11.265  59.355 164.795
  10.359  59.855 165.900  11.611  59.110 162.544  12.255  58.538 162.077  13.057
  58.815 162.204  11.262  60.155 162.307  12.450  57.007 165.980  13.820  56.788
 166.517  12.730  56.073 165.506  14.634  56.328 164.919  15.415  54.604 165.636
  14.354  54.405 165.317  13.331  53.796 164.768  15.344  54.198 164.963  16.339
  52.769 165.114  15.454  53.634 163.288  14.995  52.979 163.066  14.153  54.595
 162.941  14.617  53.163 162.433  16.297  54.090 162.030  16.704  52.688 163.098
  17.019  52.241 161.245  15.897  51.539 161.731  15.220  52.911 160.514  15.443
  51.599 160.670  17.054  50.958 161.310  17.503  51.081 159.853  16.766  52.292
 160.375  17.727  54.078 167.082  14.436  52.811 167.273  14.179  54.885 168.003
  14.970  55.867 167.832  15.132  54.223 169.309  15.225  53.258 169.092  15.683
  55.072 170.032  16.274  56.098 170.060  15.906  54.745 171.472  16.509  53.677
 171.628  16.660  55.398 171.738  17.339  55.033 172.069  15.644  54.860 169.371
  17.632  54.852 168.295  17.463  55.648 169.574  18.358  53.523 169.609  18.404
  52.678 169.123  17.915  53.603 169.077  19.352  53.332 170.680  18.467  54.055
 170.203  14.001  54.996 170.330  13.169  52.858 170.797  13.901  52.243 170.726
  14.699  52.347 171.453  12.714  52.555 170.785  11.878  51.258 171.495  12.716
  52.928 172.780  12.339  52.881 173.148  11.187  53.369 173.592  13.304  53.418
 173.130  14.201  53.731 174.976  13.087  53.914 175.178  12.032  52.654 175.881
  13.665  51.649 175.594  13.358  52.702 175.915  14.754  52.945 177.184  13.169
  52.335 177.367  12.451  55.036 175.238  13.834  55.241 174.755  14.911  55.854
 176.118  13.266  55.746 176.216  12.266  57.153 176.452  13.809  57.712 175.521
  13.905  57.903 177.274  12.796  57.168 177.886  12.274  58.613 177.938  13.289
  58.361 176.604  12.068  56.991 177.106  15.204  57.767 176.851  16.066  56.010
 178.072  15.292  55.542 178.429  14.471  55.606 178.595  16.648  56.348 179.274
  17.070  54.209 179.306  16.563  53.565 178.651  15.977  53.427 179.551  17.921
  53.997 180.103  18.669  52.504 180.123  17.832  53.198 178.545  18.273  54.410
 180.687  15.835  55.068 181.304  16.447  55.016 180.490  14.950  53.169 181.427
  15.329  52.567 181.875  16.119  53.595 182.311  14.855  52.540 180.828  14.670
  55.529 177.443  17.756  56.044 177.590  18.845  54.780 176.342  17.486  54.311
 176.395  16.593  54.568 175.245  18.468  54.229 175.613  19.437  53.545 174.300
  17.798  53.968 174.086  16.816  53.523 173.339  18.312  52.102 174.751  17.706
  51.731 174.919  18.717  52.121 175.730  17.226  51.104 173.960  16.892  51.464
 173.079  16.134  49.813 174.154  17.117  49.139 173.632  16.576  49.513 174.869
  17.765  55.812 174.455  18.591  56.148 174.117  19.670  56.521 174.249  17.489
  56.152 174.475  16.577  57.759 173.532  17.488  57.496 172.599  17.985  58.101
 173.294  15.991  57.168 173.335  15.429  58.696 174.107  15.574  58.858 171.973
  15.852  59.916 172.106  16.078  58.445 171.210  16.513  58.740 171.436  14.445
  59.256 170.477  14.424  57.714 171.104  14.290  59.295 172.345  13.469  60.158
 172.792  13.744  58.787 172.680  12.222  57.782 172.128  11.581  57.223 171.372
  11.950  57.394 172.620  10.790  59.320 173.663  11.637  59.976 174.256  12.125
  58.820 173.955  10.809  58.777 174.249  18.407  59.418 173.587  19.159  58.872
 175.571  18.324  58.409 176.128  17.620  59.602 176.440  19.244  60.636 176.099
  19.300  59.544 177.905  18.804  58.491 178.116  18.617  59.853 178.575  19.606
  60.247 178.222  17.535  60.145 177.316  16.938  59.552 179.467  16.849  59.990
 180.361  17.294  59.765 179.378  15.783  58.468 179.455  16.958  61.770 178.612
  17.644  62.303 177.729  17.996  62.129 178.891  16.653  62.019 179.470  18.268
  59.195 176.260  20.697  60.040 175.908  21.467  57.919 176.333  21.091  57.237
 176.458  20.357  57.451 176.063  22.473  57.797 176.873  23.115  55.964 176.235
  22.519  55.473 175.578  21.802  55.694 175.994  23.547  55.476 177.670  22.172
  55.814 178.368  22.938  55.973 178.086  21.296  53.920 177.753  22.005  53.616
 178.797  21.930  53.780 177.275  21.035  53.206 177.016  23.110  52.969 176.042
  22.989  52.766 177.475  24.240  53.020 178.722  24.661  53.360 179.358  23.954
  52.608 179.072  25.513  52.138 176.659  25.053  51.690 175.887  24.581  51.952
 176.960  25.999  57.894 174.709  23.047  58.539 174.619  24.087  57.734 173.639
  22.208  57.252 173.856  21.347  58.237 172.269  22.537  57.747 171.864  23.422
  57.794 171.355  21.409  56.757 171.576  21.156  58.364 171.636  20.523  57.988
 169.572  21.736  57.065 169.556  22.701  59.784 172.245  22.630  60.262 171.758
  23.719  60.549 172.925  21.728  60.140 173.283  20.877  62.022 173.050  21.855
  62.475 172.060  21.806  62.533 173.912  20.702  61.908 174.791  20.550  63.492
 174.262  21.084  62.722 173.214  19.368  63.566 172.524  19.367  61.880 172.557
  19.150  62.736 174.245  18.231  63.538 175.185  18.311  61.913 174.015  17.264
  62.365 173.707  23.243  63.265 173.254  23.936  61.684 174.760  23.621  60.977
 175.102  22.986  61.938 175.573  24.823  62.994 175.841  24.807  61.176 176.914
  24.818  60.142 176.706  24.543  61.168 177.298  25.838  61.691 178.010  23.825
  61.919 177.480  22.900  60.599 179.044  23.614  60.383 179.672  24.478  60.925
 179.678  22.789  59.794 178.452  23.179  62.918 178.640  24.389  63.603 177.837
  24.663  63.266 179.342  23.631  62.660 179.177  25.302  61.653 174.821  26.119
  62.343 174.924  27.124  60.544 174.015  26.126  59.897 174.104  25.355  60.149
 173.084  27.225  60.144 173.598  28.187  58.727 172.662  26.867  58.040 173.494
  26.714  58.702 172.091  25.939  58.059 171.909  28.038  57.857 172.486  29.171
  57.746 170.725  27.865  61.130 171.928  27.433  61.505 171.638  28.556  61.601
 171.358  26.290  61.269 171.648  25.381  62.827 170.514  26.278  62.457 169.691
  26.890  63.175 170.025  24.798  63.166 170.895  24.141  64.484 169.385  24.692
  64.541 168.577  25.421  64.626 168.972  23.693  65.241 170.149  24.870  62.110
 169.006  24.358  62.278 168.053  24.859  61.125 169.387  24.627  61.942 168.905
  22.806  62.918 168.784  22.335  61.320 168.095  22.426  61.473 169.820  22.443
  64.058 171.217  26.938  64.677 170.635  27.833  64.419 172.416  26.513  64.032
 172.798  25.662  65.587 173.138  27.106  66.442 172.462  27.117  65.900 174.425
  26.344  65.087 175.134  26.499  66.764 174.909  26.799  66.283 174.200  24.878
  67.076 173.465  24.738  65.328 173.873  24.467  66.687 175.661  23.871  67.789
 175.019  22.584  67.185 174.488  21.848  68.306 175.857  22.116  68.546 174.339
  22.975  65.381 173.491  28.605  66.345 173.675  29.270  64.186 173.668  29.121
  63.382 173.697  28.511  63.883 173.917  30.498  64.602 174.653  30.858  62.449
 174.517  30.676  61.679 174.043  30.067  62.131 174.370  31.708  62.351 176.046
  30.367  63.279 176.754  30.170  61.165 176.535  30.670  61.003 177.527  30.767
  60.454 175.831  30.810  64.063 172.688  31.366  64.763 172.765  32.380  63.505
 171.585  30.827  62.929 171.718  30.008  63.340 170.320  31.638  63.192 170.552
  32.693  62.112 169.503  31.121  62.073 169.550  30.032  62.098 168.462  31.443
  60.892 170.187  31.635  61.032 170.247  32.714  60.794 171.198  31.240  59.661
 169.390  31.220  59.617 169.315  30.134  59.659 168.385  31.641  58.380 170.100
  31.712  58.381 170.059  32.801  58.475 171.140  31.400  57.116 169.532  31.171
  57.169 168.536  31.328  56.300 169.931  31.613  57.045 169.769  30.192  64.576
 169.375  31.518  64.750 168.522  32.440  65.400 169.451  30.470  65.047 170.030
  29.721  66.682 168.756  30.318  66.528 167.691  30.495  67.058 169.013  28.863
  66.368 168.537  28.166  67.151 170.069  28.608  68.662 168.281  28.617  68.333
 167.021  28.915  67.642 169.375  31.266  67.938 170.496  31.169  68.284 168.570
  32.133  68.121 167.576  32.061  69.419 168.983  32.993  69.753 169.951  32.620
  69.041 169.072  34.470  69.832 169.516  35.074  67.880 170.141  34.674  66.978
 169.868  34.126  67.655 170.270  35.732  68.309 171.089  34.350  68.588 167.823
  34.929  68.694 167.776  35.882  70.655 168.070  32.889  71.796 168.490  32.845
  70.382 166.770  32.838  69.421 166.483  32.960  71.340 165.725  32.853  72.362
 166.084  32.726  71.356 165.084  34.253  71.862 165.896  34.774  70.339 164.880
  34.591  72.215 163.943  34.501  71.715 163.141  34.336  71.142 164.630  31.755
  70.047 164.528  31.159  72.230 163.915  31.400  73.113 164.226  31.777  72.226
 162.865  30.364  71.177 162.603  30.223  72.780 163.434  29.066  73.781 163.772
  29.334  73.036 162.669  28.334  72.071 164.622  28.399  71.650 165.320  29.122
  73.044 165.452  27.489  73.764 164.892  26.893  72.532 166.135  26.812  73.614
 166.077  28.177  71.023 164.175  27.376  70.238 163.698  27.963  70.567 165.003
  26.832  71.502 163.487  26.679  73.056 161.668  30.764  74.244 161.732  31.209
  72.414 160.437  30.640  71.471 160.500  30.285  72.904 159.235  31.231  73.881
 159.365  31.696  71.910 158.781  32.303  70.928 158.519  31.910  72.199 157.818
  32.724  71.738 159.992  33.682  70.703 160.751  33.312  73.014 158.104  30.164
  72.615 158.273  28.999  73.462 156.849  30.480  73.660 156.650  31.450  73.331
 155.664  29.629  73.487 155.990  28.601  74.417 154.576  29.956  75.369 155.025
  29.672  74.414 154.341  31.020  74.158 153.034  29.016  75.380 152.492  29.030
  71.907 155.088  29.663  71.300 154.949  30.680  71.396 154.703  28.457  71.911
 154.891  27.609  70.100 154.057  28.306  69.386 154.571  28.951  69.677 154.214
  26.799  69.784 155.245  26.465  70.335 153.613  26.172  68.181 153.900  26.593
  68.083 152.889  26.987  67.543 154.640  27.077  67.765 153.729  25.098  68.499
 153.003  24.747  66.792 153.239  25.062  67.753 155.067  24.336  67.066 155.715
  24.880  68.748 155.511  24.308  67.394 154.872  22.891  66.477 154.484  22.720
  67.359 155.745  22.383  68.035 154.268  22.396  70.042 152.620  28.747  68.982
 152.187  29.152  71.128 151.856  28.729  71.979 152.171  28.286  71.049 150.507
  29.330  70.114 150.087  28.960  72.244 149.767  28.707  72.053 149.656  27.639
  73.100 150.440  28.757  72.587 148.425  29.364  72.875 148.550  30.408  71.765
 147.710  29.328  73.672 147.645  28.611  74.032 147.973  27.497  74.183 146.540
  29.124  74.828 145.965  28.600  73.839 146.191  30.007  71.078 150.510  30.833
  70.473 149.609  31.471  71.706 151.505  31.471  72.249 152.157  30.924  71.671
 151.637  33.018  71.767 150.690  33.550  72.890 152.445  33.387  72.757 153.401
  32.880  72.954 152.710  34.442  74.467 151.761  32.803  75.064 151.550  33.979
  70.410 152.386  33.535  69.889 152.166  34.676  69.903 153.239  32.641  70.550
 153.350  31.873  68.972 154.383  32.854  68.943 154.956  31.928  67.482 153.924
  33.068  67.386 153.518  34.075  66.751 154.724  32.943  67.199 152.874  32.017
  67.527 153.319  31.077  67.731 151.952  32.251  65.750 152.376  31.883  65.137
 151.869  32.806  65.077 152.466  30.724  64.095 152.237  30.675  65.651 152.524
  29.895  69.476 155.397  33.892  69.270 156.602  33.641  70.137 154.980  34.935
  69.911 154.033  35.207  70.534 155.881  36.054  69.833 156.713  36.119  70.521
 155.097  37.398  70.356 155.818  38.198  69.628 154.473  37.362  71.704 154.110
  37.610  72.300 153.628  36.620  71.904 153.762  38.769  71.907 156.550  35.887
  72.132 157.599  36.453  72.903 155.905  35.233  72.729 154.925  35.061  74.258
 156.450  35.286  74.568 156.604  36.320  75.127 155.260  34.813  74.766 154.995
  33.819  76.659 155.369  34.848  77.007 155.425  35.880  77.091 154.471  34.408
  76.951 156.288  34.339  75.032 154.077  35.571  74.119 153.877  35.794  74.537
 157.668  34.384  74.551 157.653  33.162  74.873 158.804  35.039  74.880 158.719
  36.045  75.263 160.065  34.451  74.487 160.353  33.742  75.347 161.153  35.550
  74.382 161.248  36.048  76.145 160.846  36.226  75.706 162.545  34.937  76.617
 162.427  34.350  74.887 162.870  34.294  76.003 163.605  36.005  75.828 163.301
  37.195  76.386 164.741  35.568  76.563 159.965  33.655  77.629 159.718  34.186
  76.524 160.347  32.377  75.620 160.655  32.046  77.716 160.465  31.570  78.618
 160.070  32.038  77.443 159.772  30.231  76.402 159.890  29.928  78.142 160.432
  29.080  79.218 160.457  29.252  77.926 159.905  28.150  77.741 161.428  28.893
  77.826 158.225  30.274  77.623 157.767  29.306  78.904 158.121  30.401  77.050
 157.364  31.314  75.966 157.294  31.229  77.360 156.325  31.201  77.326 157.682
  32.319  78.060 161.983  31.427  79.263 162.275  31.366  77.078 162.881  31.298
  76.091 162.668  31.264  77.431 164.310  31.055  78.225 164.601  31.742  77.903
 164.585  29.608  78.746 163.952  29.331  76.828 164.467  28.564  76.018 165.185
  28.691  77.130 164.434  27.517  76.335 163.499  28.653  78.473 165.907  29.512
  79.391 165.777  29.762  76.245 165.226  31.426  75.086 164.789  31.558  76.496
 166.527  31.670  77.467 166.799  31.611  75.502 167.607  31.866  74.477 167.241
  31.924  75.802 168.254  33.256  75.672 167.504  34.036  77.156 168.919  33.313
  77.221 169.623  32.484  77.352 169.413  34.264  77.898 168.128  33.202  74.886
 169.269  33.438  74.869 169.561  34.353  75.344 168.576  30.662  76.157 168.571
  29.696  74.209 169.310  30.686  73.686 169.042  31.508  73.758 170.193  29.670
  73.752 169.620  28.743  72.356 170.659  30.080  71.622 169.863  29.952  72.353
 170.940  31.133  71.994 171.880  29.240  72.723 172.676  29.389  71.879 171.632
  28.185  70.602 172.463  29.680  69.817 171.745  29.442  70.603 172.669  30.751
  70.238 173.718  28.950  71.117 174.355  28.851  69.847 173.594  27.940  69.213
 174.450  29.744  69.428 174.560  30.725  68.990 175.357  29.361  68.348 173.928
  29.736  74.858 171.321  29.593  75.261 171.684  28.462  75.364 171.746  30.745
  75.074 171.326  31.616  76.382 172.788  30.877  76.061 173.740  30.453  76.574
 173.097  32.366  76.930 172.262  32.968  77.443 173.755  32.381  75.457 173.845
  33.105  74.608 174.493  32.472  75.255 173.737  34.373  74.514 174.257  34.820
  75.793 173.124  34.970  77.697 172.491  30.234  78.467 173.417  29.983  77.989
 171.234  29.870  77.323 170.509  30.092  79.219 170.836  29.096  79.984 171.580
  29.317  79.750 169.451  29.494  79.103 168.731  28.994  80.739 169.438  29.036
  79.926 169.050  30.915  78.910 169.004  31.308  80.396 168.068  30.970  80.867
 169.892  31.798  81.278 171.027  31.478  81.188 169.386  32.867  79.048 170.796
  27.572  79.926 170.393  26.809  77.906 171.205  27.067  77.196 171.566  27.687
  77.511 171.130  25.637  78.017 170.272  25.196  75.983 170.876  25.329  75.373
 171.541  25.941  75.690 171.062  23.871  76.341 170.413  23.285  74.655 170.921
  23.561  75.796 172.100  23.555  75.675 169.425  25.773  76.186 168.743  25.093
  76.147 169.259  26.741  74.207 169.075  25.755  73.754 169.148  24.766  74.151
 168.010  25.982  73.651 169.712  26.443  78.049 172.352  24.854  78.007 173.452
  25.376  78.762 172.068  23.762  78.776 171.081  23.549  79.367 173.069  22.868
  78.865 174.036  22.926  80.786 173.342  23.232  81.014 174.408  23.215  80.912
 173.140  24.296  81.859 172.489  22.538  81.944 171.178  22.859  81.240 170.740
  23.550  82.845 170.366  22.144  82.930 169.300  22.289  83.739 170.966  21.234
  84.546 170.482  20.703  83.715 172.370  20.949  84.438 172.924  20.369  82.714
 173.103  21.609  82.696 174.173  21.465  79.141 172.677  21.327  79.067 171.478
  20.944  79.048 173.740  20.549  78.993 174.667  20.946  78.800 173.754  19.102
  78.159 172.921  18.814  77.989 175.016  18.809  78.523 175.914  19.121  77.817
 175.088  17.735  76.749 174.923  19.451  76.185 175.645  19.166  80.077 173.634
  18.298  80.614 174.619  17.799  80.558 172.384  18.132  80.159 171.658  18.709
  81.632 172.102  17.255  82.348 172.917  17.363  82.346 170.795  17.629  82.504
 170.911  18.702  81.572 170.045  17.461  83.636 170.509  16.933  83.602 170.463
  15.845  84.822 171.470  17.179  85.125 171.501  18.226  85.631 171.113  16.542
  84.720 172.482  16.788  84.136 169.103  17.413  83.381 168.347  17.197  85.113
 168.887  16.980  84.238 169.154  18.497  81.260 172.225  15.742  82.058 172.528
  14.878  79.985 172.035  15.461  79.309 171.765  16.161  79.532 172.253  14.108
  80.363 172.219  13.404  78.613 171.080  13.740  79.051 170.086  13.824  77.713
 171.112  14.353  78.276 171.152  12.417  78.252 170.320  11.938  78.822 173.605
  13.967  78.233 174.170  14.916  78.784 174.141  12.768  79.349 173.739  12.034
  77.767 175.068  12.278  77.670 175.950  12.912  78.187 175.514  10.901  78.135
 174.628  10.268  77.333 176.108  10.576  79.446 176.396  10.810  80.314 175.910
  11.255  79.765 176.639   9.335  78.860 176.964   8.822  80.448 177.478   9.202
  80.198 175.783   8.818  79.180 177.782  11.397  79.328 177.837  12.475  79.857
 178.498  10.931  78.138 178.022  11.184  76.331 174.573  12.293  75.368 175.339
  12.449  76.134 173.247  12.324  76.902 172.591  12.314  74.833 172.611  12.545
  74.129 173.185  11.943  74.793 171.152  12.039  75.532 170.528  12.541  73.802
 170.763  12.276  75.090 171.193  10.254  74.450 170.047  10.005  74.373 172.760
  14.009  73.175 172.469  14.238  75.215 173.147  14.999  76.146 173.423  14.720
  74.952 173.266  16.424  75.109 174.283  16.782  73.892 173.029  16.510  75.676
 172.206  17.273  76.762 171.830  16.872  75.230 171.881  18.492  73.948 172.290
  19.074  73.123 172.292  18.363  74.118 173.313  19.410  73.690 171.405  20.296
  73.150 170.502  20.011  73.106 171.900  21.072  75.104 171.002  20.685  75.027
 170.067  21.240  75.574 171.712  21.367  75.885 170.857  19.420  76.894 171.183
  19.675  76.056 169.411  18.950  76.619 168.543  19.679  75.428 168.971  17.862
  74.885 169.650  17.349  75.123 167.617  17.454  76.053 167.128  17.746  73.984
 167.087  18.226  73.958 167.428  19.261  73.112 167.635  17.871  73.758 165.546
  18.245  73.731 165.219  17.206  74.619 165.056  18.700  72.221 164.891  18.971
  71.166 164.996  17.547  71.678 164.494  16.726  70.161 164.582  17.628  71.163
 166.020  17.176  74.858 167.532  15.949  74.355 168.506  15.359  75.394 166.507
  15.226  76.008 165.869  15.713  75.012 166.213  13.853  73.950 166.424  13.724
  75.775 167.214  12.886  76.857 167.091  12.923  75.391 167.101  11.873  75.593
 168.250  13.174  75.112 164.758  13.580  75.091 163.939  14.501  75.232 164.332
  12.317  75.451 164.955  11.553  75.024 162.935  11.981  74.997 162.304  12.869
  73.655 162.834  11.296  73.612 163.384  10.356  73.424 161.792  11.078  72.893
 163.320  11.906  76.158 162.515  10.988  76.531 163.279  10.110  76.663 161.299
  11.101  76.154 160.630  11.661  77.872 160.830  10.433  78.045 161.354   9.493
  79.082 161.305  11.290  78.983 160.769  12.234  80.011 161.038  10.786  79.179
 162.788  11.714  79.594 163.828  10.783  79.813 163.624   9.745  79.756 165.154
  11.260  80.047 165.929  10.567  79.428 165.453  12.577  79.434 166.715  13.053
  79.593 167.318  12.323  78.926 164.469  13.413  78.585 164.739  14.402  78.802
 163.156  12.980  78.364 162.441  13.660  77.844 159.285  10.149  76.885 158.607
  10.517  78.940 158.726   9.576  79.715 159.356   9.429  79.105 157.287   9.278
  78.431 156.673   9.875  78.614 156.930   7.831  78.744 155.864   7.645  77.110
 157.182   7.641  76.738 158.202   7.731  76.783 156.966   6.624  76.458 156.552
   8.245  79.448 157.708   6.810  80.497 157.418   6.764  78.997 157.593   5.824
  79.235 158.745   7.072  80.541 156.715   9.457  81.461 157.337   8.901  80.705
 155.488   9.941  79.926 154.977  10.332  81.969 154.636   9.782  82.769 155.373
   9.861  82.013 153.625  10.923  83.026 153.273  11.118  81.572 154.130  11.782
  81.244 152.364  10.671  80.159 152.484  10.085  81.645 151.202  11.152  81.051
 150.407  10.963  82.360 151.223  11.865  82.061 154.030   8.374  80.984 153.954
   7.768  83.212 153.424   7.924  84.379 153.342   8.728  84.293 152.456   9.357
  84.591 154.228   9.326  85.440 153.100   7.677  86.250 152.521   8.122  85.722
 153.993   7.119  84.753 152.163   6.693  84.808 151.199   7.199  85.261 152.044
   5.736  83.363 152.756   6.651  83.347 153.605   5.968  82.275 151.686   6.315
  81.857 151.560   5.161  81.835 150.931   7.336  82.316 151.124   8.203  80.744
 149.967   7.375  80.918 149.441   6.437  80.902 148.982   8.595  80.612 149.599
   9.446  80.174 148.172   8.553  82.307 148.414   8.777  83.270 148.954   9.567
  84.377 148.245   9.329  85.291 148.360   9.892  84.110 147.324   8.381  84.871
 146.739   8.067  82.800 147.379   8.054  82.236 146.868   7.288  79.317 150.614
   7.350  78.319 149.933   7.421  79.232 151.935   7.129  80.082 152.465   7.262
  78.054 152.728   6.681  78.451 153.720   6.466  77.644 152.308   5.763  76.860
 152.933   7.658  75.938 153.640   7.342  76.862 152.297   8.854  77.708 151.790
   9.073  75.932 152.568   9.957  74.929 152.407   9.562  76.287 151.637  11.131
  76.531 150.653  10.732  77.233 151.945  11.576  75.256 151.534  12.300  74.191
 150.656  12.183  74.167 149.927  11.387  73.213 150.555  13.205  72.491 149.752
  13.222  73.350 151.410  14.338  72.560 151.225  15.430  72.066 150.404  15.369
  74.325 152.448  14.310  74.316 153.121  15.155  75.271 152.546  13.297  75.963
 153.374  13.257  75.968 154.064  10.399  77.071 154.578  10.687  74.787 154.706
  10.635  73.933 154.213  10.419  74.711 156.166  10.908  75.549 156.648  10.404
  73.475 156.807  10.202  72.565 156.305  10.529  73.416 158.342  10.507  72.661
 158.791   9.862  73.124 158.472  11.549  74.403 158.744  10.277  73.414 156.638
   8.665  73.614 157.550   8.104  74.145 155.901   8.333  72.011 156.052   8.336
  71.210 156.781   8.453  71.951 155.624   7.336  71.781 155.284   9.074  74.826
 156.375  12.440  74.101 155.752  13.248  75.735 157.242  12.832  76.237 157.719
  12.097  76.036 157.679  14.174  75.292 157.115  14.736  77.485 157.336  14.629
  78.158 157.756  13.882  77.664 157.795  15.601  77.741 155.849  14.713  77.100
 155.083  15.686  77.696 153.885  15.534  77.396 153.005  16.084  78.603 153.851
  14.528  79.278 153.144  14.274  78.679 155.138  14.036  79.365 155.506  13.288
  75.631 159.141  14.340  75.771 159.927  13.405  75.020 159.470  15.473  74.787
 158.821  16.211  74.717 160.842  15.803  75.139 161.546  15.086  73.213 161.223
  15.860  72.695 160.546  16.539  73.281 162.216  16.305  72.432 161.378  14.564
  72.911 162.018  13.823  72.235 160.407  14.110  71.051 161.901  14.914  70.278
 161.266  15.704  70.644 162.975  14.355  75.428 161.225  17.163  75.149 160.601
  18.203  76.429 162.123  17.083  76.614 162.593  16.208  77.363 162.407  18.151
  77.143 161.823  19.045  78.797 162.057  17.754  79.494 162.439  18.500  79.021
 160.529  17.509  78.801 160.244  16.480  80.090 160.318  17.521  78.535 159.974
  18.312  79.077 162.734  16.526  79.961 162.431  16.308  77.136 163.771  18.720
  77.434 164.758  18.064  76.713 163.862  19.975  76.677 162.974  20.454  76.650
 165.042  20.808  76.212 165.846  20.216  75.732 164.807  21.970  74.687 164.760
  21.664  76.001 163.830  22.372  75.715 165.878  23.029  76.748 166.105  23.293
  74.943 167.096  22.421  73.924 166.829  22.139  75.014 168.001  23.025  75.458
 167.566  21.583  74.945 165.454  24.265  75.522 164.690  24.785  74.719 166.330
  24.873  73.952 165.075  24.021  78.139 165.347  21.258  78.744 164.475  21.879
  78.566 166.600  20.991  78.004 167.177  20.381  79.936 166.977  21.316  80.448
 166.031  21.493  80.641 167.613  20.136  81.594 167.907  20.574  80.839 166.676
  18.940  79.914 166.628  18.365  81.646 167.038  18.304  81.144 165.669  19.225
  79.916 168.748  19.624  79.209 168.929  20.248  79.986 167.795  22.632  79.229
 168.758  22.834  80.771 167.310  23.542  81.265 166.444  23.381  80.932 167.940
  24.898  80.548 168.961  24.894  80.141 167.152  25.993  80.356 167.602  26.963
  78.616 167.254  25.878  78.240 166.559  25.127  78.172 167.119  26.864  78.349
 168.234  25.481  80.494 165.689  26.237  81.539 165.521  26.496  80.028 165.301
  27.143  80.220 165.079  25.377  82.384 168.011  25.293  83.090 167.094  24.923
  82.854 169.035  26.029  82.208 169.749  26.333  84.290 169.062  26.420  84.910
 169.120  25.525  84.576 170.353  27.163  84.062 170.413  28.122  85.643 170.390
  27.382  84.269 171.662  26.456  85.224 172.130  25.503  86.084 171.551  25.201
  84.951 173.383  24.833  85.695 173.793  24.165  83.859 174.138  25.217  83.690
 175.405  24.712  84.041 175.572  23.834  82.977 173.683  26.191  82.187 174.350
  26.505  83.137 172.419  26.760  82.400 172.076  27.471  84.753 168.008  27.432
  85.968 167.701  27.524  83.851 167.511  28.264  82.909 167.876  28.285  84.142
 166.599  29.383  85.070 166.044  29.246  84.437 167.514  30.575  85.326 168.037
  30.222  83.604 168.215  30.632  84.822 166.912  31.937  84.040 166.279  32.356
  85.718 166.304  31.811  85.087 168.092  32.938  85.884 168.761  32.613  84.159
 168.660  32.887  85.390 167.530  34.311  85.358 168.361  35.016  84.593 166.841
  34.588  86.755 166.953  34.463  87.514 167.498  34.080  86.939 166.908  35.455
  86.915 166.050  34.041  82.980 165.635  29.649  81.792 165.969  29.424  83.296
 164.461  30.136  84.254 164.157  30.040  82.369 163.414  30.536  81.384 163.808
  30.786  82.159 162.507  29.303  83.141 162.071  29.118  81.415 161.755  29.565
  81.863 163.164  28.485  82.827 162.575  31.809  84.022 162.459  32.113  81.887
 162.087  32.665  80.938 162.016  32.328  82.181 161.451  33.995  83.188 161.847
  34.129  81.360 162.170  35.074  80.285 162.134  34.898  81.575 161.747  36.055
  81.941 163.908  35.188  81.110 164.396  34.263  82.297 159.965  34.017  83.439
 159.514  34.261  81.226 159.157  33.946  80.376 159.671  33.765  81.295 157.720
  34.142  82.155 157.543  34.789  79.969 157.325  34.830  79.100 157.565  34.216
  79.983 156.253  35.025  79.876 158.007  36.171  80.688 157.717  37.044  79.040
 158.959  36.359  78.965 159.368  37.279  78.370 159.218  35.648  81.596 156.949
  32.829  80.802 156.038  32.433  82.729 157.250  32.169  83.311 158.011  32.488
  83.193 156.485  31.011  82.479 155.690  30.798  83.211 157.330  29.694  83.969
 158.109  29.779  83.451 156.633  28.891  81.844 157.941  29.359  81.427 158.492
  30.202  82.081 158.968  28.274  82.396 158.428  27.381  81.079 159.358  28.094
  82.708 159.764  28.675  80.906 156.832  28.900  80.637 156.176  29.728  79.950
 157.221  28.551  81.431 156.208  28.177  84.580 155.931  31.171  85.490 156.631
  31.561  84.767 154.650  30.813  83.918 154.250  30.439  86.030 154.023  30.629
  86.828 154.501  31.198  86.051 152.549  31.182  85.257 151.989  30.689  87.001
 152.139  30.840  85.952 152.439  32.697  85.823 153.400  33.502  85.858 151.185
  33.086  85.937 151.008  34.077  85.978 150.531  32.325  86.440 154.128  29.114
  85.566 154.119  28.247  87.739 154.167  28.785  88.282 153.744  29.524  88.305
 154.119  27.443  87.576 154.466  26.711  89.483 155.102  27.356  90.280 154.745
  28.008  89.872 155.164  26.340  89.016 156.540  27.775  88.360 156.538  28.646
  90.251 157.267  28.174  90.954 157.162  27.348  90.128 158.322  28.419  90.684
 156.785  29.050  88.333 157.309  26.607  87.425 156.799  26.286  87.953 158.275
  26.938  89.072 157.455  25.820  88.709 152.676  27.096  89.131 151.862  27.896
  88.746 152.379  25.782  88.512 153.081  25.094  89.332 151.122  25.215  90.069
 150.708  25.903  88.249 150.057  25.068  88.566 149.180  24.504  87.908 149.801
  26.071  87.138 150.634  24.325  86.425 149.995  24.250  90.045 151.393  23.871
  89.862 152.475  23.298  90.951 150.532  23.423  91.039 149.693  23.977  91.733
 150.657  22.201  92.275 149.761  21.898  91.128 150.851  21.315  92.822 151.725
  22.349  93.319 151.989  23.431  93.213 152.312  21.200  92.842 151.925  20.343
  94.217 153.372  21.071  94.212 153.823  22.064  95.614 152.864  20.650  95.529
 152.272  19.739  96.311 153.641  20.337  96.362 151.926  21.628  95.709 151.075
  21.822  97.230 151.524  21.105  96.833 152.670  22.935  97.493 153.494  22.663
  95.984 153.067  23.492  97.578 151.659  23.800  98.541 151.557  23.516  97.123
 150.719  24.652  95.850 150.771  25.063  95.246 151.539  24.806  95.486 150.038
  25.655  97.864 149.753  25.034  98.831 149.722  24.744  97.525 148.989  25.601
  93.769 154.375  19.979  93.018 154.042  19.071  94.250 155.626  20.043  95.118
 156.171  21.123  96.153 156.099  20.787  94.944 155.613  22.043  94.779 157.653
  21.204  95.557 158.337  21.543  93.871 157.784  21.791  94.475 157.886  19.725
  95.370 158.123  19.151  93.849 158.778  19.736  93.786 156.654  19.145  92.717
 156.644  19.357  94.083 156.369  17.645  95.041 155.723  17.226  93.178 156.811
  16.775  92.221 157.014  17.028  93.353 156.922  15.307  94.380 157.186  15.055
  93.048 155.523  14.660  93.766 154.775  14.997  92.013 155.338  14.948  93.193
 155.646  13.268  93.674 154.852  13.025  92.525 157.952  14.631  91.413 158.234
  15.068  93.037 158.596  13.560  94.039 158.497  13.475  92.387 159.638  12.705
  91.604 160.170  13.245  93.507 160.654  12.243  93.039 161.425  11.631  94.115
 161.496  13.375  94.773 160.846  13.951  94.672 162.340  12.968  93.381 162.007
  13.999  94.526 159.994  11.542  94.217 159.852  10.644  91.758 158.938  11.474
  91.132 159.671  10.652  91.795 157.547  11.368  92.230 156.986  12.086  91.133
 156.769  10.303  91.512 157.174   9.365  91.477 155.307  10.384  91.202 154.887
  11.351  90.943 154.740   9.622  93.030 155.017  10.236  93.679 155.652  10.840
  93.186 154.040  10.694  93.508 154.999   8.746  92.902 155.540   7.809  94.559
 154.437   8.471  89.575 156.962  10.262  88.816 156.580  11.167  89.150 157.600
   9.142  89.781 157.718   8.362  87.751 157.995   8.881  87.661 158.426   7.884
  86.903 156.743   8.731  87.512 155.864   8.522  86.410 156.423   9.649  85.849
 156.746   7.674  84.477 156.781   7.947  83.852 156.852   6.756  82.779 156.883
   6.642  84.757 156.780   5.751  84.490 156.757   4.777  86.035 156.766   6.325
  86.949 156.691   5.754  87.193 158.933  10.026  85.983 159.000  10.254  88.026
 159.761  10.688  89.013 159.712  10.478  87.552 160.703  11.753  87.025 160.122
  12.509  88.799 161.422  12.327  89.340 160.578  12.753  89.421 161.942  11.598
  88.414 162.296  13.341  89.237 162.728  13.578  86.621 161.804  11.255  87.033
 162.693  10.478  85.387 161.852  11.732  85.157 161.291  12.539  84.349 162.864
  11.447  84.112 162.790  10.386  83.154 162.420  12.240  83.356 162.571  13.300
  82.338 163.117  12.045  82.716 160.994  11.962  82.886 160.296  10.788  83.272
 160.741   9.883  82.376 159.027  10.897  82.455 158.381  10.125  82.003 158.741
  12.216  81.464 157.635  12.792  81.279 156.747  12.206  81.136 157.680  14.184
  80.809 156.790  14.702  81.508 158.861  15.018  81.364 158.849  16.089  81.958
 159.975  14.296  82.220 160.846  14.879  82.186 159.974  12.916  84.762 164.242
  11.792  84.013 165.134  11.346  85.897 164.487  12.467  86.341 163.600  12.659
  86.496 165.682  13.073  86.031 166.579  12.665  86.272 165.615  14.533  86.638
 164.664  14.921  86.737 166.439  15.075  84.764 165.771  14.856  84.139 166.984
  14.477  84.643 167.848  14.070  82.794 167.157  14.750  82.345 168.130  14.617
  81.996 166.165  15.269  80.949 166.318  15.483  82.561 164.906  15.502  81.922
 164.135  15.907  83.948 164.714  15.301  84.314 163.735  15.572  87.991 165.740
  12.720  88.864 165.312  13.498  88.366 166.220  11.541  87.452 166.769  10.517
  86.993 167.720  10.784  86.675 166.037  10.296  88.311 166.985   9.288  87.902
 167.757   8.636  88.410 166.040   8.752  89.714 167.503   9.861  89.753 168.567
  10.091  90.516 167.218   9.181  89.785 166.581  11.153  90.298 165.647  10.927
  90.577 167.176  12.282  90.269 168.302  12.759  91.804 166.646  12.493  91.974
 165.790  11.984  92.769 167.111  13.469  93.771 166.855  13.125  92.680 168.197
  13.508  92.647 166.520  14.841  93.344 166.927  15.800  91.688 165.648  15.040
  91.101 165.285  14.303  91.460 164.795  16.204  92.156 165.052  17.003  90.107
 165.141  16.873  89.305 164.913  16.171  89.906 164.565  17.777  89.990 166.570
  17.349  90.278 166.845  18.726  90.502 166.063  19.437  90.140 168.155  19.169
  90.384 168.442  20.181  89.763 169.211  18.300  89.802 170.553  18.759  90.199
 170.668  19.625  89.437 168.858  16.978  88.925 169.564  16.342  89.588 167.563
  16.488  89.166 167.318  15.524  91.591 163.326  15.942  91.156 162.914  14.890
  92.107 162.541  16.874  92.514 162.932  17.712  92.023 161.066  16.840  91.815
 160.656  15.852  93.425 160.456  17.246  93.643 160.829  18.246  93.196 159.390
  17.236  94.189 160.757  16.530  90.888 160.625  17.730  90.720 161.181  18.819
  90.038 159.735  17.200  90.184 159.414  16.253  89.007 159.048  18.037  88.630
 159.781  18.750  87.763 158.709  17.200  87.027 158.264  17.870  87.323 159.609
  16.772  87.981 157.812  16.035  88.086 158.181  14.746  88.088 159.226  14.473
  88.394 157.063  13.999  88.588 157.116  13.010  88.473 155.881  14.683  88.718
 154.556  14.334  88.960 154.205  13.342  88.512 153.621  15.374  88.696 152.600
  15.073  88.164 154.001  16.699  88.058 153.298  17.512  88.040 155.381  17.037
  87.910 155.647  18.076  88.177 156.370  16.040  89.590 157.875  18.856  90.526
 157.195  18.451  88.964 157.678  20.023  88.289 158.346  20.368  89.268 156.524
  20.820  89.460 155.702  20.130  90.592 156.718  21.624  91.440 156.778  20.941
  90.647 157.992  22.485  89.993 157.897  23.351  91.689 158.103  22.787  90.335
 158.890  21.951  90.897 155.645  22.416  91.696 155.882  22.892  88.029 156.161
  21.637  87.293 157.014  22.164  87.726 154.837  21.563  88.519 154.237  21.386
  86.442 154.324  21.990  85.731 154.807  21.320  86.377 152.771  21.711  87.149
 152.247  22.275  85.000 152.230  22.108  84.120 152.625  21.600  84.944 151.166
  21.877  84.932 152.380  23.185  86.662 152.374  20.220  86.221 151.399  20.010
  86.236 153.108  19.536  88.180 152.194  19.985  88.460 151.376  20.649  88.314
 151.656  19.046  88.836 153.063  19.941  86.154 154.739  23.450  87.025 154.664
  24.351  84.821 154.959  23.681  84.175 155.034  22.909  84.189 155.115  25.052
  85.049 155.072  25.721  83.583 156.517  25.177  82.833 156.744  24.419  83.102
 156.463  26.154  84.388 157.251  25.193  83.246 153.980  25.383  82.447 153.550
  24.584  83.275 153.469  26.604  83.948 153.866  27.243  82.251 152.605  27.264
  81.452 152.556  26.524  82.941 151.223  27.406  83.884 151.392  27.926  82.275
 150.677  28.075  83.274 150.458  26.072  82.440 150.570  25.380  84.109 150.966
  25.589  83.817 149.002  26.140  84.893 148.764  26.627  83.045 147.989  25.698
  83.421 147.057  25.604  82.109 148.144  25.351  81.716 153.187  28.518  82.409
 153.801  29.342  80.446 152.811  28.904  79.916 152.298  28.214  79.805 153.088
  30.234  79.710 154.140  30.502  78.345 152.706  30.036  77.908 153.326  29.253
  78.323 151.644  29.793  77.446 153.049  31.646  76.241 152.511  31.441  80.434
 152.333  31.368  80.666 151.129  31.235  80.704 152.962  32.541  80.346 153.907
  32.549  81.576 152.466  33.674  82.454 151.958  33.274  82.051 153.610  34.519
  82.522 154.373  33.900  81.208 154.067  35.037  83.123 153.203  35.531  82.622
 152.608  36.295  83.871 152.524  35.121  83.681 154.476  36.166  82.898 155.102
  36.595  84.363 154.225  36.978  84.464 155.216  35.139  84.577 154.734  34.259
  85.280 156.211  35.293  85.360 157.000  36.350  84.594 156.895  37.000  86.056
 157.723  36.466  86.226 156.492  34.441  86.376 155.937  33.611  86.844 157.277
  34.586  80.861 151.322  34.457  81.520 150.432  34.923  79.501 151.351  34.486
  79.075 152.224  34.209  78.693 150.305  35.219  79.296 149.980  36.068  77.398
 150.908  35.794  76.923 151.466  34.987  76.367 149.888  36.246  76.717 149.194
  37.011  75.490 150.440  36.583  76.004 149.251  35.439  77.757 152.007  36.852
  78.386 152.793  36.434  76.839 152.506  37.161  78.357 151.525  38.112  79.445
 151.493  38.053  78.130 152.207  38.932  78.084 150.510  38.400  78.453 149.073
  34.364  78.347 147.970  34.901  78.400 149.195  33.028  78.576 150.076  32.567
  77.844 148.103  32.225  77.735 147.152  32.746  76.391 148.502  31.868  75.935
 147.585  31.495  75.848 148.828  32.755  76.298 149.829  30.620  75.010 150.114
  30.830  78.581 147.765  30.964  78.177 146.810  30.328  79.606 148.499  30.536
  79.938 149.249  31.127  80.454 148.181  29.417  81.428 148.641  29.584  80.590
 147.106  29.303  79.881 148.639  28.077  80.548 148.436  27.070  78.715 149.300
  27.949  78.158 149.416  28.784  77.997 149.577  26.671  77.903 148.699  26.031
  76.565 150.126  26.930  76.199 149.377  27.633  76.598 151.132  27.348  75.640
 150.055  25.717  75.504 149.022  25.076  74.942 151.114  25.481  74.325 151.097
  24.682  74.971 151.975  26.008  78.758 150.593  25.868  79.315 151.487  26.444
  78.875 150.409  24.532  78.665 149.510  24.122  79.478 151.362  23.591  80.523
 151.636  23.732  79.409 150.866  22.126  80.025 149.972  22.031  78.426 150.553
  21.774  79.887 151.843  21.090  79.384 152.091  19.804  80.218 152.981  19.287
  80.054 153.524  18.368  81.246 153.251  20.135  81.913 153.996  19.996  81.076
 152.542  21.295  81.784 152.582  22.110  78.710 152.710  23.700  77.491 152.744
  23.499  79.383 153.780  24.020  80.341 153.621  24.300  78.746 155.116  24.244
  77.686 155.026  24.009  78.971 155.648  25.646  80.033 155.620  25.892  78.707
 156.702  25.731  78.223 154.813  26.686  78.625 153.823  26.904  78.238 155.328
  27.647  76.412 154.544  26.433  76.043 156.274  26.506  76.374 156.797  25.609
  74.965 156.423  26.559  76.556 156.780  27.324  79.278 156.173  23.181  78.914
 157.270  23.216  80.087 155.766  22.227  80.316 154.789  22.111  80.739 156.653
  21.251  80.593 156.181  20.279  80.390 157.686  21.265  82.277 156.699  21.496
  82.959 155.611  21.549  82.791 157.950  21.442  82.148 158.717  21.303  84.248
 158.138  21.423  84.756 157.346  21.974  84.875 157.989  20.004  84.743 158.913
  19.441  85.948 157.852  20.144  84.430 156.932  19.057  85.100 155.798  18.854
  86.016 155.554  19.371  84.434 154.913  18.077  84.740 153.972  17.877  83.161
 155.389  17.810  82.093 154.820  17.116  82.250 153.820  16.740  80.877 155.538
  17.049  80.014 155.118  16.553  80.799 156.804  17.688  79.903 157.407  17.692
  81.943 157.386  18.283  81.922 158.402  18.648  83.157 156.725  18.349  84.713
 159.411  22.046  84.096 160.497  21.903  85.800 159.297  22.793  86.288 158.414
  22.815  86.639 160.424  23.180  85.954 161.202  23.516  87.597 160.166  24.338
  87.033 159.887  25.227  88.288 159.396  23.997  88.406 161.382  24.870  88.962
 161.834  24.049  87.648 162.101  25.181  89.373 161.116  26.068  88.737 160.751
  26.875  90.153 160.430  25.739  89.990 162.496  26.521  90.685 162.799  25.738
  89.291 163.332  26.563  90.721 162.239  27.807  91.216 161.362  27.727  91.397
 162.962  28.007  90.062 162.229  28.572  87.433 160.820  21.911  87.870 159.993
  21.121  87.741 162.100  21.917  87.314 162.723  22.588  88.493 162.759  20.905
  89.028 161.989  20.350  87.614 163.683  20.041  86.996 164.324  20.670  88.327
 164.262  19.454  86.865 162.948  19.021  87.387 162.687  17.704  88.369 163.048
  17.438  86.498 162.161  16.733  86.809 162.075  15.702  85.186 161.767  17.081
  84.520 161.174  16.472  84.798 161.779  18.400  83.869 161.319  18.704  85.602
 162.427  19.380  85.245 162.519  20.395  89.675 163.549  21.553  89.514 164.600
  22.150  90.901 163.079  21.307  90.883 162.240  20.746  92.228 163.671  21.687
  92.173 164.316  22.564  93.268 162.606  22.211  94.305 162.901  22.049  93.103
 162.275  23.712  92.157 161.754  23.859  93.841 161.525  23.999  93.054 163.211
  24.267  93.132 161.401  21.530  93.606 161.598  20.718  92.757 164.381  20.412
  92.945 163.716  19.389  93.106 165.636  20.553  92.907 166.163  21.391  93.672
 166.399  19.403  93.008 166.333  18.541  93.673 167.887  19.749  94.414 168.051
  20.532  93.912 168.430  18.834  92.695 168.281  20.023  95.098 165.920  18.999
  95.932 165.746  19.906  95.408 165.703  17.690  94.762 165.838  16.925  96.828
 165.319  17.297  97.167 164.569  18.012  96.885 164.680  15.939  97.908 164.357
  15.746  96.009 163.442  15.876  95.008 163.681  15.516  96.418 162.787  15.107
  96.003 162.939  16.843  96.432 165.490  14.860  96.336 164.935  14.083  97.851
 166.457  17.279  99.041 166.237  17.480  97.388 167.701  17.131  96.392 167.722
  16.966  98.192 168.944  17.126  99.247 168.673  17.075  97.776 169.731  15.974
  96.695 169.712  15.834  98.040 170.763  16.203  98.475 169.250  14.677  99.553
 169.316  14.823  98.344 168.173  14.568  98.117 170.081  13.412  97.847 171.086
  13.737  98.894 169.998  12.652  96.873 169.312  12.813  97.201 168.346  12.430
  96.164 169.239  13.638  96.285 170.212  11.740  96.822 170.490  10.931  95.449
 169.750  11.415  95.879 171.057  12.116  98.094 169.633  18.470  97.016 169.600
  19.131  99.230 170.280  18.906  99.978 170.086  18.255  99.440 170.881  20.213
  98.996 170.112  20.845 100.893 171.067  20.533 100.998 171.247  21.603 101.500
 170.185  20.330 101.611 172.148  19.675 101.736 171.726  18.678 100.976 173.034
  19.666 102.945 172.488  20.370 102.782 172.561  21.445 103.673 171.707  20.150
 103.569 173.834  20.002 102.900 174.597  20.400 104.525 174.006  20.497 103.590
 174.050  18.555 102.674 174.237  18.172 104.225 174.803  18.331 103.969 173.229
  18.103  98.794 172.285  20.421  98.827 172.799  21.560  98.264 172.921  19.347
  98.310 172.475  18.441  97.764 174.342  19.350  98.019 174.683  20.353  98.483
 175.176  18.265  98.022 176.161  18.187  99.529 175.320  18.535  98.563 174.635
  16.812  98.273 173.433  16.627  98.960 175.407  15.894  96.259 174.506  19.148
  95.656 175.582  19.288  95.576 173.414  18.759  96.042 172.531  18.607  94.129
 173.332  18.619  93.846 174.081  17.879  93.690 171.906  18.168  94.194 171.159
  18.782  92.603 171.843  18.235  94.158 171.809  16.681  93.794 172.678  16.132
  95.245 171.844  16.748  93.709 170.328  15.693  92.080 170.808  15.034  92.054
 171.892  15.147  91.917 170.471  14.011  91.348 170.362  15.708  93.481 173.597
  19.935  93.978 173.125  20.956  92.376 174.295  19.913  92.066 174.636  19.014
  91.443 174.506  21.015  91.719 173.845  21.836  91.609 175.897  21.659  92.591
 175.884  22.133  91.680 176.641  20.866  90.568 176.097  22.605  90.711 176.987
  22.934  90.015 174.214  20.519  89.679 174.801  19.461  89.178 173.428  21.241
  87.768 173.138  20.928  87.643 172.849  19.884  87.125 173.974  21.203  87.436
 171.926  21.747  87.909 171.033  21.338  86.387 171.714  21.954  88.241 172.250
  23.016  88.359 171.385  23.670  87.695 173.020  23.560  89.514 172.819  22.514
  89.952 173.530  23.216  90.608 171.726  22.416  90.636 171.044  21.362  91.390
 171.516  23.451  91.350 172.107  24.269  92.401 170.428  23.432  92.936 170.557
  22.491  93.290 170.677  24.674  93.879 171.561  24.428  92.711 170.939  25.561
  94.272 169.578  25.035  94.897 169.954  25.844  93.718 168.704  25.377  95.187
 169.167  23.824  95.266 169.895  22.812  95.759 167.960  23.848  96.406 167.757
  23.099  95.802 167.456  24.723  91.788 169.025  23.353  92.378 168.104  22.759
  90.646 168.816  24.005  90.150 169.610  24.385  89.879 167.481  24.176  90.087
 166.789  23.360  90.219 166.881  25.576  89.562 166.029  25.754  91.231 166.480
  25.523  90.087 167.786  26.812  90.546 168.761  26.649  89.065 167.875  27.179
  90.807 167.104  28.009  90.198 167.378  28.870  91.021 166.047  27.853  92.153
 167.739  28.336  92.853 167.494  27.538  92.134 168.825  28.424  92.784 167.252
  29.542  92.918 166.261  29.683  93.699 167.669  29.631  92.270 167.578  30.347
  88.373 167.727  24.040  87.855 168.742  24.498  87.638 166.784  23.410  88.126
 165.944  23.134  86.176 166.694  23.611  85.850 167.060  24.584  85.390 167.612
  22.616  84.384 167.764  23.007  85.878 168.586  22.648  85.324 167.138  21.163
  86.432 167.389  20.272  87.291 167.957  20.597  86.423 166.850  18.985  87.163
 166.945  18.204  85.349 166.015  18.631  85.290 165.556  17.655  84.269 165.843
  19.443  83.356 165.329  19.180  84.210 166.433  20.707  83.311 166.295  21.289
  85.720 165.255  23.524  86.539 164.363  23.348  84.427 164.990  23.629  83.818
 165.748  23.904  83.782 163.682  23.469  84.474 162.932  23.087  83.320 163.160
  24.867  82.531 163.799  25.265  82.856 162.181  24.743  84.393 163.022  25.959
  85.017 163.999  26.579  84.875 165.049  26.370  85.888 163.542  27.499  86.615
 164.066  27.965  85.852 162.152  27.562  86.405 161.171  28.429  87.091 161.503
  29.194  86.134 159.775  28.273  86.545 158.986  28.885  85.192 159.423  27.272
  84.842 158.410  27.138  84.651 160.434  26.412  83.950 160.089  25.666  84.965
 161.784  26.501  82.575 163.806  22.498  81.783 164.675  22.715  82.600 162.934
  21.479  83.396 162.312  21.496  81.442 162.623  20.629  80.714 163.433  20.597
  81.851 162.440  19.635  80.773 161.298  21.131  81.104 160.157  20.865  79.806
 161.517  21.977  79.566 162.489  22.111  78.880 160.554  22.602  79.514 159.684
  22.774  78.539 161.121  23.991  77.838 161.928  23.781  78.001 160.367  24.566
  79.700 161.564  24.903  80.351 162.199  24.303  79.169 162.272  26.151  78.505
 161.630  26.730  79.984 162.606  26.793  78.607 163.150  25.832  80.523 160.416
  25.535  81.082 159.854  24.787  81.189 160.808  26.304  79.891 159.646  25.977
  77.647 160.261  21.762  77.038 161.217  21.292  77.318 158.986  21.646  77.816
 158.241  22.113  76.215 158.498  20.793  76.339 159.072  19.875  76.436 157.078
  20.319  75.459 156.748  19.967  77.437 156.942  19.118  78.345 157.510  19.318
  77.693 155.917  18.848  76.932 157.462  18.304  76.920 156.114  21.255  76.780
 155.260  20.838  74.831 158.695  21.372  74.425 158.111  22.384  74.084 159.605
  20.774  74.555 160.025  19.985  72.787 160.153  21.374  72.979 160.375  22.424
  72.331 161.548  20.819  71.557 161.989  21.447  73.158 162.258  20.791  71.794
 161.412  19.435  72.445 161.962  18.756  71.798 160.384  19.073  70.402 162.020
  19.241  70.399 162.973  19.770  70.224 162.186  18.179  69.346 161.119  19.756
  69.163 161.070  20.748  68.614 160.297  18.962  68.784 160.003  17.714  69.475
 160.471  17.146  68.052 159.475  17.261  67.596 159.759  19.511  67.250 160.007
  20.427  66.984 159.363  18.813  71.620 159.137  21.354  70.716 159.188  22.183
  71.660 158.099  20.425  72.360 158.133  19.697  70.793 156.918  20.481  69.734
 157.172  20.541  71.056 156.104  19.214  70.675 155.083  19.205  70.524 156.591
  18.396  72.469 156.062  18.976  72.565 155.604  18.138  71.116 156.018  21.671
  70.213 155.299  22.109  72.318 156.055  22.294  72.918 156.732  21.845  72.705
 155.216  23.497  72.000 154.393  23.612  74.047 154.505  23.105  74.806 155.204
  22.754  74.398 153.965  23.984  73.894 153.816  22.274  72.635 156.081  24.793
  72.817 155.591  25.906  72.399 157.395  24.668  72.237 157.764  23.742  72.079
 158.248  25.812  72.547 157.779  26.677  72.610 159.708  25.626  72.301 160.056
  24.641  72.116 160.349  26.356  74.111 159.957  25.701  74.619 159.173  25.140
  74.504 161.295  25.042  74.133 162.160  25.592  75.588 161.392  24.996  74.199
 161.257  23.996  74.612 160.018  27.151  74.671 158.997  27.526  75.634 160.382
  27.254  73.879 160.527  27.778  70.592 158.271  26.204  69.711 157.721  25.514
  70.284 158.707  27.471  71.076 158.860  28.079  68.902 158.890  28.029  68.255
 158.968  27.155  68.520 157.640  28.870  68.574 156.744  28.252  69.241 157.543
  29.682  67.125 157.781  29.445  67.054 158.712  30.006  66.059 157.666  28.351
  66.191 156.689  27.887  65.042 157.694  28.744  66.180 158.433  27.587  66.852
 156.602  30.388  67.682 156.595  31.095  65.972 156.822  30.992  66.821 155.703
  29.773  68.868 160.225  28.801  69.661 160.428  29.701  67.875 161.112  28.505
  67.319 161.259  27.219  66.271 160.962  27.236  67.812 160.681  26.438  67.383
 162.788  26.935  66.592 163.129  26.267  68.398 162.987  26.592  67.076 163.364
  28.332  66.004 163.243  28.494  67.478 164.372  28.433  67.761 162.420  29.258
  68.723 162.846  29.541  67.042 162.407  30.644  66.276 163.280  30.945  67.394
 161.512  31.551  68.163 160.915  31.283  66.873 161.332  32.852  65.797 161.504
  32.817  67.255 159.936  33.348  66.884 159.184  32.651  68.335 159.813  33.427
  66.578 159.589  34.730  66.913 160.378  35.403  65.495 159.713  34.737  67.097
 158.322  35.325  68.103 158.051  35.005  67.132 158.531  36.394  66.179 157.270
  34.864  66.005 157.277  33.869  65.561 156.487  35.593  65.613 156.549  36.899
  65.983 157.377  37.343  64.967 155.967  37.413  64.867 155.514  35.029  64.889
 155.433  34.023  64.186 155.010  35.578  67.473 162.402  33.785  66.709 162.996
  34.542  68.723 162.627  33.754  84.659 154.631  14.715  85.138 153.514  13.987
  83.751 153.571  14.407  85.150 152.202  13.249  82.937 152.598  14.095  83.712
 151.844  13.521  84.773 155.996  12.192  84.765 156.686  13.234  84.495 155.991
  14.500  84.977 158.117  13.184  84.629 156.904  15.409  85.002 158.988  14.288
  84.818 158.081  15.452  85.077 160.217  14.196  84.908 158.559  12.275  85.993
 151.804  12.250  86.242 150.947  11.226  87.293 149.958  11.429  86.899 152.093
  10.911  88.619 150.138  11.033  87.896 152.730  10.592  89.765 150.892  10.577
  88.783 151.929  10.582  90.041 150.725   9.610  86.993 148.689  12.101  87.870
 147.851  12.224  85.750 148.254  12.587  85.112 148.926  12.292
  90.178 180.625  25.019  91.157 180.814  24.857  90.144 179.644  25.256  89.735
 181.146  25.762  89.309 180.927  23.826  88.298 180.777  24.206  89.622 182.426
  23.342  90.620 182.531  22.916  88.854 182.679  22.612  89.509 183.542  24.486
  88.454 183.478  24.753  90.261 183.215  25.204  89.801 185.284  24.026  88.422
 185.604  22.939  87.533 185.356  23.518  88.307 186.668  22.735  88.626 184.999
  22.055  89.512 179.973  22.692  90.562 179.611  22.254  88.395 179.496  22.116
  87.497 179.653  22.551  88.392 178.513  21.018  88.883 177.586  21.313  86.964
 177.978  20.804  86.259 178.806  20.869  86.664 177.329  19.460  87.069 176.322
  19.356  85.600 177.108  19.381  86.934 177.889  18.564  86.564 177.119  21.964
  85.801 176.428  21.604  87.357 176.438  22.272  86.025 177.851  23.245  85.361
 178.666  22.957  85.525 177.142  23.904  86.861 178.354  23.731  89.000 179.095
  19.649  88.659 180.255  19.277  89.794 178.345  18.944  90.034 177.423  19.279
  90.472 178.713  17.681  90.059 179.642  17.288  91.962 178.904  17.855  92.359
 179.358  16.947  92.101 179.498  18.758  92.704 177.590  18.110  92.233 176.542
  18.394  93.965 177.762  18.111  94.545 176.972  18.355  94.358 178.664  17.881
  90.231 177.772  16.513  91.010 177.874  15.540  89.255 176.898  16.587  88.634
 176.873  17.383  89.031 175.871  15.592  89.877 175.835  14.907  88.740 174.464
  16.188  89.632 174.105  16.701  87.995 174.516  16.981  88.251 173.403  15.217
  89.114 172.578  14.474  90.159 172.823  14.591  88.551 171.502  13.740  89.288
 170.825  13.333  87.234 171.375  13.555  86.801 170.539  13.026  86.383 172.253
  14.225  85.320 172.065  14.255  86.872 173.255  15.043  86.115 173.910  15.447
  87.829 176.376  14.736  86.732 176.742  15.200  88.030 176.332  13.396  88.963
 176.013  13.178  87.094 176.554  12.294  86.561 177.492  12.450  87.799 176.679
  10.895  88.569 177.449  10.942  88.382 175.786  10.671  86.924 177.000   9.617
  85.663 176.982   9.734  87.493 177.247   8.570  86.058 175.391  12.169  86.356
 174.326  11.643  84.872 175.631  12.704  84.702 176.593  12.963  83.823 174.657
  12.910  84.178 173.729  13.358  82.722 175.140  13.839  81.946 174.374  13.825
  83.253 175.377  15.221  83.876 176.269  15.287  82.454 175.612  15.924  83.866
 174.514  15.480  82.210 176.378  13.288  81.716 176.872  13.947  83.184 174.200
  11.567  82.392 173.318  11.636  83.539 174.815  10.418  84.259 175.523  10.438
  83.126 174.411   9.104  82.056 174.202   9.101  83.309 175.542   8.096  82.631
 175.497   7.243  82.983 176.522   8.446  84.624 175.642   7.605  85.116 176.101
   8.290  83.886 173.207   8.540  83.431 172.619   7.597  84.967 172.789   9.172
  85.263 173.300   9.992  85.682 171.616   8.790  85.836 171.704   7.714  87.080
 171.525   9.476  86.921 171.737  10.534  87.521 170.530   9.428  88.101 172.576
   8.953  87.686 173.553   9.204  89.254 172.452   9.901  89.722 171.473   9.794
  90.002 173.201   9.640  88.977 172.623  10.941  88.467 172.500   7.407  87.569
 172.822   6.880  89.306 173.170   7.218  88.748 171.477   7.159  84.846 170.312
   8.998  85.054 169.314   8.290  83.874 170.294   9.936  84.234 170.480  11.317
  84.155 171.552  11.496  85.277 170.220  11.499  83.367 169.503  12.156  83.054
 169.981  13.084  83.904 168.580  12.375  82.169 169.273  11.221  81.455 170.096
  11.204  81.567 168.442  11.589  82.809 169.235   9.895  83.305 168.278   9.736
  81.745 169.294   8.762  81.482 168.257   8.161  81.108 170.412   8.487  81.386
 171.242   8.991  79.960 170.456   7.554  79.349 169.579   7.770  79.169 171.757
   7.783  78.424 171.878   6.996  78.477 171.793   9.163  79.293 171.706   9.881
  77.943 172.728   9.332  77.756 170.981   9.257  79.964 172.916   7.746  79.965
 173.280   6.858  80.362 170.406   6.037  79.537 170.146   5.172  81.670 170.387
   5.652  82.289 170.666   6.399  82.266 170.118   4.374  81.739 170.597   3.548
  83.684 170.789   4.262  83.939 170.682   3.208  83.615 171.857   4.468  84.569
 170.107   5.113  85.385 170.601   5.005  82.290 168.599   4.118  82.169 168.295
   2.985  82.442 167.731   5.165  82.503 168.135   6.088  82.501 166.277   5.138
  82.691 166.078   6.192  81.128 165.622   4.871  80.788 165.981   3.900  81.331
 164.564   4.702  80.059 165.765   5.894  80.065 165.068   7.108  79.090 165.618
   7.837  78.947 165.432   8.891  78.439 166.568   7.131  77.836 167.256   7.559
  79.153 166.761   5.967  78.987 167.532   5.229  83.791 165.665   4.455  83.664
 164.680   3.726  84.928 166.173   4.894  84.906 166.919   5.574  86.273 165.919
   4.286  86.040 166.011   3.225  87.347 166.867   4.792  87.210 167.054   5.857
  88.354 166.454   4.734  87.397 168.227   4.034  87.706 168.107   2.995  86.421
 168.709   3.981  88.512 169.467   4.893  90.138 168.734   4.494  90.178 168.488
   3.434  90.958 169.431   4.668  90.178 167.912   5.209  86.752 164.502   4.545
  87.645 164.182   3.848  86.167 163.734   5.452  85.557 164.234   6.083  86.557
 162.293   5.654  87.629 162.222   5.470  86.169 161.918   7.121  86.563 160.925
   7.340  86.632 162.621   7.813  84.692 161.980   7.407  84.083 163.120   7.914
  84.668 163.976   8.217  82.673 163.189   8.037  82.268 164.140   8.351  81.874
 162.110   7.605  80.486 162.237   7.435  80.262 163.164   7.324  82.526 160.922
   7.254  81.901 160.085   6.977  83.905 160.831   7.124  84.310 159.942   6.663
  85.864 161.367   4.624  86.511 160.516   3.978  84.645 161.695   4.204  84.168
 162.415   4.728  83.873 160.996   3.185  84.061 159.951   3.433  82.393 161.301
   3.333  82.126 161.485   4.374  82.174 162.194   2.748  81.366 160.172   2.931
  81.748 159.630   2.066  80.873 159.259   4.042  80.168 159.825   4.651  80.536
 158.281   3.698  81.750 159.015   4.642  80.130 160.772   2.281  80.331 161.077
   1.254  79.189 160.222   2.283  79.855 161.651   2.865  84.250 161.232   1.677
  83.843 160.489   0.767  85.156 162.188   1.496  85.477 162.739   2.279  85.806
 162.401   0.235  86.885 162.458   0.378  85.728 161.519  -0.401  85.252 163.620
  -0.477  84.118 163.728  -0.958  86.203 164.512  -0.626  87.133 164.295  -0.298
  86.007 165.697  -1.419  85.007 166.046  -1.162  87.068 166.714  -1.053  86.821
 167.739  -1.329  87.114 166.804   0.032  88.315 166.437  -1.636  88.762 166.045
  -0.882  86.093 165.323  -2.954  86.268 164.204  -3.396  85.921 166.320  -3.821
  86.006 167.257  -3.452  85.852 166.227  -5.292  85.512 167.186  -5.682  87.240
 165.914  -5.834  87.962 166.644  -5.468  87.545 164.944  -5.441  87.303 165.898
  -7.364  86.725 166.753  -8.021  87.968 164.983  -7.949  84.765 165.260  -5.757
  84.918 164.292  -6.528  83.565 165.419  -5.201  83.511 166.229  -4.600  82.297
 164.711  -5.567  82.592 163.703  -5.857  81.314 164.615  -4.383  81.005 165.639
  -4.173  80.434 164.041  -4.675  81.883 164.083  -3.023  82.339 163.113  -3.216
  82.667 164.796  -2.768  80.720 163.868  -1.647  79.905 162.378  -2.142  80.689
 161.646  -2.335  79.278 162.072  -1.305  79.371 162.678  -3.044  81.594 165.561
  -6.705  81.738 166.803  -6.689  80.655 165.087  -7.534  80.374 164.127  -7.396
  79.692 165.777  -8.402  80.133 166.728  -8.701  79.413 165.093  -9.728  80.284
 165.063 -10.383  79.014 164.100  -9.520  78.269 165.802 -10.496  77.267 165.675
 -10.085  78.518 166.861 -10.565  78.195 165.327 -11.925  78.173 164.105 -12.192
  78.064 166.271 -12.711  78.415 166.245  -7.632  77.861 165.481  -6.867  77.961
 167.518  -7.754  78.465 168.150  -8.360  76.816 168.046  -6.975  76.319 167.283
  -6.376  77.335 169.070  -5.905  77.571 169.976  -6.463  76.496 169.386  -5.285
  78.454 168.713  -4.971  78.339 167.722  -4.533  79.411 168.621  -5.485  78.668
 169.898  -4.018  78.924 171.074  -4.392  78.628 169.772  -2.778  75.784 168.683
  -7.856  76.075 169.090  -8.947  74.512 168.755  -7.322  74.433 168.283  -6.433
  73.280 169.100  -8.053  73.502 169.302  -9.101  72.192 168.008  -7.932  71.788
 167.859  -6.931  71.312 168.400  -8.443  72.571 166.775  -8.585  72.473 166.589
  -9.904  72.007 167.279 -10.592  72.707 165.296 -10.434  72.548 165.143 -11.491
  73.243 164.274  -9.645  73.500 163.302 -10.040  73.298 164.425  -8.257  73.482
 163.545  -7.657  73.015 165.752  -7.748  73.266 165.951  -6.717  72.677 170.417
  -7.519  72.632 170.654  -6.314  72.046 171.170  -8.463  71.709 170.754  -9.319
  71.637 172.577  -8.238  72.269 172.899  -7.410  72.059 173.317  -9.580  72.002
 174.386  -9.375  73.120 173.196  -9.795  71.192 173.015 -10.826  71.440 172.031
 -11.667  70.460 172.220 -12.622  70.368 171.568 -13.478  69.666 173.166 -12.345
  69.054 173.653 -12.984  70.101 173.724 -11.196  69.759 174.599 -10.663  70.205
 172.906  -7.791  69.987 173.826  -6.936  69.209 172.378  -8.449  69.384 171.636
  -9.112  67.798 172.710  -8.197  67.759 173.750  -7.873  67.134 172.465  -9.027
  67.302 171.848  -7.078  67.533 170.664  -6.845  66.615 172.560  -6.151  66.545
 173.550  -6.336  66.103 172.053  -4.844  66.792 171.424  -4.282  65.769 173.094
  -3.859  64.825 173.532  -4.186  65.606 172.710  -2.852  66.717 174.315  -3.551
  66.334 175.056  -4.253  66.470 174.722  -2.571  68.246 174.055  -3.529  68.481
 173.740  -2.513  68.516 173.225  -4.183  68.968 175.263  -3.887  69.448 175.296
  -4.774  69.189 176.310  -3.073  68.836 176.426  -1.786  68.280 175.669  -1.416
  69.091 177.245  -1.253  69.848 177.347  -3.521  70.187 177.294  -4.471  69.989
 178.130  -2.899  64.825 171.271  -5.073  63.820 171.857  -5.585  64.784 169.959
  -4.800  65.590 169.556  -4.345  63.615 169.167  -5.058  63.313 169.377  -6.084
  63.732 167.663  -4.987  64.114 167.370  -4.010  62.521 166.748  -5.337  62.033
 167.057  -6.262  62.892 165.725  -5.414  61.745 166.856  -4.580  64.885 167.331
  -5.775  64.780 166.518  -6.274  62.453 169.568  -4.157  62.613 169.612  -2.920
  61.228 169.786  -4.727  61.139 169.782  -5.733  59.987 170.059  -3.990  60.125
 169.812  -2.938  59.703 171.561  -4.087  59.980 171.836  -5.104  58.631 171.723
  -3.979  60.585 172.545  -3.217  61.582 172.580  -3.655  60.145 173.985  -3.314
  59.087 174.117  -3.087  60.713 174.612  -2.626  60.239 174.359  -4.333  60.565
 172.175  -1.754  60.996 171.198  -1.536  61.130 172.878  -1.142  59.523 172.092
  -1.443  58.787 169.319  -4.615  58.791 169.092  -5.837  57.815 169.038  -3.784
  58.080 169.093  -2.811  56.494 168.424  -4.152  56.409 168.404  -5.239  56.476
 166.984  -3.693  56.536 167.021  -2.605  55.549 166.446  -3.894  57.632 166.106
  -4.049  58.317 165.217  -3.152  59.168 164.562  -3.980  59.714 163.704  -3.615
  58.874 164.737  -5.299  59.320 164.471  -6.165  58.006 165.802  -5.305  57.762
 166.422  -6.155  55.310 169.208  -3.507  55.543 169.776  -2.452  54.133 169.240
  -4.149  53.973 168.579  -4.895  53.023 170.081  -3.582  53.201 171.155  -3.634
  51.717 169.931  -4.414  51.419 168.888  -4.301  50.929 170.444  -3.862  51.729
 170.395  -5.934  52.849 170.566  -6.480  50.604 170.593  -6.472  52.698 169.717
  -2.106  52.688 168.537  -1.695  52.270 170.710  -1.301  52.272 171.640  -1.695
  51.595 170.475  -0.035  52.304 169.997   0.640  51.307 171.892   0.546  50.495
 172.398   0.024  50.937 171.680   1.549  52.497 172.887   0.739  53.643 172.455
   0.900  52.165 174.061   0.925  50.292 169.628  -0.097  49.547 169.815  -1.077
  50.162 168.701   0.821  50.717 168.815   1.657  49.096 167.634   0.857  49.287
 166.890   1.629  47.741 168.261   1.199  47.528 169.227   0.740  46.879 167.668
   0.895  47.569 168.498   2.719  47.833 167.561   3.489  47.073 169.588   3.101
  49.132 166.799  -0.463  48.170 166.178  -0.775  50.272 166.604  -1.098  51.057
 167.171  -0.810  50.291 165.625  -2.227  49.356 165.634  -2.787  51.356 165.910
  -3.248  51.320 165.083  -3.957  51.140 166.822  -3.804  52.609 165.960  -2.589
  52.616 166.845  -2.215  50.471 164.235  -1.652  51.031 163.989  -0.556  49.910
 163.234  -2.346  49.447 163.396  -3.229  50.337 161.859  -2.146  50.723 161.613
  -1.157  49.147 160.934  -2.303  48.347 161.345  -1.687  48.847 160.880  -3.349
  49.654 159.249  -1.621  48.385 158.904  -1.385  51.469 161.594  -3.211  51.371
 162.066  -4.333  52.545 160.931  -2.808  52.514 160.738  -1.817  53.656 160.458
  -3.612  53.324 160.539  -4.648  54.842 161.365  -3.496  55.181 161.313  -2.462
  55.723 161.129  -4.092  54.529 162.921  -3.798  53.814 163.171  -3.014  55.385
 163.557  -3.575  54.034 163.230  -5.215  54.364 162.564  -6.214  53.235 164.216
  -5.362  53.002 164.458  -6.315  52.776 164.458  -4.496  54.111 159.012  -3.292
  54.140 158.547  -2.129  54.694 158.258  -4.233  54.813 158.673  -5.146  55.583
 157.080  -3.902  55.588 156.898  -2.827  55.077 155.871  -4.645  54.063 155.652
  -4.311  55.135 156.127  -6.171  56.125 156.054  -6.621  54.514 155.378  -6.663
  54.674 157.071  -6.463  55.861 154.624  -4.236  55.866 154.575  -3.147  55.257
 153.822  -4.658  56.872 154.706  -4.635  57.087 157.365  -4.119  57.503 157.823
  -5.183  57.863 157.053  -3.127  57.414 156.743  -2.277  59.305 157.453  -2.948
  59.666 157.711  -3.943  59.248 158.743  -2.067  58.960 158.462  -1.054  60.770
 159.242  -2.033  61.080 159.512  -3.043  60.793 160.189  -1.494  61.377 158.530
  -1.474  58.353 159.863  -2.562  58.680 160.215  -3.540  57.304 159.578  -2.637
  58.329 161.145  -1.718  59.084 161.862  -2.041  57.357 161.615  -1.869  58.436
 160.963  -0.648  60.094 156.242  -2.378  59.765 155.844  -1.287  61.165 155.783
  -3.064  61.811 156.323  -4.298  61.908 157.397  -4.135  61.215 156.211  -5.204
  63.190 155.633  -4.466  63.874 156.282  -3.919  63.433 155.495  -5.519  63.001
 154.295  -3.746  63.911 153.850  -3.344  62.461 153.557  -4.339  61.914 154.575
  -2.623  61.327 153.657  -2.594  62.704 154.795  -1.249  63.279 155.807  -0.845
  62.647 153.745  -0.419  62.145 152.917  -0.705  63.328 153.626   0.895  63.579
 154.595   1.327  62.420 152.911   1.989  62.089 151.936   1.631  62.920 152.724
   3.437  62.838 153.648   4.009  62.257 151.962   3.848  63.959 152.397   3.453
  61.103 153.726   2.210  60.520 153.884   1.303  60.475 153.125   2.868  61.346
 154.701   2.633  64.669 152.842   0.731  64.607 151.755   0.123  65.837 153.298
   1.257  65.828 154.104   1.865  67.079 152.385   1.308  67.118 151.869   0.348
  68.331 153.246   1.405  68.192 153.846   2.305  69.171 152.562   1.524  68.848
 154.236   0.242  68.002 154.894   0.042  70.050 155.052   0.710  70.633 154.380
   1.340  70.621 155.542  -0.079  69.669 155.894   1.288  69.406 153.295  -0.942
  68.595 152.647  -1.272  69.777 153.894  -1.774  70.258 152.686  -0.641  67.027
 151.434   2.535  66.626 151.812   3.639  67.229 150.082   2.428  67.412 149.390
   1.203  68.166 149.940   0.640  66.483 149.452   0.636  67.843 147.952   1.491
  68.911 147.806   1.652  67.467 147.249   0.748  67.103 147.706   2.878  67.725
 147.062   3.499  66.099 147.361   2.632  67.014 149.120   3.563  65.960 149.286
   3.788  67.726 149.198   4.927  67.031 149.049   5.970  69.043 149.452   4.935
  69.529 149.713   4.090  69.801 149.535   6.168  69.462 148.742   6.835  71.287
 149.049   5.792  71.574 149.692   4.961  71.966 149.220   6.627  71.337 147.561
   5.478  71.193 147.017   4.202  71.391 145.712   4.274  71.529 145.056   3.428
  71.771 145.438   5.560  72.088 144.550   5.922  71.702 146.547   6.331  71.990
 146.663   7.365  69.771 150.780   7.005  70.361 150.820   8.039  69.057 151.812
   6.555  68.486 151.644   5.740  68.886 153.149   7.212  69.881 153.267   7.643
  68.683 154.287   6.156  67.937 153.929   5.446  68.148 155.596   6.667  68.826
 156.143   7.323  68.000 156.195   5.769  67.199 155.435   7.179  69.942 154.524
   5.350  70.351 153.544   5.103  69.758 155.058   4.417  70.722 155.004   5.941
  67.797 153.090   8.214  66.616 152.797   7.948  68.112 153.493   9.478  69.034
 153.869   9.649  67.161 153.306  10.648  66.162 152.969  10.373  67.690 152.265
  11.590  68.674 152.690  11.788  67.099 152.312  12.504  67.778 150.843  11.025
  66.718 150.592  11.059  68.262 150.730  10.055  68.532 149.690  12.128  68.290
 148.109  11.169  68.588 148.125  10.121  68.857 147.326  11.673  67.249 147.788
  11.128  66.947 154.585  11.473  66.128 154.636  12.386  67.629 155.695  11.186
  68.245 155.761  10.389  67.623 156.877  12.084  67.296 156.592  13.084  68.941
 157.645  12.240  68.803 158.551  12.831  69.897 156.698  12.991  69.979 155.771
  12.423  70.848 157.191  13.191  69.457 156.489  13.966  69.595 158.066  10.921
  68.942 158.695  10.316  70.539 158.569  11.132  69.782 157.165  10.337  66.568
 157.906  11.571  66.403 158.137  10.360  65.903 158.560  12.537  66.168 158.483
  13.509  64.981 159.616  12.232  64.375 159.205  11.424  64.029 159.851  13.449
  63.551 158.893  13.655  64.584 160.063  14.363  62.926 160.879  13.195  63.404
 161.813  12.899  62.246 160.583  12.396  61.841 161.378  14.683  61.543 159.713
  15.478  62.488 159.273  15.797  60.829 159.739  16.300  61.195 159.139  14.619
  65.646 160.949  11.722  66.065 161.717  12.559  65.764 161.181  10.452  65.624
 160.382   9.851  66.065 162.387   9.809  66.903 162.875  10.306  66.463 162.086
   8.337  67.268 161.354   8.398  65.614 161.569   7.889  66.964 163.242   7.495
  66.368 164.143   7.643  68.464 163.394   7.820  68.915 162.409   7.697  68.996
 164.113   7.197  68.683 163.626   8.863  66.983 162.892   6.014  66.007 162.672
   5.581  67.320 163.828   5.568  67.666 162.081   5.764  64.834 163.399   9.876
  63.711 163.038   9.650  65.139 164.597  10.294  66.116 164.764  10.487  64.277
 165.793  10.341  63.226 165.520  10.251  64.534 166.454  11.786  65.621 166.493
  11.862  64.038 167.954  11.841  62.949 167.995  11.878  64.564 168.354  12.708
  64.521 168.456  11.003  64.228 165.564  13.012  64.670 164.602  12.751  64.692
 166.087  13.848  62.776 165.447  13.319  62.304 165.183  12.372  62.522 164.593
  13.946  62.321 166.355  13.715  64.623 166.699   9.149  65.775 166.640   8.655
  63.725 167.522   8.561  62.296 167.609   8.840  61.982 168.211   9.692  61.925
 166.592   8.960  61.776 168.193   7.538  60.827 168.725   7.606  61.763 167.459
   6.732  62.853 169.212   7.100  62.734 170.077   7.752  62.852 169.493   6.047
  64.092 168.420   7.441  64.224 167.786   6.564  65.292 169.339   7.807  65.394
 169.749   8.967  66.137 169.597   6.762  66.028 169.172   5.852  67.347 170.395
   7.003  67.679 170.762   6.032  67.141 171.234   7.668  68.531 169.785   7.660
  69.642 170.349   7.718  68.429 168.509   8.145  67.484 168.156   8.190  69.598
 167.752   8.594  70.345 168.439   8.991  69.062 166.679   9.606  68.377 167.262
  10.221  68.479 165.917   9.088  70.144 166.005  10.413  70.875 165.568   9.733
  70.713 166.795  10.902  69.722 164.897  11.374  68.505 164.849  11.701  70.607
 164.020  11.807  70.293 163.469  12.593  71.599 164.038  11.617  70.322 167.050
   7.422  69.686 166.297   6.656  71.636 167.323   7.277  72.113 168.022   7.828
  72.460 166.472   6.351  71.894 166.372   5.425  73.831 167.215   6.101  74.563
 167.288   6.904  74.714 166.489   5.089  74.314 166.497   4.075  75.653 167.041
   5.118  74.867 165.431   5.301  73.573 168.498   5.680  74.010 168.655   4.840
  72.717 165.066   6.855  73.004 164.764   8.006  72.693 164.065   5.939  72.603
 164.336   4.971  72.963 162.617   6.176  73.315 162.387   7.182  71.619 161.839
   6.087  70.882 162.188   6.810  71.319 161.848   5.039  71.858 160.337   6.404
  72.405 159.936   5.551  72.616 159.898   7.665  71.967 160.039   8.529  72.853
 158.850   7.481  73.623 160.314   7.707  70.540 159.502   6.478  69.840 159.787
   5.692  70.668 158.423   6.393  70.114 159.656   7.470  74.052 162.101   5.172
  73.652 161.751   4.044  75.345 162.110   5.518  76.004 162.770   6.637  75.260
 162.705   7.431  76.221 163.807   6.381  77.358 162.067   6.879  77.250 161.129
   7.423  78.094 162.772   7.265  77.770 161.771   5.476  78.468 160.935   5.427
  78.289 162.619   5.029  76.436 161.490   4.776  76.512 161.939   3.785  76.220
 159.957   4.778  75.975 159.373   5.815  76.347 159.291   3.607  76.497 159.772
   2.731  76.167 157.879   3.439  76.313 157.596   4.482  74.728 157.540   3.074
  74.465 158.009   2.126  74.688 156.459   2.936  73.564 157.855   4.055  73.696
 158.866   4.442  72.205 157.843   3.354  71.786 156.866   3.113  71.570 158.310
   4.106  72.137 158.511   2.496  73.497 156.854   5.228  74.443 156.738   5.758
  72.744 157.135   5.964  73.274 155.866   4.826  77.228 157.242   2.442  77.526
 157.772   1.404  77.633 156.006   2.729  77.200 155.597   3.545  78.412 155.136
   1.824  78.561 155.662   0.881  79.806 154.999   2.490  80.239 155.999   2.453
  79.577 154.627   3.489  80.659 154.014   1.625  80.314 152.993   1.782  80.690
 154.219   0.555  82.111 153.941   2.042  82.553 154.755   2.865  82.950 153.195
   1.434  83.912 153.246   1.739  82.528 152.568   0.764  77.655 153.814   1.698
  77.418 153.072   2.611  77.177 153.491   0.510  77.482 154.071  -0.259  76.488
 152.157   0.217  76.230 151.666   1.155  75.104 152.362  -0.524  75.221 152.339
  -1.607  74.312 151.634  -0.350  74.519 153.759  -0.315  75.171 154.572  -0.636
  73.236 153.853  -1.137  72.393 153.293  -0.732  72.890 154.882  -1.233  73.415
 153.623  -2.187  74.023 154.129   1.116  74.957 154.077   1.676  73.577 155.124
   1.123  73.285 153.402   1.453  77.312 151.125  -0.545  77.964 151.427  -1.546
  77.346 149.860  -0.111  76.805 149.728   0.732  78.301 148.819  -0.419  78.913
 149.138  -1.262  79.457 148.785   0.626  80.223 148.186   0.134  79.882 149.775
   0.797  79.056 148.156   1.993  78.308 148.867   2.955  78.038 149.885   2.716
  77.934 148.315   4.218  77.337 148.815   4.966  78.375 147.027   4.572  78.216
 146.712   5.593  79.105 146.275   3.637  79.334 145.287   4.007  79.504 146.852
   2.355  80.039 146.245   1.639  77.663 147.500  -0.659  78.320 146.491  -0.990
  76.316 147.435  -0.592  75.701 148.189  -0.322  75.498 146.321  -0.933  76.135
 145.436  -0.950  74.381 146.051   0.081  73.626 146.837   0.077  73.928 145.114
  -0.244  74.699 145.859   1.549  75.458 144.799   2.095  75.463 144.984   3.404
  76.058 144.376   4.070  74.778 146.123   3.724  74.823 146.522   4.651  74.289
 146.645   2.569  73.741 147.575   2.576  74.779 146.668  -2.287  73.954 147.602
  -2.261  74.946 145.950  -3.360  75.761 144.787  -3.470  75.596 144.203  -2.564
  76.805 145.081  -3.578  75.293 144.092  -4.695  74.421 143.496  -4.426  75.980
 143.381  -5.153  74.929 145.267  -5.662  74.122 144.953  -6.323  75.882 145.534
  -6.118  74.549 146.382  -4.700  75.164 147.258  -4.905  73.093 146.785  -4.816
  72.744 147.684  -5.617  72.109 146.203  -4.159  72.268 145.456  -3.499  70.701
 146.659  -4.160  70.282 146.639  -5.166  69.954 145.523  -3.341  68.891 145.672
  -3.529  70.100 144.545  -3.798  70.309 145.310  -1.869  70.687 146.262  -1.495
  69.340 145.090  -1.421  71.291 144.230  -1.594  72.317 144.192  -2.255  71.105
 143.353  -0.629  71.873 142.713  -0.490  70.231 143.167  -0.158  70.571 148.103
  -3.626  69.704 148.756  -4.100  71.373 148.528  -2.684  72.175 148.002  -2.369
  71.460 149.957  -2.306  70.453 150.355  -2.183  72.157 149.965  -0.938  73.177
 149.581  -0.965  72.206 150.976  -0.534  71.384 149.089   0.058  70.321 148.962
  -0.151  71.602 148.021   0.068  71.585 149.726   1.479  72.747 149.660   2.013
  70.622 150.292   2.070  72.089 150.880  -3.332  71.471 151.875  -3.678  73.257
 150.437  -3.837  73.782 149.659  -3.461  73.947 151.193  -4.850  74.112 152.178
  -4.414  75.306 150.528  -5.127  75.083 149.514  -5.458  76.075 151.051  -6.309
  76.500 152.039  -6.131  76.932 150.433  -6.574  75.528 151.187  -7.242  76.235
 150.356  -3.969  75.610 149.995  -3.152  77.028 149.646  -4.201  76.701 151.292
  -3.659  73.167 151.374  -6.128  73.120 152.481  -6.676  72.517 150.365  -6.609
  72.564 149.511  -6.073  71.711 150.366  -7.835  72.288 150.689  -8.701  71.170
 148.984  -8.179  71.952 148.229  -8.263  70.616 148.573  -7.336  70.412 148.977
  -9.359  70.372 148.059  -9.636  70.527 151.272  -7.699  70.131 151.901  -8.705
  69.899 151.359  -6.517  70.250 150.889  -5.694  68.600 152.013  -6.315  67.966
 151.750  -7.161  67.982 151.674  -4.940  67.956 150.595  -4.787  68.547 152.092
  -4.107  66.543 152.180  -4.961  66.185 151.759  -5.901  65.955 151.745  -4.153
  66.410 153.983  -4.990  67.086 154.533  -3.375  68.152 154.306  -3.386  67.055
 155.622  -3.342  66.572 154.078  -2.528  68.879 153.516  -6.530  68.343 154.107
  -7.378  69.939 154.037  -5.946  70.441 153.437  -5.308  70.404 155.454  -6.131
  69.537 156.114  -6.113  71.357 155.957  -5.022  71.627 156.987  -5.257  70.638
 156.063  -3.681  70.658 155.092  -3.186  71.197 156.793  -3.096  69.581 156.309
  -3.773  72.600 155.100  -4.845  73.170 154.980  -5.766  73.294 155.456  -4.084
  72.316 154.094  -4.533  70.940 155.718  -7.589  70.650 156.828  -8.162  71.706
 154.805  -8.138  71.922 154.017  -7.545  72.216 154.815  -9.488  72.918 155.646
  -9.548  73.079 153.635  -9.778  73.746 153.339  -8.968  72.532 152.709  -9.958
  73.969 153.884 -11.022  73.397 154.276 -11.863  74.640 154.728 -10.858  74.719
 152.621 -11.485  74.013 151.861 -11.821  75.337 152.845 -12.354  75.758 152.138
 -10.536  76.079 152.731  -9.784  76.402 151.000 -10.613  76.356 150.154 -11.580
  75.701 150.146 -12.349  77.061 149.435 -11.501  77.285 150.799  -9.732  77.584
 151.626  -9.234  77.975 150.067  -9.825  71.068 155.086 -10.516  71.174 155.959
 -11.399  69.904 154.410 -10.396  69.829 153.644  -9.741  68.662 154.652 -11.263
  68.773 154.662 -12.347  67.626 153.506 -10.995  67.378 153.335  -9.948  66.700
 153.823 -11.474  67.977 152.192 -11.669  67.776 152.050 -12.866  68.580 151.212
 -11.029  68.775 150.346 -11.510  68.959 151.274 -10.095  68.118 156.075 -10.824
  68.000 156.977 -11.672  67.895 156.317  -9.540  68.093 155.606  -8.851  67.218
 157.424  -9.013  66.217 157.427  -9.444  67.120 157.153  -7.547  66.506 156.257
  -7.449  68.080 156.972  -7.063  66.444 158.285  -6.735  66.940 159.245  -6.877
  64.998 158.400  -7.201  64.577 157.403  -7.072  64.432 159.076  -6.560  64.929
 158.649  -8.260  66.608 157.974  -5.231  67.614 158.035  -4.815  66.021 158.749
  -4.737  66.143 157.014  -5.010  67.935 158.774  -9.358  67.311 159.823  -9.389
  69.194 158.756  -9.739  69.633 157.879  -9.496  70.065 160.019  -9.949  69.752
 160.716  -9.172  71.565 159.769  -9.792  71.632 158.787  -9.322  72.344 159.528
 -11.033  72.407 160.432 -11.639  73.355 159.157 -10.865  71.779 158.808 -11.625
  72.191 160.759  -8.802  73.267 160.587  -8.789  71.980 161.781  -9.117  71.725
 160.453  -7.340  71.963 159.431  -7.045  72.318 161.037  -6.635  70.677 160.669
  -7.133  69.634 160.694 -11.295  69.917 161.881 -11.416  69.003 159.995 -12.274
  68.947 158.999 -12.114  68.439 160.465 -13.518  69.239 161.078 -13.933  67.891
 159.317 -14.427  67.699 158.453 -13.791  67.013 159.605 -15.006  68.964 158.911
 -15.412  68.587 158.069 -15.992  69.305 159.756 -16.010  70.205 158.316 -14.698
  71.240 158.870 -14.643  70.086 157.177 -14.079  70.906 156.859 -13.582  69.178
 156.734 -14.069  67.196 161.387 -13.208  67.070 162.396 -13.941  66.357 161.095
 -12.162  66.618 160.302 -11.594  65.004 161.643 -11.935  64.869 162.360 -12.745
  63.842 160.550 -12.045  62.852 160.993 -11.944  63.859 160.172 -13.067  64.165
 159.347 -11.139  65.197 159.078 -11.364  64.164 159.768 -10.133  63.168 158.137
 -11.302  63.209 157.434 -10.471  62.158 158.546 -11.346  63.657 157.409 -12.564
  64.011 158.055 -13.367  64.549 156.848 -12.286  62.588 156.477 -13.051  61.780
 156.999 -13.358  62.776 156.008 -13.925  62.349 155.705 -12.445  64.980 162.631
 -10.746  65.868 163.491 -10.616  64.015 162.462  -9.837  63.352 161.737 -10.071
  63.710 163.428  -8.786  63.901 164.424  -9.186  62.221 163.337  -8.262  61.779
 162.506  -8.811  62.226 163.037  -7.214  61.300 164.541  -8.423  61.543 165.396
  -9.249  60.302 164.563  -7.689  64.716 163.486  -7.629  64.562 164.356  -6.756
  65.711 162.555  -7.477  65.738 161.873  -8.222  66.645 162.458  -6.416  67.265
 161.567  -6.510  67.680 163.628  -6.542  67.171 164.588  -6.458  68.395 163.678
  -5.720  68.551 163.413  -7.802  69.086 162.471  -7.685  67.914 163.275  -8.675
  69.548 164.561  -8.087  70.205 164.749  -7.237  70.052 164.269  -9.008  68.909
 165.930  -8.342  68.771 166.089  -9.330  68.728 166.956  -7.478  69.127 166.943
  -6.261  69.767 166.250  -5.899  68.713 167.609  -5.624  68.049 167.997  -7.798
  67.718 168.245  -8.720  67.944 168.734  -7.115  66.140 162.250  -5.008  67.012
 162.048  -4.127  64.810 162.218  -4.756  64.155 162.581  -5.434  64.386 162.012
  -3.435  65.192 162.443  -2.842  63.132 162.806  -3.041  62.683 162.340  -2.164
  63.635 164.227  -2.755  64.344 164.690  -3.442  62.781 164.903  -2.710  64.107
 164.276  -1.774  62.128 162.781  -3.996  61.960 161.890  -4.311  64.256 160.491
  -3.147  63.737 159.778  -3.997  64.875 159.966  -2.111  65.490 160.673  -1.736
  64.485 158.734  -1.358  63.687 158.251  -1.921  65.667 157.739  -1.256  65.322
 156.719  -1.083  66.108 157.696  -2.251  66.820 157.991  -0.258  67.688 159.104
  -0.408  67.680 159.777  -1.253  68.643 159.346   0.583  69.363 160.150   0.545
  68.648 158.592   1.794  69.332 158.751   2.614  67.748 157.515   1.936  67.647
 156.813   2.751  66.805 157.286   0.962  66.045 156.568   1.231  63.748 159.030
  -0.057  63.459 160.145   0.282  63.202 158.062   0.660  63.499 157.112   0.490
  62.350 158.252   1.847  62.106 159.303   2.002  61.011 157.562   1.576  61.229
 156.529   1.305  60.496 157.386   2.521  60.329 158.079   0.901  63.180 157.892
   3.152  63.963 156.888   3.135  63.061 158.604   4.240  62.578 159.479   4.097
  63.735 158.262   5.522  64.224 157.289   5.549  64.901 159.263   5.818  64.547
 160.294   5.853  65.596 158.776   7.183  65.880 157.741   6.991  66.573 159.184
   7.440  64.959 158.812   8.066  65.982 158.999   4.757  65.481 159.187   3.807
  66.860 159.643   4.805  66.410 158.000   4.831  62.647 158.256   6.580  62.114
 159.327   7.004  62.164 157.041   6.944  62.544 156.192   6.550  61.055 156.884
   7.843  60.277 157.594   7.566  60.472 155.428   7.627  61.254 154.746   7.960
  59.532 155.175   8.118  60.288 154.953   6.178  61.227 154.811   5.643  59.625
 153.606   6.175  58.651 153.641   6.664  59.406 153.325   5.145  60.280 152.810
   6.529  59.380 155.920   5.361  59.760 156.940   5.312  59.362 155.576   4.327
  58.355 155.925   5.733  61.360 157.146   9.355  62.395 156.842   9.891  60.390
 157.635  10.109  59.448 157.595   9.747  60.323 157.584  11.555  61.342 157.629
  11.940  59.462 158.769  11.983  58.447 158.655  11.603  59.477 158.848  13.070
  59.838 159.740  11.659  59.707 156.224  12.025  58.462 156.118  12.192  60.533
 155.179  12.232  61.496 155.389  12.012  60.156 153.832  12.712  59.320 153.401
  12.160  61.411 152.880  12.569  62.206 153.179  13.252  61.029 151.927  12.935
  61.948 152.658  11.170  61.233 151.795  10.359  60.353 151.256  10.675  61.664
 151.676   9.011  61.055 151.071   8.355  62.733 152.392   8.466  63.091 152.368
   7.126  62.678 151.616   6.695  63.446 153.269   9.318  64.262 153.892   8.985
  63.031 153.370  10.647  63.549 154.088  11.266  59.782 153.892  14.176  60.477
 154.519  15.018  58.796 153.137  14.631  58.170 152.685  13.980  58.310 153.258
  16.048  58.537 154.229  16.488  56.784 153.246  15.993  56.418 153.291  17.018
  56.440 154.152  15.495  56.314 152.064  15.343  55.960 151.543  16.067  58.826
 152.130  16.921  59.237 152.333  18.099  58.906 150.892  16.370  58.578 150.739
  15.427  59.662 149.795  17.034  60.292 150.208  17.822  58.645 148.853  17.735
  57.950 149.521  18.244  58.119 148.321  16.942  59.378 147.858  18.620  60.365
 147.223  18.285  58.772 147.548  19.768  59.105 146.886  20.454  57.902 148.033
  19.940  60.615 149.124  16.037  60.205 148.279  15.220  61.836 149.644  16.103
  61.943 150.486  16.651  62.971 149.205  15.184  62.649 149.413  14.164  64.245
 150.038  15.472  63.877 151.063  15.422  64.834 149.825  16.848  65.120 148.800
  17.081  65.701 150.482  16.919  64.127 150.094  17.633  65.350 149.927  14.509
  64.966 149.869  13.491  66.017 150.789  14.502  65.904 148.999  14.655  63.220
 147.722  15.214  63.912 147.193  14.265  62.600 146.908  16.064  62.187 147.315
  16.890  62.728 145.413  16.077  63.738 145.094  15.821  62.579 144.809  17.513
  62.976 145.471  18.283  61.504 144.725  17.670  63.147 143.406  17.639  62.846
 142.755  16.818  64.222 143.517  17.495  62.573 142.760  18.948  62.835 143.425
  19.771  61.483 142.769  18.945  62.957 141.375  19.115  63.555 141.215  19.913
  62.682 140.296  18.405  61.881 140.329  17.384  61.424 141.203  17.164  61.648
 139.466  16.915  63.301 139.135  18.600  64.092 138.981  19.209  63.056 138.281
  18.119  61.812 144.742  15.025  62.240 143.803  14.368  60.614 145.300  14.814
  60.310 145.965  15.511  59.589 144.775  13.862  59.971 143.885  13.361  58.257
 144.465  14.511  57.771 145.422  14.703  57.682 143.973  13.726  58.333 143.565
  15.780  58.679 144.166  16.621  57.278 143.340  15.936  59.135 142.253  15.668
  59.328 141.742  14.538  59.549 141.761  16.736  59.427 145.734  12.695  58.868
 145.327  11.687  59.979 146.990  12.686  60.307 147.320  13.583  60.062 147.966
  11.581  60.377 148.883  12.079  61.074 147.664  10.456  60.790 146.790   9.871
  61.208 148.505   9.776  62.438 147.240  11.077  62.801 147.921  11.848  62.385
 146.269  11.569  63.612 147.256  10.081  64.494 146.841  10.571  63.343 146.515
   9.328  63.945 148.593   9.495  63.679 149.447   9.964  64.711 148.761   8.480
  65.228 147.857   7.708  64.917 146.917   7.909  66.013 148.044   7.101  65.184
 149.941   8.138  64.923 150.698   8.754  65.663 150.144   7.273  58.630 148.326
  11.088  58.260 148.330   9.931  57.794 148.747  12.050  58.061 148.601  13.013
  56.523 149.552  11.864  56.061 149.352  10.897  55.461 149.321  12.983  56.003
 149.261  13.927  54.770 150.160  12.898  54.566 148.083  12.890  54.003 148.096
  11.957  55.214 147.210  12.815  53.688 148.110  14.118  53.672 147.037  14.813
  52.932 149.122  14.381  56.904 151.032  11.907  57.898 151.358  12.599  56.173
 151.890  11.187  55.302 151.546  10.807  56.549 153.287  10.958  56.958 153.678
  11.890  57.577 153.282   9.880  57.237 153.190   8.848  58.006 154.276   9.753
  58.408 152.631  10.152  55.300 154.161  10.523  54.323 153.536  10.053  55.400
 155.504  10.620  56.242 155.804  11.089  54.177 156.350  10.581  53.428 155.823
   9.990  53.592 156.444  12.000  54.292 156.985  12.638  52.672 157.008  11.851
  53.264 155.157  12.764  52.048 154.531  12.679  52.233 153.342  13.293  51.379
 152.731  13.546  53.486 153.200  13.769  53.802 152.454  14.373  54.202 154.380
  13.411  55.180 154.753  13.678  54.325 157.760  10.056  53.341 158.332   9.609
  55.590 158.292  10.049  56.311 157.719  10.464  56.009 159.610   9.653  55.322
 160.017   8.911  55.953 160.431  10.887  56.552 160.069  11.723  56.350 161.379
  10.525  54.572 160.678  11.507  53.659 161.554  10.874  53.881 161.958   9.897
  52.358 161.679  11.420  51.629 162.323  10.950  51.976 160.900  12.504  50.958
 161.022  12.844  52.948 160.143  13.202  52.694 159.564  14.078  54.233 159.961
  12.664  54.851 159.169  13.061  57.401 159.516   8.983  58.000 158.415   8.983
  57.888 160.576   8.345  57.298 161.368   8.134  59.343 160.645   7.940  59.966
 160.556   8.830  59.600 159.755   7.367  59.664 161.938   7.121  58.860 162.905
   7.053  60.807 161.868   6.479  61.382 161.038   6.438  61.339 163.015   5.707
  60.554 163.754   5.546  62.459 163.771   6.466  63.273 163.058   6.596  63.196
 164.833   5.595  62.472 165.381   4.993  63.810 165.437   6.264  63.857 164.360
   4.869  61.908 164.459   7.571  61.617 163.917   8.308  61.672 162.530   4.274
  62.237 161.460   4.177  61.353 163.247   3.235  60.720 164.034   3.236  61.904
 163.000   1.896  61.835 161.923   1.742  61.180 163.804   0.820  61.580 163.539
  -0.158  59.658 163.553   0.858  59.289 164.076   1.740  59.138 163.986   0.004
  59.553 162.469   0.810  61.253 165.194   1.011  62.065 165.582   0.675  63.377
 163.376   1.868  63.716 164.544   2.199  64.306 162.532   1.470  63.930 161.597
   1.401  65.799 162.714   1.459  65.963 163.517   2.178  66.427 161.481   2.050
  65.954 160.616   1.584  67.509 161.414   1.932  66.121 161.433   3.095  66.238
 163.070   0.054  66.211 162.280  -0.895  66.577 164.354  -0.227  66.502 165.038
   0.512  67.118 164.766  -1.566  66.780 164.145  -2.395  66.748 166.201  -1.863
  65.708 166.428  -1.628  67.275 166.814  -1.133  67.062 166.607  -3.345  68.061
 166.271  -3.622  66.300 166.107  -3.943  67.067 168.101  -3.608  66.691 168.955
  -2.775  67.681 168.545  -4.542  68.661 164.560  -1.557  69.425 165.207  -0.837
  69.141 163.739  -2.426  68.493 163.336  -3.087  70.548 163.494  -2.732  71.069
 163.395  -1.780  70.885 162.130  -3.381  70.346 162.007  -4.320  72.439 162.053
  -3.594  73.006 162.098  -2.664  72.806 161.075  -3.904  72.860 162.822  -4.243
  70.365 160.949  -2.588  70.864 160.840  -1.626  69.320 161.157  -2.356  70.133
 159.610  -3.282  71.068 159.110  -3.533  69.572 159.031  -2.549  69.599 159.844
  -4.203  71.107 164.684  -3.484  70.510 165.190  -4.444  72.297 165.128  -3.096
  72.662 164.864  -2.192  72.863 166.390  -3.635  72.424 166.557  -4.618  72.411
 167.541  -2.792  72.317 168.371  -3.493  71.393 167.338  -2.460  73.151 167.975
  -1.538  74.277 168.821  -1.654  74.592 169.118  -2.643  75.055 169.099  -0.506
  75.918 169.736  -0.629  74.670 168.568   0.765  75.367 168.853   1.912  75.787
 169.715   1.850  73.606 167.659   0.884  73.401 167.147   1.812  72.814 167.385
  -0.319  72.006 166.669  -0.301  74.393 166.434  -3.809  74.836 167.316  -4.545
  75.144 165.482  -3.302  74.735 164.822  -2.656  76.477 165.193  -3.768  76.499
 165.685  -4.740  77.496 165.738  -2.765  77.343 165.243  -1.806  78.473 165.485
  -3.175  77.296 166.775  -2.494  76.643 163.688  -4.092  76.063 162.859  -3.418
  77.437 163.387  -5.080  77.851 164.090  -5.676  77.527 161.941  -5.626  77.199
 161.255  -4.845  76.439 161.871  -6.724  75.480 162.259  -6.380  76.680 162.500
  -7.582  76.061 160.457  -7.120  75.164 159.673  -6.387  74.711 160.016  -5.469
  74.959 158.311  -6.747  74.365 157.640  -6.144  75.607 157.703  -7.866  75.420
 156.366  -8.071  74.753 155.937  -7.531  76.427 158.500  -8.600  76.873 158.025
  -9.461  76.679 159.863  -8.232  77.366 160.344  -8.912  78.912 161.553  -6.195
  79.556 162.255  -6.962  79.307 160.355  -5.785  78.709 159.877  -5.127  80.679
 159.737  -6.081  80.943 160.037  -7.095  81.722 160.271  -5.066  82.029 161.290
  -5.305  81.445 160.211  -4.014  83.046 159.512  -4.998  82.950 158.518  -4.561
  83.424 159.343  -6.006  84.139 160.214  -4.172  83.676 160.635  -3.280  84.878
 159.496  -3.815  84.926 161.263  -4.843  84.751 162.223  -4.583  85.987 161.016
  -5.650  86.535 159.825  -5.798  86.132 159.045  -5.299  87.377 159.833  -6.355
  86.563 162.010  -6.356  86.090 162.899  -6.280  87.484 161.985  -6.770  80.669
 158.193  -6.012  80.559 157.586  -4.929  80.889 157.595  -7.163  80.911 158.098
  -8.039  81.002 156.180  -7.426  80.689 155.663  -6.519  80.143 155.755  -8.635
  80.067 156.519  -9.409  80.497 154.850  -9.128  78.749 155.471  -8.157  78.856
 154.992  -7.184  78.237 156.433  -8.178  78.082 154.431  -9.076  77.891 153.243
  -8.592  77.763 154.725 -10.253  82.491 155.754  -7.550  83.360 156.375  -8.145
  82.748 154.492  -6.964  82.016 153.904  -6.592  84.047 153.903  -7.024  84.512
 154.221  -7.957  84.901 154.424  -5.809  84.311 154.161  -4.931  85.807 153.818
  -5.816  85.418 155.819  -5.724  86.189 156.096  -6.443  84.636 156.558  -5.901
  86.007 156.198  -4.360  86.606 155.361  -3.662  85.942 157.430  -4.074  83.869
 152.362  -7.141  82.784 151.841  -7.299  84.917 151.646  -7.051  85.829 152.079
  -7.088  85.002 150.171  -7.175  84.240 149.750  -6.520  84.974 149.775  -8.672
  83.990 150.047  -9.054  85.661 150.449  -9.184  85.376 148.320  -8.947  86.460
 148.264  -8.847  84.865 147.625  -8.281  84.947 147.767 -10.360  85.403 146.674
 -10.724  84.298 148.511 -11.230  84.304 148.260 -12.208  84.054 149.470 -11.029
  86.353 149.879  -6.534  87.464 150.143  -7.039  86.332 149.346  -5.347  85.414
 149.146  -4.977  87.492 148.754  -4.700  88.327 148.663  -5.395  88.071 149.605
  -3.554  87.263 149.848  -2.863  88.912 149.075  -3.108  88.745 150.852  -4.090
  89.391 150.477  -4.884  87.926 151.454  -4.483  89.548 151.567  -3.001  89.159
 151.585  -1.831  90.594 152.088  -3.374  87.080 147.322  -4.174  85.955 147.030
  -3.824  88.077 146.437  -4.153  88.982 146.656  -4.545  87.901 145.050  -3.737
  88.891 144.661  -3.975  87.809 144.946  -2.192  86.863 145.220  -1.727  87.996
 143.933  -1.834  88.935 145.701  -1.474  90.287 145.179  -1.414  90.622 144.315
  -1.969  91.186 145.853  -0.596  92.172 145.448  -0.423  90.876 147.089   0.064
  91.869 147.846   0.611  91.537 148.732   0.770  89.559 147.581   0.001  89.273
 148.519   0.453  88.598 146.872  -0.743  87.607 147.290  -0.834  86.765 144.379
  -4.625  86.029 143.460  -4.193  86.712 144.726  -5.914  87.456 145.324  -6.245
  85.727 144.154  -6.914  86.189 144.288  -7.893  85.866 143.080  -6.792  84.280
 144.500  -6.758  83.533 144.511  -7.736  83.750 144.762  -5.539  84.368 144.719
  -4.742  82.425 145.407  -5.389  81.777 144.835  -6.054  81.950 145.208  -3.923
  81.093 145.881  -3.937  81.434 143.739  -3.633  82.310 143.105  -3.498  80.850
 143.702  -2.713  80.734 143.380  -4.387  83.085 145.584  -2.893  83.776 144.741
  -2.890  83.631 146.501  -3.118  82.668 145.633  -1.452  82.109 144.741  -1.172
  83.477 145.847  -0.754  82.120 146.574  -1.408  82.369 146.880  -5.920  83.306
 147.616  -5.729  81.268 147.310  -6.443  80.541 146.611  -6.481  80.944 148.641
  -6.932  81.821 149.231  -7.197  79.983 148.586  -8.117  79.174 147.888  -7.900
  79.648 149.606  -8.307  80.641 148.130  -9.429  81.493 148.789  -9.600  81.137
 147.170  -9.287  79.731 148.121 -10.691  78.568 148.575 -10.593  80.145 147.605
 -11.754  80.293 149.354  -5.750  79.464 148.757  -5.035  80.701 150.583  -5.380
  81.379 151.044  -5.969  80.454 151.221  -4.041  79.522 150.931  -3.554  81.636
 150.914  -3.118  81.702 149.844  -2.917  83.037 151.476  -3.501  82.960 152.563
  -3.502  83.728 151.224  -2.696  83.367 151.101  -4.470  81.388 151.565  -1.865
  80.853 151.032  -1.273  80.311 152.730  -4.259  80.843 153.311  -5.206  79.550
 153.416  -3.394  79.165 152.901  -2.615  79.041 154.813  -3.681  79.712 155.266
  -4.411  77.674 154.808  -4.331  77.751 154.218  -5.244  76.564 154.261  -3.477
  76.465 154.780  -2.523  75.632 154.210  -4.040  76.760 153.211  -3.257  77.275
 156.243  -4.665  78.119 156.643  -5.226  76.385 156.075  -5.272  76.983 156.873
  -3.824  79.066 155.709  -2.422  78.430 155.333  -1.474  79.766 156.832  -2.344
  80.430 157.009  -3.084  79.681 157.883  -1.420  79.501 157.456  -0.434  81.023
 158.533  -1.262  81.372 158.888  -2.232  80.909 159.407  -0.620  82.126 157.575
  -0.664  82.134 157.694   0.420  81.814 156.551  -0.871  83.458 157.822  -1.343
  83.340 157.573  -2.398  83.785 158.841  -1.137  84.625 157.008  -0.736  84.632
 157.168   0.342  84.453 155.959  -0.976  85.998 157.460  -1.313  86.123 158.443
  -1.118  86.736 156.914  -0.892  86.106 157.250  -2.295  78.546 158.892  -1.903
  78.544 159.254  -3.090  77.651 159.310  -0.997  77.686 158.878  -0.085  76.635
 160.415  -1.273  76.952 160.999  -2.137  75.224 159.822  -1.582  74.602 160.656
  -1.907  75.434 158.801  -2.724  75.925 157.949  -2.254  74.460 158.660  -3.193
  76.051 159.366  -3.424  74.527 159.203  -0.382  73.874 159.964   0.045  73.914
 158.401  -0.791  75.252 158.737   0.286  76.479 161.372  -0.067  76.671 160.876
   1.076  76.092 162.650  -0.317  75.906 162.893  -1.280  75.487 163.434   0.840
  75.611 162.873   1.766  76.139 164.828   0.949  76.006 165.357   0.004  75.538
 165.315   1.716  77.641 164.895   1.362  77.855 164.420   2.320  78.110 164.239
   0.630  78.348 166.264   1.251  79.402 166.052   1.430  78.262 166.743   0.276
  77.822 167.183   2.285  76.754 167.336   2.132  78.094 166.707   3.227  78.449
 168.591   2.245  78.212 169.056   1.380  78.047 169.234   2.912  79.447 168.547
   2.389  73.986 163.536   0.539  73.719 164.031  -0.571  73.070 163.198   1.524
  73.308 162.886   2.455  71.659 163.470   1.370  71.425 163.736   0.339  70.808
 162.227   1.699  70.856 162.001   2.764  69.790 162.332   1.324  71.226 161.387
   1.145  71.239 164.595   2.318  71.844 164.776   3.371  70.090 165.335   2.076
  69.513 165.028   1.306  69.482 166.319   2.992  69.895 166.150   3.987  69.866
 167.841   2.558  70.945 167.837   2.410  69.212 168.271   1.174  68.128 168.254
   1.283  69.595 169.262   0.928  69.465 167.643   0.321  69.624 168.754   3.795
  68.547 168.837   3.941  70.122 168.232   4.612  70.174 170.098   3.709  69.926
 170.509   2.730  69.813 170.715   4.531  71.261 170.015   3.689  67.937 166.182
   3.012  67.365 165.956   1.962  67.305 166.337   4.170  67.811 166.462   5.035
  65.812 166.227   4.268  65.622 165.409   3.574  65.570 165.909   5.282  64.960
 167.422   3.818  65.193 168.494   4.401  64.153 167.326   2.752  64.265 166.527
   2.144  63.374 168.539   2.255  63.876 169.486   2.451  63.129 168.463   0.735
  62.552 167.591   0.427  62.433 169.258   0.469  64.369 168.596  -0.238  65.158
 167.904   0.054  63.975 168.204  -1.176  64.790 170.065  -0.578  65.218 170.098
  -1.579  63.880 170.664  -0.623  65.615 170.711   0.483  65.235 170.966   1.383
  66.837 171.201   0.227  67.544 170.781  -0.788  67.163 170.047  -1.367  68.401
 171.293  -0.940  67.385 172.095   1.064  66.827 172.322   1.874  68.346 172.401
   0.999  62.002 168.747   2.959  61.622 169.853   3.352  61.190 167.697   3.048
  61.559 166.775   2.865  59.729 167.733   3.440  59.513 168.702   3.889  58.869
 167.519   2.157  59.031 166.495   1.821  57.831 167.561   2.485  59.008 168.560
   1.047  58.353 169.430   1.093  60.043 168.882   0.934  58.720 167.882  -0.297
  57.836 168.315  -0.926  59.367 166.776  -0.671  59.019 166.275  -1.476  60.029
 166.363  -0.030  59.406 166.738   4.471  59.772 165.563   4.326  58.512 167.161
   5.455  58.319 168.146   5.573  57.818 166.095   6.283  58.547 165.357   6.617
  57.235 166.838   7.468  56.497 167.594   7.197  56.747 166.035   8.020  58.251
 167.385   8.388  59.124 166.767   8.598  58.672 168.269   7.910  57.514 167.754
   9.689  57.021 166.848  10.039  58.217 167.933  10.503  56.603 168.910   9.590
  56.944 169.713   9.080  55.452 169.095  10.277  55.080 168.322  11.204  55.755
 167.705  11.632  54.301 168.717  11.712  54.717 170.104  10.047  55.123 170.870
   9.529  53.748 170.162  10.325  56.804 165.324   5.525  56.078 165.888   4.689
  56.567 164.100   5.995  57.282 163.674   6.567  55.378 163.352   5.499  54.597
 164.055   5.211  55.877 162.506   4.285  55.019 161.982   3.863  56.241 163.207
   3.534  56.996 161.421   4.390  56.850 160.251   5.141  56.024 160.097   5.819
  57.937 159.271   5.114  57.936 158.425   5.785  59.040 159.517   4.267  59.905
 158.875   4.180  59.128 160.726   3.612  59.979 160.905   2.971  58.147 161.709
   3.687  58.226 162.666   3.193  54.708 162.411   6.543  55.294 162.121   7.586
  53.460 161.986   6.288  53.053 162.352   5.440  52.713 160.923   6.998  53.263
 160.646   7.898  51.315 161.492   7.382  51.491 162.365   8.011  50.864 161.735
   6.420  50.351 160.581   8.132  50.205 159.711   7.491  50.822 160.273   9.065
  48.974 161.133   8.503  48.374 161.332   7.615  48.460 160.291   8.967  49.015
 162.305   9.466  49.485 161.874  10.350  49.612 163.139   9.097  47.658 162.839
   9.764  46.997 162.078   9.838  47.573 163.440  10.571  47.338 163.447   9.023
  52.689 159.653   6.191  52.634 159.699   4.923  52.872 158.464   6.791  52.907
 158.472   7.801  52.982 157.147   6.049  53.490 157.266   5.092  53.895 156.110
   6.733  53.545 155.953   7.753  54.071 154.723   6.115  54.454 154.958   5.122
  54.788 154.151   6.704  53.078 154.279   6.044  55.350 156.623   6.782  55.428
 157.547   7.355  56.072 155.946   7.240  55.647 156.784   5.746  51.613 156.465
   5.844  50.829 156.445   6.767  51.398 155.886   4.615  52.039 156.065   3.855
  50.090 155.351   4.235  49.321 155.478   4.997  49.638 156.188   3.028  50.298
 155.823   2.240  48.597 156.014   2.754  49.817 157.735   3.109  50.869 157.958
   3.285  49.402 158.244   1.715  48.470 157.790   1.379  49.347 159.328   1.607
  50.101 157.837   0.985  48.806 158.289   4.211  48.593 157.542   4.976  49.071
 159.184   4.774  47.851 158.452   3.713  50.226 153.872   3.995  49.451 153.032
   4.488  51.173 153.489   3.160  51.730 154.199   2.707  51.531 152.059   2.981
  51.243 151.453   3.840  50.735 151.571   1.779  49.861 152.175   1.534  51.423
 151.651   0.938  50.136 150.150   1.917  50.879 149.544   2.436  49.217 150.134
   2.504  49.879 149.545   0.511  49.635 148.369   0.392  49.984 150.338  -0.507
  53.071 151.885   2.752  53.861 152.786   2.482  53.531 150.637   2.879  52.828
 149.914   2.922  54.915 150.136   2.744  55.573 150.884   2.300  55.679 149.971
   4.122  55.015 149.539   4.871  56.975 149.208   3.991  57.561 149.733   3.237
  57.533 149.095   4.921  56.746 148.202   3.641  56.072 151.303   4.678  56.588
 151.907   3.932  55.128 151.840   4.769  56.771 151.363   6.058  57.781 150.974
   5.930  56.762 152.401   6.392  56.268 150.823   6.859  54.923 148.805   1.880
  53.900 148.104   1.879  55.951 148.504   1.058  56.587 149.259   0.845  56.136
 147.306   0.253  55.719 146.391   0.674  55.476 147.580  -1.131  54.485 148.027
  -1.055  56.067 148.249  -1.756  55.377 146.332  -2.070  56.353 145.949  -2.367
  54.808 145.501  -1.654  54.801 146.866  -3.409  53.722 146.962  -3.287  55.175
 147.852  -3.685  54.967 145.907  -4.547  55.626 145.144  -4.485  54.260 145.823
  -5.660  53.211 146.553  -5.930  52.795 147.207  -5.283  52.853 146.560  -6.874
  54.660 144.927  -6.504  55.551 144.529  -6.243  54.134 144.777  -7.353  57.602
 146.939  -0.005  58.370 147.760  -0.511  57.994 145.723   0.379  57.371 145.044
   0.792  59.337 145.171   0.062  60.052 145.993   0.095  59.758 144.225   1.196
  59.091 143.367   1.107  61.151 143.697   1.040  61.800 144.565   1.162  61.212
 142.972   1.851  61.408 143.262   0.074  59.635 144.896   2.392  59.436 144.254
   3.078  59.340 144.527  -1.332  58.473 143.687  -1.578  60.400 144.903  -2.117
  61.143 145.395  -1.642  60.696 144.350  -3.452  59.737 144.134  -3.922  61.327
 145.478  -4.274  62.333 145.801  -4.006  61.377 145.050  -5.275  60.490 146.774
  -4.301  59.436 146.502  -4.360  60.614 147.347  -3.382  60.755 147.732  -5.418
  60.625 148.926  -5.232  61.217 147.292  -6.600  61.396 147.990  -7.308  61.473
 146.325  -6.737  61.540 143.062  -3.500  62.400 142.754  -2.624  61.389 142.332
  -4.576  60.612 142.577  -5.174  62.247 141.148  -4.937  61.919 140.338  -4.285
  61.873 140.686  -6.358  62.226 141.393  -7.110  62.262 139.683  -6.536  60.398
 140.583  -6.518  60.342 140.287  -7.430  63.754 141.373  -4.938  64.416 140.410
  -4.596  64.247 142.629  -5.111  63.601 143.397  -5.226  65.620 143.020  -4.863
  66.218 142.108  -4.881  66.177 143.757  -6.055  67.213 143.975  -5.795  66.131
 143.055  -6.888  65.461 145.077  -6.581  64.309 145.293  -6.168  66.067 145.839
  -7.378  65.961 143.575  -3.540  67.045 144.136  -3.314  65.005 143.490  -2.580
  64.104 143.055  -2.721  65.249 143.714  -1.139  64.432 143.172  -0.662  66.193
 143.227  -0.893  65.220 145.078  -0.525  65.363 145.266   0.699  65.018 146.064
  -1.398  65.016 145.811  -2.376  64.699 147.443  -1.111  65.126 147.598  -0.120
  65.389 148.441  -2.089  65.351 149.428  -1.629  66.837 148.049  -2.244  67.072
 147.254  -2.953  67.356 148.927  -2.627  67.244 147.850  -1.253  64.627 148.682
  -3.425  65.324 148.798  -4.255  64.071 147.756  -3.576  63.674 149.886  -3.490
  64.234 150.769  -3.182  63.290 150.093  -4.489  62.815 149.771  -2.829  63.187
 147.669  -0.853  62.370 146.902  -1.281  62.744 148.796  -0.263  63.437 149.519
  -0.133  61.315 149.183   0.073  60.759 148.338  -0.333  61.034 149.389   1.536
  61.851 149.857   2.086  60.168 150.027   1.710  60.772 147.988   2.159  59.805
 147.637   1.799  61.615 147.357   1.878  60.751 148.040   3.712  60.784 149.106
   4.310  60.591 146.871   4.387  60.467 146.837   5.389  60.468 146.018   3.862
  60.811 150.391  -0.732  61.528 151.325  -0.957  59.511 150.360  -1.055  59.013
 149.486  -0.965  58.762 151.515  -1.439  59.372 152.367  -1.738  57.858 151.262
  -2.686  57.162 150.472  -2.404  57.183 152.117  -2.738  58.571 150.918  -3.976
  59.106 149.989  -3.780  57.775 150.805  -4.712  59.492 152.049  -4.533  59.238
 153.192  -4.296  60.548 151.766  -5.235  61.055 152.538  -5.645  60.779 150.799
  -5.408  57.857 151.997  -0.245  57.212 151.239   0.445  57.829 153.297   0.033
  58.390 153.954  -0.490  56.797 153.926   0.914  56.221 153.128   1.384  57.490
 154.734   2.015  57.896 155.573   1.451  56.727 155.202   2.637  58.186 154.121
   2.589  55.778 154.814   0.059  56.067 155.549  -0.842  54.487 154.778   0.337
  54.210 154.207   1.122  53.422 155.662  -0.161  53.642 156.184  -1.092  52.167
 154.786  -0.494  51.824 154.257   0.396  51.451 155.550  -0.794  52.372 153.687
  -1.516  53.061 154.023  -2.291  52.735 152.816  -0.971  50.993 153.392  -2.136
  50.232 153.180  -1.385  50.776 154.342  -2.625  51.074 152.225  -3.234  50.083
 152.186  -3.686  51.655 152.607  -4.073  51.563 150.913  -2.692  51.074 150.614
  -1.861  51.327 150.219  -3.387  52.562 150.903  -2.542  53.217 156.806   0.874
  52.840 156.521   2.021  53.406 158.089   0.539  53.441 158.395  -0.422  53.583
 159.169   1.484  53.186 158.828   2.440  55.079 159.516   1.689  55.121 160.442
   2.263  55.859 158.371   2.370  55.973 157.509   1.712  56.831 158.816   2.584
  55.440 158.005   3.307  55.826 159.765   0.355  55.441 160.621  -0.199  56.871
 159.976   0.583  55.677 158.892  -0.281  52.703 160.447   1.263  52.596 160.863
   0.113  52.099 161.065   2.338  52.187 160.665   3.261  51.369 162.381   2.209
  51.015 162.413   1.178  50.026 162.394   2.980  49.385 161.786   2.341  50.074
 161.794   3.889  49.412 163.801   3.166  50.010 164.356   3.889  49.390 164.301
   2.198  47.923 163.642   3.647  47.388 162.558   3.904  47.233 164.767   3.713
  46.253 164.642   3.924  47.748 165.635   3.672  52.257 163.495   2.677  52.660
 163.441   3.841  52.587 164.549   1.893  52.195 164.452   0.967  53.581 165.558
   2.219  54.421 165.132   2.768  54.117 166.174   0.918  53.355 166.516   0.218
  54.935 167.380   1.250  55.700 167.212   2.008  55.450 167.646   0.327  54.301
 168.200   1.589  55.173 165.256   0.181  55.533 165.748  -0.723  56.055 165.112
   0.804  54.686 163.834  -0.197  53.759 163.967  -0.755  55.391 163.378  -0.892
  54.598 163.142   0.640  52.936 166.586   3.104  51.955 167.173   2.713  53.424
 166.804   4.351  54.285 166.372   4.656  52.806 167.797   5.229  51.737 167.651
   5.072  52.996 167.406   6.698  54.030 167.700   6.878  52.450 168.105   7.331
  52.784 165.953   7.080  53.511 165.346   6.542  52.898 165.555   8.502  52.028
 165.839   9.094  53.025 164.472   8.511  53.774 165.986   8.987  51.346 165.462
   6.781  51.437 165.119   5.750  51.064 164.614   7.405  50.658 166.300   6.892
  53.080 169.302   5.020  54.245 169.721   5.048  52.040 170.205   5.023  50.688
 169.836   4.583  50.197 169.024   5.119  50.726 169.820   3.494  49.910 171.133
   4.972  49.797 171.174   6.055  48.991 171.120   4.386  50.893 172.291   4.722
  50.744 173.206   5.295  50.887 172.511   3.654  52.229 171.614   5.118  52.996
 171.941   4.417  52.670 172.053   6.579  52.088 171.557   7.521  53.479 173.073
   6.679  53.738 173.544   5.825  53.500 173.940   7.834  53.638 173.280   8.690
  54.737 174.894   7.806  54.826 175.512   6.912  54.537 175.681   8.533  56.045
 174.124   8.048  56.038 173.343   7.288  56.890 174.703   7.675  56.233 173.638
   9.492  56.827 174.432  10.255  55.982 172.470   9.729  52.262 174.883   7.771
  52.046 175.663   6.793  51.670 174.894   8.916  52.124 174.269   9.567  50.443
 175.668   9.237  49.846 175.673   8.325  49.604 174.912  10.308  50.115 174.875
  11.271  48.703 175.511  10.438  49.143 173.473   9.855  48.636 173.467   8.891
  50.017 172.852   9.660  48.330 172.783  10.994  48.155 171.729  10.778  48.847
 172.837  11.952  47.036 173.586  11.143  46.373 173.339  10.422  46.711 174.423
  12.127  47.441 174.707  13.178  48.255 174.234  13.542  47.018 175.256  13.914
  45.571 175.075  12.101  44.925 174.880  11.349  45.530 175.973  12.561  50.892
 177.100   9.576  50.576 177.598  10.704  51.679 177.770   8.762  51.954 177.412
   7.859  52.256 179.117   8.915  53.008 179.133   9.704  53.046 179.450   7.607
  52.495 179.210   6.698  53.339 180.965   7.400  53.656 181.411   8.343  54.192
 180.991   6.722  52.463 181.516   7.056  54.335 178.609   7.543  54.165 177.567
   7.815  54.715 178.728   6.529  55.044 179.142   8.176  51.154 180.106   9.157
  50.487 180.640   8.218  50.929 180.344  10.433  51.407 179.763  11.107  50.077
 181.435  10.889  49.125 181.481  10.361  49.740 181.312  12.385  50.676 181.355
  12.942  49.184 182.180  12.741  48.840 180.117  12.734  49.353 179.266  12.286
  48.815 179.771  14.256  48.015 180.348  14.719  48.580 178.722  14.437  49.774
 180.065  14.685  47.371 180.332  12.330  47.311 180.455  11.249  46.830 179.472
  12.723  47.047 181.227  12.861  50.684 182.831  10.543  51.876 182.933  10.688
  49.856 183.866  10.284  48.443 183.763   9.914  47.885 183.078  10.551  48.435
 183.460   8.867  47.891 185.221   9.974  47.533 185.492  10.968  47.075 185.334
   9.261  49.143 186.027   9.596  49.093 187.044   9.986  49.253 186.095   8.513
  50.272 185.241  10.355  51.201 185.303   9.789  50.528 185.808  11.755  50.149
 185.109  12.764  51.011 187.039  11.881  51.284 187.569  11.066  51.261 187.695
  13.171  52.096 187.110  13.556  51.749 189.155  13.058  52.630 189.100  12.417
  50.962 189.727  12.567  52.126 189.721  14.311  52.452 190.619  14.221  49.979
 187.802  14.047  48.881 187.878  13.489  50.134 187.755  15.320  51.094 187.877
  15.612  49.084 187.464  16.347  48.645 186.499  16.094  49.692 187.331  17.758
  48.963 186.930  18.462  50.979 186.426  17.822  51.712 186.837  17.127  51.350
 186.381  18.846  50.730 185.406  17.532  50.095 188.676  18.021  50.492 188.642
  18.894  47.966 188.495  16.374  46.846 188.108  16.646  48.150 189.784  16.077
  49.121 190.028  15.943  47.188 190.885  16.184  46.327 190.617  16.796  47.875
 192.196  16.751  48.855 192.214  16.273  47.254 193.082  16.627  48.054 192.067
  18.291  48.819 191.334  18.547  48.391 193.022  18.695  46.597 191.779  19.402
  46.973 189.998  19.808  47.980 189.908  20.216  46.263 189.515  20.480  46.932
 189.436  18.875  46.432 191.294  14.883  45.499 192.099  14.901  46.735 190.552
  13.849  47.652 190.129  13.827  46.219 190.694  12.430  46.546 191.653  12.027
  46.837 189.589  11.519  46.615 189.862  10.487  47.905 189.464  11.697  46.269
 188.306  11.885  46.796 187.917  12.587  44.683 190.740  12.328  44.110 191.313
  11.380  44.006 190.039  13.308  44.665 189.582  13.923  42.524 189.765  13.378
  42.211 189.634  12.342  42.279 188.505  14.231  42.908 188.590  15.117  41.216
 188.356  14.419  42.641 187.667  13.635  41.802 190.952  13.943  40.636 191.168
  13.566  42.415 191.754  14.776  43.409 191.619  14.895  41.751 192.775  15.606
  40.706 192.841  15.302  41.809 192.335  17.080  41.682 191.253  17.039  43.070
 192.630  17.990  43.463 193.642  17.893  42.893 192.497  19.057  43.894 191.982
  17.691  40.585 192.802  17.928  39.601 192.613  17.499  40.509 192.197  18.831
  40.635 193.862  18.176  42.407 194.155  15.406  41.735 195.108  15.600  43.614
 194.341  14.888  44.091 193.504  14.587  44.284 195.671  14.757  44.078 196.205
  15.684  45.793 195.498  14.548  46.297 196.414  14.856  46.100 194.815  15.340
  46.298 194.900  13.268  45.795 193.975  12.987  45.980 195.547  12.451  47.730
 194.698  13.104  48.492 195.070  14.018  48.133 194.153  11.970  49.100 193.863
  11.939  47.457 193.912  11.259  43.647 196.721  13.775  44.352 197.491  13.187
  42.300 196.662  13.564  41.793 195.969  14.096  41.657 197.385  12.456  42.380
 197.448  11.642  40.430 196.548  11.937  39.714 196.305  12.722  39.878 197.217
  11.277  40.802 195.363  11.016  41.406 195.758  10.200  41.474 194.241  11.920
  40.942 194.121  12.863  41.359 193.215  11.571  42.550 194.385  12.017  39.556
 194.730  10.435  39.036 195.300   9.665  39.857 193.821   9.914  38.801 194.477
  11.179  41.339 198.881  12.834  40.246 199.388  12.776  42.412 199.641  13.286
  43.313 199.186  13.239  42.480 201.121  13.517  41.647 201.634  13.036  42.409
 201.350  15.033  42.527 202.421  15.197  41.404 201.159  15.408  43.440 200.667
  15.968  43.864 199.771  15.515  44.248 201.355  16.219  42.814 200.237  17.329
  42.978 199.145  17.798  42.159 201.195  17.969  41.792 200.886  18.858  41.858
 202.076  17.580  43.792 201.614  12.850  44.673 200.836  12.498  43.872 202.901
  12.614  43.035 203.454  12.725  44.979 203.630  11.912  45.126 203.236  10.907
  44.538 205.071  11.594  45.181 205.510  10.831  43.558 205.042  11.116  44.527
 205.869  12.736  44.762 206.717  12.353  46.411 203.553  12.613  47.383 203.978
  12.046  46.532 203.015  13.801  45.650 202.755  14.218  47.805 202.775  14.497
  48.542 203.560  14.330  47.587 202.678  16.020  46.658 202.125  16.161  48.355
 202.001  16.394  47.637 203.952  16.891  48.614 204.430  16.809  46.598 205.009
  16.414  45.613 204.549  16.486  46.799 205.935  16.953  46.706 205.289  15.366
  47.259 203.629  18.331  47.985 202.900  18.692  47.434 204.446  19.031  46.235
 203.258  18.310  48.579 201.515  13.925  49.776 201.308  14.201  47.910 200.780
  13.007  46.926 200.987  12.912  48.464 199.499  12.397  48.508 198.750  13.188
  47.556 199.010  11.239  48.105 198.309  10.609  46.820 198.322  11.655  46.889
 200.026  10.478  46.132 199.656  10.019  49.853 199.681  11.827  50.762 198.832
  11.989  50.109 200.933  11.307  49.349 201.598  11.295  51.269 201.372  10.607
  51.611 200.518  10.023  50.878 202.562   9.640  51.693 202.775   8.947  50.025
 202.306   9.012  50.548 203.799  10.387  49.753 203.594  11.104  51.370 204.250
  10.942  50.096 204.897   9.349  50.883 205.050   8.610  49.203 204.622   8.787
  49.729 206.124  10.062  48.973 206.065  10.730  50.325 207.307   9.972  51.268
 207.547   9.039  51.281 206.974   8.207  51.770 208.418   8.946  49.967 208.330
  10.693  49.220 208.333  11.373  50.516 209.178  10.693  52.386 201.727  11.560
  53.480 202.191  11.127  52.250 201.480  12.885  51.354 201.122  13.184  53.280
 201.696  13.896  53.823 202.595  13.605  52.687 201.888  15.264  52.099 201.027
  15.582  53.540 201.946  15.941  51.981 203.344  15.434  52.674 204.159  15.222
  51.120 203.366  14.765  51.503 203.560  16.853  50.889 204.458  16.921  50.901
 202.707  17.168  52.603 203.797  17.861  53.365 204.405  17.596  52.526 203.562
  19.151  51.545 202.830  19.622  50.745 202.607  19.047  51.538 202.615  20.609
  53.451 204.012  19.997  54.186 204.593  19.620  53.387 203.971  21.004  54.246
 200.476  13.843  53.917 199.239  13.727  55.536 200.783  13.552  55.720 201.776
  13.588  56.441 199.982  12.657  55.938 199.057  12.373  56.754 200.765  11.343
  56.104 201.637  11.270  57.802 201.066  11.328  56.582 199.916  10.085  57.051
 198.632   9.847  56.699 198.407   8.571  56.900 197.535   7.967  56.066 199.432
   8.053  55.713 199.502   7.109  55.963 200.423   8.961  55.440 201.366   8.896
  57.727 199.492  13.343  57.936 199.754  14.526  58.538 198.699  12.599  58.205
 198.506  11.665  59.723 197.896  13.090  59.532 197.475  14.077  59.937 196.761
  12.086  60.553 195.977  12.526  58.670 195.895  11.775  58.059 196.291  10.964
  59.011 194.901  11.486  58.059 195.695  12.655  60.727 197.273  10.807  60.130
 198.112  10.449  61.698 197.642  11.137  61.051 196.093   9.869  60.151 195.523
   9.640  61.496 196.540   8.979  61.775 195.427  10.339  60.980 198.851  13.251
  60.936 200.052  12.863  62.100 198.631  13.914  62.794 199.365  13.936  62.592
 197.437  14.637  63.534 197.788  15.058  61.735 197.064  15.850  60.835 196.627
  15.419  62.299 196.324  16.418  61.364 198.144  16.820  62.326 199.104  17.219
  63.246 199.212  16.664  62.087 199.851  18.366  62.891 200.503  18.673  60.902
 199.551  19.112  60.744 200.111  20.022  59.936 198.558  18.704  59.068 198.351
  19.311  60.190 197.908  17.514  59.489 197.220  17.066  63.192 196.256  13.667
  63.949 196.650  12.734  62.934 194.910  13.890  61.899 194.252  14.600  61.048
 194.662  14.055  61.897 194.462  15.669  62.048 192.780  14.381  61.098 192.269
  14.224  62.600 192.401  15.241  62.904 192.631  13.133  62.329 192.852  12.233
  63.452 191.688  13.116  63.822 193.815  13.382  64.514 193.568  14.187  64.593
 194.058  12.124  64.053 194.207  11.003  65.916 194.199  12.178  66.337 194.500
  11.310  66.944 193.947  13.261  67.891 194.228  12.801  66.980 192.412  13.666
  67.746 192.279  14.431  66.071 192.250  14.245  67.060 191.515  12.538  67.573
 190.730  12.745  66.906 194.882  14.488  65.869 195.219  15.090  68.132 195.372
  14.957  68.963 194.827  14.776  68.287 196.648  15.786  67.285 197.060  15.902
  68.660 196.370  17.237  68.077 195.530  17.614  69.707 196.092  17.365  68.364
 197.517  17.978  69.145 198.070  18.053  69.200 197.760  15.289  68.693 198.897
  15.353  70.409 197.602  14.692  70.808 198.491  14.427  71.211 196.373  14.271
  72.121 196.914  14.011  70.559 195.782  12.970  69.770 195.082  13.245  70.115
 196.518  12.299  71.613 195.067  12.084  72.239 194.407  12.686  71.140 194.354
  11.409  72.445 196.075  11.263  72.735 196.921  11.886  73.378 195.680  10.862
  71.630 196.430   9.943  70.571 196.194  10.044  71.608 197.518   9.897  72.258
 195.787   8.722  72.281 194.780   8.800  71.726 195.977   7.884  73.180 196.130
   8.495  71.611 195.236  15.273  70.683 194.619  15.863  72.897 194.824  15.398
  73.225 193.566  16.023  72.749 192.727  15.514  73.155 193.574  17.110  74.692
 193.372  15.722  74.963 192.399  15.313  75.283 193.417  16.636  75.162 194.450
  14.776  76.217 194.708  14.873  75.135 194.037  13.768  74.175 195.599  15.015
  73.909 196.184  14.135  74.645 196.530  16.220  74.394 196.322  17.385  75.323
 197.673  15.901  75.575 197.771  14.928  75.795 198.818  16.695  76.437 199.264
  15.935  74.656 199.849  16.886  74.262 200.140  15.912  73.761 199.446  17.360
  75.153 201.054  17.691  75.181 200.730  18.731  76.171 201.306  17.396  74.313
 202.300  17.713  73.252 202.052  17.732  74.404 202.738  18.706  74.499 203.331
  16.613  75.543 203.621  16.492  74.079 202.948  15.683  73.685 204.551  16.988
  73.765 204.771  17.970  74.067 205.348  16.499  72.747 204.469  16.623  76.725
 198.430  17.872  78.002 198.493  17.740  76.163 198.107  19.064  75.206 197.783
  19.055  76.820 198.057  20.331  77.595 198.823  20.320  76.019 198.380  21.589
  76.296 197.791  22.464  76.351 199.809  22.059  76.301 200.541  21.253  75.700
 200.079  22.891  77.384 199.677  22.378  74.470 198.252  21.303  74.175 197.261
  20.958  73.974 198.428  22.258  74.179 199.083  20.660  77.545 196.728  20.468
  78.288 196.460  21.378  77.227 195.705  19.638  76.799 195.911  18.746  77.623
 194.349  19.885  77.157 193.835  19.044  79.157 194.087  19.721  79.702 194.026
  20.662  79.275 193.048  19.413  79.917 194.863  18.725  81.039 195.542  18.979
  81.372 195.729  19.989  81.721 195.902  17.857  82.659 196.272  17.916  81.127
 195.412  16.751  81.411 195.454  15.396  82.293 195.952  15.021  80.624 194.766
  14.472  80.820 194.667  13.415  79.526 193.965  14.952  78.870 193.498  14.233
  79.313 193.840  16.378  78.474 193.389  16.887  80.016 194.677  17.269  76.993
 193.735  21.147  75.918 194.249  21.534  77.590 192.685  21.734  78.515 192.523
  21.362  77.249 191.884  22.892  78.082 191.202  23.065  76.040 190.886  22.623
  76.089 190.164  23.439  75.161 191.503  22.806  76.033 190.162  21.235  75.342
 190.738  20.619  77.041 190.237  20.829  75.664 188.696  21.278  76.326 187.820
  21.840  74.556 188.247  20.769  74.321 187.329  21.120  73.887 188.750  20.204
  77.083 192.640  24.264  77.552 193.794  24.429  76.629 191.918  25.307  76.448
 190.935  25.159  76.307 192.270  26.696  75.785 191.425  27.146  77.594 192.508
  27.471  78.174 193.401  27.238  77.269 192.685  28.496  78.620 191.375  27.568
  79.592 191.507  26.770  78.588 190.479  28.454  75.437 193.566  26.912  75.711
 194.667  26.361  74.555 193.492  27.938  74.315 192.550  28.211  73.639 194.601
  28.407  72.739 194.125  28.796  74.341 195.357  29.590  73.735 196.175  29.979
  74.294 194.584  30.357  75.832 195.702  29.542  76.228 195.777  30.554  76.411
 194.880  29.121  76.313 197.021  28.923  75.664 197.874  29.118  77.158 197.345
  29.532  76.849 196.898  27.536  76.419 196.192  26.957  77.827 197.630  26.983
  78.458 198.583  27.621  78.195 198.791  28.574  79.146 199.132  27.126  78.180
 197.280  25.792  79.129 197.485  25.513  77.777 196.426  25.433  73.003 195.495
  27.362  72.836 195.003  26.234  72.653 196.726  27.646  72.846 197.088  28.569
  72.023 197.718  26.726  71.688 198.540  27.358  73.094 198.178  25.751  73.395
 197.352  25.106  72.841 199.065  25.170  74.004 198.418  26.301  70.632 197.371
  26.045  69.703 198.247  25.926  70.393 196.151  25.560  71.207 195.555  25.502
  69.134 195.591  24.998  68.678 196.269  24.277  69.504 194.401  23.997  68.567
 194.178  23.488  70.129 194.774  23.185  69.988 193.115  24.660  69.182 192.212
  25.407  68.152 192.379  25.687  69.711 191.031  25.942  69.152 190.375  26.592
  70.965 190.624  25.535  71.432 189.672  25.739  71.790 191.509  24.801  72.844
 191.273  24.770  71.326 192.779  24.441  72.021 193.450  23.958  68.054 195.240
  26.100  66.894 195.183  25.760  68.497 195.127  27.399  69.502 195.218  27.445
  67.670 194.720  28.560  67.433 193.656  28.556  68.384 195.070  29.909  68.964
 195.989  29.827  67.658 195.285  30.694  69.241 193.837  30.398  68.567 192.996
  30.562  69.890 193.429  29.623  70.112 194.269  31.628  70.931 193.550  31.603
  70.458 195.282  31.424  69.412 194.182  32.882  68.691 193.476  32.907  69.669
 194.873  33.994  70.876 195.320  34.165  71.662 194.817  33.778  71.043 195.796
  35.040  68.713 195.082  34.849  67.772 194.748  34.695  68.925 195.652  35.655
  66.242 195.409  28.599  65.223 194.740  28.889  66.209 196.703  28.271  67.141
 197.085  28.201  65.121 197.600  28.254  64.423 197.440  29.075  65.629 199.005
  28.489  66.566 199.188  27.965  64.858 199.726  28.218  65.759 199.198  29.983
  64.749 199.320  30.374  66.159 198.346  30.533  66.504 200.468  30.289  66.203
 201.533  29.770  67.394 200.541  31.223  67.864 201.423  31.372  67.659 199.622
  31.549  64.283 197.512  26.994  63.069 197.672  27.030  64.960 197.285  25.847
  65.934 197.039  25.955  64.312 197.343  24.502  63.855 198.319  24.338  65.387
 197.186  23.451  66.125 197.984  23.524  65.955 196.281  23.669  64.841 197.022
  22.109  64.057 197.913  21.468  63.904 198.912  21.847  63.498 197.420  20.300
  62.880 197.940  19.694  64.070 196.145  20.021  64.116 195.304  18.942  63.570
 195.388  18.014  64.765 194.037  19.050  64.728 193.420  18.164  65.452 193.681
  20.213  66.005 192.753  20.231  65.537 194.578  21.330  66.203 194.342  22.146
  64.858 195.853  21.197  63.197 196.354  24.389  62.154 196.803  23.947  63.286
 195.152  24.974  64.142 194.871  25.429  62.133 194.256  24.804  61.809 194.397
  23.773  62.579 192.795  25.113  62.945 192.765  26.139  61.682 192.176  25.121
  63.536 192.145  24.127  64.898 192.334  24.077  65.494 193.031  24.649  65.425
 191.656  22.968  66.399 191.632  22.702  64.408 190.954  22.377  64.474 190.189
  21.180  65.393 189.966  20.658  63.316 189.745  20.533  63.362 189.113  19.658
  62.073 190.094  21.136  61.118 189.891  20.674  62.048 190.858  22.315  61.093
 191.152  22.725  63.205 191.287  22.984  60.870 194.693  25.568  59.776 194.304
  25.211  60.990 195.551  26.618  61.891 196.005  26.668  59.850 196.045  27.339
  59.213 195.182  27.534  60.191 196.708  28.693  61.056 197.360  28.566  59.347
 197.354  28.934  60.252 195.562  29.702  59.313 195.020  29.816  61.009 194.864
  29.344  60.806 195.998  31.077  61.398 197.055  31.261  60.501 195.232  32.110
  60.677 195.523  33.061  60.000 194.373  31.930  59.138 197.040  26.463  57.922
 196.837  26.233  59.918 197.971  25.827  60.921 197.990  25.941  59.431 198.906
  24.849  58.590 199.509  25.192  60.569 199.844  24.501  61.156 199.931  25.415
  61.179 199.468  23.679  60.190 201.255  24.147  59.441 201.307  23.357  59.736
 201.769  24.995  61.449 202.080  23.754  62.241 202.040  24.503  61.736 201.703
  22.772  61.221 203.591  23.622  62.110 204.074  23.215  60.368 203.757  22.964
  61.075 204.339  24.858  61.786 204.099  25.534  61.170 205.341  24.775  60.226
 204.113  25.356  58.712 198.267  23.629  57.658 198.618  23.115  59.288 197.168
  23.229  60.236 197.059  23.560  58.788 196.292  22.141  58.554 196.882  21.255
  59.868 195.190  21.833  60.842 195.678  21.790  59.878 194.543  22.710  59.581
 194.411  20.625  60.076 194.896  19.420  60.591 195.844  19.473  59.963 194.136
  18.229  60.355 194.454  17.274  59.503 192.810  18.274  59.617 191.906  17.184
  59.804 192.364  16.361  58.935 192.343  19.515  58.445 191.385  19.606  58.896
 193.144  20.655  58.402 192.769  21.539  57.355 195.625  22.377  56.361 195.896
  21.660  57.318 194.795  23.450  58.185 194.598  23.930  56.131 194.139  24.020
  55.670 193.537  23.237  56.495 193.228  25.238  57.116 192.435  24.820  57.069
 193.793  25.972  55.309 192.687  25.967  54.694 193.484  26.385  54.708 192.148
  25.234  55.780 191.818  27.165  56.531 190.833  27.040  55.343 192.101  28.377
  55.627 191.670  29.245  54.642 192.826  28.441  54.967 195.099  24.324  53.761
 194.765  24.260  55.295 196.364  24.614  56.244 196.498  24.934  54.340 197.506
  24.881  53.461 197.117  25.395  55.069 198.622  25.694  55.371 198.069  26.583
  55.960 199.009  25.200  54.209 199.712  26.329  53.666 200.213  25.528  53.508
 199.150  26.945  55.003 200.692  27.185  55.730 200.110  27.752  55.582 201.339
  26.526  54.234 201.699  28.061  53.693 202.281  27.315  53.524 201.162  28.690
  55.061 202.657  28.759  55.610 203.243  28.148  54.579 203.219  29.446  55.776
 202.188  29.296  53.704 197.988  23.578  52.498 198.018  23.398  54.571 198.279
  22.580  55.552 198.215  22.815  54.202 198.843  21.247  53.575 199.716  21.428
  55.506 199.321  20.557  56.034 199.992  21.235  56.129 198.444  20.383  55.191
 199.977  19.185  54.620 199.303  18.546  54.725 200.959  19.267  56.496 200.235
  18.360  57.210 199.412  18.364  56.245 200.480  17.328  57.226 201.422  18.853
  57.083 201.752  19.797  58.286 201.959  18.252  58.580 201.645  17.023  57.882
 201.176  16.464  59.426 201.954  16.565  59.074 202.725  18.932  58.717 203.282
  19.696  59.937 202.926  18.448  53.475 197.833  20.355  52.277 197.992  20.089
  54.159 196.751  19.918  55.097 196.642  20.274  53.665 195.667  19.054  53.393
 196.176  18.130  54.787 194.568  18.873  55.642 195.045  18.394  55.114 194.164
  19.832  54.363 193.444  17.896  53.530 192.954  18.400  54.055 194.055  17.048
  55.501 192.514  17.558  56.406 193.057  17.284  55.746 191.857  18.392  55.083
 191.719  16.288  55.778 190.895  16.130  54.063 191.419  16.526  55.098 192.593
  15.091  55.988 193.071  15.104  55.059 192.103  14.209  54.319 193.233  15.146
  52.326 195.068  19.504  51.403 195.010  18.691  52.151 194.633  20.744  52.909
 194.765  21.398  50.857 194.017  21.230  50.289 193.567  20.416  51.139 192.833
  22.133  51.388 193.217  23.122  50.197 192.320  22.326  52.242 191.913  21.677
  52.121 191.182  20.488  51.193 191.194  19.935  53.200 190.410  20.052  53.083
 189.823  19.153  54.352 190.310  20.788  55.143 189.731  20.334  54.412 190.923
  22.055  55.223 190.753  22.748  53.384 191.754  22.487  53.553 192.343  23.377
  49.894 195.070  21.887  49.082 194.748  22.760  49.939 196.338  21.503  50.651
 196.539  20.816  49.107 197.364  22.126  49.293 197.427  23.198  49.486 198.745
  21.520  50.552 198.855  21.717  49.149 198.680  20.485  48.749 199.877  22.204
  48.797 200.302  23.558  47.866 201.296  23.636  47.576 201.726  24.583  47.319
 201.511  22.387  46.627 202.204  22.143  47.778 200.578  21.516  47.477 200.375
  20.499  47.535 197.100  21.851  46.682 197.492  22.630  47.183 196.381  20.784
  47.886 196.122  20.106  45.804 196.040  20.503  45.179 196.929  20.586  45.509
 195.678  19.006  45.889 194.683  18.772  44.444 195.868  18.874  46.322 196.845
  17.905  47.499 196.245  17.704  45.209 195.001  21.516  43.994 194.927  21.638
  46.063 194.351  22.299  47.006 194.713  22.310  45.757 193.120  23.163  45.341
 192.264  22.632  47.012 192.627  23.856  47.270 193.264  24.702  46.820 191.621
  24.230  47.804 192.553  23.110  44.717 193.438  24.271  44.137 192.501  24.795
  44.475 194.746  24.617  44.972 195.457  24.100  43.482 195.213  25.588  43.802
 194.797  26.543  43.641 196.695  25.777  42.937 197.011  26.547  44.691 196.909
  25.976  43.409 197.342  24.464  44.037 198.067  24.465  42.022 194.954  25.187
  41.187 194.770  26.048  41.777 194.788  23.874  42.461 195.167  23.235  40.434
 194.400  23.307  39.671 194.989  23.816  40.329 194.844  21.801  41.062 194.256
  21.249  39.369 194.620  21.336  40.657 196.292  21.478  41.634 196.545  21.888
  40.775 196.437  19.979  39.904 196.103  19.416  40.966 197.492  19.782  41.631
 195.870  19.612  39.584 197.221  22.065  39.306 196.898  23.068  39.851 198.264
  21.896  38.705 197.054  21.443  40.086 192.885  23.529  39.052 192.442  22.988
  40.825 192.090  24.254  41.557 192.544  24.781  40.502 190.689  24.615  39.447
 190.559  24.376  41.339 189.629  23.784  40.988 188.605  23.913  41.164 189.939
  22.273  41.792 190.779  21.977  41.440 189.120  21.608  40.105 190.136  22.106
  42.714 189.597  23.976  43.070 188.999  23.315  40.709 190.454  26.116  41.184
 191.351  26.867  40.296 189.284  26.613  39.958 188.659  25.895  40.394 188.776
  28.019  39.961 189.545  28.659  39.423 187.558  28.041  39.589 186.907  28.899
  38.370 187.811  28.169  39.578 186.656  27.003  39.149 185.815  27.182  41.788
 188.384  28.545  41.956 188.046  29.728  42.795 188.328  27.685  42.591 188.482
  26.708  44.169 187.880  27.881  44.231 187.235  28.757  44.569 187.010  26.708
  44.537 187.653  25.829  45.599 186.674  26.828  43.670 185.780  26.602  42.966
 185.283  25.606  42.907 185.751  24.634  42.413 184.064  25.973  41.704 183.602
  25.422  42.771 183.705  27.264  42.524 182.561  27.994  41.906 181.763  27.608
  43.179 182.414  29.215  43.116 181.513  29.808  44.072 183.399  29.614  44.696
 183.200  30.473  44.242 184.588  28.892  44.943 185.349  29.201  43.567 184.787
  27.684  45.132 189.116  28.013  44.992 190.175  27.393  46.251 188.988  28.757
  46.467 187.783  29.578  46.646 186.944  28.905  45.628 187.651  30.261  47.707
 188.069  30.399  48.474 187.344  30.128  47.502 188.070  31.469  48.097 189.513
  30.137  49.142 189.764  29.955  47.855 190.079  31.037  47.355 189.910  28.876
  46.969 190.928  28.935  48.200 189.840  27.650  48.431 188.764  27.075  48.772
 190.969  27.163  48.483 192.362  27.613  48.649 192.541  28.675  47.525 192.729
  27.243  49.579 193.217  26.994  50.432 193.293  27.669  49.096 194.185  26.867
  49.979 192.551  25.731  51.065 192.625  25.675  49.466 192.929  24.846  49.609
 191.003  26.009  49.038 190.596  25.174  50.827 190.147  26.166  51.370 189.668
  25.162  51.335 189.860  27.376  50.887 190.264  28.186  52.435 188.804  27.591
  53.263 189.055  26.928  53.018 188.853  29.018  53.515 187.885  29.083  53.754
 189.646  29.145  52.101 188.858  30.180  51.837 189.984  30.887  52.312 190.935
  30.694  51.032 189.643  31.914  50.642 190.325  32.548  50.817 188.258  31.996
  50.096 187.457  32.878  49.539 187.994  33.632  49.909 186.128  32.547  49.448
 185.411  33.210  50.650 185.596  31.443  50.579 184.521  31.359  51.394 186.367
  30.548  52.008 185.948  29.765  51.424 187.773  30.808  52.045 187.362  27.243
  52.941 186.518  27.058  50.782 187.124  27.009  50.117 187.877  27.118  50.397
 185.866  26.419  50.832 185.056  27.005  48.874 185.590  26.427  48.485 185.729
  27.436  48.332 186.379  25.904  48.348 184.245  25.852  48.831 184.161  24.879
  48.728 182.982  26.661  48.229 183.014  27.629  48.340 182.140  26.087  49.808
 182.840  26.693  46.897 184.197  25.528  46.600 185.056  24.927  46.667 183.219
  25.105  46.387 184.171  26.491  50.919 185.587  24.992  51.413 184.517  24.632
  50.793 186.666  24.201  50.410 187.467  24.683  51.156 186.708  22.735  50.743
 185.807  22.282  50.487 187.875  22.055  50.842 188.744  22.610  50.914 187.941
  21.054  49.002 187.884  22.103  48.282 186.932  21.419  48.782 186.304  20.697
  46.912 186.753  21.696  46.445 185.878  21.268  46.198 187.600  22.618  44.874
 187.516  22.781  44.455 187.066  22.045  46.918 188.621  23.278  46.446 189.356
  23.913  48.311 188.743  23.006  48.805 189.647  23.332  52.700 186.775  22.565
  53.207 186.125  21.629  53.412 187.283  23.567  52.899 187.701  24.330  54.888
 187.132  23.674  55.379 187.611  22.828  55.338 187.733  25.012  54.979 187.149
  25.859  56.414 187.590  24.915  55.066 189.090  25.028  55.539 189.521  25.744
  55.282 185.636  23.784  56.374 185.339  23.361  54.374 184.765  24.244  53.443
 185.152  24.293  54.557 183.315  24.227  55.638 183.184  24.175  54.240 182.778
  25.666  53.197 183.007  25.885  54.326 181.692  25.636  55.071 183.270  26.829
  55.095 184.344  27.011  54.427 182.608  28.069  54.446 181.523  27.965  55.081
 182.708  28.935  53.410 182.965  28.228  56.481 182.686  26.761  57.051 183.116
  25.938  56.988 183.010  27.671  56.473 181.596  26.793  53.975 182.548  23.023
  54.064 181.316  22.984  53.519 183.228  21.970  53.256 184.190  22.130  53.174
 182.594  20.631  53.458 181.544  20.566  51.628 182.628  20.599  51.347 183.638
  20.896  51.303 182.442  19.575  50.853 181.592  21.361  49.814 182.085  22.188
  49.683 183.146  22.343  48.845 181.253  22.771  48.064 181.478  23.482  48.980
 179.820  22.574  48.014 179.043  23.158  47.586 179.495  23.888  49.990 179.310
  21.716  50.030 178.293  21.355  50.981 180.189  21.121  51.667 179.767  20.401
  53.882 183.288  19.419  53.832 182.805  18.299  54.472 184.420  19.706  54.490
 184.819  20.634  55.248 185.139  18.745  54.665 185.320  17.842  55.642 186.560
  19.296  54.780 187.226  19.286  56.021 186.450  20.312  56.833 187.113  18.490
  56.738 187.053  17.220  57.761 187.752  19.073  56.600 184.456  18.379  57.484
 184.303  19.237  56.862 184.315  17.076  56.166 184.705  16.456  58.076 183.687
  16.542  58.255 182.705  16.981  57.920 183.483  15.034  57.979 184.512  14.680
  58.738 182.924  14.579  56.987 182.973  14.797  59.410 184.472  16.853  60.416
 183.875  17.231  59.323 185.821  16.902  58.486 186.335  16.667  60.570 186.659
  17.146  61.391 186.150  16.641  60.316 188.068  16.703  59.529 188.503  17.320
  61.201 188.681  16.875  59.893 188.179  15.254  59.004 187.583  15.048  59.690
 189.237  15.091  60.993 187.798  14.271  62.191 187.777  14.560  60.689 187.586
  13.068  60.988 186.620  18.622  62.167 186.744  18.913  60.020 186.392  19.558
  59.061 186.390  19.239  60.337 186.432  20.948  61.047 187.208  21.233  59.063
 186.786  21.727  58.231 186.124  21.486  59.239 186.672  23.199  59.959 187.413
  23.548  58.372 187.132  23.672  59.562 185.699  23.569  58.614 188.052  21.390
  58.297 187.954  20.488  60.866 185.014  21.263  61.731 184.817  22.136  60.274
 184.008  20.612  59.644 184.322  19.887  60.550 182.584  20.729  60.625 182.305
  21.780  59.398 181.829  20.048  59.148 182.181  19.047  59.765 180.819  19.868
  58.038 181.735  20.847  57.789 182.783  21.007  56.942 181.081  20.062  57.336
 180.071  19.942  56.096 181.192  20.739  56.717 181.527  19.093  58.104 181.012
  22.199  58.983 181.369  22.736  57.228 181.316  22.773  58.043 179.930  22.089
  61.934 182.222  20.254  62.716 181.501  20.910  62.281 182.751  19.089  61.506
 183.217  18.639  63.677 182.828  18.582  64.094 181.822  18.542  63.700 183.329
  17.154  63.232 184.311  17.089  64.764 183.474  16.968  63.024 182.442  16.101
  63.498 181.464  16.189  61.959 182.339  16.306  63.138 183.125  14.376  64.937
 183.017  14.065  65.110 183.018  12.989  65.412 183.862  14.564  65.314 182.103
  14.522  64.670 183.573  19.447  65.823 183.103  19.465  64.315 184.718  20.090
  63.404 185.124  19.930  65.309 185.377  20.960  66.212 185.525  20.370  64.780
 186.719  21.423  64.802 187.453  20.618  63.755 186.659  21.787  65.664 187.323
  22.514  65.233 188.247  22.900  65.602 186.589  23.317  67.118 187.655  22.189
  67.457 187.782  20.996  67.974 187.613  23.100  65.671 184.487  22.202  66.806
 184.444  22.648  64.719 183.748  22.776  63.794 183.792  22.372  64.915 182.747
  23.828  65.476 183.171  24.661  63.586 182.245  24.354  62.963 181.855  23.549
  63.771 181.495  25.123  62.886 183.390  25.059  63.575 183.931  25.708  62.565
 184.158  24.355  61.552 183.033  25.756  61.079 183.963  26.072  60.869 182.620
  25.013  61.745 182.126  26.902  62.478 182.376  27.550  60.793 181.283  27.315
  59.700 180.996  26.633  59.267 181.740  26.104  58.980 180.392  27.003  61.000
 180.740  28.474  61.650 181.145  29.132  60.346 180.008  28.714  65.666 181.544
  23.352  66.504 181.105  24.137  65.499 181.021  22.147  64.668 181.254  21.623
  66.421 179.995  21.602  66.594 179.201  22.328  65.791 179.375  20.366  65.651
 180.108  19.572  66.747 178.268  19.876  67.171 177.615  20.639  66.200 177.704
  19.120  67.612 178.729  19.399  64.414 178.674  20.731  63.720 179.398  21.158
  64.009 178.229  19.823  64.591 177.947  21.524  67.811 180.551  21.385  68.742
 179.895  21.847  67.999 181.762  20.770  67.152 182.255  20.523  69.377 182.361
  20.635  69.992 181.598  20.158  69.335 183.653  19.731  68.640 184.386  20.140
  70.300 184.141  19.873  69.140 183.456  18.226  69.901 182.724  17.953  68.181
 183.007  17.968  69.379 184.810  17.567  68.788 185.578  18.067  70.461 184.885
  17.674  69.006 184.866  16.066  69.494 184.024  15.574  67.922 184.755  16.043
  69.509 186.134  15.532  70.502 186.179  15.714  69.296 186.232  14.550  69.078
 186.945  15.952  70.043 182.671  21.947  71.251 182.404  22.033  69.306 182.958
  23.031  68.344 183.232  22.892  69.818 182.991  24.423  70.646 183.700  24.421
  68.864 183.729  25.375  68.539 184.585  24.784  68.010 183.082  25.577  69.485
 184.173  26.713  69.487 183.261  27.309  70.479 184.532  26.446  68.786 185.249
  27.445  69.354 185.389  28.364  68.774 186.181  26.879  67.328 184.916  27.843
  67.241 184.306  28.643  66.194 185.419  27.374  66.227 186.081  26.286  67.120
 186.366  25.911  65.467 186.572  25.837  65.077 185.231  28.002  65.078 184.830
  28.929  64.164 185.479  27.648  70.465 181.728  25.008  71.344 181.845  25.882
  70.074 180.521  24.534  69.294 180.535  23.894  70.773 179.230  24.710  71.258
 179.280  25.685  69.683 178.095  24.670  68.881 178.407  25.338  69.300 177.995
  23.654  69.965 176.735  25.130  68.987 176.261  25.211  70.631 176.266  24.406
  70.620 176.746  26.505  69.960 176.618  27.483  71.922 176.874  26.649  72.401
 176.785  27.534  72.512 176.998  25.839  71.976 179.012  23.726  72.984 178.537
  24.214  71.868 179.267  22.422  70.977 179.618  22.102  72.956 179.032  21.432
  73.301 178.019  21.636  72.557 179.303  19.983  72.137 180.308  20.013  73.408
 179.308  19.303  71.493 178.386  19.320  70.584 178.439  19.918  71.174 178.830
  17.873  72.107 179.053  17.356  70.603 178.046  17.376  70.556 179.726  17.929
  71.894 176.860  19.371  71.880 176.576  20.423  71.235 176.320  18.691  72.925
 176.789  19.024  74.197 179.906  21.712  75.357 179.454  21.643  73.985 181.227
  22.090  73.066 181.631  22.201  75.106 182.111  22.409  75.788 182.161  21.559
  74.551 183.529  22.485  73.532 183.531  22.872  75.150 184.160  23.143  74.476
 184.181  21.120  75.624 184.321  20.319  75.236 185.074  19.267  75.921 185.409
  18.503  73.913 185.239  19.292  73.278 185.593  18.591  73.409 184.677  20.447
  72.390 184.716  20.803  75.861 181.706  23.741  76.886 182.246  24.095  75.328
 180.733  24.486  74.465 180.342  24.137  76.048 180.128  25.627  76.893 180.728
  25.965  75.143 179.954  26.861  74.211 179.503  26.519  75.629 179.287  27.573
  74.743 181.262  27.532  74.292 181.857  26.738  73.936 181.104  28.248  75.931
 181.968  28.190  76.361 183.115  27.780  76.420 181.458  29.225  76.760 178.727
  25.356  77.770 178.341  25.879  76.225 178.016  24.333  75.385 178.408  23.931
  76.764 176.823  23.663  77.341 176.259  24.396  75.589 175.828  23.300  74.814
 176.370  22.759  75.946 175.050  22.625  74.837 175.127  24.359  75.173 174.945
  25.677  76.097 175.232  26.157  74.286 174.162  26.349  74.393 173.932  27.326
  73.280 173.755  25.528  72.159 172.920  25.750  72.060 172.382  26.681  71.304
 172.525  24.684  70.592 171.716  24.763  71.740 172.965  23.394  71.132 172.617
  22.572  72.919 173.763  23.164  73.163 174.105  22.169  73.645 174.209  24.239
  77.712 177.117  22.476  78.370 176.206  21.981  77.846 178.389  22.087  77.172
 179.053  22.439  79.052 179.004  21.426  79.999 178.526  21.677  78.894 178.814
  19.901  78.690 177.794  19.577  78.081 179.457  19.565  80.182 179.419  19.226
  81.258 179.716  19.809  80.153 179.522  17.950  79.155 180.569  21.852  78.563
 181.412  21.174  79.977 180.887  22.837  80.500 180.179  23.332  80.186 182.234
  23.292  79.206 182.643  23.540  80.869 182.293  24.695  81.903 182.041  24.463
  80.726 183.314  25.050  80.341 181.334  25.791  80.587 181.841  26.724  79.264
 181.167  25.750  81.237 180.029  25.848  81.677 179.671  24.749  81.422 179.391
  26.900  80.954 183.173  22.308  80.842 184.384  22.524  81.549 182.596  21.238
  81.430 181.596  21.169  82.117 183.376  20.076  82.289 184.350  20.534  83.463
 182.700  19.657  83.405 181.701  19.225  83.965 183.378  18.967  84.304 182.487
  20.815  84.514 181.415  21.316  84.973 183.521  21.308  85.472 183.325  22.163
  84.883 184.461  20.951  81.217 183.540  18.818  81.651 184.042  17.786  79.959
 183.108  18.795  79.702 182.629  19.646  79.136 182.939  17.601  79.675 182.312
  16.891  77.871 182.178  17.864  78.234 181.291  18.383  77.260 182.756  18.558
  76.966 181.845  16.570  77.596 181.967  15.689  76.461 180.419  16.621  76.122
 180.157  17.623  75.698 180.262  15.859  77.290 179.758  16.368  75.716 182.756
  16.605  75.980 183.813  16.593  75.166 182.489  15.702  75.080 182.547  17.465
  78.744 184.219  16.823  78.013 185.034  17.357  79.160 184.402  15.538  79.716
 183.661  15.138  78.580 185.468  14.679  78.445 186.381  15.258  79.611 185.761
  13.568  79.853 184.895  12.950  79.181 186.558  12.961  80.989 186.223  14.083
  80.937 187.001  14.844  81.412 185.308  14.498  82.001 186.599  12.916  83.020
 186.829  13.229  82.118 185.688  12.328  81.514 187.745  12.006  82.299 187.830
  11.254  80.527 187.622  11.559  81.430 189.065  12.703  82.363 189.212  13.060
  81.259 189.855  12.098  80.754 189.034  13.453  77.215 185.091  14.173  77.045
 183.963  13.697  76.210 185.972  14.289  76.372 186.897  14.660  74.846 185.558
  13.993  74.547 184.807  14.724  73.926 186.736  14.215  74.408 187.696  14.030
  73.058 186.780  13.557  73.348 186.880  15.666  74.117 186.749  16.663  72.106
 186.943  15.848  74.597 185.123  12.533  73.650 184.376  12.348  75.417 185.577
  11.496  76.172 186.229  11.650  75.077 185.159  10.074  74.044 185.498   9.993
  75.870 186.056   9.161  76.932 185.936   9.377  75.714 185.635   8.168  75.707
 187.649   9.193  76.314 188.016  10.021  76.234 187.979   8.298  74.251 188.134
   9.193  73.372 187.571   8.545  73.902 189.159   9.816  75.251 183.636   9.762
  74.724 183.208   8.757  75.896 182.824  10.587  76.343 183.191  11.415  76.008
 181.324  10.380  76.461 181.158   9.403  76.812 180.651  11.460  76.894 179.599
  11.185  77.840 181.011  11.418  76.197 180.810  12.702  76.862 180.760  13.392
  74.643 180.546  10.463  74.563 179.341  10.115  73.526 181.187  10.877  73.672
 182.178  11.005  72.112 180.749  11.014  72.133 179.714  10.671  71.764 180.853
  12.606  71.460 181.889  12.757  70.961 180.183  12.913  72.903 180.715  13.687
  73.795 181.241  13.346  72.379 181.362  14.992  71.473 180.847  15.314  73.145
 181.264  15.761  72.277 182.431  14.807  73.189 179.256  14.045  73.448 178.740
  13.120  74.009 179.224  14.762  72.233 178.859  14.386  70.994 181.382  10.209
  71.094 182.558   9.794  69.840 180.675  10.006  69.602 179.282  10.260  69.115
 179.121  11.222  70.480 178.684  10.016  68.657 178.792   9.135  68.184 177.838
   9.371  69.259 178.718   8.229  67.736 180.034   9.108  67.061 180.034   9.964
  67.202 180.056   8.158  68.688 181.204   9.304  69.118 181.561   8.368  68.030
 182.379  10.026  67.916 182.177  11.297  67.434 183.411   9.357  67.587 183.429
   8.359  66.434 184.287  10.044  66.666 184.307  11.109  66.370 185.683   9.451
  65.552 186.107  10.033  67.598 186.447   9.753  68.340 185.903   9.168  67.538
 187.490   9.443  67.831 186.427  10.818  66.120 185.546   8.110  66.291 186.374
   7.656  64.985 183.690   9.888  64.180 183.955  10.837  64.708 182.892   8.860
  65.425 182.798   8.155  63.384 182.356   8.602  62.761 183.246   8.517  63.312
 181.685   7.149  63.497 182.378   6.329  64.199 181.051   7.176  62.099 180.777
   6.866  61.059 180.957   7.445  62.213 179.858   5.893  61.396 179.343   5.597
  63.154 179.662   5.580  62.979 181.299   9.724  63.614 180.256   9.766  61.911
 181.513  10.526  60.944 182.664  10.304  60.578 182.585   9.280  61.494 183.589
  10.472  59.835 182.499  11.327  58.936 182.108  10.851  59.693 183.512  11.704
  60.421 181.431  12.302  59.612 180.829  12.716  60.829 182.045  13.105  61.499
 180.678  11.622  62.316 180.561  12.334  61.139 179.217  11.310  61.380 178.375
  12.181  60.683 178.850  10.055  60.578 179.555   9.340  60.661 177.501   9.530
  60.001 176.956  10.205  59.878 177.443   8.185  60.539 177.889   7.442  59.757
 175.924   7.742  59.173 175.330   8.446  59.350 175.902   6.732  60.726 175.505
   7.469  58.554 178.232   8.208  57.877 177.953   9.015  58.799 179.262   8.469
  57.989 178.321   6.743  57.537 177.365   6.478  57.247 179.116   6.667  58.817
 178.363   6.036  62.030 176.848   9.474  62.318 175.867  10.213  63.013 177.460
   8.793  62.827 178.332   8.318  64.352 176.903   8.667  64.343 175.876   8.302
  65.285 177.675   7.692  65.444 178.663   8.125  66.244 177.162   7.624  64.796
 177.941   6.226  64.847 179.091   5.771  64.223 177.035   5.555  64.975 176.818
  10.016  65.522 175.817  10.424  64.896 177.911  10.762  64.287 178.636  10.410
  65.533 178.098  12.077  66.593 177.945  11.875  65.424 179.549  12.623  65.839
 180.312  11.965  64.366 179.745  12.799  66.114 179.722  14.008  65.350 179.499
  15.170  64.326 179.182  15.045  65.997 179.671  16.415  65.541 179.462  17.371
  67.310 180.036  16.434  67.801 179.957  17.393  68.057 180.289  15.283  69.114
 180.483  15.395  67.457 180.189  14.024  67.898 180.368  13.055  65.038 177.032
  13.059  65.841 176.272  13.538  63.735 176.869  13.221  63.076 177.594  12.974
  63.164 175.709  13.957  63.582 175.723  14.964  61.686 175.826  14.263  61.361
 175.158  15.060  61.444 176.864  14.494  60.966 175.437  13.077  60.937 176.145
  12.429  63.438 174.320  13.400  63.679 173.487  14.276  63.523 174.011  12.113
  63.304 174.794  11.514  63.937 172.767  11.596  63.423 171.938  12.082  63.647
 172.625  10.123  63.971 173.521   9.592  64.193 171.746   9.781  62.156 172.356
   9.777  61.488 171.252  10.352  61.931 170.714  11.177  60.196 170.905   9.853
  59.660 170.079  10.297  59.630 171.661   8.835  58.322 171.305   8.372  58.224
 171.618   7.470  60.329 172.700   8.236  59.821 173.345   7.535  61.567 173.060
   8.738  62.077 173.898   8.289  65.453 172.533  11.926  65.839 171.457  12.301
  66.362 173.549  11.816  65.928 174.374  11.426  67.775 173.451  12.163  68.187
 172.602  11.617  68.530 174.796  11.741  68.352 174.954  10.677  68.129 175.613
  12.341  70.051 174.860  11.939  70.314 175.907  11.791  70.387 174.434  12.885
  70.806 174.130  10.820  71.844 173.987  11.120  70.505 173.088  10.714  70.791
 174.927   9.589  70.031 174.766   8.943  71.638 175.874   9.272  72.688 176.141
  10.029  72.874 175.637  10.884  73.066 177.074   9.941  71.400 176.601   8.213
  70.583 176.453   7.637  72.148 177.245   7.999  68.047 173.158  13.676  68.927
 172.384  14.047  67.264 173.787  14.556  66.629 174.474  14.175  67.351 173.537
  16.012  68.405 173.388  16.245  67.010 174.786  16.850  65.950 175.002  16.720
  67.080 174.430  18.323  68.122 174.257  18.594  66.663 175.249  18.909  66.519
 173.513  18.506  67.934 175.968  16.449  67.946 176.292  15.408  67.724 176.828
  17.085  68.952 175.672  16.703  66.782 172.156  16.358  67.532 171.399  17.004
  65.602 171.771  15.956  64.982 172.412  15.483  64.949 170.493  16.206  64.875
 170.292  17.274  63.606 170.445  15.512  63.714 170.597  14.438  63.134 169.490
  15.742  62.937 171.207  15.911  65.788 169.341  15.660  65.798 168.314  16.270
  66.673 169.473  14.648  66.548 170.292  14.069  67.682 168.526  14.302  67.324
 167.514  14.115  68.244 168.899  12.905  68.789 169.841  12.971  68.960 168.105
  12.691  67.471 168.967  12.140  68.822 168.386  15.327  69.195 167.273  15.689
  69.365 169.526  15.830  68.925 170.385  15.536  70.504 169.431  16.727  71.114
 168.595  16.386  71.424 170.640  16.555  72.356 170.393  17.063  71.520 170.660
  15.469  70.811 172.349  17.001  71.160 173.055  15.922  70.342 169.179  18.266
  71.364 168.995  18.973  69.150 169.262  18.892  68.315 169.357  18.332  68.992
 169.047  20.347  69.719 169.671  20.865  67.628 169.457  20.865  66.930 168.857
  20.281  67.491 169.173  21.908  67.261 170.979  20.686  67.605 171.235  19.683
  65.808 171.271  20.814  65.430 170.832  21.737  65.718 172.355  20.895  65.290
 170.868  19.944  68.021 171.852  21.714  69.105 171.740  21.694  67.772 172.851
  21.356  67.611 171.667  22.707  69.213 167.539  20.705  68.727 166.663  20.004
  69.982 167.254  21.797  70.837 168.187  22.569  70.257 169.080  22.804  71.692
 168.583  22.021  71.414 167.380  23.719  70.784 167.340  24.607  72.453 167.600
  23.966  71.374 165.920  23.157  71.385 165.144  23.922  72.254 165.638  22.579
  70.177 165.942  22.272  70.413 165.333  21.399  68.842 165.421  22.930  68.756
 165.482  24.203  67.948 164.681  22.215  67.957 164.775  21.209  66.737 164.094
  22.889  66.829 164.023  23.972  65.542 165.042  22.487  64.696 164.388  22.701
  65.631 166.199  23.497  66.443 166.879  23.239  64.679 166.711  23.634  65.868
 165.794  24.481  65.321 165.543  21.147  66.105 166.287  21.010  65.462 164.752
  20.411  63.997 166.319  20.986  64.206 167.380  21.128  63.639 166.251  19.959
  63.214 165.960  21.654  66.590 162.706  22.355  67.172 162.323  21.330  65.800
 161.895  23.066  65.376 162.191  23.934  65.423 160.539  22.682  66.394 160.120
  22.418  64.972 159.754  23.890  64.752 158.701  23.713  65.828 159.776  24.565
  63.803 160.541  24.573  63.945 161.658  25.119  62.672 159.987  24.577  64.434
 160.387  21.569  63.626 161.303  21.328  64.421 159.193  20.970  65.106 158.497
  21.229  63.597 158.882  19.829  63.829 159.631  19.072  63.860 157.482  19.280
  63.465 156.840  20.067  63.195 157.406  18.420  65.307 157.059  18.916  66.097
 157.915  18.527  65.630 155.880  19.183  62.121 159.114  20.069  61.337 159.635
  19.311  61.617 158.733  21.258  62.219 158.391  21.993  60.164 158.804  21.629
  59.512 158.518  20.804  60.032 157.805  22.820  60.739 158.081  23.602  59.050
 157.895  23.284  60.369 156.823  22.486  59.751 160.223  21.898  58.570 160.544
  21.917  60.747 161.180  22.102  61.668 160.839  22.337  60.479 162.600  22.221
  59.442 162.700  22.544  61.336 163.236  23.306  61.302 162.599  24.190  62.388
 163.174  23.028  61.040 164.707  23.598  61.252 165.412  22.795  59.591 164.829
  24.066  59.507 164.108  24.880  59.457 165.805  24.532  58.814 164.524  23.364
  61.947 165.207  24.724  62.964 164.908  24.471  61.831 166.276  24.899  61.663
 164.705  25.650  60.503 163.316  20.837  59.573 164.063  20.552  61.402 162.899
  19.919  62.122 162.275  20.254  61.430 163.360  18.506  61.542 164.439  18.611
  62.667 162.689  17.816  62.568 161.630  18.051  62.657 162.816  16.733  63.992
 163.259  18.266  64.040 164.292  17.919  64.007 163.365  19.350  65.230 162.483
  17.848  66.046 162.561  18.567  65.026 161.415  17.924  65.649 162.710  16.467
  65.103 162.290  15.729  66.665 163.339  16.001  67.183 164.271  16.762  66.716
 164.489  17.630  67.905 164.885  16.412  67.149 163.170  14.799  66.824 162.476
  14.141  68.024 163.610  14.551  60.117 163.058  17.673  59.798 163.838  16.788
  59.354 162.029  18.050  59.837 161.452  18.724  57.961 161.777  17.501  58.042
 161.925  16.424  57.420 160.332  17.760  57.582 160.154  18.824  55.947 160.219
  17.331  55.854 160.380  16.257  55.653 159.172  17.406  55.249 160.771  17.959
  58.308 159.236  17.069  58.289 159.407  15.993  59.244 159.368  17.611  57.932
 157.759  17.294  57.025 157.589  16.715  58.778 157.179  16.926  57.799 157.533
  18.352  56.984 162.903  18.003  56.226 163.443  17.176  57.148 163.414  19.230
  57.902 163.014  19.771  56.388 164.579  19.755  55.361 164.347  19.474  56.441
 164.631  21.278  57.434 164.906  21.632  55.907 165.514  21.629  56.104 163.328
  21.994  57.047 162.797  22.128  55.691 163.592  22.968  55.152 162.308  21.373
  54.226 162.595  20.609  55.141 161.029  21.764  54.476 160.383  21.363  55.858
 160.590  22.324  56.789 165.885  19.079  55.931 166.524  18.541  58.049 166.086
  18.964  58.716 165.420  19.327  58.642 167.217  18.239  58.234 168.145  18.641
  60.124 167.340  18.587  60.092 167.288  19.675  60.590 166.436  18.196  60.883
 168.517  18.120  60.875 168.527  17.030  60.314 169.893  18.677  60.382 169.806
  19.761  60.957 170.713  18.356  59.236 169.962  18.531  62.294 168.418  18.701
  62.672 167.459  18.345  62.847 169.284  18.337  62.358 168.557  19.780  58.250
 167.201  16.768  58.059 168.278  16.167  58.062 166.040  16.104  58.161 165.222
  16.689  57.806 165.971  14.629  58.357 166.731  14.076  58.285 164.578  14.075
  59.354 164.523  14.282  57.786 163.843  14.706  57.964 164.200  12.574  56.928
 164.462  12.364  58.894 165.122  11.758  59.935 164.901  11.997  58.730 165.059
  10.683  58.738 166.164  12.038  58.104 162.736  12.316  57.433 162.312  13.062
  58.016 162.591  11.239  59.097 162.390  12.605  56.335 166.196  14.279  56.163
 166.817  13.219  55.353 165.662  15.026  55.558 165.235  15.918  53.839 165.787
  14.800  53.636 165.302  13.845  53.054 165.136  15.996  53.677 165.301  16.875
  52.150 165.729  16.137  52.741 163.631  15.724  52.172 163.570  14.796  53.689
 163.149  15.487  51.987 163.051  16.848  52.514 163.370  17.747  50.941 163.350
  16.789  52.019 161.488  16.815  51.453 161.178  15.936  53.031 161.082  16.808
  51.251 160.951  17.991  50.258 161.087  17.860  51.430 159.965  18.116  51.579
 161.345  18.861  53.323 167.209  14.758  52.201 167.468  14.246  54.070 168.221
  15.267  54.840 167.827  15.788  53.645 169.621  15.358  52.730 169.522  15.942
  54.648 170.444  16.311  55.538 170.707  15.738  53.994 171.744  16.683  53.010
 171.726  17.152  54.682 172.212  17.387  53.921 172.308  15.753  54.981 169.681
  17.566  55.541 168.770  17.356  55.638 170.229  18.240  53.786 169.271  18.474
  53.022 168.695  17.952  54.151 168.787  19.381  53.145 170.070  18.846  53.321
 170.239  13.959  54.016 169.981  12.994  52.223 171.031  13.837  51.811 171.272
  14.727  51.706 171.606  12.606  51.747 170.868  11.805  50.648 171.821  12.757
  52.501 172.916  12.104  52.593 173.124  10.938  53.263 173.534  13.023  53.084
 173.301  13.990  53.867 174.805  12.754  54.139 174.790  11.699  52.802 175.912
  12.943  51.939 175.896  12.277  52.453 175.825  13.972  53.486 177.091  12.858
  53.526 177.440  11.965  55.090 175.153  13.629  55.090 174.848  14.817  56.128
 175.810  13.049  55.958 176.022  12.076  57.316 176.435  13.681  58.120 175.723
  13.870  57.837 177.583  12.733  57.028 178.262  12.463  58.573 178.146  13.307
  58.201 177.189  11.784  56.976 177.083  15.029  57.722 176.938  16.031  55.791
 177.781  15.116  55.132 177.820  14.351  55.302 178.648  16.198  56.123 179.331
  16.418  54.063 179.347  15.662  53.510 178.703  14.978  53.088 179.818  16.690
  53.531 180.484  17.430  52.271 180.399  16.262  52.548 178.964  17.102  54.579
 180.614  14.890  54.784 181.412  15.604  55.535 180.388  14.417  53.667 181.254
  13.863  52.695 181.492  14.296  54.200 182.150  13.545  53.514 180.696  12.938
  55.085 177.726  17.457  55.694 177.959  18.485  54.398 176.584  17.365  54.070
 176.418  16.424  54.230 175.509  18.384  54.034 176.017  19.328  52.923 174.782
  17.960  53.139 174.344  16.986  52.691 173.982  18.663  51.551 175.594  17.869
  51.226 175.977  18.836  51.694 176.385  17.133  50.342 174.715  17.393  50.466
 173.922  16.432  49.386 174.503  18.289  48.695 173.775  18.177  49.336 175.138
  19.072  55.430 174.636  18.509  55.718 174.128  19.604  56.191 174.521  17.443
  55.912 175.050  16.629  57.440 173.686  17.523  57.281 172.674  17.896  57.908
 173.296  16.087  57.057 172.876  15.552  58.170 174.167  15.486  59.087 172.278
  16.011  59.989 172.862  16.194  58.945 171.569  16.826  59.269 171.632  14.532
  60.141 170.988  14.421  58.371 171.026  14.412  59.443 172.708  13.485  60.233
 173.318  13.640  58.647 172.937  12.398  57.641 172.186  12.116  57.261 171.456
  12.701  57.224 172.421  11.227  58.977 173.904  11.664  59.768 174.506  11.843
  58.307 174.097  10.932  58.589 174.391  18.320  59.143 173.712  19.177  58.712
 175.713  18.335  58.102 176.156  17.663  59.543 176.619  19.162  60.578 176.280
  19.191  59.304 178.069  18.627  58.266 178.317  18.406  59.626 178.763  19.403
  60.002 178.544  17.325  59.897 177.705  16.637  59.301 179.722  16.625  59.522
 180.677  17.103  59.684 179.760  15.605  58.234 179.552  16.478  61.533 178.831
  17.468  62.053 177.969  17.886  61.942 179.001  16.472  61.803 179.723  18.032
  59.092 176.558  20.675  59.923 176.600  21.552  57.788 176.374  20.957  57.176
 176.397  20.155  57.221 176.208  22.270  57.731 176.895  22.946  55.728 176.534
  22.272  55.362 175.896  21.468  55.274 176.182  23.198  55.316 177.992  22.066
  55.634 178.591  22.920  55.882 178.318  21.193  53.798 178.221  21.947  53.660
 179.298  21.854  53.500 177.810  20.982  52.988 177.523  23.024  52.760 176.557
  22.841  52.560 178.101  24.159  52.785 179.354  24.461  53.129 179.921  23.699
  52.753 179.573  25.447  51.822 177.364  24.943  51.686 176.365  24.882  51.416
 177.835  25.738  57.637 174.836  22.884  58.162 174.809  24.020  57.451 173.765
  22.079  57.114 173.916  21.139  57.909 172.458  22.488  57.554 172.025  23.423
  57.425 171.441  21.473  56.350 171.313  21.602  57.654 171.802  20.470  58.282
 169.756  21.635  57.873 169.473  22.875  59.490 172.508  22.665  59.964 171.846
  23.587  60.295 172.987  21.704  59.861 173.341  20.863  61.773 173.158  21.913
  62.344 172.231  21.960  62.277 174.070  20.764  61.648 174.960  20.802  63.285
 174.420  20.985  62.394 173.370  19.372  63.143 172.598  19.548  61.560 172.713
  19.123  62.823 174.328  18.258  63.725 175.151  18.426  62.175 174.147  17.228
  62.078 173.892  23.210  62.975 173.380  23.849  61.429 174.957  23.626  60.688
 175.384  23.088  61.821 175.714  24.837  62.911 175.722  24.863  61.219 177.123
  24.786  60.233 177.057  24.327  61.175 177.553  25.786  62.042 178.096  23.843
  62.340 177.534  22.958  61.242 179.345  23.475  60.903 179.982  24.292  61.826
 179.976  22.804  60.327 179.060  22.956  63.288 178.542  24.604  63.895 177.672
  24.855  63.835 179.075  23.826  62.978 179.151  25.453  61.253 174.899  26.059
  61.933 174.883  27.060  60.065 174.226  25.986  59.508 174.367  25.155  59.733
 173.244  27.026  59.757 173.787  27.971  58.297 172.690  26.779  57.595 173.491
  26.547  58.218 172.003  25.936  57.797 171.866  28.005  57.926 172.444  29.111
  57.211 170.740  27.906  60.798 172.149  27.254  61.216 171.761  28.371  61.331
 171.614  26.119  60.957 171.820  25.203  62.429 170.589  26.112  62.207 169.749
  26.771  62.622 170.021  24.712  62.667 170.802  23.953  63.944 169.252  24.551
  63.970 168.345  25.155  63.958 168.871  23.530  64.807 169.900  24.707  61.390
 169.124  24.487  61.292 168.317  25.212  60.478 169.700  24.647  61.184 168.524
  23.127  62.003 167.819  22.988  60.184 168.101  23.026  61.197 169.285  22.346
  63.652 171.275  26.720  64.219 170.685  27.665  64.030 172.531  26.348  63.568
 173.104  25.657  65.231 173.121  26.981  66.032 172.383  27.015  65.531 174.513
  26.312  64.739 175.192  26.627  66.494 174.923  26.618  65.753 174.620  24.764
  66.206 173.679  24.453  64.850 174.650  24.153  66.586 176.107  24.262  67.731
 175.351  22.993  67.122 174.802  22.274  68.234 176.168  22.476  68.439 174.659
  23.448  65.124 173.331  28.490  66.140 173.364  29.167  63.878 173.405  29.020
  63.137 173.500  28.340  63.519 173.539  30.504  64.330 174.109  30.957  62.167
 174.305  30.672  61.409 173.894  30.005  61.772 174.107  31.669  62.225 175.808
  30.521  63.049 176.529  31.018  61.328 176.421  29.811  61.440 177.414  29.666
  60.503 175.940  29.481  63.625 172.182  31.199  64.045 172.176  32.377  63.186
 171.082  30.531  62.759 171.193  29.622  63.159 169.807  31.285  63.157 169.960
  32.364  61.842 169.038  30.936  61.847 168.871  29.859  61.873 168.036  31.363
  60.577 169.804  31.390  60.475 169.872  32.473  60.561 170.774  30.893  59.340
 169.002  30.852  59.427 168.996  29.765  59.350 167.952  31.145  58.066 169.616
  31.153  57.841 169.262  32.159  58.151 170.701  31.210  56.986 169.204  30.206
  57.249 168.291  29.864  56.074 169.195  30.640  56.998 169.820  29.405  64.350
 168.850  31.117  64.457 167.791  31.828  65.147 169.081  30.071  65.052 169.786
  29.354  66.329 168.287  29.989  66.228 167.247  30.298  66.562 168.077  28.459
  65.750 167.450  28.090  66.669 169.000  27.889  68.060 167.135  28.072  67.502
 165.930  27.920  67.460 168.987  30.733  67.894 170.071  30.264  68.156 168.353
  31.697  67.681 167.540  32.064  69.435 168.767  32.330  69.792 169.640  31.783
  69.276 169.065  33.850  70.268 169.274  34.249  68.489 170.358  33.915  67.520
 170.144  33.464  68.356 170.769  34.916  69.039 171.161  33.424  68.582 167.978
  34.509  68.478 168.226  35.430  70.555 167.774  32.238  71.701 168.103  32.001
  70.271 166.507  32.455  69.289 166.291  32.553  71.250 165.416  32.470  72.161
 165.884  32.098  71.450 164.831  33.870  71.491 165.522  34.712  70.669 164.114
  34.126  72.659 164.138  33.905  73.403 164.746  33.902  71.025 164.352  31.427
  70.032 164.309  30.793  72.012 163.506  31.187  72.838 163.489  31.769  71.955
 162.420  30.229  70.893 162.214  30.097  72.720 162.844  28.978  73.736 163.122
  29.258  72.825 162.038  28.252  72.156 164.001  28.229  71.976 164.827  28.917
  73.122 164.513  27.156  73.271 163.850  26.304  72.837 165.504  26.802  74.119
 164.628  27.582  70.873 163.714  27.585  70.151 163.351  28.316  70.497 164.681
  27.251  70.967 163.027  26.743  72.530 161.133  30.834  73.713 161.069  31.119
  71.647 160.121  31.065  70.669 160.370  31.023  72.029 158.780  31.648  72.949
 158.894  32.222  70.991 158.214  32.614  69.987 158.276  32.196  71.325 157.214
  32.891  71.071 159.175  34.262  70.340 160.214  33.848  72.342 157.815  30.450
  71.987 158.121  29.281  72.977 156.674  30.679  73.406 156.531  31.583  73.079
 155.622  29.682  73.269 156.041  28.694  74.261 154.754  30.051  75.241 155.221
  29.952  74.187 154.476  31.102  74.208 153.256  29.064  75.300 152.817  29.697
  71.741 154.835  29.651  71.184 154.537  30.738  71.156 154.536  28.502  71.626
 154.823  27.655  69.939 153.748  28.405  69.138 154.360  28.819  69.703 153.526
  26.905  69.838 154.452  26.345  70.473 152.840  26.554  68.263 153.037  26.616
  68.088 152.066  27.080  67.677 153.785  27.149  67.876 152.786  25.125  68.704
 152.303  24.605  67.056 152.068  25.155  67.547 154.130  24.432  66.739 154.628
  24.967  68.431 154.759  24.544  67.199 153.881  23.009  66.311 153.406  22.935
  67.042 154.769  22.554  67.851 153.274  22.534  69.920 152.452  29.138  68.936
 152.267  29.844  70.994 151.675  29.097  71.817 151.919  28.565  71.047 150.306
  29.646  70.107 149.783  29.474  72.111 149.412  28.967  71.859 149.173  27.934
  73.114 149.810  29.117  72.241 147.991  29.564  72.665 148.028  30.567  71.182
 147.774  29.706  72.917 146.896  28.686  73.584 147.093  27.633  72.713 145.655
  29.100  72.961 144.948  28.422  72.151 145.530  29.930  71.134 150.388  31.184
  70.667 149.480  31.890  71.657 151.499  31.680  72.114 152.216  31.135  71.814
 151.696  33.141  71.757 150.720  33.624  73.126 152.392  33.364  73.245 153.167
  32.608  73.147 152.811  34.370  74.442 151.147  33.176  73.868 150.364  34.094
  70.575 152.442  33.698  70.308 152.311  34.877  69.895 153.263  32.839  70.258
 153.248  31.897  68.882 154.265  33.211  68.631 154.888  32.352  67.553 153.527
  33.697  67.794 152.632  34.272  66.899 154.122  34.334  66.804 153.150  32.432
  67.002 153.724  31.526  67.211 152.176  32.162  65.247 153.080  32.536  64.595
 153.731  33.410  64.626 152.398  31.595  63.618 152.387  31.658  65.125 151.801
  30.952  69.402 155.374  34.194  68.936 156.471  34.044  70.366 155.141  35.107
  70.696 154.208  35.306  70.377 155.970  36.358  69.743 156.840  36.188  69.651
 155.162  37.457  69.538 155.853  38.292  68.714 154.803  37.031  70.553 153.973
  37.963  71.798 153.964  37.738  69.991 153.171  38.757  71.768 156.532  36.634
  72.026 157.054  37.796  72.769 156.284  35.803  72.633 155.673  35.010  74.122
 156.797  35.953  74.155 157.217  36.959  75.058 155.580  35.864  75.055 155.051
  34.911  76.545 155.979  35.977  76.620 156.799  36.691  77.162 155.126  36.262
  76.870 156.285  34.983  74.984 154.710  36.922  74.079 154.764  37.239  74.456
 157.974  35.043  74.179 157.954  33.815  74.968 159.117  35.565  75.266 159.120
  36.530  75.264 160.334  34.727  74.479 160.506  33.991  75.377 161.582  35.651
  74.417 161.599  36.166  76.035 161.342  36.486  75.691 162.967  35.057  76.757
 162.983  34.829  75.089 163.072  34.155  75.422 164.108  36.055  74.789 163.826
  37.087  75.820 165.301  35.863  76.574 160.221  33.835  77.680 160.205  34.393
  76.501 160.336  32.470  75.592 160.282  32.033  77.683 160.330  31.576  78.501
 159.785  32.048  77.309 159.673  30.205  76.245 159.877  30.077  78.158 160.211
  29.036  79.176 159.985  29.356  77.965 159.659  28.116  78.071 161.270  28.795
  77.532 158.145  30.372  77.372 157.811  29.346  78.579 157.955  30.605  76.621
 157.363  31.344  75.560 157.477  31.124  76.987 156.338  31.282  76.849 157.639
  32.374  78.102 161.795  31.424  79.283 162.065  31.620  77.221 162.752  31.217
  76.234 162.546  31.273  77.452 164.251  31.207  78.168 164.597  31.952  78.220
 164.614  29.916  79.048 163.907  29.869  77.459 164.449  28.628  76.639 165.166
  28.598  78.020 164.499  27.695  77.120 163.413  28.667  78.626 165.979  29.835
  79.585 166.006  29.801  76.161 165.093  31.467  75.094 164.604  31.788  76.304
 166.438  31.372  77.150 166.811  30.964  75.278 167.480  31.613  74.263 167.094
  31.511  75.454 168.044  33.083  75.180 167.228  33.751  76.747 168.730  33.514
  77.218 169.253  32.681  76.581 169.455  34.310  77.433 168.011  33.963  74.468
 169.033  33.353  74.386 169.193  34.296  75.324 168.606  30.625  76.302 168.811
  29.992  74.173 169.338  30.573  73.504 169.027  31.263  73.881 170.591  29.922
  73.689 170.293  28.891  72.572 171.154  30.516  71.888 170.416  30.098  72.650
 171.078  31.600  72.079 172.554  29.991  72.677 173.429  30.247  72.150 172.580
  28.903  70.711 172.800  30.543  70.070 171.933  30.383  70.741 172.984  31.617
  70.096 173.943  29.768  70.699 174.835  29.935  70.176 173.735  28.701  68.731
 174.344  30.196  68.680 174.382  31.204  68.387 175.224  29.841  68.143 173.629
  29.793  75.002 171.703  29.934  75.204 172.310  28.861  75.716 171.751  31.059
  75.443 171.128  31.805  76.913 172.627  31.178  76.603 173.643  30.934  77.418
 172.552  32.627  77.308 171.523  32.972  78.469 172.828  32.713  76.614 173.403
  33.585  75.511 173.078  34.052  77.165 174.595  33.890  76.708 175.195  34.562
  78.037 174.849  33.448  78.057 172.333  30.179  78.865 173.267  29.977  78.207
 171.089  29.705  77.484 170.410  29.895  79.428 170.612  28.970  80.237 171.324
  29.135  79.870 169.249  29.510  79.048 168.539  29.415  80.701 168.788  28.977
  80.287 169.185  30.992  79.374 169.141  31.586  80.817 168.247  31.161  81.120
 170.448  31.303  82.323 170.411  30.947  80.597 171.439  31.857  79.317 170.638
  27.390  80.179 170.126  26.696  78.165 171.161  26.854  77.442 171.569  27.428
  77.796 171.049  25.429  78.240 170.156  24.989  76.175 170.920  25.362  75.691
 171.751  25.877  75.729 171.099  23.859  76.139 170.292  23.253  74.641 171.116
  23.796  76.064 172.060  23.467  75.649 169.592  26.008  75.948 168.756  25.376
  76.095 169.632  27.002  74.121 169.473  26.145  73.774 169.238  25.139  73.876
 168.750  26.923  73.735 170.467  26.372  78.426 172.258  24.664  78.420 173.386
  25.171  78.879 172.094  23.376  79.040 171.131  23.115  79.264 173.240  22.547
  78.559 174.050  22.735  80.703 173.671  22.900  80.753 174.711  22.579  80.925
 173.661  23.967  81.896 173.008  22.192  82.204 171.647  22.473  81.593 171.003
  23.087  83.306 170.978  21.823  83.539 169.937  21.994  84.118 171.701  20.980
  84.892 171.138  20.478  83.827 173.052  20.663  84.554 173.570  20.054  82.735
 173.707  21.299  82.604 174.749  21.046  79.273 172.918  20.966  79.509 171.808
  20.500  78.772 173.824  20.150  78.475 174.715  20.522  78.517 173.598  18.696
  77.889 172.713  18.595  77.624 174.689  18.178  78.046 175.666  18.410  77.398
 174.747  17.114  76.319 174.559  18.768  75.827 175.383  18.803  79.850 173.524
  17.881  80.368 174.549  17.458  80.358 172.255  17.752  80.009 171.588  18.426
  81.560 171.913  17.003  82.251 172.726  17.227  82.259 170.580  17.510  82.239
 170.595  18.600  81.619 169.725  17.295  83.660 170.324  16.991  83.768 170.180
  15.915  84.656 171.449  17.249  84.388 171.917  18.196  85.638 170.990  17.365
  84.677 172.271  16.533  84.109 169.024  17.634  83.457 168.216  17.303  84.995
 168.630  17.135  84.197 169.014  18.721  81.380 171.994  15.519  82.329 172.094
  14.704  80.139 172.034  15.007  79.332 172.064  15.613  79.715 172.209  13.624
  80.580 172.225  12.961  78.832 171.047  13.302  79.389 170.119  13.180  78.093
 170.913  14.092  78.046 171.260  12.188  77.962 170.408  11.752  79.074 173.558
  13.331  78.590 174.146  14.319  78.870 174.050  12.118  79.366 173.671  11.324
  77.863 175.129  11.881  78.115 175.899  12.610  78.059 175.796  10.479  77.548
 175.173   9.746  77.511 176.738  10.487  79.528 176.130  10.094  80.214 175.285
  10.155  79.510 176.410   8.576  78.742 177.181   8.506  80.486 176.795   8.283
  79.178 175.544   8.004  80.147 177.282  10.844  80.098 177.043  11.906  81.207
 177.368  10.604  79.556 178.159  10.583  76.398 174.779  12.193  75.575 175.725
  12.280  75.983 173.548  12.484  76.655 172.810  12.329  74.643 172.989  12.629
  73.983 173.650  12.068  74.649 171.585  12.084  75.519 171.060  12.477  73.692
 171.114  12.311  74.753 171.699  10.293  75.927 172.309  10.108  74.110 173.055
  14.050  72.880 172.874  14.223  74.971 173.146  15.085  75.947 173.239  14.841
  74.638 172.644  16.461  74.449 173.481  17.133  73.805 171.943  16.403  75.811
 171.826  17.084  76.840 171.705  16.391  75.667 171.167  18.246  74.617 171.476
  19.232  73.672 171.223  18.752  74.629 172.515  19.562  74.863 170.601  20.446
  74.349 169.657  20.269  74.484 171.053  21.363  76.382 170.350  20.406  76.614
 169.463  20.995  76.833 171.222  20.879  76.682 170.241  18.877  77.702 170.518
  18.610  76.524 168.849  18.337  76.826 167.944  19.109  76.013 168.641  17.107
  75.847 169.400  16.461  75.607 167.267  16.587  76.431 166.556  16.648  74.372
 166.771  17.394  74.617 166.746  18.456  73.559 167.492  17.320  73.890 165.355
  16.956  73.385 165.313  15.991  74.793 164.745  16.934  72.695 164.575  18.060
  71.274 165.660  18.118  71.012 166.053  17.136  70.404 165.092  18.446  71.371
 166.492  18.816  75.446 167.308  15.061  75.132 168.333  14.467  75.653 166.178
  14.392  75.964 165.358  14.893  75.193 165.855  13.050  74.230 166.345  12.903
  76.092 166.433  11.986  77.032 165.892  11.877  75.580 166.457  11.024  76.267
 167.487  12.201  75.012 164.324  12.948  75.255 163.680  13.972  74.635 163.702
  11.810  74.251 164.268  11.066  74.745 162.265  11.589  74.731 161.705  12.524
  73.608 161.740  10.837  73.659 162.186   9.844  73.614 160.653  10.761  72.708
 162.006  11.392  76.050 162.078  10.926  76.331 162.739   9.909  76.769 161.092
  11.387  76.420 160.584  12.187  78.071 160.620  10.882  78.313 161.149   9.960
  79.125 161.043  11.914  78.967 160.448  12.814  80.095 160.682  11.572  79.233
 162.577  12.105  79.793 163.423  11.157  80.006 163.016  10.179  79.974 164.840
  11.396  80.457 165.465  10.659  79.547 165.417  12.602  79.682 166.721  12.865
  79.864 167.272  12.100  79.113 164.544  13.567  78.926 164.903  14.568  78.927
 163.147  13.346  78.536 162.510  14.126  78.027 159.060  10.544  77.221 158.304
  11.074  78.922 158.530   9.698  79.465 159.201   9.173  79.054 157.134   9.334
  78.505 156.566  10.084  78.473 156.837   7.922  78.624 155.790   7.660  76.885
 156.904   7.856  76.582 157.923   8.096  76.544 156.582   6.872  76.577 156.263
   8.682  79.144 157.648   6.828  80.221 157.497   6.908  78.861 157.289   5.839
  78.782 158.676   6.875  80.572 156.653   9.453  81.529 157.292   8.949  80.685
 155.488   9.988  79.817 155.053  10.268  81.883 154.658   9.784  82.722 155.327
   9.977  81.836 153.544  10.886  82.812 153.064  10.947  81.617 154.128  11.780
  80.791 152.436  10.697  80.317 152.219   9.587  80.413 151.674  11.723  79.856
 150.839  11.609  80.832 151.787  12.635  81.909 154.066   8.343  80.928 154.109
   7.664  82.952 153.259   7.977  84.172 153.069   8.776  84.048 152.124   9.305
  84.389 153.920   9.422  85.292 152.834   7.783  86.137 152.261   8.165  85.622
 153.801   7.402  84.556 152.130   6.657  84.551 151.041   6.697  85.111 152.323
   5.739  83.103 152.572   6.690  82.948 153.343   5.936  82.137 151.397   6.287
  81.969 151.185   5.103  81.535 150.718   7.253  81.716 150.990   8.208  80.407
 149.808   7.135  80.599 149.259   6.213  80.482 148.743   8.308  80.283 149.211
   9.272  79.718 148.020   8.020  81.878 148.136   8.434  82.656 148.254   9.577
  83.805 147.645   9.295  84.640 147.606   9.979  83.806 147.120   8.055  84.557
 146.640   7.581  82.527 147.361   7.498  82.113 147.123   6.530  79.036 150.476
   6.947  78.029 149.786   6.992  78.929 151.824   6.767  79.775 152.370   6.852
  77.688 152.570   6.437  77.962 153.544   6.029  77.222 152.072   5.587  76.653
 152.796   7.604  75.846 153.722   7.384  76.799 152.111   8.721  77.463 151.352
   8.779  75.953 152.260   9.839  74.950 152.224   9.412  75.999 151.083  10.826
  75.855 150.210  10.189  76.961 151.119  11.337  74.877 151.196  11.835  73.529
 151.115  11.394  73.286 151.139  10.342  72.479 151.161  12.406  71.435 151.100
  12.135  72.750 151.308  13.802  71.830 151.469  14.762  71.129 150.814  14.738
  74.117 151.238  14.126  74.332 151.309  15.182  75.137 151.227  13.208  76.155
 151.234  13.570  76.172 153.627  10.544  77.277 154.137  10.673  75.049 154.303
  10.853  74.176 153.822  10.694  74.928 155.686  11.230  75.723 156.313  10.827
  73.567 156.268  10.652  72.863 155.967  11.427  73.669 157.754  10.587  72.817
 158.133  10.023  73.699 158.120  11.613  74.454 158.155   9.945  73.027 155.759
   9.267  72.258 156.446   8.914  73.831 155.617   8.545  72.265 154.458   9.435
  72.924 153.590   9.404  71.709 154.385  10.369  71.600 154.290   8.588  74.984
 155.861  12.747  74.432 155.118  13.509  75.715 156.916  13.176  76.135 157.474
  12.446  75.985 157.357  14.485  75.374 156.808  15.201  77.533 157.099  14.698
  78.042 157.723  13.963  77.868 157.458  15.670  77.919 155.669  14.463  77.706
 154.636  15.372  78.285 153.555  14.817  78.317 152.619  15.355  78.759 153.823
  13.582  78.946 153.101  12.901  78.673 155.188  13.387  79.092 155.745  12.561
  75.656 158.877  14.574  75.957 159.667  13.680  75.060 159.398  15.647  74.633
 158.672  16.204  74.778 160.823  15.908  75.107 161.363  15.020  73.290 161.120
  15.946  72.798 160.429  16.631  73.166 162.081  16.446  72.569 161.065  14.588
  73.091 161.871  14.072  72.695 160.169  13.980  71.087 161.415  14.759  70.464
 160.895  15.676  70.555 162.234  13.976  75.453 161.326  17.260  74.966 161.091
  18.390  76.646 161.888  17.139  77.049 161.982  16.217  77.576 162.301  18.196
  77.468 161.587  19.013  78.986 162.020  17.766  79.644 162.527  18.472  79.371
 160.511  17.547  78.917 160.062  16.664  80.456 160.412  17.572  78.975 159.960
  18.400  79.165 162.497  16.415  80.089 162.583  16.169  77.374 163.744  18.651
  77.910 164.674  18.132  76.689 163.810  19.810  76.314 162.949  20.183  76.696
 164.963  20.717  76.220 165.822  20.243  75.724 164.638  21.906  74.759 164.346
  21.492  75.985 163.708  22.411  75.598 165.649  23.040  76.539 165.907  23.528
  75.044 166.956  22.637  74.068 166.806  22.176  74.984 167.633  23.490  75.744
 167.442  21.958  74.818 165.105  24.245  75.067 164.104  24.596  74.753 165.843
  25.045  73.774 165.107  23.932  78.049 165.393  21.251  78.611 164.648  22.109
  78.733 166.360  20.684  78.159 166.973  20.122  80.082 166.823  21.090  80.716
 165.943  21.199  80.774 167.585  19.895  81.794 167.748  20.244  80.834 166.701
  18.606  79.846 166.658  18.146  81.453 167.345  17.981  81.269 165.739  18.873
  80.188 168.810  19.670  80.196 169.356  20.459  80.026 167.604  22.378  79.338
 168.645  22.501  80.681 167.084  23.355  81.057 166.160  23.193  80.749 167.647
  24.755  80.349 168.656  24.659  79.854 166.831  25.724  79.938 167.338  26.686
  78.435 166.829  25.215  78.387 166.311  24.257  77.744 166.292  25.864  78.013
 167.813  25.011  80.297 165.389  25.929  81.343 165.408  26.235  79.776 164.994
  26.801  80.139 164.784  25.036  82.205 167.714  25.279  83.052 166.875  24.953
  82.548 168.688  26.182  81.831 169.347  26.451  83.911 168.884  26.649  84.557
 168.963  25.774  84.019 170.180  27.520  83.367 170.053  28.385  84.977 170.251
  28.034  83.783 171.531  26.841  84.200 171.757  25.503  84.685 170.966  24.949
  84.150 173.081  24.935  84.501 173.240  23.926  83.591 174.076  25.721  83.419
 175.359  25.139  83.585 175.460  24.199  83.071 173.876  27.022  82.598 174.701
  27.533  83.173 172.578  27.545  82.853 172.430  28.566  84.526 167.728  27.485
  85.698 167.336  27.477  83.703 167.227  28.396  82.757 167.581  28.376  83.973
 166.488  29.618  84.865 165.890  29.432  84.200 167.579  30.661  84.884 168.335
  30.274  83.263 168.070  30.927  84.836 167.074  31.957  84.207 166.394  32.532
  85.783 166.712  31.559  85.052 168.313  32.853  85.767 169.032  32.452  84.075
 168.759  33.044  85.575 167.931  34.265  85.398 168.794  34.906  85.042 167.055
  34.635  87.030 167.483  34.233  87.631 168.288  34.124  87.225 166.892  35.029
  87.083 166.908  33.405  82.729 165.580  29.897  81.656 165.746  29.414  83.029
 164.467  30.605  83.924 164.459  31.073  82.121 163.381  30.973  81.180 163.860
  31.241  81.896 162.406  29.773  82.838 162.028  29.374  81.366 161.567  30.226
  81.107 162.770  29.115  82.625 162.506  32.152  83.846 162.331  32.266  81.709
 161.951  32.961  80.718 162.092  32.826  82.029 161.436  34.247  83.043 161.712
  34.538  80.974 162.006  35.162  79.961 161.872  34.783  81.150 161.540  36.131
  81.363 163.711  35.540  80.496 164.342  34.743  82.234 159.932  34.216  83.249
 159.466  34.535  81.168 159.153  34.054  80.346 159.677  33.790  81.126 157.694
  34.205  81.837 157.303  34.932  79.794 157.373  34.860  78.966 157.795  34.292
  79.572 156.308  34.794  79.772 157.742  36.335  80.285 157.111  37.233  79.074
 158.769  36.640  79.010 159.189  37.557  78.561 159.193  35.880  81.385 156.863
  32.914  80.664 155.982  32.544  82.525 157.249  32.270  83.128 157.866  32.796
  83.056 156.563  31.110  82.346 155.791  30.814  83.308 157.546  29.968  84.040
 158.301  30.255  83.657 156.974  29.109  82.044 158.277  29.501  81.677 158.908
  30.310  82.332 159.232  28.318  82.566 158.723  27.383  81.378 159.738  28.174
  83.124 159.919  28.616  80.997 157.259  29.012  80.598 156.720  29.871  80.138
 157.722  28.526  81.435 156.656  28.216  84.381 155.836  31.520  84.911 156.216
  32.563  84.773 154.858  30.631  84.105 154.725  29.885  86.025 154.120  30.598
  86.773 154.764  31.060  85.966 152.821  31.407  85.068 152.269  31.127  86.863
 152.240  31.193  85.759 152.821  32.915  85.039 153.585  33.530  86.105 151.762
  33.641  86.050 151.772  34.650  86.705 151.033  33.281  86.426 153.911  29.138
  85.634 154.074  28.198  87.697 153.612  28.899  88.305 153.477  29.693  88.353
 153.509  27.592  87.652 153.868  26.839  89.505 154.543  27.531  90.274 154.226
  28.236  90.001 154.441  26.565  89.068 156.050  27.689  88.676 156.311  28.672
  90.319 156.887  27.451  90.493 157.024  26.384  90.262 157.906  27.834  91.189
 156.330  27.797  87.975 156.367  26.680  87.057 155.948  27.093  87.760 157.432
  26.591  88.210 155.975  25.690  88.853 152.118  27.274  89.163 151.431  28.248
  89.081 151.842  26.047  88.830 152.503  25.325  89.722 150.676  25.476  90.525
 150.356  26.141  88.726 149.559  25.403  89.197 148.761  24.830  88.464 149.088
  26.351  87.613 149.855  24.502  86.800 149.417  24.764  90.305 151.039  24.105
  90.247 152.185  23.676  90.810 150.015  23.418  90.548 149.085  23.713  91.544
 150.172  22.102  92.004 149.213  21.866  90.786 150.404  21.353  92.689 151.195
  22.141  93.560 151.260  23.096  92.816 151.982  21.077  92.124 151.904  20.345
  93.864 153.030  20.818  94.072 153.459  21.798  95.128 152.440  20.089  94.804
 151.914  19.191  95.701 153.293  19.725  96.109 151.546  20.948  95.567 150.655
  21.267  96.962 151.236  20.345  96.699 152.275  22.125  97.176 153.177  21.742
  95.885 152.621  22.761  97.654 151.461  22.922  98.532 151.319  22.443  97.518
 150.986  24.152  96.456 151.171  24.877  95.599 151.468  24.434  96.480 150.814
  25.821  98.478 150.380  24.677  99.377 150.399  24.217  98.404 149.969  25.597
  93.310 154.104  19.901  92.381 153.829  19.097  93.778 155.383  19.982  94.618
 155.971  21.043  95.646 155.628  20.929  94.223 155.725  22.029  94.528 157.482
  20.890  95.445 158.031  21.107  93.702 157.790  21.531  94.339 157.583  19.397
  95.290 157.491  18.874  93.891 158.541  19.135  93.459 156.414  19.028  92.419
 156.713  19.155  93.634 156.032  17.550  94.544 155.239  17.278  92.925 156.644
  16.548  92.247 157.319  16.873  93.217 156.474  15.093  94.301 156.364  15.063
  92.609 155.138  14.668  92.970 154.375  15.358  91.524 155.196  14.755  92.908
 155.041  13.298  93.523 154.325  13.123  92.663 157.674  14.311  91.774 158.470
  14.683  93.315 157.994  13.210  94.174 157.478  13.086  92.973 159.028  12.251
  92.338 159.763  12.745  94.236 159.781  11.773  94.038 160.652  11.148  94.948
 160.431  12.989  95.276 159.689  13.717  95.819 161.029  12.718  94.187 161.065
  13.446  95.124 158.877  11.038  96.003 159.123  11.336  92.128 158.431  11.104
  91.638 159.215  10.276  91.841 157.108  11.089  92.163 156.412  11.746  91.081
 156.599   9.961  91.644 156.982   9.109  91.019 155.097   9.945  90.765 154.818
  10.967  90.200 154.707   9.341  92.421 154.503   9.576  93.147 155.035  10.191
  92.328 153.503  10.000  92.882 154.460   8.105  92.285 155.226   7.279  93.877
 153.712   7.745  89.627 157.093   9.919  88.854 157.053  10.907  89.199 157.490
   8.743  89.826 157.619   7.962  87.818 157.991   8.479  87.874 158.468   7.501
  86.865 156.810   8.435  87.482 155.989   8.070  86.472 156.575   9.424  85.655
 156.974   7.523  84.477 156.294   7.714  83.874 156.375   6.532  82.935 155.915
   6.260  84.572 156.956   5.587  84.362 157.083   4.608  85.756 157.350   6.224
  86.607 157.712   5.667  87.319 159.112   9.468  86.070 159.233   9.642  88.184
 159.670  10.259  89.123 159.300  10.218  87.770 160.538  11.393  87.214 159.902
  12.081  89.081 161.036  12.029  89.672 160.186  12.370  89.710 161.616  11.354
  88.751 161.805  13.169  89.474 162.338  13.509  86.940 161.756  10.926  87.386
 162.557  10.092  85.791 161.912  11.637  85.505 161.213  12.308  84.749 162.914
  11.454  84.517 162.860  10.390  83.499 162.461  12.144  83.514 162.659  13.216
  82.748 163.195  11.850  83.071 161.056  11.923  83.189 160.372  10.798  83.663
 160.812   9.934  82.659 159.124  10.949  82.799 158.493  10.172  82.126 158.852
  12.185  81.664 157.721  12.810  81.641 156.800  12.246  81.198 157.775  14.132
  80.825 156.927  14.686  81.357 158.991  14.840  81.056 158.935  15.876  81.961
 160.124  14.197  82.154 160.981  14.825  82.344 160.107  12.851  85.127 164.313
  11.906  84.408 165.304  11.522  86.233 164.503  12.595  86.674 163.620  12.807
  86.751 165.771  13.196  86.263 166.657  12.788  86.455 165.871  14.700  87.018
 165.167  15.313  86.670 166.893  15.013  84.973 165.796  14.935  84.120 166.920
  14.730  84.652 167.825  14.475  82.745 166.972  14.914  82.151 167.871  14.847
  82.118 165.737  15.145  81.068 165.606  15.361  82.933 164.578  15.319  82.401
 163.679  15.595  84.362 164.599  15.233  84.873 163.660  15.385  88.269 166.007
  12.834  89.191 165.639  13.576  88.605 166.489  11.621  87.783 166.830  10.546
  87.390 167.846  10.557  86.918 166.176  10.433  88.609 166.690   9.255  88.110
 167.275   8.483  88.665 165.618   9.065  89.899 167.275   9.770  89.800 168.349
   9.921  90.802 167.108   9.182  89.940 166.617  11.179  90.087 165.559  10.958
  90.933 167.256  12.116  90.817 168.384  12.560  92.008 166.460  12.501  92.260
 165.638  11.970  93.012 166.898  13.524  94.051 166.697  13.259  92.926 167.969
  13.706  92.772 166.211  14.868  93.697 166.149  15.700  91.568 165.792  15.154
  90.911 165.866  14.390  91.275 165.095  16.334  91.954 165.225  17.177  89.999
 165.655  16.948  89.123 165.548  16.309  89.728 165.159  17.880  89.967 167.107
  17.308  90.233 167.559  18.608  90.540 166.838  19.352  90.099 168.885  18.931
  90.292 169.203  19.945  89.650 169.807  17.978  89.481 171.104  18.427  89.768
 171.187  19.339  89.237 169.380  16.688  88.662 170.019  16.035  89.425 168.007
  16.346  89.153 167.631  15.371  91.019 163.613  16.093  90.265 163.207  15.261
  91.784 162.733  16.753  92.348 163.139  17.486  91.783 161.275  16.688  91.512
 161.095  15.647  93.256 160.987  16.973  93.487 161.376  17.964  93.458 159.916
  16.976  93.919 161.487  16.267  90.809 160.682  17.694  90.781 161.079  18.867
  89.912 159.845  17.210  89.891 159.669  16.216  88.895 159.067  17.984  88.510
 159.752  18.739  87.759 158.595  17.053  87.110 158.051  17.739  87.204 159.443
  16.650  88.175 157.710  15.950  88.318 158.184  14.674  88.382 159.227  14.399
  88.711 157.158  13.860  88.903 157.309  12.880  88.752 155.945  14.493  88.919
 154.598  14.046  89.120 154.295  13.029  88.796 153.568  14.992  88.923 152.556
  14.636  88.630 153.861  16.388  88.547 153.060  17.108  88.490 155.179  16.796
  88.184 155.442  17.798  88.475 156.266  15.860  89.452 157.879  18.746  90.443
 157.259  18.306  88.884 157.537  19.917  88.131 158.131  20.232  89.098 156.260
  20.593  89.310 155.501  19.840  90.339 156.312  21.559  91.265 156.639  21.086
  90.124 157.156  22.808  89.294 156.874  23.456  91.004 157.070  23.445  90.030
 158.209  22.543  90.565 155.005  22.008  91.090 155.062  22.810  87.862 155.765
  21.331  86.949 156.594  21.688  87.680 154.404  21.354  88.436 153.779  21.113
  86.462 153.794  21.771  85.613 154.142  21.183  86.557 152.287  21.597  87.247
 151.837  22.310  85.211 151.640  22.029  84.391 152.018  21.419  85.336 150.558
  21.985  85.019 151.760  23.095  86.843 151.846  20.164  86.279 150.929  19.990
  86.530 152.583  19.424  88.310 151.455  19.872  88.690 150.694  20.554  88.348
 151.105  18.840  88.995 152.285  20.042  86.111 154.111  23.274  86.990 154.305
  24.081  84.837 154.237  23.556  84.162 154.259  22.805  84.352 154.502  24.933
  85.253 154.439  25.544  83.730 155.873  24.968  82.716 155.840  24.570  83.814
 156.154  26.018  84.321 156.549  24.351  83.345 153.511  25.475  82.614 152.889
  24.695  83.209 153.361  26.835  83.902 153.778  27.439  82.290 152.438  27.470
  81.531 152.266  26.706  82.994 151.150  27.829  83.900 151.307  28.414  82.340
 150.462  28.363  83.410 150.335  26.538  82.442 149.978  26.188  83.895 150.958
  25.786  84.313 149.224  26.871  85.553 149.211  26.663  83.796 148.121  27.435
  84.452 147.388  27.662  82.801 148.006  27.565  81.719 153.062  28.730  82.385
 153.739  29.535  80.400 152.898  28.946  79.973 152.351  28.211  79.682 153.278
  30.224  79.915 154.320  30.443  78.155 153.180  30.167  77.886 153.977  29.473
  77.810 152.236  29.746  77.201 153.631  31.626  77.026 152.342  31.933  80.262
 152.370  31.289  80.063 151.151  31.242  80.733 153.033  32.401  80.844 154.037
  32.417  81.490 152.314  33.422  82.510 152.051  33.139  81.830 153.352  34.527
  82.392 154.131  34.012  80.907 153.731  34.965  82.536 152.815  35.775  81.857
 152.298  36.454  83.343 152.120  35.545  83.218 153.935  36.633  82.387 154.455
  37.109  83.863 153.426  37.350  83.945 154.886  35.737  84.037 154.740  34.742
  84.594 155.937  36.198  84.619 156.393  37.410  84.203 155.886  38.178  84.866
 157.367  37.504  85.235 156.685  35.300  85.050 156.491  34.327  85.786 157.435
  35.694  80.908 151.061  33.998  81.565 150.007  34.149  79.649 151.146  34.323
  79.155 151.995  34.089  78.975 150.078  35.094  79.670 149.931  35.920  77.594
 150.516  35.577  77.049 150.816  34.682  76.934 149.399  36.464  77.635 149.034
  37.215  76.076 149.770  37.024  76.574 148.574  35.851  77.608 151.843  36.327
  77.967 152.586  35.614  76.561 151.986  36.592  78.444 151.958  37.686  79.471
 151.728  37.402  78.460 153.004  37.990  78.114 151.211  38.408  78.865 148.780
  34.287  79.360 147.668  34.689  78.222 148.831  33.116  77.932 149.710  32.712
  77.895 147.651  32.261  78.003 146.785  32.913  76.381 147.740  31.958  75.894
 146.847  31.565  75.893 148.046  32.884  76.276 149.032  30.753  75.138 149.522
  31.252  78.847 147.389  31.025  78.831 146.376  30.302  79.762 148.340  30.808
  79.781 149.171  31.383  80.724 148.275  29.741  81.568 148.923  29.977  81.229
 147.308  29.731  80.231 148.521  28.276  80.922 148.142  27.310  79.046 149.135
  28.190  78.533 149.463  28.996  78.370 149.347  26.868  78.598 148.460  26.277
  76.855 149.447  27.081  76.558 148.547  27.618  76.601 150.249  27.774  76.146
 149.628  25.742  76.292 148.850  24.825  75.276 150.598  25.645  74.726 150.685
  24.802  75.265 151.372  26.293  78.980 150.543  26.068  79.380 151.533  26.647
  79.004 150.492  24.733  78.609 149.664  24.310  79.459 151.556  23.793  80.462
 151.853  24.100  79.508 151.039  22.311  80.183 150.195  22.175  78.483 150.789
  22.037  79.957 152.192  21.406  79.130 152.943  20.531  79.943 153.778  19.773
  79.661 154.395  18.932  81.192 153.646  20.262  81.999 154.139  19.909  81.217
 152.698  21.237  82.080 152.179  21.626  78.609 152.857  23.939  77.462 152.841
  24.171  79.386 154.000  23.996  80.368 153.898  23.780  78.746 155.384  24.162
  77.668 155.228  24.191  79.084 155.887  25.592  80.137 156.147  25.697  78.539
 156.818  25.750  78.709 155.012  26.785  79.374 154.150  26.744  78.979 155.606
  27.659  76.973 154.433  27.007  76.006 155.951  26.933  76.151 156.483  25.993
  74.946 155.700  26.978  76.315 156.629  27.729  79.006 156.467  23.155  78.665
 157.642  23.369  79.670 156.168  22.046  79.861 155.198  21.839  80.440 157.114
  21.297  80.220 156.988  20.237  80.132 158.137  21.515  81.928 156.961  21.444
  82.480 155.915  21.678  82.604 158.183  21.283  82.008 158.981  21.118  84.109
 158.210  21.244  84.489 157.286  21.679  84.680 158.330  19.831  84.398 159.228
  19.283  85.760 158.360  19.972  84.402 157.186  18.908  85.293 156.141  18.706
  86.290 156.106  19.121  84.606 155.163  18.072  85.000 154.269  17.818  83.305
 155.505  17.762  82.311 154.737  17.089  82.460 153.704  16.812  81.131 155.327
  16.898  80.321 154.774  16.446  80.909 156.678  17.209  79.914 157.048  17.012
  81.908 157.432  17.904  81.651 158.416  18.265  83.142 156.826  18.199  84.663
 159.394  22.108  84.093 160.457  22.172  85.823 159.229  22.688  86.340 158.400
  22.433  86.700 160.347  23.174  86.176 161.210  23.584  87.767 159.892  24.192
  87.351 159.123  24.843  88.563 159.377  23.653  88.291 161.032  25.056  88.932
 161.678  24.456  87.436 161.608  25.409  89.212 160.637  26.225  88.753 159.948
  26.934  90.048 160.143  25.730  89.804 161.861  26.954  90.372 162.513  26.289
  88.943 162.459  27.249  90.617 161.380  28.122  91.511 160.986  27.866  90.887
 162.211  28.628  90.069 160.845  28.781  87.473 160.911  21.954  87.767 160.087
  21.027  87.822 162.194  21.919  87.369 162.780  22.606  88.601 162.765  20.807
  89.071 162.033  20.150  87.775 163.683  19.919  87.148 164.295  20.568  88.463
 164.346  19.394  86.852 162.917  19.025  87.255 162.706  17.691  88.229 163.037
  17.364  86.409 162.087  16.799  86.704 162.059  15.760  85.299 161.437  17.307
  84.714 160.885  16.586  84.866 161.565  18.624  83.910 161.136  18.885  85.624
 162.428  19.489  85.281 162.536  20.507  89.783 163.614  21.378  89.635 164.339
  22.374  90.944 163.538  20.725  90.988 162.883  19.958  92.227 164.068  21.135
  92.181 164.743  21.989  93.149 162.974  21.783  94.151 163.353  21.981  92.547
 162.368  23.046  91.523 162.062  22.834  93.171 161.520  23.330  92.623 163.160
  23.791  93.330 161.811  20.871  93.871 162.152  20.155  93.043 164.831  20.019
  93.204 164.273  18.936  93.524 166.002  20.295  93.451 166.357  21.238  94.231
 166.736  19.224  93.589 166.625  18.350  94.088 168.276  19.459  94.833 168.677
  20.146  94.328 168.833  18.554  93.122 168.386  19.952  95.672 166.308  18.860
  96.535 166.390  19.719  95.932 165.747  17.699  95.196 165.666  17.012  97.322
 165.224  17.358  97.626 164.587  18.188  97.189 164.344  16.057  98.195 163.999
  15.817  96.379 163.156  16.358  95.425 163.364  16.842  96.117 162.668  15.420
  96.999 162.483  16.951  96.653 165.023  14.932  96.642 164.487  14.136  98.369
 166.334  17.041  99.584 166.019  16.871  97.959 167.601  17.080  97.044 167.790
  17.463  98.717 168.875  16.918  99.716 168.513  17.162  98.714 169.552  15.512
  97.830 170.187  15.441  99.552 170.248  15.463  98.759 168.522  14.360  99.751
 168.072  14.403  97.941 167.846  14.607  98.537 169.141  12.984  99.047 170.096
  12.860  98.917 168.537  12.160  96.996 169.262  12.909  96.476 168.311  13.021
  96.538 169.865  13.693  96.604 169.747  11.566  96.996 169.156  10.846  95.594
 169.759  11.564  96.981 170.681  11.489  98.261 169.797  18.058  97.061 170.032
  18.176  99.180 170.368  18.855 100.151 170.178  18.656  98.902 170.825  20.196
  98.115 170.209  20.631 100.130 170.634  21.034 100.063 170.951  22.075 100.454
 169.593  21.031 101.356 171.468  20.447 101.764 170.912  19.602 101.070 172.432
  20.029 102.383 171.727  21.541 101.896 172.147  22.420 102.857 170.795  21.850
 103.208 172.892  21.049 102.544 173.718  20.791 103.941 173.250  21.771 104.012
 172.428  19.864 103.391 172.407  19.068 104.799 173.023  19.649 104.492 171.545
  19.970  98.417 172.336  20.368  98.309 172.781  21.477  98.153 173.091  19.278
  98.154 172.722  18.339  97.599 174.456  19.266  97.830 174.966  20.201  98.323
 175.287  18.204  97.849 176.265  18.125  99.382 175.361  18.454  98.257 174.767
  16.777  98.132 173.537  16.502  98.257 175.599  15.831  96.103 174.585  19.037
  95.535 175.708  19.064  95.427 173.444  18.748  95.891 172.557  18.884  93.967
 173.329  18.553  93.588 174.135  17.924  93.567 171.889  18.080  93.925 171.138
  18.784  92.479 171.964  18.088  94.088 171.526  16.668  93.912 172.365  15.994
  95.172 171.562  16.769  93.628 169.873  16.007  91.980 169.936  15.331  92.061
 170.119  14.260  91.548 168.960  15.552  91.445 170.762  15.801  93.382 173.655
  19.957  93.958 173.187  20.926  92.272 174.384  19.994  91.973 174.757  19.104
  91.388 174.549  21.099  91.717 173.983  21.970  91.564 176.000  21.740  92.635
 176.186  21.817  91.285 176.715  20.965  90.800 176.089  22.936  91.204 175.627
  23.674  89.929 174.225  20.699  89.363 174.806  19.734  89.164 173.484  21.515
  87.739 173.304  21.412  87.469 173.035  20.391  87.186 174.147  21.825  87.429
 172.167  22.368  87.642 171.163  22.002  86.414 172.334  22.730  88.433 172.365
  23.499  88.503 171.449  24.086  88.142 173.150  24.196  89.654 172.790  22.708
  90.131 173.524  23.357  90.712 171.669  22.407  90.865 171.278  21.251  91.400
 171.238  23.436  91.252 171.662  24.340  92.397 170.121  23.508  93.137 170.268
  22.721  93.128 170.156  24.902  93.549 171.158  24.820  92.452 169.983  25.739
  94.197 169.094  25.097  94.564 169.092  26.124  93.808 168.076  25.112  95.313
 168.932  24.086  95.427 169.552  23.057  96.249 168.086  24.323  96.912 167.896
  23.585  96.246 167.596  25.206  91.673 168.772  23.387  92.263 167.811  22.869
  90.355 168.735  23.761  89.838 169.507  24.158  89.521 167.427  23.837  89.817
 166.771  23.018  89.854 166.671  25.102  89.769 165.593  24.969  90.930 166.741
  25.261  89.207 167.222  26.432  89.220 168.311  26.455  88.184 166.880  26.587
  89.930 166.816  27.710  89.331 167.146  28.559  89.848 165.737  27.841  91.309
 167.436  28.000  91.942 167.207  27.143  91.095 168.505  28.002  91.882 166.919
  29.283  92.081 165.931  29.352  92.747 167.410  29.460  91.262 167.156  30.044
  88.000 167.660  23.699  87.525 168.719  23.960  87.263 166.616  23.235  87.775
 165.827  22.865  85.801 166.405  23.473  85.598 166.830  24.456  84.882 167.110
  22.469  83.828 166.891  22.634  85.049 168.187  22.454  85.048 166.734  21.024
  86.122 167.224  20.365  86.742 167.881  20.958  86.358 166.916  19.048  87.292
 167.155  18.561  85.528 166.019  18.388  85.775 165.710  17.384  84.405 165.457
  19.013  83.669 164.826  18.536  84.206 165.797  20.374  83.462 165.259  20.942
  85.468 164.897  23.513  86.291 164.037  23.193  84.205 164.636  23.798  83.639
 165.439  24.034  83.587 163.363  23.675  84.307 162.676  23.230  83.155 162.926
  25.092  82.482 163.652  25.548  82.627 161.973  25.072  84.240 162.714  26.161
  84.669 163.640  27.039  84.455 164.697  26.976  85.342 163.052  28.062  85.735
 163.560  28.842  85.444 161.701  27.892  85.999 160.639  28.645  86.420 160.802
  29.626  85.887 159.281  28.150  86.261 158.459  28.743  85.297 159.104  26.898
  85.178 158.115  26.479  84.834 160.190  26.160  84.251 159.943  25.286  84.794
 161.464  26.688  82.415 163.413  22.688  81.561 164.241  22.860  82.417 162.651
  21.639  83.170 161.984  21.551  81.369 162.690  20.600  80.837 163.636  20.497
  81.798 162.391  19.643  80.459 161.553  20.915  80.656 160.407  20.422  79.554
 161.771  21.830  79.476 162.652  22.319  78.680 160.708  22.362  79.243 159.784
  22.493  78.064 161.203  23.686  77.463 162.087  23.474  77.358 160.469  24.075
  79.165 161.607  24.755  79.922 162.267  24.331  78.558 162.337  25.930  77.779
 161.792  26.463  79.369 162.656  26.584  78.089 163.257  25.584  79.860 160.338
  25.358  80.106 159.587  24.607  80.802 160.616  25.832  79.253 159.747  26.044
  77.395 160.321  21.537  76.599 161.204  21.205  77.059 159.071  21.376  77.576
 158.388  21.911  75.839 158.618  20.664  75.858 159.082  19.678  75.761 157.089
  20.492  74.716 156.803  20.379  76.561 156.736  19.181  77.592 156.937  19.472
  76.389 155.704  18.877  76.298 157.402  18.359  76.345 156.325  21.586  76.566
 155.441  21.283  74.627 159.078  21.501  74.339 158.487  22.546  73.808 160.038
  20.994  74.059 160.397  20.084  72.494 160.310  21.576  72.679 160.537  22.626
  71.900 161.479  20.706  71.004 161.747  21.267  72.519 162.376  20.708  71.506
 161.240  19.255  72.368 161.464  18.627  71.201 160.194  19.231  70.320 162.173
  18.765  70.435 163.206  19.093  70.332 162.176  17.675  69.112 161.605  19.313
  68.751 161.937  20.196  68.354 160.660  18.773  68.636 160.160  17.628  69.342
 160.549  17.020  68.208 159.317  17.274  67.360 160.193  19.449  67.218 160.560
  20.379  66.976 159.314  19.133  71.512 159.095  21.613  70.457 159.261  22.217
  71.817 157.973  20.896  72.611 158.012  20.274  71.107 156.751  20.969  70.045
 156.985  21.037  71.325 155.927  19.667  70.678 155.050  19.642  71.080 156.612
  18.856  72.661 155.599  19.599  72.744 154.885  18.962  71.390 155.888  22.223
  70.425 155.290  22.736  72.656 155.896  22.727  73.342 156.387  22.173  72.966
 155.249  24.012  72.458 154.289  24.097  74.437 154.900  24.051  75.025 155.809
  24.179  74.627 154.147  24.816  74.699 154.460  23.089  72.551 156.066  25.260
  72.471 155.572  26.327  72.116 157.330  25.031  72.014 157.629  24.072  71.774
 158.266  26.132  72.094 157.793  27.061  72.599 159.508  25.835  72.193 160.056
  24.985  72.339 160.106  26.708  74.156 159.426  25.808  74.501 158.724  25.049
  74.706 160.846  25.442  74.387 161.639  26.118  75.795 160.841  25.394  74.355
 161.154  24.457  74.896 158.903  27.113  74.403 158.024  27.527  75.923 158.801
  26.762  74.947 159.757  27.789  70.227 158.503  26.196  69.497 158.283  25.277
  69.769 158.838  27.380  70.450 158.828  28.126  68.350 158.998  27.740  67.765
 158.968  26.821  68.002 157.620  28.504  68.153 156.810  27.790  68.750 157.350
  29.250  66.654 157.525  29.140  66.544 158.274  29.924  65.526 157.709  28.090
  65.673 157.079  27.214  64.556 157.678  28.587  65.599 158.707  27.658  66.601
 156.094  29.744  67.431 155.925  30.430  65.628 155.876  30.183  66.772 155.452
  28.880  68.238 160.260  28.613  69.010 160.427  29.568  67.375 161.254  28.350
  66.798 161.422  27.038  65.798 160.987  27.032  67.392 161.030  26.212  66.631
 162.914  26.893  65.849 163.167  26.178  67.565 163.381  26.580  66.350 163.353
  28.250  65.280 163.265  28.436  66.585 164.411  28.369  67.220 162.490  29.161
  68.198 162.970  29.165  66.691 162.411  30.588  65.831 163.246  30.942  67.093
 161.385  31.365  67.714 160.715  30.932  67.053 161.411  32.827  66.012 161.670
  33.019  67.378 160.024  33.354  66.812 159.239  32.851  68.440 159.782  33.314
  67.029 160.092  34.895  67.368 160.985  35.421  65.950 160.160  35.034  67.500
 158.859  35.657  68.514 158.641  35.323  67.592 159.095  36.718  66.664 157.689
  35.357  67.000 157.182  34.551  65.868 157.133  36.247  65.563 157.586  37.456
  65.820 158.524  37.726  64.904 157.079  38.029  65.437 155.911  35.974  65.571
 155.563  35.036  64.895 155.453  36.693  67.921 162.478  33.441  67.462 163.469
  33.980  69.165 162.367  33.218  85.569 154.517  14.315  85.909 153.424  13.506
  84.693 153.410  14.286  85.771 152.111  12.742  83.860 152.363  14.122  84.513
 151.644  13.349  85.389 155.886  11.737  85.340 156.495  12.777  85.298 155.833
  14.121  85.329 158.043  12.840  85.064 156.745  15.064  85.194 158.869  14.022
  85.111 157.941  15.113  85.236 160.091  14.040  85.494 158.541  11.974  86.521
 151.711  11.598  86.989 150.692  10.926  88.034 149.779  11.479  87.605 151.823
  10.416  89.352 150.067  11.250  88.535 152.430  10.046  90.412 150.641  10.549
  89.462 151.653  10.247  90.772 150.137   9.740  87.742 148.540  12.153  88.604
 148.047  12.783  86.572 147.853  12.095  86.033 148.344  11.452
