
Initial FFT Block Distribution Based on Workload Estimate:

  FFT blocks assigned to   20 tasks

Image Distribution at run step       0:

  Count of images assigned to each task:
            0     1189     1189     1190     1189     1189        0     1190
         1189     1189     1190     1189        0     1189     1190     1189
         1189     1190     1189        0     1190     1189     1189     1190
         1189        0     1189     1190     1189     1189     1190        0
         1189     1189     1190     1189     1190     1189        0     1189
         1190     1189     1189     1190        0     1189     1189     1190
         1189     1189     1190        0     1189     1189     1190     1189
         1190        0     1189     1189     1190     1189     1189        0
         1190     1189     1189     1190     1189     1189        0     1190
         1189     1190     1189     1189        0     1190     1189     1189
         1190     1189     1189        0     1190     1189     1189     1190
         1189        0     1189     1190     1189     1190     1189        0
         1189     1190     1189     1189     1190     1189        0     1189
         1190     1189     1189     1190        0     1189     1190     1189
         1189     1190     1189        0     1189     1190     1189     1189
         1190        0     1189     1189     1190     1189     1190        0

First FFT Block Distribution Based on Actual Workload:

  FFT blocks assigned to   36 tasks

Atom Distribution No.     4 at run step     305:

  Count of atoms assigned to each task:
            0     1459     1229        0     1392     1398     1413        0
         1205     1473        0     1196     1389     1413        0     1423
         1197        0     1455     1431     1404        0     1391     1448
            0     1176     1422     1401        0     1395     1392        0
         1480     1428     1416        0     1395     1147     1456        0
         1181     1407        0     1398     1368     1368        0     1442
         1428        0     1401     1410     1116        0     1426     1452
            0     1383     1473     1380        0     1392     1404        0
         1434     1485     1446        0     1416     1425     1422        0
         1473     1455        0     1443     1479     1425        0     1422
         1473        0     1446     1467     1407        0     1395     1437
            0     1461     1482     1404        0     1416     1419        0
         1479     1482     1437        0     1422     1431     1461        0
         1476     1231        0     1416     1182     1380        0     1521
         1418        0     1408     1204     1398        0     1455     1426
            0     1439     1410     1368        0     1416     1416        0

Atom Distribution No.     5 at run step     578:

  Count of atoms assigned to each task:
            0     1465     1218        0     1391     1403     1404        0
         1226     1475        0     1214     1392     1410        0     1422
         1183        0     1436     1428     1398        0     1389     1436
            0     1168     1436     1383        0     1401     1394        0
         1474     1438     1409        0     1395     1383     1197        0
         1189     1421        0     1389     1374     1380        0     1443
         1458        0     1366     1419     1362        0     1191     1467
            0     1384     1461     1380        0     1407     1410        0
         1437     1473     1449        0     1419     1446     1419        0
         1446     1467        0     1449     1470     1434        0     1434
         1482        0     1434     1458     1413        0     1404     1434
            0     1455     1482     1407        0     1419     1419        0
         1488     1476     1437        0     1419     1425     1464        0
         1471     1230        0     1413     1176     1377        0     1507
         1418        0     1405     1212     1392        0     1455     1427
            0     1440     1404     1371        0     1410     1425        0

Atom Distribution No.     6 at run step     857:

  Count of atoms assigned to each task:
            0     1456     1473        0     1185     1164     1410        0
         1417     1265        0     1217     1427     1398        0     1395
         1412        0     1190     1455     1401        0     1404     1386
            0     1394     1448     1446        0     1395     1379        0
         1396     1221     1212        0     1433     1392     1389        0
         1371     1449        0     1404     1383     1395        0     1398
         1389        0     1449     1407     1353        0     1461     1386
            0     1159     1443     1380        0     1440     1452        0
         1407     1443     1416        0     1443     1503     1443        0
         1455     1473        0     1446     1458     1485        0     1449
         1455        0     1440     1386     1431        0     1452     1464
            0     1425     1395     1383        0     1449     1473        0
         1455     1428     1404        0     1404     1476     1464        0
         1231     1431        0     1212     1398     1467        0     1465
         1424        0     1194     1404     1426        0     1461     1415
            0     1452     1391     1374        0     1413     1419        0

Atom Distribution No.     7 at run step    1131:

  Count of atoms assigned to each task:
            0     1464     1478        0     1392     1392     1416        0
         1414     1295        0     1217     1197     1401        0     1404
         1408        0     1439     1194     1404        0     1401     1381
            0     1418     1428     1437        0     1401     1367        0
         1407     1222     1448        0     1191     1392     1392        0
         1378     1433        0     1428     1407     1392        0     1383
         1396        0     1434     1398     1365        0     1443     1380
            0     1186     1437     1374        0     1464     1428        0
         1407     1428     1434        0     1440     1497     1446        0
         1455     1464        0     1431     1449     1473        0     1458
         1482        0     1428     1386     1431        0     1455     1464
            0     1425     1392     1398        0     1464     1488        0
         1434     1423     1407        0     1419     1482     1461        0
         1203     1419        0     1410     1410     1473        0     1427
         1432        0     1423     1179     1221        0     1473     1404
            0     1458     1170     1374        0     1419     1419        0

Atom Distribution No.     8 at run step    1396:

  Count of atoms assigned to each task:
            0     1446     1236        0     1400     1397     1392        0
         1252     1235        0     1217     1422     1386        0     1401
         1397        0     1198     1449     1407        0     1410     1388
            0     1395     1434     1446        0     1392     1385        0
         1396     1221     1218        0     1442     1392     1401        0
         1371     1436        0     1413     1383     1398        0     1404
         1389        0     1450     1404     1356        0     1446     1398
            0     1150     1452     1389        0     1449     1446        0
         1410     1437     1416        0     1449     1500     1434        0
         1455     1464        0     1440     1455     1470        0     1455
         1455        0     1443     1383     1428        0     1458     1464
            0     1431     1404     1392        0     1449     1473        0
         1452     1218     1401        0     1416     1467     1479        0
         1411     1431        0     1197     1407     1455        0     1456
         1428        0     1206     1399     1422        0     1464     1412
            0     1428     1425     1377        0     1419     1437        0

Atom Distribution No.     9 at run step    1665:

  Count of atoms assigned to each task:
            0     1444     1451        0     1187     1176     1413        0
         1408     1268        0     1217     1410     1380        0     1401
         1403        0     1435     1206     1407        0     1404     1383
            0     1400     1449     1443        0     1392     1370        0
         1400     1212     1449        0     1208     1392     1410        0
         1378     1425        0     1425     1389     1404        0     1395
         1392        0     1447     1404     1359        0     1440     1395
            0     1162     1452     1371        0     1446     1449        0
         1410     1437     1416        0     1437     1515     1443        0
         1464     1473        0     1434     1452     1482        0     1443
         1458        0     1437     1389     1431        0     1446     1461
            0     1434     1395     1383        0     1455     1464        0
         1449     1429     1404        0     1401     1467     1473        0
         1233     1434        0     1212     1401     1473        0     1465
         1434        0     1423     1188     1425        0     1473     1417
            0     1443     1395     1374        0     1410     1428        0

Atom Distribution No.    10 at run step    1940:

  Count of atoms assigned to each task:
            0     1441     1239        0     1196     1398     1416        0
         1411     1256        0     1217     1410     1386        0     1407
         1393        0     1201     1452     1410        0     1392     1395
            0     1395     1447     1443        0     1398     1388        0
         1396     1208     1457        0     1197     1386     1401        0
         1378     1447        0     1422     1392     1404        0     1401
         1386        0     1458     1404     1356        0     1458     1389
            0     1165     1449     1386        0     1458     1440        0
         1407     1434     1413        0     1455     1494     1446        0
         1449     1467        0     1443     1452     1482        0     1455
         1455        0     1440     1383     1434        0     1443     1464
            0     1422     1398     1380        0     1437     1476        0
         1455     1215     1410        0     1419     1461     1488        0
         1408     1431        0     1203     1392     1452        0     1468
         1427        0     1200     1414     1422        0     1455     1413
            0     1455     1400     1377        0     1419     1419        0

Atom Distribution No.    11 at run step    2214:

  Count of atoms assigned to each task:
            0     1441     1454        0     1172     1389     1395        0
         1417     1256        0     1220     1422     1398        0     1401
         1408        0     1426     1218     1407        0     1407     1386
            0     1414     1439     1437        0     1398     1364        0
         1413     1225     1218        0     1433     1395     1398        0
         1378     1428        0     1416     1398     1383        0     1383
         1405        0     1443     1407     1371        0     1446     1383
            0     1189     1446     1365        0     1479     1431        0
         1410     1434     1437        0     1440     1497     1443        0
         1449     1449        0     1446     1446     1473        0     1443
         1473        0     1425     1395     1431        0     1446     1449
            0     1425     1386     1389        0     1455     1476        0
         1446     1443     1398        0     1416     1482     1470        0
         1216     1434        0     1209     1401     1476        0     1450
         1433        0     1414     1179     1431        0     1470     1401
            0     1461     1176     1392        0     1416     1428        0

Atom Distribution No.    12 at run step    2475:

  Count of atoms assigned to each task:
            0     1432     1233        0     1184     1379     1401        0
         1422     1256        0     1208     1419     1380        0     1410
         1393        0     1205     1446     1413        0     1398     1395
            0     1396     1452     1452        0     1389     1376        0
         1404     1224     1464        0     1208     1389     1395        0
         1381     1431        0     1425     1386     1389        0     1407
         1389        0     1447     1407     1356        0     1452     1404
            0     1162     1449     1386        0     1443     1449        0
         1410     1440     1422        0     1446     1500     1431        0
         1458     1473        0     1440     1449     1473        0     1458
         1458        0     1452     1386     1428        0     1446     1458
            0     1428     1395     1386        0     1437     1473        0
         1452     1429     1410        0     1404     1479     1473        0
         1215     1434        0     1203     1404     1452        0     1461
         1434        0     1212     1405     1434        0     1470     1398
            0     1434     1416     1380        0     1404     1425        0

Atom Distribution No.    13 at run step    2756:

  Count of atoms assigned to each task:
            0     1449     1470        0     1184     1176     1401        0
         1412     1253        0     1214     1407     1392        0     1395
         1390        0     1444     1215     1401        0     1401     1398
            0     1397     1455     1455        0     1395     1379        0
         1401     1223     1469        0     1197     1389     1404        0
         1381     1434        0     1422     1371     1395        0     1392
         1395        0     1456     1401     1350        0     1458     1404
            0     1159     1449     1374        0     1440     1446        0
         1404     1437     1422        0     1449     1506     1443        0
         1458     1476        0     1437     1458     1473        0     1446
         1458        0     1443     1386     1431        0     1446     1461
            0     1431     1398     1392        0     1449     1467        0
         1449     1227     1407        0     1416     1467     1488        0
         1411     1425        0     1203     1398     1455        0     1453
         1421        0     1432     1194     1419        0     1458     1416
            0     1425     1421     1371        0     1419     1422        0

Atom Distribution No.    14 at run step    3028:

  Count of atoms assigned to each task:
            0     1441     1460        0     1172     1398     1398        0
         1413     1256        0     1211     1407     1392        0     1410
         1418        0     1207     1449     1395        0     1407     1385
            0     1422     1440     1425        0     1404     1364        0
         1400     1227     1215        0     1418     1392     1404        0
         1375     1432        0     1419     1404     1392        0     1401
         1398        0     1452     1395     1377        0     1440     1389
            0     1198     1440     1386        0     1446     1425        0
         1404     1431     1437        0     1452     1494     1443        0
         1443     1458        0     1437     1464     1464        0     1446
         1464        0     1434     1380     1431        0     1458     1446
            0     1422     1386     1392        0     1470     1488        0
         1434     1419     1410        0     1422     1488     1464        0
         1210     1428        0     1212     1389     1470        0     1450
         1433        0     1219     1389     1428        0     1467     1413
            0     1464     1188     1383        0     1422     1416        0

Atom Distribution No.    15 at run step    3304:

  Count of atoms assigned to each task:
            0     1447     1239        0     1193     1379     1410        0
         1410     1265        0     1226     1422     1380        0     1407
         1390        0     1450     1215     1404        0     1401     1385
            0     1395     1452     1443        0     1386     1378        0
         1398     1231     1460        0     1197     1380     1398        0
         1363     1419        0     1431     1386     1395        0     1398
         1389        0     1462     1410     1359        0     1449     1401
            0     1168     1446     1377        0     1434     1449        0
         1413     1443     1425        0     1449     1494     1452        0
         1452     1470        0     1440     1455     1485        0     1449
         1461        0     1440     1380     1428        0     1443     1458
            0     1431     1401     1392        0     1458     1476        0
         1443     1425     1404        0     1407     1479     1467        0
         1219     1437        0     1206     1395     1464        0     1459
         1436        0     1203     1402     1419        0     1455     1413
            0     1416     1416     1380        0     1422     1422        0

Atom Distribution No.    16 at run step    3573:

  Count of atoms assigned to each task:
            0     1441     1458        0     1181     1167     1407        0
         1417     1259        0     1217     1416     1383        0     1407
         1392        0     1211     1467     1392        0     1401     1381
            0     1392     1453     1440        0     1395     1384        0
         1398     1236     1236        0     1439     1392     1401        0
         1381     1449        0     1416     1398     1404        0     1395
         1401        0     1447     1395     1374        0     1437     1401
            0     1177     1449     1368        0     1452     1434        0
         1404     1440     1416        0     1440     1497     1431        0
         1446     1476        0     1425     1452     1479        0     1449
         1455        0     1446     1389     1425        0     1446     1452
            0     1431     1395     1389        0     1464     1464        0
         1446     1419     1395        0     1410     1482     1467        0
         1219     1431        0     1209     1407     1464        0     1455
         1425        0     1423     1191     1422        0     1473     1407
            0     1452     1394     1371        0     1422     1425        0

Atom Distribution No.    17 at run step    3847:

  Count of atoms assigned to each task:
            0     1440     1452        0     1169     1395     1398        0
         1412     1265        0     1226     1416     1386        0     1404
         1402        0     1444     1230     1407        0     1404     1391
            0     1399     1457     1440        0     1407     1352        0
         1402     1244     1460        0     1194     1389     1398        0
         1374     1440        0     1425     1398     1386        0     1389
         1399        0     1443     1401     1383        0     1440     1374
            0     1198     1434     1374        0     1440     1434        0
         1398     1452     1437        0     1440     1497     1440        0
         1455     1464        0     1434     1464     1467        0     1437
         1464        0     1440     1386     1428        0     1449     1452
            0     1425     1386     1389        0     1461     1476        0
         1422     1413     1398        0     1413     1470     1473        0
         1216     1431        0     1206     1398     1479        0     1447
         1439        0     1222     1395     1428        0     1476     1401
            0     1464     1190     1377        0     1425     1422        0

Atom Distribution No.    18 at run step    4116:

  Count of atoms assigned to each task:
            0     1444     1455        0     1172     1386     1395        0
         1411     1265        0     1226     1410     1395        0     1395
         1407        0     1207     1455     1392        0     1401     1384
            0     1411     1442     1434        0     1404     1349        0
         1406     1244     1241        0     1425     1392     1404        0
         1375     1434        0     1422     1407     1389        0     1398
         1408        0     1446     1398     1389        0     1440     1383
            0     1198     1431     1380        0     1455     1425        0
         1398     1449     1428        0     1437     1491     1449        0
         1452     1452        0     1428     1455     1473        0     1446
         1476        0     1440     1389     1431        0     1449     1458
            0     1419     1392     1404        0     1461     1482        0
         1443     1401     1395        0     1422     1488     1467        0
         1216     1419        0     1206     1392     1476        0     1443
         1434        0     1216     1386     1431        0     1476     1398
            0     1452     1196     1377        0     1413     1425        0

Atom Distribution No.    19 at run step    4391:

  Count of atoms assigned to each task:
            0     1438     1455        0     1178     1386     1389        0
         1418     1277        0     1220     1407     1383        0     1404
         1401        0     1432     1230     1398        0     1398     1387
            0     1404     1452     1440        0     1395     1349        0
         1405     1246     1226        0     1428     1395     1407        0
         1374     1443        0     1431     1410     1383        0     1395
         1405        0     1440     1404     1383        0     1431     1386
            0     1210     1431     1368        0     1443     1428        0
         1401     1443     1437        0     1443     1488     1446        0
         1449     1452        0     1440     1458     1473        0     1440
         1482        0     1440     1383     1440        0     1452     1449
            0     1431     1395     1398        0     1458     1479        0
         1431     1410     1401        0     1413     1479     1473        0
         1213     1425        0     1212     1395     1470        0     1450
         1431        0     1222     1389     1422        0     1476     1396
            0     1446     1193     1383        0     1419     1422        0

Atom Distribution No.    20 at run step    4666:

  Count of atoms assigned to each task:
            0     1445     1449        0     1178     1389     1389        0
         1408     1268        0     1217     1413     1392        0     1398
         1411        0     1207     1458     1407        0     1407     1389
            0     1415     1451     1434        0     1389     1355        0
         1411     1248     1232        0     1413     1383     1404        0
         1377     1431        0     1425     1404     1374        0     1383
         1402        0     1443     1407     1386        0     1437     1389
            0     1204     1434     1377        0     1449     1440        0
         1422     1455     1431        0     1461     1494     1440        0
         1452     1461        0     1419     1458     1464        0     1449
         1473        0     1440     1386     1431        0     1449     1449
            0     1413     1392     1401        0     1467     1476        0
         1431     1404     1395        0     1416     1473     1458        0
         1219     1428        0     1212     1395     1476        0     1452
         1428        0     1222     1380     1422        0     1476     1397
            0     1446     1190     1386        0     1422     1428        0

Atom Distribution No.    21 at run step    4939:

  Count of atoms assigned to each task:
            0     1441     1449        0     1169     1395     1383        0
         1411     1274        0     1220     1416     1398        0     1398
         1401        0     1198     1452     1404        0     1401     1388
            0     1401     1453     1437        0     1395     1355        0
         1408     1256     1227        0     1427     1395     1401        0
         1371     1430        0     1422     1398     1380        0     1386
         1421        0     1443     1398     1380        0     1443     1389
            0     1204     1428     1374        0     1446     1425        0
         1413     1440     1440        0     1449     1497     1431        0
         1455     1455        0     1437     1455     1467        0     1443
         1473        0     1440     1392     1428        0     1458     1455
            0     1422     1392     1395        0     1470     1485        0
         1440     1413     1395        0     1416     1482     1464        0
         1219     1425        0     1221     1395     1458        0     1455
         1437        0     1219     1383     1419        0     1476     1392
            0     1440     1190     1380        0     1431     1428        0

Atom Distribution No.    22 at run step    5197:

  Count of atoms assigned to each task:
            0     1435     1446        0     1178     1380     1389        0
         1411     1289        0     1226     1413     1395        0     1404
         1404        0     1428     1233     1395        0     1401     1384
            0     1404     1453     1443        0     1389     1361        0
         1403     1250     1457        0     1194     1392     1407        0
         1378     1437        0     1425     1404     1392        0     1386
         1402        0     1443     1410     1386        0     1428     1386
            0     1207     1443     1383        0     1440     1428        0
         1413     1452     1425        0     1446     1491     1440        0
         1458     1455        0     1419     1458     1473        0     1446
         1473        0     1437     1386     1425        0     1443     1440
            0     1419     1392     1392        0     1461     1473        0
         1431     1413     1398        0     1410     1482     1464        0
         1213     1428        0     1212     1389     1482        0     1450
         1439        0     1213     1392     1428        0     1479     1401
            0     1455     1199     1380        0     1425     1419        0

Atom Distribution No.    23 at run step    5471:

  Count of atoms assigned to each task:
            0     1443     1442        0     1178     1383     1392        0
         1406     1268        0     1223     1416     1392        0     1398
         1404        0     1209     1449     1401        0     1404     1385
            0     1404     1448     1440        0     1395     1364        0
         1414     1250     1235        0     1422     1389     1407        0
         1368     1437        0     1437     1410     1383        0     1383
         1411        0     1440     1407     1386        0     1440     1383
            0     1210     1434     1374        0     1455     1428        0
         1404     1446     1437        0     1440     1500     1428        0
         1449     1449        0     1434     1464     1473        0     1440
         1482        0     1443     1389     1425        0     1449     1452
            0     1419     1392     1392        0     1461     1488        0
         1419     1425     1398        0     1407     1476     1464        0
         1219     1428        0     1209     1398     1473        0     1450
         1436        0     1216     1359     1434        0     1479     1404
            0     1437     1191     1386        0     1431     1419        0

Atom Distribution No.    24 at run step    5744:

  Count of atoms assigned to each task:
            0     1434     1242        0     1190     1377     1398        0
         1415     1265        0     1223     1413     1380        0     1410
         1389        0     1441     1236     1407        0     1407     1388
            0     1391     1460     1446        0     1380     1379        0
         1397     1239     1233        0     1442     1389     1401        0
         1369     1431        0     1431     1392     1395        0     1392
         1395        0     1459     1398     1377        0     1434     1398
            0     1195     1446     1365        0     1455     1449        0
         1419     1428     1425        0     1437     1503     1440        0
         1458     1470        0     1440     1440     1479        0     1440
         1461        0     1437     1380     1425        0     1443     1449
            0     1422     1404     1392        0     1449     1473        0
         1443     1419     1398        0     1404     1476     1467        0
         1216     1443        0     1206     1407     1467        0     1456
         1424        0     1206     1408     1422        0     1470     1398
            0     1431     1412     1377        0     1425     1419        0

Atom Distribution No.    25 at run step    6015:

  Count of atoms assigned to each task:
            0     1434     1452        0     1184     1386     1389        0
         1403     1256        0     1223     1419     1383        0     1407
         1407        0     1199     1458     1395        0     1410     1389
            0     1401     1451     1440        0     1389     1355        0
         1410     1257     1460        0     1191     1389     1407        0
         1371     1434        0     1428     1407     1383        0     1392
         1411        0     1437     1398     1383        0     1437     1380
            0     1207     1428     1377        0     1449     1428        0
         1410     1440     1434        0     1449     1494     1434        0
         1449     1458        0     1434     1449     1467        0     1437
         1476        0     1434     1392     1434        0     1449     1446
            0     1425     1386     1395        0     1455     1479        0
         1431     1416     1404        0     1404     1485     1461        0
         1216     1434        0     1212     1407     1479        0     1441
         1439        0     1414     1197     1428        0     1476     1404
            0     1470     1181     1386        0     1431     1425        0

Atom Distribution No.    26 at run step    6286:

  Count of atoms assigned to each task:
            0     1441     1446        0     1175     1386     1389        0
         1399     1268        0     1220     1404     1392        0     1401
         1405        0     1201     1455     1401        0     1413     1390
            0     1404     1451     1443        0     1392     1355        0
         1416     1253     1229        0     1419     1386     1404        0
         1374     1431        0     1437     1401     1386        0     1389
         1405        0     1455     1398     1383        0     1431     1380
            0     1210     1440     1374        0     1440     1434        0
         1398     1440     1428        0     1449     1500     1431        0
         1449     1461        0     1422     1473     1461        0     1446
         1464        0     1434     1389     1431        0     1458     1443
            0     1416     1386     1386        0     1470     1488        0
         1431     1413     1401        0     1419     1485     1470        0
         1219     1422        0     1203     1407     1467        0     1453
         1439        0     1228     1386     1440        0     1479     1413
            0     1440     1193     1383        0     1422     1419        0

Atom Distribution No.    27 at run step    6558:

  Count of atoms assigned to each task:
            0     1440     1443        0     1172     1386     1389        0
         1406     1274        0     1211     1413     1386        0     1392
         1398        0     1433     1233     1395        0     1410     1385
            0     1399     1455     1437        0     1392     1358        0
         1409     1245     1235        0     1425     1389     1407        0
         1371     1438        0     1431     1413     1389        0     1383
         1407        0     1443     1404     1386        0     1440     1380
            0     1201     1434     1371        0     1452     1428        0
         1407     1437     1434        0     1449     1506     1443        0
         1449     1464        0     1434     1458     1464        0     1446
         1476        0     1437     1401     1428        0     1443     1449
            0     1419     1392     1389        0     1470     1485        0
         1434     1410     1395        0     1413     1491     1470        0
         1210     1428        0     1218     1392     1476        0     1453
         1424        0     1222     1392     1422        0     1473     1401
            0     1452     1187     1383        0     1428     1419        0

Atom Distribution No.    28 at run step    6833:

  Count of atoms assigned to each task:
            0     1435     1451        0     1175     1377     1398        0
         1405     1268        0     1229     1404     1386        0     1398
         1405        0     1207     1455     1395        0     1401     1381
            0     1404     1445     1437        0     1389     1367        0
         1404     1256     1229        0     1428     1389     1407        0
         1383     1439        0     1422     1404     1386        0     1389
         1403        0     1449     1404     1380        0     1425     1386
            0     1204     1431     1359        0     1449     1434        0
         1413     1437     1443        0     1449     1497     1440        0
         1461     1452        0     1440     1458     1473        0     1446
         1479        0     1431     1407     1431        0     1455     1449
            0     1425     1392     1398        0     1461     1485        0
         1428     1420     1401        0     1410     1479     1458        0
         1209     1425        0     1212     1410     1461        0     1453
         1430        0     1213     1386     1422        0     1485     1395
            0     1443     1194     1389        0     1428     1416        0

Atom Distribution No.    29 at run step    7095:

  Count of atoms assigned to each task:
            0     1444     1236        0     1187     1389     1404        0
         1408     1268        0     1223     1410     1386        0     1398
         1396        0     1208     1461     1407        0     1401     1392
            0     1386     1449     1452        0     1380     1382        0
         1403     1238     1245        0     1439     1386     1398        0
         1371     1437        0     1422     1398     1398        0     1389
         1389        0     1456     1404     1371        0     1434     1383
            0     1180     1452     1359        0     1443     1443        0
         1419     1419     1446        0     1431     1503     1449        0
         1455     1473        0     1437     1446     1476        0     1440
         1464        0     1440     1374     1431        0     1446     1452
            0     1428     1398     1389        0     1446     1476        0
         1437     1227     1395        0     1416     1464     1479        0
         1408     1440        0     1212     1401     1470        0     1456
         1424        0     1218     1399     1425        0     1467     1407
            0     1425     1415     1389        0     1419     1425        0

Atom Distribution No.    30 at run step    7360:

  Count of atoms assigned to each task:
            0     1434     1443        0     1178     1377     1398        0
         1397     1262        0     1220     1404     1383        0     1407
         1399        0     1440     1224     1392        0     1410     1386
            0     1399     1458     1446        0     1404     1358        0
         1399     1252     1457        0     1197     1392     1407        0
         1380     1431        0     1431     1392     1389        0     1392
         1411        0     1443     1401     1374        0     1428     1383
            0     1207     1422     1368        0     1458     1431        0
         1407     1425     1434        0     1440     1500     1428        0
         1458     1458        0     1443     1455     1473        0     1449
         1482        0     1446     1389     1431        0     1458     1437
            0     1422     1389     1395        0     1467     1482        0
         1419     1416     1395        0     1407     1479     1458        0
         1219     1431        0     1209     1401     1470        0     1450
         1436        0     1429     1203     1437        0     1485     1401
            0     1467     1190     1389        0     1428     1410        0

Atom Distribution No.    31 at run step    7633:

  Count of atoms assigned to each task:
            0     1430     1443        0     1178     1380     1395        0
         1402     1271        0     1220     1410     1389        0     1392
         1401        0     1210     1461     1386        0     1401     1389
            0     1406     1461     1443        0     1389     1364        0
         1414     1232     1247        0     1437     1389     1395        0
         1371     1435        0     1431     1398     1383        0     1389
         1414        0     1443     1404     1380        0     1437     1392
            0     1210     1437     1371        0     1449     1422        0
         1407     1428     1434        0     1443     1494     1434        0
         1455     1443        0     1437     1443     1482        0     1434
         1476        0     1428     1398     1428        0     1452     1452
            0     1422     1389     1401        0     1464     1485        0
         1434     1426     1395        0     1401     1485     1467        0
         1227     1431        0     1206     1395     1464        0     1453
         1445        0     1222     1383     1434        0     1482     1397
            0     1449     1199     1389        0     1431     1416        0

Atom Distribution No.    32 at run step    7906:

  Count of atoms assigned to each task:
            0     1444     1452        0     1181     1386     1383        0
         1408     1280        0     1223     1404     1386        0     1398
         1417        0     1432     1236     1401        0     1398     1385
            0     1408     1447     1443        0     1395     1352        0
         1405     1242     1238        0     1419     1392     1407        0
         1380     1428        0     1440     1401     1392        0     1389
         1417        0     1449     1398     1365        0     1446     1386
            0     1201     1428     1377        0     1446     1428        0
         1410     1446     1422        0     1455     1488     1440        0
         1449     1473        0     1434     1458     1470        0     1452
         1467        0     1440     1383     1431        0     1455     1440
            0     1419     1383     1401        0     1458     1479        0
         1428     1230     1398        0     1410     1488     1461        0
         1420     1422        0     1203     1401     1464        0     1453
         1439        0     1219     1380     1437        0     1476     1404
            0     1434     1193     1380        0     1425     1410        0

Atom Distribution No.    33 at run step    8179:

  Count of atoms assigned to each task:
            0     1428     1448        0     1179     1383     1395        0
         1406     1271        0     1223     1403     1392        0     1392
         1404        0     1202     1452     1395        0     1395     1382
            0     1413     1440     1446        0     1398     1352        0
         1409     1255     1239        0     1418     1392     1401        0
         1374     1440        0     1428     1398     1380        0     1395
         1405        0     1446     1392     1377        0     1437     1392
            0     1210     1428     1392        0     1446     1428        0
         1404     1443     1428        0     1443     1506     1443        0
         1446     1461        0     1431     1458     1467        0     1449
         1470        0     1446     1383     1440        0     1449     1452
            0     1422     1386     1398        0     1461     1479        0
         1425     1419     1407        0     1422     1485     1461        0
         1213     1422        0     1227     1407     1464        0     1450
         1430        0     1222     1386     1425        0     1473     1404
            0     1443     1194     1383        0     1428     1425        0

Atom Distribution No.    34 at run step    8453:

  Count of atoms assigned to each task:
            0     1440     1236        0     1403     1386     1398        0
         1409     1289        0     1217     1203     1386        0     1401
         1397        0     1202     1482     1395        0     1413     1381
            0     1376     1461     1434        0     1377     1373        0
         1401     1233     1460        0     1215     1383     1395        0
         1380     1442        0     1419     1392     1410        0     1401
         1389        0     1454     1404     1374        0     1434     1389
            0     1198     1452     1371        0     1449     1434        0
         1401     1434     1428        0     1431     1497     1443        0
         1458     1461        0     1434     1449     1476        0     1443
         1458        0     1440     1386     1443        0     1455     1458
            0     1428     1392     1392        0     1452     1482        0
         1425     1422     1404        0     1404     1470     1461        0
         1225     1443        0     1209     1398     1458        0     1447
         1433        0     1221     1399     1419        0     1464     1404
            0     1425     1418     1380        0     1428     1425        0

Atom Distribution No.    35 at run step    8727:

  Count of atoms assigned to each task:
            0     1435     1448        0     1181     1377     1401        0
         1409     1265        0     1217     1404     1392        0     1401
         1398        0     1432     1242     1395        0     1410     1381
            0     1394     1444     1449        0     1383     1367        0
         1401     1235     1251        0     1433     1395     1392        0
         1374     1437        0     1431     1407     1389        0     1392
         1402        0     1434     1401     1374        0     1440     1383
            0     1207     1434     1362        0     1470     1434        0
         1404     1440     1428        0     1437     1482     1437        0
         1464     1449        0     1443     1446     1479        0     1443
         1470        0     1437     1389     1434        0     1449     1449
            0     1425     1377     1395        0     1455     1470        0
         1446     1423     1401        0     1398     1473     1464        0
         1227     1431        0     1230     1395     1482        0     1450
         1442        0     1423     1200     1428        0     1473     1397
            0     1464     1188     1380        0     1428     1413        0

Atom Distribution No.    36 at run step    9000:

  Count of atoms assigned to each task:
            0     1434     1239        0     1193     1374     1410        0
         1409     1274        0     1226     1401     1389        0     1410
         1383        0     1210     1461     1401        0     1401     1380
            0     1385     1456     1461        0     1386     1376        0
         1400     1228     1469        0     1218     1392     1395        0
         1380     1437        0     1425     1395     1404        0     1401
         1398        0     1456     1401     1365        0     1440     1392
            0     1186     1458     1365        0     1440     1446        0
         1404     1431     1425        0     1437     1500     1434        0
         1455     1467        0     1437     1443     1476        0     1446
         1452        0     1434     1389     1428        0     1455     1458
            0     1431     1398     1389        0     1446     1476        0
         1446     1227     1404        0     1413     1452     1485        0
         1411     1434        0     1206     1395     1458        0     1465
         1421        0     1221     1408     1428        0     1461     1404
            0     1431     1409     1380        0     1425     1416        0

Atom Distribution No.    37 at run step    9268:

  Count of atoms assigned to each task:
            0     1437     1448        0     1172     1383     1401        0
         1403     1268        0     1220     1404     1395        0     1395
         1404        0     1435     1239     1392        0     1398     1384
            0     1398     1445     1455        0     1386     1364        0
         1407     1236     1241        0     1422     1395     1395        0
         1383     1431        0     1416     1407     1383        0     1380
         1408        0     1443     1395     1383        0     1431     1386
            0     1195     1434     1374        0     1461     1425        0
         1404     1440     1434        0     1434     1500     1437        0
         1461     1464        0     1431     1446     1485        0     1443
         1470        0     1434     1404     1425        0     1458     1455
            0     1437     1395     1392        0     1458     1482        0
         1431     1428     1398        0     1410     1476     1461        0
         1225     1425        0     1215     1398     1476        0     1441
         1439        0     1426     1197     1428        0     1470     1398
            0     1470     1185     1380        0     1422     1416        0

Atom Distribution No.    38 at run step    9544:

  Count of atoms assigned to each task:
            0     1443     1236        0     1187     1379     1401        0
         1412     1265        0     1211     1404     1377        0     1407
         1376        0     1216     1461     1398        0     1404     1372
            0     1390     1446     1470        0     1389     1376        0
         1407     1220     1248        0     1433     1392     1398        0
         1368     1425        0     1434     1389     1392        0     1401
         1398        0     1450     1413     1362        0     1452     1398
            0     1189     1449     1371        0     1443     1446        0
         1416     1443     1419        0     1446     1503     1428        0
         1443     1476        0     1440     1458     1476        0     1446
         1446        0     1449     1389     1437        0     1452     1470
            0     1431     1386     1386        0     1449     1473        0
         1449     1404     1395        0     1404     1455     1464        0
         1225     1437        0     1221     1401     1446        0     1474
         1421        0     1230     1405     1422        0     1467     1416
            0     1419     1419     1380        0     1422     1425        0

Atom Distribution No.    39 at run step    9825:

  Count of atoms assigned to each task:
            0     1439     1448        0     1193     1176     1404        0
         1408     1259        0     1223     1401     1377        0     1401
         1383        0     1438     1230     1398        0     1410     1393
            0     1386     1464     1446        0     1389     1382        0
         1397     1236     1473        0     1217     1395     1401        0
         1377     1442        0     1426     1377     1401        0     1395
         1413        0     1444     1398     1377        0     1428     1389
            0     1186     1446     1365        0     1440     1440        0
         1416     1434     1428        0     1431     1500     1440        0
         1452     1479        0     1440     1449     1476        0     1449
         1449        0     1449     1383     1437        0     1452     1452
            0     1434     1386     1392        0     1443     1479        0
         1440     1416     1392        0     1407     1482     1464        0
         1222     1437        0     1209     1401     1455        0     1465
         1421        0     1435     1203     1425        0     1464     1409
            0     1449     1392     1377        0     1419     1416        0

Atom Distribution No.    40 at run step   10094:

  Count of atoms assigned to each task:
            0     1432     1242        0     1190     1388     1401        0
         1408     1259        0     1223     1401     1377        0     1407
         1386        0     1450     1461     1401        0     1404     1375
            0     1401     1224     1449        0     1386     1378        0
         1402     1232     1469        0     1218     1395     1401        0
         1383     1452        0     1416     1407     1404        0     1389
         1389        0     1453     1395     1368        0     1437     1389
            0     1189     1455     1365        0     1455     1443        0
         1419     1443     1428        0     1443     1494     1437        0
         1446     1467        0     1446     1443     1482        0     1440
         1452        0     1437     1380     1440        0     1446     1461
            0     1425     1386     1392        0     1443     1473        0
         1437     1416     1386        0     1404     1470     1452        0
         1228     1446        0     1212     1401     1458        0     1462
         1424        0     1224     1405     1431        0     1464     1413
            0     1446     1395     1380        0     1419     1416        0

Atom Distribution No.    41 at run step   10368:

  Count of atoms assigned to each task:
            0     1438     1445        0     1193     1173     1407        0
         1411     1253        0     1220     1407     1380        0     1407
         1382        0     1215     1455     1398        0     1401     1381
            0     1386     1449     1458        0     1386     1370        0
         1404     1237     1248        0     1448     1386     1395        0
         1383     1430        0     1429     1392     1404        0     1404
         1392        0     1450     1395     1374        0     1431     1404
            0     1198     1455     1362        0     1449     1437        0
         1413     1434     1422        0     1434     1506     1434        0
         1449     1470        0     1434     1458     1482        0     1446
         1440        0     1440     1386     1428        0     1455     1458
            0     1422     1401     1383        0     1443     1473        0
         1455     1407     1401        0     1404     1476     1461        0
         1234     1434        0     1218     1407     1455        0     1464
         1425        0     1432     1200     1425        0     1473     1413
            0     1425     1407     1374        0     1416     1422        0

Atom Distribution No.    42 at run step   10631:

  Count of atoms assigned to each task:
            0     1447     1236        0     1193     1392     1407        0
         1405     1265        0     1211     1407     1380        0     1413
         1390        0     1445     1233     1398        0     1404     1399
            0     1382     1457     1440        0     1392     1378        0
         1396     1238     1472        0     1218     1389     1398        0
         1371     1431        0     1425     1392     1398        0     1392
         1392        0     1459     1395     1377        0     1434     1395
            0     1195     1446     1371        0     1449     1437        0
         1419     1434     1410        0     1434     1491     1440        0
         1455     1473        0     1431     1449     1482        0     1440
         1461        0     1449     1377     1434        0     1446     1455
            0     1428     1398     1386        0     1443     1470        0
         1449     1407     1383        0     1410     1467     1479        0
         1222     1434        0     1218     1404     1452        0     1465
         1427        0     1230     1408     1425        0     1467     1407
            0     1458     1388     1377        0     1419     1416        0

Atom Distribution No.    43 at run step   10904:

  Count of atoms assigned to each task:
            0     1434     1448        0     1172     1377     1407        0
         1400     1268        0     1220     1401     1386        0     1392
         1399        0     1211     1461     1392        0     1404     1380
            0     1390     1454     1455        0     1395     1367        0
         1397     1244     1251        0     1424     1389     1401        0
         1374     1440        0     1440     1404     1383        0     1404
         1417        0     1446     1401     1386        0     1449     1386
            0     1210     1440     1380        0     1446     1422        0
         1410     1452     1425        0     1452     1491     1425        0
         1452     1458        0     1425     1461     1464        0     1452
         1458        0     1434     1389     1437        0     1455     1437
            0     1425     1395     1383        0     1473     1476        0
         1422     1416     1404        0     1425     1470     1473        0
         1219     1416        0     1215     1395     1476        0     1438
         1427        0     1426     1194     1419        0     1476     1398
            0     1473     1185     1380        0     1428     1410        0

Atom Distribution No.    44 at run step   11176:

  Count of atoms assigned to each task:
            0     1435     1239        0     1193     1383     1392        0
         1408     1271        0     1220     1404     1374        0     1404
         1398        0     1448     1227     1398        0     1398     1390
            0     1381     1448     1461        0     1386     1382        0
         1400     1226     1457        0     1215     1389     1401        0
         1374     1434        0     1431     1389     1398        0     1407
         1392        0     1465     1398     1368        0     1431     1395
            0     1180     1461     1374        0     1443     1440        0
         1413     1440     1416        0     1440     1506     1440        0
         1446     1464        0     1440     1461     1485        0     1437
         1449        0     1443     1398     1422        0     1443     1470
            0     1425     1392     1389        0     1443     1482        0
         1446     1416     1398        0     1407     1470     1458        0
         1228     1443        0     1215     1401     1458        0     1461
         1422        0     1221     1396     1428        0     1473     1410
            0     1422     1415     1386        0     1419     1416        0

Atom Distribution No.    45 at run step   11449:

  Count of atoms assigned to each task:
            0     1440     1443        0     1169     1386     1395        0
         1400     1268        0     1223     1404     1386        0     1395
         1404        0     1220     1458     1392        0     1407     1373
            0     1404     1454     1449        0     1395     1352        0
         1405     1251     1245        0     1415     1383     1404        0
         1368     1434        0     1419     1398     1398        0     1398
         1402        0     1449     1395     1383        0     1443     1386
            0     1207     1440     1377        0     1446     1425        0
         1413     1440     1440        0     1446     1488     1434        0
         1455     1458        0     1437     1449     1470        0     1443
         1473        0     1434     1401     1428        0     1455     1446
            0     1416     1386     1389        0     1461     1476        0
         1434     1425     1404        0     1404     1470     1464        0
         1222     1425        0     1224     1398     1470        0     1444
         1439        0     1426     1197     1425        0     1485     1389
            0     1473     1184     1395        0     1425     1413        0

Atom Distribution No.    46 at run step   11723:

  Count of atoms assigned to each task:
            0     1431     1455        0     1170     1386     1395        0
         1400     1274        0     1226     1403     1380        0     1401
         1404        0     1438     1230     1383        0     1407     1384
            0     1403     1448     1443        0     1401     1361        0
         1409     1250     1469        0     1203     1392     1404        0
         1374     1428        0     1428     1407     1389        0     1392
         1408        0     1446     1398     1377        0     1449     1380
            0     1213     1443     1374        0     1443     1422        0
         1410     1455     1422        0     1452     1494     1431        0
         1452     1452        0     1431     1455     1467        0     1452
         1461        0     1443     1386     1428        0     1452     1446
            0     1422     1392     1398        0     1461     1473        0
         1440     1416     1407        0     1413     1470     1470        0
         1216     1422        0     1218     1398     1470        0     1443
         1437        0     1219     1395     1422        0     1473     1398
            0     1449     1193     1383        0     1425     1428        0

Atom Distribution No.    47 at run step   11986:

  Count of atoms assigned to each task:
            0     1434     1455        0     1388     1380     1398        0
         1404     1287        0     1230     1182     1401        0     1401
         1398        0     1214     1455     1392        0     1407     1381
            0     1414     1439     1440        0     1395     1355        0
         1409     1244     1244        0     1422     1386     1404        0
         1371     1437        0     1425     1410     1386        0     1398
         1405        0     1449     1398     1383        0     1440     1386
            0     1210     1440     1380        0     1440     1425        0
         1413     1449     1428        0     1446     1482     1431        0
         1455     1464        0     1434     1458     1470        0     1452
         1473        0     1431     1383     1428        0     1449     1452
            0     1413     1392     1392        0     1458     1476        0
         1431     1423     1392        0     1416     1473     1464        0
         1209     1431        0     1218     1398     1476        0     1444
         1442        0     1222     1392     1428        0     1470     1398
            0     1446     1202     1383        0     1416     1416        0

Atom Distribution No.    48 at run step   12258:

  Count of atoms assigned to each task:
            0     1434     1449        0     1187     1389     1389        0
         1259     1241        0     1451     1401     1389        0     1410
         1396        0     1209     1458     1386        0     1389     1380
            0     1409     1451     1443        0     1392     1361        0
         1425     1238     1247        0     1407     1383     1401        0
         1383     1428        0     1425     1398     1395        0     1383
         1414        0     1446     1398     1386        0     1434     1377
            0     1201     1443     1377        0     1452     1425        0
         1419     1443     1428        0     1470     1485     1434        0
         1443     1467        0     1431     1470     1467        0     1446
         1455        0     1428     1386     1437        0     1449     1455
            0     1410     1383     1404        0     1452     1485        0
         1428     1228     1398        0     1416     1479     1461        0
         1407     1428        0     1221     1389     1470        0     1449
         1440        0     1225     1386     1431        0     1470     1398
            0     1437     1193     1386        0     1416     1419        0

Atom Distribution No.    49 at run step   12527:

  Count of atoms assigned to each task:
            0     1438     1455        0     1178     1380     1386        0
         1402     1283        0     1232     1398     1389        0     1392
         1402        0     1199     1449     1395        0     1407     1389
            0     1399     1433     1446        0     1398     1355        0
         1405     1251     1247        0     1419     1386     1404        0
         1377     1440        0     1428     1398     1392        0     1398
         1411        0     1434     1401     1377        0     1434     1392
            0     1210     1431     1374        0     1446     1434        0
         1410     1446     1437        0     1461     1488     1440        0
         1458     1455        0     1434     1458     1464        0     1455
         1467        0     1434     1401     1434        0     1452     1440
            0     1416     1398     1392        0     1464     1479        0
         1434     1225     1395        0     1404     1488     1461        0
         1410     1425        0     1203     1395     1473        0     1447
         1442        0     1225     1386     1431        0     1473     1401
            0     1446     1199     1386        0     1419     1416        0

Atom Distribution No.    50 at run step   12797:

  Count of atoms assigned to each task:
            0     1437     1448        0     1185     1389     1392        0
         1397     1292        0     1223     1406     1386        0     1395
         1405        0     1202     1458     1377        0     1404     1389
            0     1411     1448     1446        0     1392     1364        0
         1409     1244     1241        0     1428     1389     1404        0
         1368     1425        0     1428     1398     1386        0     1395
         1414        0     1440     1398     1377        0     1440     1392
            0     1207     1437     1380        0     1446     1428        0
         1410     1437     1434        0     1452     1488     1425        0
         1452     1455        0     1437     1467     1470        0     1437
         1470        0     1431     1392     1431        0     1449     1443
            0     1419     1386     1392        0     1467     1479        0
         1434     1230     1398        0     1410     1479     1461        0
         1423     1425        0     1206     1398     1458        0     1440
         1443        0     1222     1392     1422        0     1476     1398
            0     1461     1203     1392        0     1425     1422        0

Atom Distribution No.    51 at run step   13073:

  Count of atoms assigned to each task:
            0     1437     1230        0     1394     1383     1395        0
         1406     1286        0     1229     1203     1389        0     1398
         1383        0     1211     1467     1389        0     1392     1390
            0     1389     1467     1443        0     1380     1382        0
         1400     1241     1239        0     1427     1392     1398        0
         1386     1446        0     1422     1386     1407        0     1401
         1404        0     1450     1395     1377        0     1434     1392
            0     1213     1440     1365        0     1452     1428        0
         1413     1431     1437        0     1434     1482     1428        0
         1446     1458        0     1440     1452     1473        0     1437
         1446        0     1437     1386     1428        0     1455     1455
            0     1416     1395     1392        0     1449     1476        0
         1449     1422     1401        0     1401     1476     1467        0
         1231     1437        0     1218     1401     1461        0     1464
         1437        0     1224     1402     1425        0     1461     1410
            0     1431     1415     1386        0     1416     1422        0

Atom Distribution No.    52 at run step   13347:

  Count of atoms assigned to each task:
            0     1438     1446        0     1178     1389     1389        0
         1408     1268        0     1223     1404     1386        0     1398
         1401        0     1436     1233     1389        0     1410     1396
            0     1393     1450     1443        0     1395     1355        0
         1404     1244     1460        0     1194     1386     1407        0
         1377     1428        0     1422     1407     1389        0     1398
         1408        0     1440     1410     1380        0     1440     1389
            0     1210     1434     1377        0     1452     1428        0
         1413     1443     1431        0     1461     1479     1440        0
         1455     1461        0     1428     1461     1461        0     1443
         1473        0     1431     1386     1428        0     1458     1446
            0     1416     1389     1389        0     1455     1470        0
         1428     1419     1395        0     1410     1479     1461        0
         1213     1434        0     1221     1404     1467        0     1449
         1437        0     1429     1194     1419        0     1479     1401
            0     1467     1193     1386        0     1428     1419        0

Atom Distribution No.    53 at run step   13622:

  Count of atoms assigned to each task:
            0     1432     1458        0     1173     1383     1395        0
         1402     1265        0     1223     1406     1392        0     1398
         1398        0     1216     1461     1389        0     1419     1372
            0     1410     1449     1446        0     1401     1355        0
         1412     1251     1247        0     1419     1386     1410        0
         1374     1425        0     1419     1410     1392        0     1395
         1410        0     1444     1404     1386        0     1440     1389
            0     1216     1431     1368        0     1455     1431        0
         1407     1431     1437        0     1437     1485     1434        0
         1440     1446        0     1446     1446     1473        0     1434
         1467        0     1425     1389     1422        0     1455     1449
            0     1431     1389     1392        0     1464     1473        0
         1437     1422     1401        0     1422     1476     1464        0
         1213     1431        0     1221     1395     1467        0     1447
         1436        0     1231     1389     1434        0     1479     1398
            0     1452     1193     1389        0     1416     1419        0

Atom Distribution No.    54 at run step   13896:

  Count of atoms assigned to each task:
            0     1434     1461        0     1382     1386     1398        0
         1408     1286        0     1239     1185     1395        0     1404
         1398        0     1205     1452     1389        0     1410     1382
            0     1396     1455     1446        0     1395     1358        0
         1409     1248     1241        0     1419     1386     1398        0
         1374     1437        0     1425     1404     1383        0     1386
         1414        0     1443     1398     1383        0     1443     1383
            0     1210     1425     1383        0     1443     1422        0
         1404     1440     1434        0     1455     1491     1437        0
         1452     1458        0     1425     1458     1461        0     1446
         1467        0     1434     1398     1440        0     1452     1449
            0     1413     1395     1389        0     1458     1467        0
         1440     1419     1401        0     1407     1473     1467        0
         1222     1428        0     1218     1395     1473        0     1443
         1437        0     1231     1380     1431        0     1473     1401
            0     1452     1205     1383        0     1419     1419        0

Atom Distribution No.    55 at run step   14176:

  Count of atoms assigned to each task:
            0     1434     1451        0     1178     1386     1395        0
         1253     1247        0     1448     1404     1395        0     1404
         1402        0     1214     1455     1395        0     1401     1379
            0     1403     1447     1443        0     1389     1367        0
         1406     1251     1241        0     1410     1389     1404        0
         1386     1431        0     1425     1389     1386        0     1386
         1413        0     1450     1398     1383        0     1443     1395
            0     1204     1437     1389        0     1458     1425        0
         1404     1449     1416        0     1458     1482     1437        0
         1455     1461        0     1422     1452     1464        0     1434
         1458        0     1434     1392     1437        0     1449     1449
            0     1407     1392     1398        0     1458     1476        0
         1425     1423     1401        0     1413     1485     1464        0
         1218     1422        0     1221     1404     1467        0     1453
         1433        0     1228     1377     1428        0     1476     1410
            0     1437     1179     1377        0     1425     1422        0

Atom Distribution No.    56 at run step   14447:

  Count of atoms assigned to each task:
            0     1443     1233        0     1202     1383     1413        0
         1409     1280        0     1232     1410     1389        0     1398
         1389        0     1211     1458     1392        0     1407     1378
            0     1386     1461     1452        0     1386     1370        0
         1396     1233     1242        0     1433     1386     1398        0
         1380     1440        0     1416     1395     1401        0     1401
         1404        0     1453     1398     1377        0     1440     1398
            0     1195     1437     1365        0     1443     1443        0
         1410     1416     1434        0     1422     1503     1446        0
         1449     1455        0     1440     1446     1479        0     1437
         1467        0     1434     1386     1434        0     1446     1449
            0     1425     1401     1389        0     1440     1476        0
         1443     1224     1410        0     1416     1476     1476        0
         1402     1434        0     1212     1401     1455        0     1455
         1428        0     1221     1399     1419        0     1473     1407
            0     1431     1418     1374        0     1422     1425        0

Atom Distribution No.    57 at run step   14719:

  Count of atoms assigned to each task:
            0     1437     1449        0     1172     1383     1401        0
         1406     1274        0     1217     1407     1389        0     1392
         1403        0     1436     1236     1392        0     1404     1384
            0     1400     1446     1446        0     1392     1367        0
         1405     1235     1466        0     1197     1392     1410        0
         1377     1431        0     1422     1398     1392        0     1392
         1404        0     1444     1407     1386        0     1446     1383
            0     1207     1431     1383        0     1446     1428        0
         1410     1437     1431        0     1446     1488     1440        0
         1452     1455        0     1434     1461     1473        0     1440
         1464        0     1431     1389     1431        0     1452     1440
            0     1419     1386     1395        0     1458     1479        0
         1440     1416     1407        0     1413     1479     1467        0
         1231     1431        0     1221     1404     1467        0     1443
         1434        0     1420     1191     1425        0     1473     1401
            0     1455     1187     1383        0     1425     1422        0

Atom Distribution No.    58 at run step   14983:

  Count of atoms assigned to each task:
            0     1434     1455        0     1184     1389     1392        0
         1406     1271        0     1232     1401     1398        0     1401
         1404        0     1217     1452     1398        0     1398     1372
            0     1408     1444     1440        0     1386     1361        0
         1409     1245     1241        0     1419     1380     1404        0
         1371     1431        0     1419     1401     1395        0     1386
         1407        0     1450     1401     1383        0     1449     1389
            0     1213     1437     1386        0     1443     1425        0
         1410     1440     1428        0     1443     1485     1440        0
         1446     1461        0     1422     1458     1464        0     1443
         1458        0     1434     1392     1428        0     1452     1449
            0     1422     1395     1392        0     1458     1476        0
         1434     1419     1401        0     1410     1476     1461        0
         1222     1431        0     1230     1398     1467        0     1438
         1439        0     1231     1383     1428        0     1479     1401
            0     1452     1202     1386        0     1425     1425        0

Atom Distribution No.    59 at run step   15256:

  Count of atoms assigned to each task:
            0     1428     1461        0     1175     1386     1398        0
         1412     1268        0     1220     1407     1404        0     1407
         1401        0     1205     1452     1404        0     1398     1387
            0     1402     1440     1446        0     1389     1361        0
         1402     1244     1244        0     1419     1389     1401        0
         1377     1443        0     1428     1392     1389        0     1389
         1414        0     1449     1395     1389        0     1440     1374
            0     1204     1440     1377        0     1449     1428        0
         1398     1443     1434        0     1446     1494     1431        0
         1446     1446        0     1452     1455     1467        0     1443
         1458        0     1437     1395     1431        0     1461     1443
            0     1419     1392     1398        0     1464     1479        0
         1431     1416     1407        0     1422     1485     1464        0
         1222     1428        0     1224     1401     1467        0     1447
         1430        0     1219     1374     1425        0     1473     1401
            0     1446     1193     1386        0     1422     1419        0

Atom Distribution No.    60 at run step   15531:

  Count of atoms assigned to each task:
            0     1438     1464        0     1172     1386     1395        0
         1402     1268        0     1229     1413     1401        0     1404
         1403        0     1205     1452     1395        0     1392     1387
            0     1394     1437     1449        0     1383     1361        0
         1408     1249     1248        0     1418     1389     1395        0
         1381     1440        0     1437     1398     1377        0     1398
         1407        0     1441     1401     1377        0     1446     1386
            0     1207     1434     1383        0     1437     1425        0
         1407     1437     1431        0     1440     1494     1443        0
         1452     1458        0     1431     1452     1470        0     1443
         1461        0     1434     1395     1428        0     1458     1449
            0     1422     1392     1389        0     1461     1479        0
         1434     1413     1401        0     1413     1488     1464        0
         1225     1422        0     1221     1401     1473        0     1450
         1433        0     1228     1386     1434        0     1464     1398
            0     1446     1202     1389        0     1425     1413        0

Atom Distribution No.    61 at run step   15798:

  Count of atoms assigned to each task:
            0     1431     1458        0     1178     1383     1401        0
         1409     1265        0     1226     1407     1395        0     1401
         1392        0     1211     1449     1389        0     1398     1381
            0     1402     1448     1449        0     1392     1364        0
         1402     1251     1475        0     1206     1383     1398        0
         1371     1443        0     1431     1407     1386        0     1398
         1401        0     1444     1401     1383        0     1443     1386
            0     1204     1440     1380        0     1440     1431        0
         1404     1446     1428        0     1449     1494     1443        0
         1452     1446        0     1434     1443     1473        0     1437
         1461        0     1428     1407     1425        0     1458     1437
            0     1416     1386     1395        0     1464     1479        0
         1431     1422     1401        0     1401     1473     1464        0
         1222     1431        0     1221     1401     1473        0     1438
         1439        0     1228     1392     1428        0     1485     1395
            0     1440     1193     1389        0     1434     1422        0

Atom Distribution No.    62 at run step   16071:

  Count of atoms assigned to each task:
            0     1440     1458        0     1178     1380     1401        0
         1403     1265        0     1226     1410     1395        0     1401
         1398        0     1208     1458     1398        0     1401     1390
            0     1408     1442     1437        0     1392     1367        0
         1408     1257     1244        0     1416     1386     1404        0
         1383     1440        0     1443     1380     1386        0     1392
         1401        0     1453     1392     1383        0     1440     1386
            0     1204     1437     1380        0     1440     1431        0
         1410     1443     1425        0     1461     1485     1428        0
         1446     1470        0     1425     1461     1467        0     1443
         1461        0     1437     1392     1434        0     1452     1446
            0     1416     1389     1395        0     1464     1485        0
         1431     1408     1401        0     1419     1488     1452        0
         1221     1431        0     1221     1395     1470        0     1434
         1431        0     1228     1389     1422        0     1470     1404
            0     1443     1196     1392        0     1422     1416        0

Atom Distribution No.    63 at run step   16342:

  Count of atoms assigned to each task:
            0     1440     1455        0     1187     1386     1401        0
         1401     1271        0     1220     1410     1395        0     1401
         1398        0     1208     1455     1392        0     1395     1375
            0     1400     1458     1449        0     1389     1361        0
         1401     1255     1229        0     1425     1389     1395        0
         1380     1429        0     1422     1407     1386        0     1389
         1413        0     1444     1413     1383        0     1437     1374
            0     1207     1428     1365        0     1455     1437        0
         1410     1437     1434        0     1434     1491     1446        0
         1461     1449        0     1443     1446     1467        0     1446
         1467        0     1434     1389     1434        0     1440     1458
            0     1425     1380     1398        0     1461     1476        0
         1437     1224     1404        0     1407     1470     1476        0
         1420     1428        0     1221     1401     1473        0     1444
         1433        0     1231     1383     1422        0     1473     1403
            0     1452     1196     1383        0     1425     1419        0

Atom Distribution No.    64 at run step   16605:

  Count of atoms assigned to each task:
            0     1443     1461        0     1184     1380     1395        0
         1415     1283        0     1232     1404     1395        0     1401
         1398        0     1211     1452     1383        0     1398     1384
            0     1397     1441     1440        0     1395     1370        0
         1408     1236     1247        0     1425     1389     1392        0
         1365     1431        0     1434     1404     1383        0     1392
         1407        0     1453     1404     1380        0     1440     1374
            0     1213     1434     1371        0     1452     1428        0
         1404     1446     1434        0     1443     1500     1440        0
         1446     1458        0     1428     1455     1470        0     1446
         1455        0     1440     1386     1425        0     1458     1446
            0     1419     1377     1386        0     1461     1476        0
         1434     1413     1407        0     1413     1476     1464        0
         1228     1434        0     1224     1398     1479        0     1450
         1430        0     1228     1383     1422        0     1476     1410
            0     1443     1190     1386        0     1434     1416        0

Atom Distribution No.    65 at run step   16873:

  Count of atoms assigned to each task:
            0     1442     1467        0     1178     1386     1395        0
         1407     1271        0     1223     1410     1395        0     1404
         1398        0     1202     1446     1401        0     1401     1384
            0     1407     1445     1446        0     1398     1364        0
         1408     1249     1241        0     1416     1389     1404        0
         1365     1440        0     1431     1398     1395        0     1392
         1416        0     1450     1401     1383        0     1440     1383
            0     1210     1437     1392        0     1446     1416        0
         1410     1449     1431        0     1455     1479     1431        0
         1449     1464        0     1419     1464     1464        0     1443
         1452        0     1440     1386     1428        0     1455     1449
            0     1413     1392     1389        0     1455     1479        0
         1434     1410     1401        0     1413     1470     1461        0
         1222     1422        0     1221     1401     1467        0     1455
         1443        0     1219     1383     1431        0     1473     1410
            0     1437     1205     1386        0     1416     1413        0

Atom Distribution No.    66 at run step   17152:

  Count of atoms assigned to each task:
            0     1435     1464        0     1179     1383     1401        0
         1408     1262        0     1223     1403     1398        0     1404
         1389        0     1214     1449     1398        0     1401     1380
            0     1406     1447     1443        0     1395     1360        0
         1410     1236     1238        0     1428     1389     1395        0
         1377     1431        0     1434     1401     1383        0     1389
         1407        0     1453     1395     1377        0     1440     1380
            0     1207     1443     1380        0     1443     1422        0
         1416     1443     1431        0     1455     1488     1443        0
         1449     1461        0     1416     1458     1464        0     1452
         1464        0     1446     1383     1431        0     1452     1452
            0     1416     1389     1389        0     1458     1476        0
         1437     1417     1398        0     1404     1467     1464        0
         1224     1431        0     1224     1392     1473        0     1446
         1437        0     1228     1389     1428        0     1476     1398
            0     1449     1202     1395        0     1431     1419        0

Atom Distribution No.    67 at run step   17422:

  Count of atoms assigned to each task:
            0     1434     1470        0     1391     1380     1395        0
         1410     1293        0     1236     1194     1401        0     1410
         1389        0     1205     1452     1401        0     1401     1378
            0     1411     1439     1443        0     1398     1355        0
         1410     1249     1232        0     1419     1389     1395        0
         1383     1428        0     1437     1398     1386        0     1395
         1407        0     1447     1398     1374        0     1443     1377
            0     1204     1425     1377        0     1449     1425        0
         1407     1443     1428        0     1446     1491     1449        0
         1452     1446        0     1428     1452     1473        0     1446
         1467        0     1440     1386     1434        0     1461     1446
            0     1416     1386     1392        0     1467     1476        0
         1440     1230     1395        0     1407     1476     1467        0
         1423     1422        0     1215     1392     1473        0     1453
         1424        0     1225     1377     1425        0     1479     1395
            0     1452     1199     1383        0     1425     1419        0

Atom Distribution No.    68 at run step   17692:

  Count of atoms assigned to each task:
            0     1429     1458        0     1184     1386     1395        0
         1237     1238        0     1430     1407     1401        0     1410
         1398        0     1206     1446     1389        0     1401     1384
            0     1406     1444     1446        0     1398     1370        0
         1407     1239     1232        0     1419     1395     1404        0
         1377     1431        0     1437     1398     1389        0     1395
         1410        0     1444     1398     1374        0     1443     1380
            0     1204     1437     1380        0     1443     1419        0
         1407     1443     1440        0     1446     1485     1437        0
         1446     1458        0     1431     1455     1470        0     1449
         1467        0     1437     1389     1425        0     1449     1452
            0     1410     1386     1389        0     1467     1476        0
         1434     1428     1404        0     1419     1476     1461        0
         1225     1431        0     1221     1395     1470        0     1446
         1440        0     1225     1389     1416        0     1473     1407
            0     1446     1205     1374        0     1428     1416        0

Atom Distribution No.    69 at run step   17954:

  Count of atoms assigned to each task:
            0     1438     1464        0     1181     1389     1395        0
         1399     1262        0     1217     1407     1395        0     1401
         1386        0     1204     1464     1389        0     1407     1387
            0     1409     1447     1449        0     1398     1364        0
         1407     1247     1229        0     1428     1386     1398        0
         1377     1428        0     1431     1401     1386        0     1398
         1401        0     1450     1407     1383        0     1446     1389
            0     1213     1434     1365        0     1449     1422        0
         1398     1437     1434        0     1440     1485     1437        0
         1455     1446        0     1440     1455     1476        0     1437
         1470        0     1443     1395     1431        0     1458     1455
            0     1416     1389     1395        0     1467     1479        0
         1428     1419     1404        0     1419     1485     1455        0
         1216     1422        0     1221     1398     1476        0     1450
         1445        0     1222     1380     1431        0     1467     1398
            0     1440     1202     1386        0     1422     1410        0

Atom Distribution No.    70 at run step   18231:

  Count of atoms assigned to each task:
            0     1445     1449        0     1175     1377     1398        0
         1404     1262        0     1226     1410     1392        0     1389
         1392        0     1432     1230     1395        0     1398     1384
            0     1405     1453     1440        0     1395     1364        0
         1406     1252     1241        0     1422     1392     1392        0
         1380     1434        0     1434     1404     1395        0     1389
         1407        0     1453     1401     1386        0     1437     1383
            0     1207     1434     1365        0     1452     1428        0
         1407     1437     1437        0     1455     1500     1416        0
         1455     1455        0     1428     1458     1464        0     1455
         1461        0     1437     1386     1422        0     1458     1440
            0     1410     1380     1398        0     1458     1473        0
         1431     1425     1404        0     1422     1470     1470        0
         1222     1434        0     1218     1395     1476        0     1446
         1444        0     1225     1386     1425        0     1479     1403
            0     1458     1199     1380        0     1428     1422        0

Atom Distribution No.    71 at run step   18485:

  Count of atoms assigned to each task:
            0     1428     1452        0     1175     1386     1398        0
         1397     1274        0     1226     1404     1395        0     1395
         1398        0     1207     1464     1386        0     1404     1388
            0     1405     1443     1446        0     1398     1354        0
         1404     1237     1242        0     1430     1392     1395        0
         1374     1431        0     1440     1404     1386        0     1395
         1410        0     1447     1404     1383        0     1440     1380
            0     1210     1431     1371        0     1446     1425        0
         1410     1428     1434        0     1446     1491     1434        0
         1449     1464        0     1437     1452     1470        0     1440
         1464        0     1440     1398     1425        0     1449     1452
            0     1413     1389     1389        0     1467     1479        0
         1428     1422     1398        0     1407     1482     1467        0
         1216     1431        0     1227     1398     1476        0     1447
         1448        0     1225     1392     1425        0     1473     1398
            0     1449     1199     1389        0     1425     1419        0

Atom Distribution No.    72 at run step   18757:

  Count of atoms assigned to each task:
            0     1434     1443        0     1178     1380     1398        0
         1403     1271        0     1220     1401     1395        0     1398
         1398        0     1431     1233     1392        0     1398     1393
            0     1404     1443     1452        0     1401     1352        0
         1409     1261     1460        0     1197     1389     1395        0
         1374     1437        0     1425     1401     1386        0     1395
         1416        0     1435     1404     1383        0     1443     1374
            0     1213     1437     1389        0     1443     1416        0
         1404     1434     1434        0     1446     1500     1443        0
         1446     1455        0     1437     1440     1485        0     1440
         1464        0     1425     1404     1428        0     1455     1443
            0     1422     1392     1395        0     1455     1473        0
         1434     1425     1401        0     1410     1473     1461        0
         1213     1429        0     1224     1398     1476        0     1443
         1445        0     1222     1389     1428        0     1485     1410
            0     1446     1193     1389        0     1425     1422        0

Atom Distribution No.    73 at run step   19024:

  Count of atoms assigned to each task:
            0     1443     1449        0     1175     1383     1401        0
         1409     1280        0     1229     1404     1395        0     1392
         1401        0     1218     1446     1395        0     1398     1380
            0     1412     1445     1443        0     1392     1361        0
         1398     1254     1244        0     1428     1389     1401        0
         1380     1428        0     1425     1401     1395        0     1395
         1404        0     1447     1398     1386        0     1431     1386
            0     1204     1437     1380        0     1443     1416        0
         1401     1431     1425        0     1449     1491     1428        0
         1446     1446        0     1443     1452     1476        0     1440
         1461        0     1443     1395     1422        0     1455     1449
            0     1428     1374     1389        0     1464     1479        0
         1440     1422     1404        0     1422     1476     1461        0
         1222     1437        0     1230     1401     1473        0     1443
         1441        0     1222     1386     1425        0     1470     1406
            0     1446     1190     1389        0     1422     1425        0

Atom Distribution No.    74 at run step   19294:

  Count of atoms assigned to each task:
            0     1438     1452        0     1170     1386     1398        0
         1412     1274        0     1223     1406     1389        0     1392
         1398        0     1206     1446     1392        0     1404     1383
            0     1409     1443     1434        0     1407     1370        0
         1408     1243     1236        0     1436     1392     1404        0
         1371     1440        0     1440     1404     1365        0     1398
         1419        0     1441     1404     1380        0     1440     1377
            0     1204     1434     1377        0     1452     1419        0
         1407     1440     1434        0     1452     1491     1419        0
         1449     1449        0     1440     1446     1476        0     1440
         1458        0     1431     1401     1428        0     1455     1446
            0     1422     1380     1389        0     1464     1479        0
         1434     1419     1401        0     1410     1485     1461        0
         1225     1428        0     1224     1398     1476        0     1449
         1437        0     1225     1392     1428        0     1482     1400
            0     1446     1199     1389        0     1425     1416        0

Atom Distribution No.    75 at run step   19572:

  Count of atoms assigned to each task:
            0     1438     1458        0     1388     1383     1395        0
         1414     1268        0     1227     1176     1395        0     1395
         1395        0     1444     1227     1392        0     1401     1384
            0     1403     1449     1440        0     1392     1370        0
         1402     1247     1475        0     1206     1392     1395        0
         1380     1431        0     1440     1395     1383        0     1392
         1408        0     1440     1401     1389        0     1443     1380
            0     1207     1443     1389        0     1455     1422        0
         1410     1455     1419        0     1455     1494     1437        0
         1443     1452        0     1422     1458     1470        0     1446
         1458        0     1428     1389     1434        0     1449     1452
            0     1419     1380     1389        0     1455     1470        0
         1431     1410     1404        0     1422     1473     1470        0
         1222     1428        0     1224     1398     1479        0     1452
         1440        0     1216     1383     1425        0     1473     1397
            0     1449     1202     1383        0     1428     1419        0

Atom Distribution No.    76 at run step   19844:

  Count of atoms assigned to each task:
            0     1441     1449        0     1182     1386     1401        0
         1238     1235        0     1442     1412     1395        0     1401
         1398        0     1214     1455     1401        0     1401     1388
            0     1411     1448     1437        0     1395     1363        0
         1411     1254     1241        0     1419     1398     1398        0
         1380     1428        0     1431     1392     1389        0     1383
         1407        0     1444     1383     1386        0     1437     1377
            0     1210     1431     1374        0     1440     1425        0
         1407     1440     1428        0     1440     1494     1449        0
         1443     1455        0     1437     1458     1473        0     1446
         1467        0     1440     1395     1425        0     1446     1455
            0     1419     1383     1395        0     1455     1470        0
         1428     1425     1398        0     1413     1467     1470        0
         1225     1431        0     1215     1395     1470        0     1450
         1439        0     1228     1389     1416        0     1482     1391
            0     1449     1199     1386        0     1425     1419        0

Atom Distribution No.    77 at run step   20109:

  Count of atoms assigned to each task:
            0     1444     1458        0     1388     1383     1395        0
         1408     1286        0     1230     1188     1395        0     1398
         1398        0     1207     1455     1401        0     1392     1384
            0     1406     1438     1443        0     1389     1361        0
         1406     1248     1238        0     1428     1392     1398        0
         1371     1437        0     1422     1386     1386        0     1392
         1414        0     1437     1404     1380        0     1437     1383
            0     1216     1440     1383        0     1452     1425        0
         1410     1437     1440        0     1446     1494     1437        0
         1446     1443        0     1440     1464     1461        0     1443
         1458        0     1434     1389     1428        0     1446     1446
            0     1425     1386     1395        0     1461     1470        0
         1440     1428     1398        0     1428     1467     1464        0
         1207     1437        0     1221     1398     1470        0     1447
         1433        0     1222     1395     1419        0     1476     1406
            0     1443     1205     1383        0     1431     1422        0

Atom Distribution No.    78 at run step   20381:

  Count of atoms assigned to each task:
            0     1443     1452        0     1181     1392     1392        0
         1235     1241        0     1436     1407     1398        0     1398
         1401        0     1208     1455     1395        0     1401     1390
            0     1414     1444     1443        0     1407     1360        0
         1400     1249     1232        0     1416     1392     1407        0
         1371     1440        0     1437     1392     1389        0     1392
         1416        0     1453     1398     1386        0     1443     1380
            0     1210     1440     1386        0     1437     1422        0
         1407     1434     1437        0     1455     1491     1425        0
         1440     1464        0     1425     1467     1473        0     1440
         1473        0     1425     1398     1422        0     1449     1443
            0     1416     1386     1386        0     1452     1470        0
         1440     1416     1401        0     1416     1473     1461        0
         1213     1440        0     1221     1389     1464        0     1441
         1442        0     1225     1386     1425        0     1479     1392
            0     1446     1193     1392        0     1428     1419        0

Atom Distribution No.    79 at run step   20651:

  Count of atoms assigned to each task:
            0     1441     1449        0     1184     1377     1392        0
         1400     1280        0     1229     1401     1395        0     1392
         1401        0     1207     1455     1404        0     1404     1395
            0     1414     1450     1458        0     1389     1366        0
         1411     1252     1244        0     1413     1392     1398        0
         1374     1434        0     1440     1386     1377        0     1389
         1411        0     1446     1398     1380        0     1440     1386
            0     1213     1437     1374        0     1437     1413        0
         1416     1434     1437        0     1455     1488     1428        0
         1452     1464        0     1422     1455     1467        0     1437
         1470        0     1434     1389     1419        0     1443     1446
            0     1413     1383     1389        0     1455     1470        0
         1434     1423     1404        0     1416     1476     1464        0
         1230     1443        0     1218     1398     1470        0     1449
         1437        0     1228     1383     1422        0     1479     1403
            0     1455     1202     1389        0     1425     1419        0

Atom Distribution No.    80 at run step   20921:

  Count of atoms assigned to each task:
            0     1432     1464        0     1166     1389     1401        0
         1409     1292        0     1226     1410     1398        0     1398
         1401        0     1207     1452     1398        0     1395     1378
            0     1418     1452     1437        0     1401     1355        0
         1387     1250     1229        0     1413     1392     1404        0
         1359     1431        0     1428     1386     1386        0     1395
         1405        0     1449     1401     1374        0     1443     1386
            0     1219     1431     1380        0     1446     1431        0
         1413     1440     1440        0     1446     1482     1437        0
         1452     1455        0     1434     1452     1467        0     1449
         1464        0     1437     1398     1428        0     1464     1434
            0     1422     1395     1395        0     1464     1470        0
         1431     1236     1404        0     1416     1473     1458        0
         1411     1428        0     1221     1404     1473        0     1450
         1425        0     1225     1386     1434        0     1470     1399
            0     1452     1196     1377        0     1431     1419        0

Atom Distribution No.    81 at run step   21191:

  Count of atoms assigned to each task:
            0     1438     1455        0     1166     1389     1407        0
         1412     1268        0     1223     1410     1395        0     1401
         1395        0     1205     1449     1398        0     1401     1379
            0     1393     1457     1449        0     1398     1366        0
         1401     1249     1232        0     1431     1392     1407        0
         1377     1422        0     1428     1395     1383        0     1401
         1417        0     1449     1395     1383        0     1434     1383
            0     1207     1440     1377        0     1449     1425        0
         1407     1428     1434        0     1437     1509     1443        0
         1452     1443        0     1437     1449     1473        0     1434
         1473        0     1434     1398     1422        0     1440     1437
            0     1425     1383     1395        0     1455     1470        0
         1434     1422     1410        0     1401     1485     1467        0
         1228     1443        0     1218     1401     1473        0     1446
         1437        0     1231     1392     1422        0     1464     1403
            0     1449     1196     1383        0     1425     1422        0

Atom Distribution No.    82 at run step   21467:

  Count of atoms assigned to each task:
            0     1439     1446        0     1175     1398     1389        0
         1420     1280        0     1223     1413     1392        0     1413
         1395        0     1214     1455     1401        0     1401     1377
            0     1407     1446     1440        0     1398     1367        0
         1409     1254     1250        0     1410     1395     1407        0
         1380     1446        0     1431     1386     1395        0     1383
         1416        0     1456     1377     1380        0     1428     1383
            0     1201     1440     1383        0     1446     1410        0
         1404     1440     1428        0     1455     1497     1437        0
         1446     1467        0     1416     1458     1470        0     1437
         1461        0     1431     1383     1431        0     1455     1446
            0     1413     1389     1392        0     1458     1479        0
         1440     1401     1407        0     1410     1491     1464        0
         1222     1431        0     1218     1401     1470        0     1446
         1437        0     1225     1386     1443        0     1464     1406
            0     1440     1199     1374        0     1422     1416        0

Atom Distribution No.    83 at run step   21741:

  Count of atoms assigned to each task:
            0     1430     1458        0     1169     1383     1395        0
         1401     1286        0     1229     1407     1398        0     1401
         1406        0     1434     1482     1374        0     1407     1380
            0     1425     1233     1440        0     1395     1367        0
         1410     1247     1229        0     1419     1389     1404        0
         1374     1425        0     1425     1395     1389        0     1383
         1420        0     1452     1392     1386        0     1434     1383
            0     1207     1449     1371        0     1440     1416        0
         1395     1440     1419        0     1458     1491     1443        0
         1449     1446        0     1428     1455     1467        0     1446
         1464        0     1434     1395     1422        0     1461     1446
            0     1413     1389     1392        0     1467     1476        0
         1437     1410     1404        0     1416     1464     1464        0
         1222     1437        0     1218     1410     1467        0     1456
         1433        0     1231     1386     1437        0     1473     1404
            0     1449     1202     1377        0     1410     1419        0

Atom Distribution No.    84 at run step   22019:

  Count of atoms assigned to each task:
            0     1441     1452        0     1166     1383     1395        0
         1402     1271        0     1220     1416     1398        0     1392
         1407        0     1211     1458     1395        0     1398     1387
            0     1416     1458     1440        0     1404     1361        0
         1405     1254     1235        0     1419     1389     1398        0
         1374     1428        0     1443     1392     1398        0     1389
         1401        0     1453     1392     1383        0     1437     1377
            0     1213     1440     1389        0     1440     1428        0
         1404     1449     1425        0     1446     1488     1434        0
         1446     1464        0     1431     1467     1470        0     1437
         1464        0     1437     1395     1431        0     1452     1446
            0     1413     1386     1389        0     1461     1485        0
         1434     1404     1395        0     1425     1479     1467        0
         1213     1431        0     1221     1407     1473        0     1449
         1434        0     1222     1386     1428        0     1470     1404
            0     1443     1190     1383        0     1419     1416        0

Atom Distribution No.    85 at run step   22288:

  Count of atoms assigned to each task:
            0     1435     1455        0     1178     1386     1401        0
         1417     1286        0     1229     1413     1401        0     1413
         1389        0     1199     1455     1404        0     1401     1380
            0     1405     1456     1446        0     1392     1346        0
         1410     1248     1241        0     1425     1392     1398        0
         1368     1431        0     1446     1386     1398        0     1386
         1413        0     1462     1389     1395        0     1431     1393
            0     1197     1440     1404        0     1458     1419        0
         1413     1434     1413        0     1461     1494     1425        0
         1449     1461        0     1431     1467     1467        0     1434
         1461        0     1428     1383     1440        0     1446     1437
            0     1413     1389     1401        0     1464     1476        0
         1440     1413     1413        0     1422     1494     1455        0
         1219     1449        0     1215     1428     1470        0     1339
         1433        0     1225     1386     1428        0     1464     1401
            0     1443     1190     1383        0     1425     1422        0

Atom Distribution No.    86 at run step   22568:

  Count of atoms assigned to each task:
            0     1443     1464        0     1172     1389     1392        0
         1410     1280        0     1229     1410     1401        0     1401
         1404        0     1208     1446     1395        0     1392     1378
            0     1407     1446     1440        0     1392     1361        0
         1404     1246     1235        0     1431     1392     1407        0
         1377     1440        0     1434     1392     1389        0     1395
         1402        0     1455     1395     1389        0     1440     1167
            0     1411     1428     1383        0     1443     1419        0
         1407     1434     1434        0     1446     1491     1443        0
         1443     1455        0     1440     1452     1467        0     1449
         1461        0     1437     1389     1434        0     1458     1455
            0     1413     1386     1386        0     1452     1488        0
         1431     1425     1395        0     1410     1473     1461        0
         1231     1425        0     1224     1407     1464        0     1447
         1442        0     1225     1377     1419        0     1473     1406
            0     1455     1196     1380        0     1419     1422        0

Atom Distribution No.    87 at run step   22841:

  Count of atoms assigned to each task:
            0     1432     1458        0     1178     1392     1395        0
         1405     1286        0     1226     1416     1392        0     1404
         1404        0     1213     1446     1392        0     1398     1391
            0     1413     1455     1440        0     1392     1352        0
         1404     1252     1238        0     1425     1386     1404        0
         1371     1428        0     1422     1401     1380        0     1395
         1416        0     1453     1398     1386        0     1437     1386
            0     1210     1425     1380        0     1437     1431        0
         1407     1443     1431        0     1455     1494     1440        0
         1452     1461        0     1425     1452     1458        0     1446
         1464        0     1437     1398     1419        0     1446     1449
            0     1413     1386     1389        0     1455     1482        0
         1431     1422     1398        0     1413     1476     1461        0
         1216     1440        0     1212     1398     1482        0     1452
         1434        0     1219     1386     1428        0     1476     1395
            0     1449     1193     1386        0     1425     1422        0

Atom Distribution No.    88 at run step   23118:

  Count of atoms assigned to each task:
            0     1437     1451        0     1181     1380     1395        0
         1407     1274        0     1220     1407     1401        0     1407
         1398        0     1211     1449     1395        0     1401     1386
            0     1408     1449     1443        0     1392     1367        0
         1397     1250     1242        0     1421     1398     1401        0
         1377     1431        0     1431     1401     1392        0     1389
         1404        0     1441     1401     1380        0     1431     1386
            0     1210     1434     1380        0     1437     1428        0
         1413     1434     1431        0     1449     1500     1437        0
         1443     1455        0     1431     1461     1473        0     1449
         1464        0     1431     1395     1428        0     1449     1437
            0     1425     1392     1401        0     1455     1482        0
         1431     1432     1395        0     1404     1470     1464        0
         1227     1434        0     1212     1404     1473        0     1447
         1430        0     1231     1383     1428        0     1476     1406
            0     1443     1197     1380        0     1413     1425        0

Atom Distribution No.    89 at run step   23391:

  Count of atoms assigned to each task:
            0     1446     1236        0     1196     1373     1398        0
         1410     1271        0     1226     1404     1395        0     1407
         1377        0     1211     1470     1395        0     1410     1389
            0     1382     1455     1452        0     1374     1382        0
         1396     1239     1460        0     1224     1389     1404        0
         1377     1436        0     1422     1389     1398        0     1407
         1392        0     1459     1401     1365        0     1434     1392
            0     1186     1455     1368        0     1458     1443        0
         1413     1434     1422        0     1440     1500     1428        0
         1446     1470        0     1440     1458     1476        0     1443
         1452        0     1440     1386     1422        0     1455     1455
            0     1416     1392     1389        0     1440     1479        0
         1452     1218     1401        0     1419     1461     1482        0
         1405     1437        0     1215     1401     1458        0     1453
         1421        0     1224     1399     1422        0     1461     1421
            0     1431     1416     1374        0     1413     1428        0

Atom Distribution No.    90 at run step   23661:

  Count of atoms assigned to each task:
            0     1446     1455        0     1187     1170     1404        0
         1409     1247        0     1226     1410     1389        0     1404
         1387        0     1447     1233     1401        0     1410     1378
            0     1393     1465     1443        0     1389     1376        0
         1395     1239     1248        0     1439     1386     1389        0
         1374     1427        0     1426     1383     1392        0     1398
         1395        0     1453     1407     1368        0     1443     1392
            0     1189     1452     1374        0     1449     1443        0
         1422     1425     1419        0     1437     1497     1440        0
         1440     1464        0     1431     1458     1473        0     1437
         1449        0     1440     1380     1425        0     1452     1443
            0     1422     1392     1383        0     1449     1476        0
         1452     1411     1410        0     1401     1461     1476        0
         1236     1446        0     1221     1401     1455        0     1479
         1428        0     1441     1209     1419        0     1467     1405
            0     1447     1397     1374        0     1416     1425        0

Atom Distribution No.    91 at run step   23939:

  Count of atoms assigned to each task:
            0     1434     1448        0     1182     1389     1404        0
         1401     1268        0     1217     1409     1386        0     1401
         1407        0     1205     1458     1395        0     1407     1390
            0     1396     1451     1446        0     1401     1367        0
         1407     1249     1454        0     1206     1392     1398        0
         1377     1434        0     1425     1398     1386        0     1392
         1404        0     1432     1404     1380        0     1437     1380
            0     1207     1437     1389        0     1437     1416        0
         1401     1452     1434        0     1449     1488     1443        0
         1452     1458        0     1428     1455     1470        0     1443
         1470        0     1431     1392     1428        0     1449     1440
            0     1419     1380     1389        0     1461     1482        0
         1437     1230     1404        0     1404     1473     1467        0
         1426     1431        0     1212     1398     1470        0     1440
         1446        0     1222     1395     1422        0     1479     1406
            0     1449     1212     1377        0     1419     1425        0

Atom Distribution No.    92 at run step   24207:

  Count of atoms assigned to each task:
            0     1429     1230        0     1400     1386     1386        0
         1402     1283        0     1223     1200     1392        0     1407
         1389        0     1211     1470     1401        0     1404     1399
            0     1377     1455     1455        0     1383     1385        0
         1397     1233     1248        0     1439     1386     1398        0
         1383     1442        0     1422     1392     1407        0     1398
         1389        0     1453     1401     1377        0     1437     1395
            0     1186     1446     1371        0     1455     1443        0
         1413     1425     1428        0     1428     1497     1443        0
         1458     1473        0     1440     1446     1470        0     1446
         1449        0     1437     1386     1428        0     1452     1449
            0     1419     1389     1386        0     1434     1473        0
         1449     1413     1404        0     1401     1476     1470        0
         1228     1446        0     1218     1407     1452        0     1467
         1431        0     1221     1402     1416        0     1470     1410
            0     1410     1415     1380        0     1419     1422        0

Atom Distribution No.    93 at run step   24482:

  Count of atoms assigned to each task:
            0     1434     1446        0     1181     1383     1398        0
         1410     1274        0     1226     1401     1398        0     1401
         1404        0     1435     1227     1401        0     1407     1385
            0     1402     1433     1443        0     1386     1364        0
         1400     1248     1460        0     1209     1383     1395        0
         1377     1421        0     1425     1404     1389        0     1392
         1414        0     1443     1401     1380        0     1440     1377
            0     1201     1428     1374        0     1443     1419        0
         1410     1434     1431        0     1443     1494     1434        0
         1449     1452        0     1443     1455     1482        0     1440
         1470        0     1443     1392     1428        0     1464     1443
            0     1425     1386     1389        0     1464     1485        0
         1434     1422     1407        0     1413     1467     1458        0
         1228     1431        0     1212     1398     1467        0     1446
         1443        0     1423     1197     1422        0     1482     1400
            0     1464     1196     1389        0     1428     1416        0

Atom Distribution No.    94 at run step   24750:

  Count of atoms assigned to each task:
            0     1433     1455        0     1163     1380     1395        0
         1401     1265        0     1229     1410     1398        0     1404
         1403        0     1215     1458     1398        0     1398     1390
            0     1404     1448     1437        0     1392     1358        0
         1405     1243     1247        0     1434     1395     1401        0
         1377     1434        0     1437     1398     1398        0     1395
         1401        0     1441     1398     1380        0     1449     1383
            0     1204     1431     1374        0     1440     1419        0
         1401     1443     1434        0     1443     1506     1431        0
         1452     1455        0     1431     1455     1473        0     1449
         1467        0     1443     1389     1422        0     1464     1440
            0     1419     1389     1386        0     1458     1482        0
         1431     1419     1398        0     1413     1479     1467        0
         1216     1428        0     1209     1398     1473        0     1455
         1437        0     1225     1386     1425        0     1479     1401
            0     1455     1196     1383        0     1422     1416        0

Atom Distribution No.    95 at run step   25025:

  Count of atoms assigned to each task:
            0     1441     1446        0     1169     1383     1398        0
         1405     1274        0     1223     1410     1401        0     1404
         1401        0     1436     1233     1398        0     1398     1389
            0     1409     1449     1443        0     1395     1367        0
         1417     1244     1232        0     1410     1383     1407        0
         1380     1422        0     1431     1392     1389        0     1383
         1407        0     1441     1401     1383        0     1443     1386
            0     1204     1431     1383        0     1443     1425        0
         1410     1440     1437        0     1455     1491     1428        0
         1440     1437        0     1440     1452     1464        0     1440
         1464        0     1437     1395     1431        0     1461     1443
            0     1422     1377     1389        0     1461     1479        0
         1440     1422     1407        0     1413     1479     1473        0
         1225     1431        0     1212     1398     1473        0     1462
         1436        0     1222     1383     1425        0     1479     1410
            0     1443     1196     1386        0     1425     1419        0

Atom Distribution No.    96 at run step   25296:

  Count of atoms assigned to each task:
            0     1437     1461        0     1175     1383     1398        0
         1409     1277        0     1223     1407     1401        0     1398
         1404        0     1211     1452     1398        0     1398     1387
            0     1408     1447     1437        0     1395     1364        0
         1416     1247     1241        0     1416     1389     1404        0
         1377     1434        0     1437     1395     1392        0     1386
         1410        0     1450     1395     1386        0     1440     1383
            0     1207     1437     1377        0     1440     1425        0
         1404     1443     1431        0     1455     1494     1434        0
         1446     1461        0     1425     1461     1467        0     1446
         1455        0     1443     1377     1428        0     1455     1434
            0     1413     1389     1374        0     1452     1479        0
         1434     1416     1404        0     1413     1473     1464        0
         1222     1431        0     1221     1395     1473        0     1441
         1442        0     1228     1392     1428        0     1479     1401
            0     1452     1193     1389        0     1428     1422        0

Atom Distribution No.    97 at run step   25553:

  Count of atoms assigned to each task:
            0     1438     1455        0     1169     1386     1392        0
         1405     1277        0     1223     1413     1401        0     1401
         1398        0     1208     1452     1404        0     1395     1381
            0     1410     1455     1440        0     1392     1364        0
         1396     1251     1238        0     1416     1392     1401        0
         1374     1434        0     1437     1410     1386        0     1392
         1401        0     1438     1401     1377        0     1431     1392
            0     1204     1434     1371        0     1446     1434        0
         1401     1434     1443        0     1446     1500     1416        0
         1449     1452        0     1437     1464     1458        0     1446
         1470        0     1431     1401     1425        0     1461     1440
            0     1419     1383     1392        0     1461     1479        0
         1431     1410     1401        0     1425     1482     1473        0
         1213     1437        0     1215     1401     1476        0     1446
         1434        0     1228     1383     1431        0     1470     1419
            0     1443     1193     1383        0     1422     1422        0

Atom Distribution No.    98 at run step   25824:

  Count of atoms assigned to each task:
            0     1439     1458        0     1175     1386     1395        0
         1407     1277        0     1226     1404     1401        0     1404
         1398        0     1204     1458     1392        0     1392     1384
            0     1401     1448     1446        0     1386     1367        0
         1415     1250     1242        0     1418     1386     1407        0
         1377     1427        0     1440     1404     1389        0     1395
         1407        0     1441     1404     1380        0     1437     1383
            0     1207     1431     1374        0     1440     1428        0
         1407     1431     1434        0     1443     1500     1446        0
         1449     1458        0     1428     1455     1467        0     1446
         1470        0     1428     1386     1425        0     1452     1446
            0     1419     1389     1389        0     1455     1485        0
         1437     1423     1398        0     1413     1473     1467        0
         1218     1437        0     1215     1395     1473        0     1450
         1436        0     1228     1377     1428        0     1467     1404
            0     1446     1193     1389        0     1437     1419        0

Atom Distribution No.    99 at run step   26103:

  Count of atoms assigned to each task:
            0     1435     1464        0     1175     1383     1401        0
         1414     1284        0     1229     1404     1404        0     1404
         1406        0     1202     1455     1392        0     1398     1385
            0     1403     1450     1440        0     1401     1362        0
         1408     1249     1454        0     1191     1392     1404        0
         1374     1431        0     1437     1395     1383        0     1389
         1413        0     1441     1392     1380        0     1437     1383
            0     1207     1434     1386        0     1437     1428        0
         1407     1449     1431        0     1452     1491     1446        0
         1449     1449        0     1422     1455     1467        0     1446
         1455        0     1425     1392     1431        0     1455     1437
            0     1434     1389     1389        0     1449     1479        0
         1437     1239     1407        0     1413     1476     1461        0
         1420     1431        0     1212     1392     1470        0     1447
         1436        0     1231     1377     1431        0     1470     1401
            0     1455     1193     1383        0     1425     1419        0

Atom Distribution No.   100 at run step   26377:

  Count of atoms assigned to each task:
            0     1441     1452        0     1178     1392     1401        0
         1411     1287        0     1229     1419     1395        0     1410
         1400        0     1210     1464     1398        0     1401     1384
            0     1400     1456     1446        0     1392     1365        0
         1420     1248     1250        0     1410     1407     1398        0
         1386     1440        0     1437     1386     1389        0     1389
         1410        0     1462     1380     1383        0     1443     1402
            0     1197     1443     1386        0     1464     1410        0
         1419     1437     1416        0     1227     1491     1437        0
         1455     1449        0     1443     1455     1473        0     1440
         1467        0     1428     1395     1419        0     1458     1452
            0     1428     1386     1392        0     1452     1482        0
         1440     1428     1398        0     1410     1482     1479        0
         1234     1440        0     1221     1401     1482        0     1456
         1439        0     1225     1386     1428        0     1470     1398
            0     1452     1190     1380        0     1428     1422        0

Atom Distribution No.   101 at run step   26645:

  Count of atoms assigned to each task:
            0     1441     1458        0     1175     1392     1404        0
         1411     1271        0     1229     1416     1404        0     1410
         1398        0     1208     1455     1392        0     1395     1384
            0     1414     1454     1443        0     1392     1364        0
         1384     1245     1235        0     1413     1386     1377        0
         1377     1428        0     1431     1401     1386        0     1398
         1422        0     1450     1404     1380        0     1452     1176
            0     1420     1419     1383        0     1446     1425        0
         1410     1431     1428        0     1446     1491     1428        0
         1452     1446        0     1434     1449     1467        0     1440
         1467        0     1431     1389     1428        0     1443     1446
            0     1428     1386     1395        0     1455     1473        0
         1443     1428     1407        0     1413     1488     1470        0
         1228     1443        0     1218     1404     1479        0     1449
         1431        0     1216     1380     1422        0     1467     1386
            0     1452     1199     1380        0     1428     1419        0

Atom Distribution No.   102 at run step   26900:

  Count of atoms assigned to each task:
            0     1432     1434        0     1157     1371     1389        0
         1399     1283        0     1235     1410     1398        0     1401
         1391        0     1212     1461     1398        0     1407     1384
            0     1407     1455     1449        0     1395     1361        0
         1403     1254     1248        0     1415     1389     1407        0
         1374     1430        0     1437     1398     1380        0     1401
         1414        0     1443     1398     1377        0     1446     1368
            0     1219     1440     1392        0     1452     1428        0
         1407     1434     1440        0     1449     1491     1449        0
         1449     1443        0     1437     1461     1470        0     1446
         1464        0     1431     1389     1416        0     1443     1440
            0     1422     1380     1389        0     1449     1482        0
         1431     1423     1398        0     1407     1482     1461        0
         1233     1437        0     1221     1401     1479        0     1444
         1440        0     1225     1377     1416        0     1470     1391
            0     1461     1205     1386        0     1422     1428        0

Atom Distribution No.   103 at run step   27158:

  Count of atoms assigned to each task:
            0     1435     1454        0     1169     1383     1398        0
         1402     1286        0     1232     1416     1395        0     1398
         1397        0     1428     1230     1383        0     1389     1366
            0     1398     1448     1446        0     1389     1355        0
         1413     1259     1457        0     1206     1398     1398        0
         1386     1431        0     1440     1392     1398        0     1389
         1413        0     1447     1386     1383        0     1446     1389
            0     1207     1437     1377        0     1437     1425        0
         1404     1437     1434        0     1443     1503     1434        0
         1446     1458        0     1434     1458     1458        0     1437
         1470        0     1431     1401     1419        0     1443     1443
            0     1434     1383     1386        0     1455     1476        0
         1437     1236     1410        0     1413     1491     1476        0
         1426     1434        0     1218     1404     1479        0     1455
         1429        0     1213     1371     1419        0     1467     1388
            0     1455     1203     1389        0     1428     1422        0

Atom Distribution No.   104 at run step   27433:

  Count of atoms assigned to each task:
            0     1435     1236        0     1190     1383     1401        0
         1405     1253        0     1211     1416     1380        0     1410
         1382        0     1218     1458     1413        0     1401     1390
            0     1382     1443     1473        0     1380     1373        0
         1401     1241     1248        0     1436     1392     1395        0
         1362     1421        0     1426     1374     1392        0     1386
         1410        0     1453     1407     1365        0     1455     1395
            0     1186     1458     1368        0     1443     1449        0
         1416     1419     1428        0     1440     1494     1437        0
         1449     1473        0     1437     1455     1470        0     1452
         1464        0     1431     1386     1431        0     1452     1464
            0     1431     1377     1389        0     1446     1467        0
         1449     1410     1401        0     1404     1467     1470        0
         1237     1452        0     1233     1407     1473        0     1459
         1421        0     1224     1396     1431        0     1461     1410
            0     1425     1415     1374        0     1416     1422        0

Atom Distribution No.   105 at run step   27704:

  Count of atoms assigned to each task:
            0     1435     1442        0     1181     1383     1398        0
         1411     1277        0     1226     1407     1398        0     1407
         1401        0     1430     1233     1389        0     1395     1387
            0     1405     1454     1449        0     1395     1361        0
         1409     1256     1454        0     1200     1392     1395        0
         1374     1416        0     1428     1398     1389        0     1389
         1410        0     1444     1401     1368        0     1446     1383
            0     1207     1434     1380        0     1431     1425        0
         1410     1443     1428        0     1434     1488     1431        0
         1458     1455        0     1440     1467     1464        0     1455
         1470        0     1431     1395     1422        0     1458     1446
            0     1425     1389     1386        0     1455     1479        0
         1416     1419     1401        0     1398     1476     1461        0
         1225     1431        0     1233     1407     1482        0     1452
         1446        0     1429     1194     1422        0     1473     1404
            0     1476     1182     1380        0     1416     1416        0

Atom Distribution No.   106 at run step   27981:

  Count of atoms assigned to each task:
            0     1439     1230        0     1184     1389     1419        0
         1403     1280        0     1232     1413     1395        0     1407
         1391        0     1214     1470     1392        0     1398     1381
            0     1381     1467     1443        0     1383     1382        0
         1377     1238     1254        0     1433     1395     1389        0
         1368     1422        0     1425     1380     1401        0     1374
         1419        0     1456     1404     1377        0     1434     1398
            0     1204     1446     1362        0     1446     1440        0
         1407     1428     1416        0     1428     1488     1422        0
         1437     1461        0     1431     1446     1467        0     1449
         1446        0     1440     1380     1422        0     1458     1446
            0     1428     1398     1389        0     1446     1482        0
         1443     1419     1407        0     1404     1485     1470        0
         1225     1440        0     1221     1401     1452        0     1483
         1436        0     1227     1402     1425        0     1470     1413
            0     1431     1421     1386        0     1419     1431        0

Atom Distribution No.   107 at run step   28257:

  Count of atoms assigned to each task:
            0     1421     1431        0     1172     1377     1398        0
         1400     1268        0     1223     1410     1395        0     1413
         1397        0     1434     1242     1392        0     1398     1382
            0     1391     1467     1443        0     1392     1367        0
         1410     1250     1472        0     1203     1392     1398        0
         1377     1428        0     1437     1404     1395        0     1401
         1404        0     1429     1398     1371        0     1434     1371
            0     1207     1437     1371        0     1449     1431        0
         1416     1440     1434        0     1446     1497     1446        0
         1455     1452        0     1428     1467     1470        0     1446
         1467        0     1431     1395     1419        0     1449     1443
            0     1428     1389     1392        0     1461     1482        0
         1428     1398     1401        0     1392     1482     1461        0
         1228     1434        0     1221     1407     1482        0     1455
         1438        0     1417     1197     1422        0     1467     1388
            0     1473     1190     1389        0     1431     1425        0

Atom Distribution No.   108 at run step   28532:

  Count of atoms assigned to each task:
            0     1445     1449        0     1176     1386     1392        0
         1412     1280        0     1229     1406     1407        0     1410
         1382        0     1200     1446     1389        0     1392     1346
            0     1410     1454     1446        0     1377     1373        0
         1412     1263     1250        0     1410     1383     1401        0
         1386     1437        0     1431     1407     1392        0     1395
         1401        0     1438     1395     1374        0     1443     1371
            0     1204     1440     1368        0     1443     1425        0
         1407     1437     1410        0     1434     1491     1434        0
         1452     1461        0     1422     1461     1467        0     1455
         1455        0     1431     1392     1422        0     1449     1455
            0     1425     1377     1392        0     1452     1473        0
         1440     1423     1410        0     1407     1479     1464        0
         1230     1425        0     1227     1398     1485        0     1464
         1446        0     1228     1389     1437        0     1479     1401
            0     1455     1202     1395        0     1425     1422        0

Atom Distribution No.   109 at run step   28808:

  Count of atoms assigned to each task:
            0     1430     1458        0     1391     1389     1410        0
         1408     1292        0     1239     1185     1398        0     1410
         1392        0     1202     1449     1389        0     1395     1364
            0     1404     1453     1440        0     1401     1361        0
         1406     1249     1241        0     1419     1392     1395        0
         1371     1431        0     1437     1395     1380        0     1395
         1401        0     1441     1404     1374        0     1437     1380
            0     1207     1428     1362        0     1452     1425        0
         1401     1443     1437        0     1440     1488     1446        0
         1455     1458        0     1440     1461     1464        0     1443
         1467        0     1437     1395     1419        0     1449     1443
            0     1425     1383     1392        0     1464     1473        0
         1431     1239     1407        0     1407     1473     1476        0
         1426     1428        0     1218     1404     1479        0     1458
         1440        0     1216     1386     1431        0     1479     1407
            0     1443     1193     1377        0     1419     1419        0

Atom Distribution No.   110 at run step   29080:

  Count of atoms assigned to each task:
            0     1442     1455        0     1184     1398     1401        0
         1234     1227        0     1436     1401     1395        0     1401
         1393        0     1200     1461     1392        0     1395     1379
            0     1380     1448     1440        0     1377     1364        0
         1415     1239     1250        0     1419     1392     1401        0
         1377     1434        0     1428     1404     1395        0     1398
         1404        0     1444     1410     1380        0     1437     1380
            0     1213     1428     1377        0     1449     1428        0
         1404     1428     1428        0     1431     1482     1425        0
         1449     1455        0     1437     1443     1464        0     1437
         1464        0     1443     1392     1425        0     1452     1455
            0     1422     1386     1398        0     1452     1470        0
         1434     1422     1416        0     1410     1488     1476        0
         1231     1437        0     1227     1410     1479        0     1458
         1434        0     1231     1383     1434        0     1473     1401
            0     1452     1187     1380        0     1425     1426        0

Atom Distribution No.   111 at run step   29346:

  Count of atoms assigned to each task:
            0     1418     1437        0     1169     1371     1392        0
         1397     1280        0     1226     1416     1401        0     1395
         1396        0     1206     1461     1392        0     1401     1391
            0     1395     1466     1449        0     1395     1361        0
         1417     1252     1245        0     1418     1389     1407        0
         1368     1422        0     1422     1401     1389        0     1398
         1407        0     1441     1398     1380        0     1440     1386
            0     1213     1425     1380        0     1440     1431        0
         1419     1437     1437        0     1449     1488     1434        0
         1452     1449        0     1428     1464     1464        0     1449
         1470        0     1437     1398     1431        0     1455     1455
            0     1419     1389     1392        0     1461     1476        0
         1413     1416     1395        0     1413     1476     1464        0
         1228     1425        0     1218     1407     1476        0     1449
         1449        0     1225     1392     1431        0     1473     1407
            0     1443     1199     1383        0     1425     1417        0

Atom Distribution No.   112 at run step   29614:

  Count of atoms assigned to each task:
            0     1427     1457        0     1166     1389     1398        0
         1401     1269        0     1226     1404     1389        0     1389
         1383        0     1437     1236     1395        0     1395     1379
            0     1401     1457     1446        0     1392     1364        0
         1411     1252     1472        0     1206     1392     1404        0
         1374     1437        0     1443     1395     1386        0     1395
         1396        0     1440     1395     1374        0     1443     1383
            0     1207     1431     1380        0     1443     1425        0
         1413     1443     1437        0     1449     1494     1443        0
         1452     1449        0     1446     1461     1467        0     1446
         1458        0     1434     1392     1419        0     1446     1449
            0     1419     1377     1383        0     1452     1482        0
         1425     1413     1398        0     1398     1482     1461        0
         1222     1437        0     1221     1416     1476        0     1455
         1432        0     1225     1392     1431        0     1482     1406
            0     1452     1194     1392        0     1428     1428        0

Atom Distribution No.   113 at run step   29885:

  Count of atoms assigned to each task:
            0     1430     1221        0     1182     1383     1404        0
         1410     1283        0     1229     1412     1386        0     1413
         1381        0     1209     1458     1395        0     1395     1385
            0     1387     1446     1467        0     1377     1388        0
         1405     1242     1251        0     1436     1377     1389        0
         1377     1439        0     1425     1392     1398        0     1398
         1386        0     1441     1392     1359        0     1434     1401
            0     1183     1446     1374        0     1434     1446        0
         1407     1446     1422        0     1434     1506     1443        0
         1455     1467        0     1440     1461     1473        0     1446
         1455        0     1437     1377     1425        0     1443     1467
            0     1428     1389     1398        0     1461     1482        0
         1440     1419     1404        0     1407     1470     1467        0
         1228     1443        0     1227     1407     1482        0     1449
         1434        0     1209     1390     1416        0     1458     1410
            0     1422     1418     1383        0     1419     1431        0

Atom Distribution No.   114 at run step   30154:

  Count of atoms assigned to each task:
            0     1439     1442        0     1376     1380     1401        0
         1421     1295        0     1245     1179     1398        0     1407
         1388        0     1427     1227     1389        0     1395     1373
            0     1403     1445     1434        0     1383     1370        0
         1406     1244     1469        0     1209     1395     1407        0
         1368     1430        0     1419     1410     1392        0     1389
         1404        0     1438     1398     1374        0     1443     1383
            0     1207     1425     1371        0     1446     1422        0
         1413     1449     1437        0     1449     1491     1440        0
         1455     1458        0     1434     1458     1470        0     1458
         1473        0     1431     1395     1425        0     1455     1446
            0     1419     1377     1386        0     1467     1479        0
         1434     1413     1410        0     1422     1488     1467        0
         1219     1413        0     1212     1386     1473        0     1440
         1446        0     1426     1203     1428        0     1479     1398
            0     1461     1185     1380        0     1419     1428        0

Atom Distribution No.   115 at run step   30428:

  Count of atoms assigned to each task:
            0     1433     1227        0     1181     1377     1398        0
         1246     1234        0     1454     1413     1398        0     1392
         1393        0     1215     1461     1389        0     1389     1380
            0     1385     1446     1458        0     1380     1382        0
         1413     1241     1251        0     1439     1380     1386        0
         1386     1445        0     1416     1392     1407        0     1392
         1392        0     1444     1398     1356        0     1449     1404
            0     1177     1464     1356        0     1449     1431        0
         1419     1437     1422        0     1437     1494     1443        0
         1449     1473        0     1431     1455     1485        0     1443
         1461        0     1437     1386     1431        0     1446     1464
            0     1431     1392     1395        0     1458     1467        0
         1440     1404     1383        0     1392     1470     1455        0
         1234     1440        0     1230     1404     1461        0     1464
         1428        0     1227     1402     1419        0     1470     1404
            0     1431     1412     1377        0     1428     1431        0

Atom Distribution No.   116 at run step   30705:

  Count of atoms assigned to each task:
            0     1430     1439        0     1166     1380     1398        0
         1407     1286        0     1226     1413     1404        0     1401
         1394        0     1430     1233     1395        0     1401     1389
            0     1401     1450     1434        0     1404     1364        0
         1405     1254     1463        0     1200     1398     1404        0
         1380     1432        0     1428     1401     1395        0     1389
         1402        0     1446     1395     1380        0     1434     1377
            0     1213     1431     1383        0     1440     1428        0
         1407     1440     1431        0     1449     1491     1416        0
         1437     1443        0     1440     1455     1473        0     1446
         1470        0     1434     1395     1422        0     1449     1440
            0     1425     1383     1392        0     1458     1479        0
         1431     1422     1410        0     1398     1479     1461        0
         1228     1428        0     1215     1398     1473        0     1449
         1441        0     1426     1197     1431        0     1482     1400
            0     1464     1182     1386        0     1428     1434        0

Atom Distribution No.   117 at run step   30967:

  Count of atoms assigned to each task:
            0     1430     1239        0     1184     1383     1404        0
         1413     1262        0     1226     1416     1380        0     1407
         1376        0     1222     1458     1401        0     1401     1391
            0     1389     1461     1461        0     1386     1379        0
         1405     1238     1248        0     1436     1383     1398        0
         1374     1430        0     1419     1386     1395        0     1398
         1386        0     1450     1395     1365        0     1449     1395
            0     1192     1455     1365        0     1449     1449        0
         1413     1434     1413        0     1440     1500     1428        0
         1446     1461        0     1440     1458     1479        0     1449
         1449        0     1440     1386     1407        0     1452     1461
            0     1431     1389     1386        0     1443     1476        0
         1452     1413     1407        0     1401     1470     1461        0
         1225     1428        0     1221     1401     1455        0     1468
         1424        0     1230     1411     1425        0     1467     1413
            0     1428     1418     1380        0     1422     1431        0

Atom Distribution No.   118 at run step   31250:

  Count of atoms assigned to each task:
            0     1433     1439        0     1175     1383     1404        0
         1413     1268        0     1217     1419     1392        0     1404
         1399        0     1437     1236     1395        0     1401     1385
            0     1407     1451     1443        0     1389     1364        0
         1414     1239     1457        0     1197     1392     1395        0
         1368     1429        0     1422     1401     1389        0     1398
         1411        0     1452     1395     1371        0     1440     1389
            0     1216     1431     1380        0     1446     1428        0
         1416     1446     1434        0     1443     1488     1449        0
         1455     1443        0     1446     1449     1473        0     1443
         1470        0     1425     1386     1428        0     1449     1443
            0     1416     1383     1392        0     1467     1467        0
         1440     1419     1401        0     1398     1479     1470        0
         1225     1425        0     1218     1392     1464        0     1438
         1445        0     1429     1197     1425        0     1482     1398
            0     1470     1188     1389        0     1422     1422        0

Atom Distribution No.   119 at run step   31516:

  Count of atoms assigned to each task:
            0     1433     1236        0     1181     1377     1401        0
         1412     1265        0     1229     1410     1386        0     1401
         1376        0     1215     1464     1410        0     1404     1391
            0     1381     1457     1461        0     1389     1376        0
         1400     1234     1248        0     1436     1389     1386        0
         1377     1438        0     1419     1392     1392        0     1404
         1386        0     1453     1398     1368        0     1434     1410
            0     1189     1458     1362        0     1449     1449        0
         1419     1431     1434        0     1437     1500     1440        0
         1440     1464        0     1434     1455     1488        0     1437
         1455        0     1434     1389     1431        0     1437     1458
            0     1425     1383     1383        0     1434     1476        0
         1455     1404     1398        0     1401     1464     1473        0
         1225     1428        0     1227     1407     1452        0     1473
         1431        0     1227     1405     1431        0     1470     1416
            0     1431     1412     1374        0     1422     1425        0

Atom Distribution No.   120 at run step   31785:

  Count of atoms assigned to each task:
            0     1433     1449        0     1166     1386     1395        0
         1413     1268        0     1226     1407     1389        0     1404
         1394        0     1441     1239     1389        0     1410     1385
            0     1400     1443     1446        0     1395     1364        0
         1402     1255     1460        0     1206     1380     1401        0
         1383     1431        0     1431     1398     1380        0     1398
         1408        0     1450     1404     1383        0     1437     1380
            0     1213     1431     1383        0     1458     1422        0
         1410     1440     1434        0     1449     1497     1428        0
         1449     1458        0     1428     1470     1473        0     1449
         1461        0     1428     1386     1422        0     1446     1440
            0     1428     1383     1392        0     1461     1479        0
         1428     1413     1404        0     1416     1482     1470        0
         1219     1422        0     1215     1398     1467        0     1452
         1440        0     1417     1194     1428        0     1479     1398
            0     1473     1184     1380        0     1416     1419        0

Atom Distribution No.   121 at run step   32066:

  Count of atoms assigned to each task:
            0     1448     1452        0     1178     1389     1395        0
         1413     1277        0     1229     1407     1395        0     1401
         1400        0     1211     1455     1389        0     1395     1385
            0     1413     1444     1443        0     1404     1359        0
         1417     1248     1256        0     1410     1389     1398        0
         1380     1438        0     1431     1386     1395        0     1383
         1420        0     1443     1398     1383        0     1437     1383
            0     1207     1440     1380        0     1443     1428        0
         1413     1455     1413        0     1458     1491     1428        0
         1449     1464        0     1419     1461     1467        0     1458
         1449        0     1431     1380     1428        0     1449     1437
            0     1419     1383     1392        0     1449     1464        0
         1440     1416     1401        0     1410     1473     1470        0
         1228     1425        0     1212     1395     1473        0     1441
         1442        0     1225     1389     1428        0     1473     1401
            0     1455     1202     1386        0     1419     1425        0

Atom Distribution No.   122 at run step   32341:

  Count of atoms assigned to each task:
            0     1436     1452        0     1172     1386     1392        0
         1415     1277        0     1235     1413     1401        0     1404
         1401        0     1211     1452     1395        0     1401     1382
            0     1408     1447     1440        0     1395     1364        0
         1404     1243     1238        0     1416     1392     1395        0
         1374     1441        0     1425     1401     1383        0     1398
         1417        0     1446     1404     1386        0     1446     1386
            0     1210     1431     1383        0     1449     1428        0
         1404     1452     1428        0     1443     1485     1428        0
         1449     1452        0     1434     1458     1467        0     1443
         1458        0     1428     1386     1428        0     1440     1440
            0     1425     1386     1389        0     1455     1482        0
         1443     1413     1398        0     1407     1479     1467        0
         1219     1428        0     1224     1395     1476        0     1453
         1427        0     1240     1383     1419        0     1485     1395
            0     1455     1193     1383        0     1419     1425        0

Atom Distribution No.   123 at run step   32616:

  Count of atoms assigned to each task:
            0     1442     1452        0     1178     1389     1389        0
         1410     1283        0     1226     1407     1398        0     1404
         1399        0     1206     1461     1404        0     1410     1382
            0     1402     1454     1446        0     1404     1349        0
         1416     1248     1241        0     1410     1383     1392        0
         1386     1432        0     1443     1389     1377        0     1398
         1414        0     1446     1395     1380        0     1437     1374
            0     1207     1431     1374        0     1452     1428        0
         1401     1440     1434        0     1446     1482     1440        0
         1449     1458        0     1434     1464     1470        0     1449
         1455        0     1440     1395     1437        0     1452     1443
            0     1416     1389     1395        0     1452     1476        0
         1431     1413     1392        0     1416     1476     1461        0
         1225     1419        0     1215     1401     1473        0     1453
         1436        0     1225     1383     1422        0     1482     1395
            0     1449     1190     1389        0     1428     1422        0

Atom Distribution No.   124 at run step   32886:

  Count of atoms assigned to each task:
            0     1442     1460        0     1175     1386     1398        0
         1413     1280        0     1229     1410     1398        0     1404
         1394        0     1199     1449     1392        0     1398     1387
            0     1406     1440     1452        0     1398     1360        0
         1410     1245     1229        0     1419     1386     1389        0
         1383     1429        0     1425     1395     1377        0     1398
         1413        0     1444     1404     1389        0     1452     1383
            0     1207     1434     1386        0     1449     1434        0
         1407     1449     1425        0     1446     1488     1434        0
         1449     1452        0     1422     1455     1473        0     1449
         1464        0     1428     1392     1419        0     1437     1446
            0     1422     1377     1392        0     1458     1467        0
         1443     1422     1413        0     1416     1467     1455        0
         1228     1431        0     1230     1392     1476        0     1444
         1449        0     1234     1386     1419        0     1479     1391
            0     1452     1197     1383        0     1428     1425        0

Atom Distribution No.   125 at run step   33157:

  Count of atoms assigned to each task:
            0     1445     1242        0     1199     1389     1410        0
         1413     1271        0     1235     1410     1386        0     1404
         1390        0     1209     1458     1389        0     1398     1388
            0     1385     1460     1452        0     1374     1379        0
         1404     1241     1245        0     1436     1392     1392        0
         1368     1447        0     1431     1389     1392        0     1398
         1410        0     1447     1398     1377        0     1443     1389
            0     1195     1449     1368        0     1446     1437        0
         1410     1428     1428        0     1431     1497     1434        0
         1455     1464        0     1434     1449     1473        0     1437
         1452        0     1446     1383     1428        0     1443     1452
            0     1431     1386     1389        0     1440     1470        0
         1449     1407     1401        0     1407     1467     1455        0
         1234     1431        0     1221     1407     1449        0     1465
         1421        0     1227     1399     1422        0     1464     1404
            0     1434     1412     1383        0     1428     1434        0

Atom Distribution No.   126 at run step   33431:

  Count of atoms assigned to each task:
            0     1436     1455        0     1175     1383     1398        0
         1413     1271        0     1226     1416     1395        0     1407
         1394        0     1436     1233     1401        0     1401     1382
            0     1413     1454     1440        0     1398     1355        0
         1408     1251     1457        0     1191     1392     1404        0
         1380     1426        0     1422     1398     1386        0     1395
         1407        0     1441     1404     1383        0     1449     1380
            0     1210     1437     1377        0     1440     1425        0
         1404     1443     1422        0     1458     1482     1431        0
         1446     1458        0     1422     1461     1461        0     1446
         1467        0     1431     1395     1425        0     1452     1452
            0     1419     1383     1392        0     1464     1479        0
         1434     1422     1398        0     1410     1479     1473        0
         1219     1428        0     1218     1407     1473        0     1453
         1439        0     1417     1191     1419        0     1470     1395
            0     1455     1199     1383        0     1422     1419        0

Atom Distribution No.   127 at run step   33702:

  Count of atoms assigned to each task:
            0     1443     1455        0     1169     1389     1392        0
         1412     1280        0     1223     1410     1389        0     1398
         1400        0     1211     1455     1395        0     1407     1379
            0     1408     1454     1443        0     1386     1352        0
         1412     1255     1253        0     1416     1386     1392        0
         1377     1432        0     1425     1398     1380        0     1392
         1411        0     1449     1410     1386        0     1437     1386
            0     1216     1437     1389        0     1446     1425        0
         1407     1443     1428        0     1437     1494     1428        0
         1452     1449        0     1425     1461     1464        0     1443
         1464        0     1428     1392     1419        0     1440     1440
            0     1422     1383     1386        0     1461     1473        0
         1434     1423     1401        0     1407     1485     1464        0
         1227     1431        0     1218     1404     1473        0     1447
         1443        0     1228     1389     1431        0     1476     1403
            0     1455     1190     1389        0     1428     1416        0

Atom Distribution No.   128 at run step   33974:

  Count of atoms assigned to each task:
            0     1439     1458        0     1178     1389     1398        0
         1416     1286        0     1235     1410     1398        0     1407
         1391        0     1211     1455     1392        0     1404     1378
            0     1406     1452     1440        0     1386     1365        0
         1408     1254     1235        0     1416     1389     1401        0
         1371     1429        0     1425     1401     1389        0     1389
         1404        0     1444     1398     1380        0     1443     1392
            0     1204     1431     1371        0     1440     1431        0
         1407     1443     1425        0     1446     1482     1440        0
         1443     1452        0     1428     1458     1464        0     1449
         1464        0     1440     1392     1425        0     1446     1443
            0     1419     1389     1392        0     1455     1473        0
         1437     1236     1407        0     1410     1467     1473        0
         1426     1428        0     1218     1392     1479        0     1446
         1432        0     1228     1389     1425        0     1473     1403
            0     1455     1193     1383        0     1425     1422        0

Atom Distribution No.   129 at run step   34249:

  Count of atoms assigned to each task:
            0     1439     1467        0     1176     1389     1395        0
         1409     1289        0     1229     1415     1395        0     1404
         1395        0     1201     1449     1398        0     1404     1388
            0     1399     1442     1446        0     1395     1353        0
         1406     1243     1235        0     1425     1389     1401        0
         1368     1435        0     1416     1413     1377        0     1395
         1413        0     1450     1407     1380        0     1440     1383
            0     1210     1437     1389        0     1443     1434        0
         1404     1437     1425        0     1446     1491     1428        0
         1443     1458        0     1434     1449     1461        0     1440
         1470        0     1422     1395     1428        0     1449     1443
            0     1419     1386     1389        0     1458     1470        0
         1434     1422     1407        0     1404     1479     1464        0
         1234     1431        0     1212     1398     1485        0     1453
         1434        0     1222     1386     1428        0     1482     1394
            0     1458     1196     1380        0     1425     1422        0

Atom Distribution No.   130 at run step   34524:

  Count of atoms assigned to each task:
            0     1445     1455        0     1391     1389     1404        0
         1414     1289        0     1236     1185     1398        0     1416
         1392        0     1205     1455     1395        0     1401     1381
            0     1404     1455     1431        0     1395     1359        0
         1403     1240     1244        0     1407     1383     1404        0
         1374     1438        0     1425     1389     1386        0     1398
         1425        0     1450     1401     1386        0     1437     1386
            0     1207     1422     1380        0     1443     1422        0
         1404     1437     1425        0     1455     1479     1437        0
         1449     1446        0     1431     1443     1470        0     1446
         1467        0     1431     1395     1425        0     1443     1440
            0     1431     1380     1392        0     1458     1473        0
         1437     1419     1401        0     1407     1479     1461        0
         1225     1428        0     1227     1401     1467        0     1453
         1433        0     1231     1395     1419        0     1482     1398
            0     1458     1193     1383        0     1437     1425        0

Atom Distribution No.   131 at run step   34797:

  Count of atoms assigned to each task:
            0     1445     1452        0     1175     1386     1392        0
         1251     1244        0     1436     1416     1398        0     1401
         1393        0     1203     1452     1404        0     1398     1385
            0     1409     1442     1443        0     1395     1358        0
         1411     1249     1241        0     1413     1395     1401        0
         1377     1432        0     1428     1389     1392        0     1389
         1402        0     1449     1398     1386        0     1440     1380
            0     1207     1434     1380        0     1437     1428        0
         1407     1446     1416        0     1455     1482     1443        0
         1443     1467        0     1425     1467     1464        0     1452
         1461        0     1437     1389     1431        0     1455     1437
            0     1416     1383     1386        0     1467     1479        0
         1428     1419     1392        0     1416     1470     1470        0
         1225     1428        0     1221     1395     1470        0     1456
         1436        0     1228     1389     1431        0     1470     1404
            0     1446     1193     1380        0     1428     1422        0

Atom Distribution No.   132 at run step   35070:

  Count of atoms assigned to each task:
            0     1439     1455        0     1172     1389     1392        0
         1398     1280        0     1223     1413     1398        0     1395
         1394        0     1436     1236     1398        0     1401     1384
            0     1408     1444     1449        0     1401     1362        0
         1408     1239     1235        0     1416     1392     1398        0
         1380     1423        0     1437     1398     1383        0     1401
         1398        0     1450     1404     1380        0     1443     1383
            0     1204     1431     1386        0     1449     1428        0
         1407     1443     1428        0     1446     1488     1437        0
         1440     1443        0     1437     1443     1467        0     1443
         1467        0     1431     1395     1434        0     1458     1446
            0     1425     1392     1392        0     1461     1485        0
         1440     1410     1398        0     1413     1479     1470        0
         1216     1434        0     1218     1407     1464        0     1456
         1440        0     1225     1380     1431        0     1470     1406
            0     1446     1187     1383        0     1428     1419        0

Atom Distribution No.   133 at run step   35346:

  Count of atoms assigned to each task:
            0     1433     1455        0     1178     1386     1395        0
         1407     1274        0     1226     1407     1398        0     1398
         1402        0     1215     1458     1401        0     1401     1394
            0     1410     1453     1446        0     1392     1368        0
         1413     1243     1241        0     1413     1389     1395        0
         1368     1432        0     1428     1392     1392        0     1389
         1407        0     1435     1407     1374        0     1446     1389
            0     1207     1419     1374        0     1452     1437        0
         1410     1437     1431        0     1446     1485     1437        0
         1452     1458        0     1437     1452     1464        0     1440
         1470        0     1440     1395     1413        0     1464     1440
            0     1422     1383     1389        0     1464     1473        0
         1431     1410     1413        0     1413     1464     1449        0
         1219     1434        0     1224     1395     1464        0     1450
         1442        0     1234     1386     1434        0     1476     1395
            0     1446     1196     1386        0     1425     1434        0

Atom Distribution No.   134 at run step   35622:

  Count of atoms assigned to each task:
            0     1442     1451        0     1172     1386     1395        0
         1407     1271        0     1226     1413     1395        0     1401
         1401        0     1208     1452     1392        0     1410     1381
            0     1402     1445     1440        0     1398     1370        0
         1415     1246     1242        0     1418     1389     1392        0
         1380     1429        0     1422     1398     1377        0     1392
         1407        0     1438     1407     1374        0     1437     1398
            0     1207     1431     1383        0     1437     1437        0
         1413     1437     1434        0     1449     1488     1443        0
         1455     1467        0     1434     1458     1464        0     1446
         1467        0     1431     1389     1419        0     1443     1443
            0     1422     1383     1383        0     1461     1482        0
         1437     1416     1401        0     1428     1473     1467        0
         1216     1437        0     1221     1392     1461        0     1453
         1445        0     1222     1389     1428        0     1485     1398
            0     1446     1197     1386        0     1422     1416        0

Atom Distribution No.   135 at run step   35889:

  Count of atoms assigned to each task:
            0     1437     1239        0     1190     1386     1401        0
         1417     1265        0     1229     1413     1383        0     1404
         1383        0     1440     1233     1395        0     1398     1387
            0     1383     1461     1452        0     1389     1382        0
         1403     1237     1478        0     1209     1374     1395        0
         1377     1444        0     1428     1380     1401        0     1395
         1404        0     1450     1401     1383        0     1434     1398
            0     1207     1437     1371        0     1443     1443        0
         1413     1434     1437        0     1428     1494     1446        0
         1455     1464        0     1440     1455     1473        0     1443
         1461        0     1431     1383     1434        0     1443     1446
            0     1419     1383     1386        0     1443     1476        0
         1443     1413     1392        0     1404     1470     1464        0
         1231     1437        0     1215     1395     1461        0     1459
         1430        0     1227     1396     1428        0     1476     1407
            0     1422     1418     1380        0     1419     1428        0

Atom Distribution No.   136 at run step   36154:

  Count of atoms assigned to each task:
            0     1433     1443        0     1172     1374     1398        0
         1407     1262        0     1214     1413     1386        0     1404
         1393        0     1209     1455     1389        0     1410     1385
            0     1401     1452     1449        0     1395     1370        0
         1406     1231     1256        0     1425     1386     1401        0
         1383     1435        0     1428     1404     1389        0     1398
         1408        0     1443     1410     1380        0     1428     1389
            0     1207     1419     1374        0     1443     1437        0
         1407     1437     1428        0     1449     1482     1440        0
         1458     1443        0     1446     1449     1464        0     1434
         1470        0     1437     1386     1428        0     1455     1446
            0     1422     1377     1392        0     1464     1482        0
         1431     1428     1410        0     1422     1470     1476        0
         1216     1437        0     1221     1404     1470        0     1444
         1442        0     1429     1197     1425        0     1470     1404
            0     1467     1190     1377        0     1422     1419        0

Atom Distribution No.   137 at run step   36430:

  Count of atoms assigned to each task:
            0     1439     1461        0     1181     1392     1386        0
         1410     1274        0     1220     1407     1392        0     1395
         1406        0     1439     1233     1383        0     1404     1382
            0     1402     1463     1440        0     1395     1364        0
         1399     1244     1235        0     1419     1386     1398        0
         1374     1429        0     1419     1392     1392        0     1398
         1411        0     1443     1404     1386        0     1428     1392
            0     1216     1428     1389        0     1443     1428        0
         1416     1443     1437        0     1458     1485     1431        0
         1458     1461        0     1431     1455     1458        0     1449
         1467        0     1434     1386     1431        0     1443     1452
            0     1416     1386     1392        0     1458     1476        0
         1434     1413     1398        0     1413     1473     1464        0
         1216     1431        0     1218     1389     1479        0     1444
         1442        0     1225     1380     1422        0     1488     1410
            0     1449     1199     1386        0     1425     1419        0

Atom Distribution No.   138 at run step   36705:

  Count of atoms assigned to each task:
            0     1442     1454        0     1181     1392     1398        0
         1416     1274        0     1229     1407     1398        0     1404
         1394        0     1214     1455     1386        0     1410     1382
            0     1408     1453     1437        0     1401     1366        0
         1412     1239     1241        0     1422     1383     1404        0
         1374     1432        0     1428     1398     1389        0     1392
         1414        0     1455     1398     1386        0     1437     1377
            0     1207     1440     1392        0     1443     1425        0
         1410     1428     1425        0     1455     1485     1443        0
         1440     1461        0     1419     1455     1464        0     1446
         1467        0     1428     1395     1425        0     1449     1440
            0     1416     1392     1392        0     1461     1482        0
         1440     1419     1410        0     1422     1473     1464        0
         1219     1425        0     1227     1404     1458        0     1447
         1436        0     1219     1374     1422        0     1476     1398
            0     1446     1188     1380        0     1428     1419        0

Atom Distribution No.   139 at run step   36978:

  Count of atoms assigned to each task:
            0     1442     1227        0     1193     1383     1407        0
         1413     1274        0     1226     1413     1380        0     1401
         1390        0     1211     1464     1398        0     1404     1379
            0     1394     1464     1443        0     1392     1385        0
         1397     1230     1239        0     1442     1386     1389        0
         1377     1438        0     1416     1395     1392        0     1398
         1392        0     1459     1401     1377        0     1440     1395
            0     1198     1452     1371        0     1446     1449        0
         1413     1437     1431        0     1431     1497     1437        0
         1452     1461        0     1431     1446     1479        0     1440
         1449        0     1434     1377     1434        0     1446     1449
            0     1425     1392     1386        0     1446     1479        0
         1446     1416     1395        0     1404     1467     1464        0
         1222     1446        0     1215     1407     1461        0     1455
         1431        0     1230     1402     1419        0     1473     1413
            0     1431     1415     1374        0     1422     1419        0

Atom Distribution No.   140 at run step   37248:

  Count of atoms assigned to each task:
            0     1436     1439        0     1166     1389     1404        0
         1416     1271        0     1223     1413     1395        0     1395
         1399        0     1437     1233     1395        0     1401     1382
            0     1395     1449     1449        0     1401     1364        0
         1404     1254     1469        0     1194     1389     1398        0
         1389     1429        0     1416     1398     1389        0     1395
         1405        0     1443     1401     1386        0     1431     1386
            0     1207     1425     1389        0     1437     1422        0
         1407     1449     1434        0     1455     1482     1437        0
         1449     1449        0     1431     1455     1470        0     1446
         1461        0     1437     1389     1425        0     1449     1446
            0     1416     1371     1386        0     1455     1473        0
         1428     1416     1407        0     1404     1479     1464        0
         1228     1437        0     1218     1404     1470        0     1446
         1446        0     1435     1197     1431        0     1470     1407
            0     1461     1206     1386        0     1422     1419        0

Atom Distribution No.   141 at run step   37513:

  Count of atoms assigned to each task:
            0     1449     1230        0     1199     1386     1407        0
         1409     1274        0     1220     1413     1386        0     1401
         1394        0     1218     1470     1398        0     1401     1396
            0     1381     1464     1452        0     1383     1376        0
         1407     1241     1245        0     1436     1386     1392        0
         1371     1444        0     1425     1392     1401        0     1392
         1410        0     1441     1407     1383        0     1425     1392
            0     1207     1434     1362        0     1452     1443        0
         1407     1443     1428        0     1431     1491     1443        0
         1449     1455        0     1437     1449     1479        0     1440
         1446        0     1425     1386     1425        0     1440     1449
            0     1419     1392     1386        0     1443     1473        0
         1446     1416     1401        0     1404     1479     1461        0
         1228     1443        0     1215     1404     1455        0     1464
         1434        0     1230     1396     1416        0     1470     1410
            0     1419     1412     1380        0     1425     1422        0

Atom Distribution No.   142 at run step   37793:

  Count of atoms assigned to each task:
            0     1433     1443        0     1169     1383     1404        0
         1410     1268        0     1217     1407     1383        0     1404
         1399        0     1446     1230     1398        0     1398     1379
            0     1397     1450     1446        0     1389     1352        0
         1396     1241     1475        0     1206     1392     1410        0
         1377     1423        0     1425     1398     1389        0     1398
         1411        0     1443     1398     1377        0     1440     1389
            0     1213     1434     1383        0     1446     1431        0
         1410     1458     1434        0     1452     1479     1440        0
         1446     1461        0     1431     1449     1470        0     1452
         1461        0     1434     1389     1431        0     1455     1440
            0     1422     1383     1392        0     1461     1461        0
         1434     1425     1401        0     1398     1476     1461        0
         1222     1434        0     1224     1398     1473        0     1440
         1446        0     1429     1194     1425        0     1479     1407
            0     1473     1184     1377        0     1425     1425        0

Atom Distribution No.   143 at run step   38066:

  Count of atoms assigned to each task:
            0     1433     1454        0     1173     1386     1395        0
         1400     1274        0     1226     1406     1392        0     1395
         1416        0     1214     1461     1395        0     1410     1388
            0     1405     1449     1443        0     1392     1356        0
         1408     1254     1247        0     1410     1386     1407        0
         1377     1435        0     1425     1401     1392        0     1395
         1411        0     1455     1398     1386        0     1434     1386
            0     1210     1428     1386        0     1443     1428        0
         1410     1425     1431        0     1446     1485     1431        0
         1443     1461        0     1422     1458     1458        0     1449
         1467        0     1428     1392     1419        0     1452     1446
            0     1428     1386     1389        0     1464     1479        0
         1431     1425     1401        0     1422     1488     1461        0
         1213     1431        0     1233     1410     1467        0     1441
         1439        0     1228     1383     1434        0     1470     1407
            0     1437     1188     1377        0     1419     1422        0

Atom Distribution No.   144 at run step   38335:

  Count of atoms assigned to each task:
            0     1439     1236        0     1403     1388     1395        0
         1415     1283        0     1235     1206     1395        0     1401
         1397        0     1206     1464     1389        0     1392     1388
            0     1383     1467     1437        0     1386     1376        0
         1401     1236     1242        0     1442     1386     1392        0
         1368     1432        0     1416     1392     1407        0     1392
         1398        0     1444     1398     1377        0     1437     1401
            0     1207     1443     1365        0     1449     1440        0
         1422     1437     1440        0     1434     1494     1443        0
         1446     1458        0     1431     1449     1473        0     1440
         1461        0     1431     1386     1428        0     1443     1461
            0     1428     1389     1392        0     1449     1473        0
         1440     1413     1401        0     1401     1479     1452        0
         1222     1437        0     1218     1404     1467        0     1455
         1437        0     1224     1396     1431        0     1476     1401
            0     1437     1410     1374        0     1416     1416        0

Atom Distribution No.   145 at run step   38613:

  Count of atoms assigned to each task:
            0     1439     1454        0     1193     1179     1407        0
         1409     1256        0     1223     1410     1392        0     1401
         1391        0     1437     1233     1389        0     1407     1385
            0     1388     1464     1437        0     1392     1373        0
         1396     1242     1478        0     1209     1389     1389        0
         1380     1438        0     1419     1398     1401        0     1407
         1401        0     1441     1398     1383        0     1437     1392
            0     1204     1434     1368        0     1452     1440        0
         1413     1419     1431        0     1446     1500     1449        0
         1455     1455        0     1443     1440     1476        0     1434
         1461        0     1431     1377     1425        0     1440     1452
            0     1422     1395     1386        0     1446     1479        0
         1449     1416     1398        0     1404     1485     1467        0
         1225     1434        0     1215     1407     1473        0     1449
         1437        0     1429     1197     1425        0     1476     1398
            0     1458     1383     1374        0     1410     1422        0

Atom Distribution No.   146 at run step   38884:

  Count of atoms assigned to each task:
            0     1436     1236        0     1193     1397     1404        0
         1400     1265        0     1226     1413     1386        0     1410
         1386        0     1220     1473     1401        0     1398     1387
            0     1383     1471     1443        0     1383     1382        0
         1397     1237     1242        0     1445     1392     1392        0
         1368     1435        0     1416     1383     1398        0     1404
         1392        0     1453     1395     1368        0     1437     1401
            0     1177     1446     1380        0     1437     1449        0
         1407     1440     1413        0     1443     1506     1434        0
         1449     1464        0     1434     1455     1464        0     1449
         1443        0     1446     1380     1428        0     1455     1455
            0     1419     1395     1395        0     1443     1473        0
         1449     1398     1401        0     1398     1461     1470        0
         1225     1437        0     1224     1407     1455        0     1461
         1431        0     1233     1405     1428        0     1470     1422
            0     1416     1422     1383        0     1419     1419        0

Atom Distribution No.   147 at run step   39150:

  Count of atoms assigned to each task:
            0     1445     1466        0     1193     1173     1407        0
         1410     1265        0     1223     1410     1389        0     1404
         1396        0     1445     1233     1398        0     1404     1388
            0     1377     1473     1440        0     1398     1364        0
         1394     1241     1481        0     1212     1395     1392        0
         1374     1441        0     1425     1386     1398        0     1395
         1419        0     1444     1401     1374        0     1434     1383
            0     1216     1440     1368        0     1452     1431        0
         1407     1434     1437        0     1440     1485     1428        0
         1443     1464        0     1434     1440     1470        0     1443
         1467        0     1434     1380     1431        0     1446     1455
            0     1422     1389     1392        0     1446     1473        0
         1446     1419     1392        0     1401     1476     1461        0
         1234     1437        0     1221     1410     1458        0     1459
         1421        0     1438     1200     1419        0     1467     1407
            0     1419     1413     1374        0     1419     1413        0

Atom Distribution No.   148 at run step   39426:

  Count of atoms assigned to each task:
            0     1440     1233        0     1190     1391     1413        0
         1418     1262        0     1223     1407     1395        0     1407
         1393        0     1218     1467     1386        0     1401     1375
            0     1378     1469     1452        0     1386     1375        0
         1402     1240     1248        0     1436     1389     1389        0
         1377     1438        0     1425     1389     1392        0     1398
         1404        0     1444     1398     1380        0     1437     1404
            0     1195     1437     1362        0     1452     1434        0
         1410     1434     1431        0     1437     1488     1440        0
         1455     1464        0     1440     1452     1485        0     1434
         1455        0     1425     1383     1419        0     1443     1443
            0     1419     1386     1383        0     1446     1464        0
         1440     1407     1404        0     1401     1470     1470        0
         1243     1443        0     1218     1410     1467        0     1470
         1431        0     1239     1399     1422        0     1476     1413
            0     1422     1413     1377        0     1428     1413        0

Atom Distribution No.   149 at run step   39697:

  Count of atoms assigned to each task:
            0     1451     1448        0     1184     1173     1407        0
         1421     1250        0     1223     1416     1392        0     1407
         1385        0     1440     1236     1395        0     1395     1389
            0     1376     1465     1443        0     1386     1379        0
         1395     1241     1469        0     1215     1392     1395        0
         1380     1432        0     1419     1395     1404        0     1398
         1404        0     1453     1398     1374        0     1440     1389
            0     1180     1458     1368        0     1452     1446        0
         1407     1431     1419        0     1437     1497     1434        0
         1443     1464        0     1437     1440     1473        0     1443
         1452        0     1446     1377     1419        0     1449     1461
            0     1428     1395     1392        0     1449     1485        0
         1443     1416     1398        0     1404     1476     1470        0
         1225     1437        0     1212     1401     1452        0     1470
         1423        0     1429     1197     1422        0     1470     1412
            0     1455     1389     1383        0     1422     1419        0

Atom Distribution No.   150 at run step   39965:

  Count of atoms assigned to each task:
            0     1445     1239        0     1190     1376     1404        0
         1415     1256        0     1223     1413     1386        0     1410
         1382        0     1217     1473     1392        0     1395     1389
            0     1384     1456     1449        0     1383     1382        0
         1396     1239     1242        0     1448     1392     1392        0
         1377     1447        0     1416     1386     1395        0     1401
         1407        0     1453     1398     1365        0     1440     1395
            0     1192     1446     1374        0     1452     1440        0
         1410     1434     1434        0     1431     1494     1440        0
         1455     1461        0     1431     1449     1476        0     1443
         1440        0     1446     1389     1419        0     1449     1449
            0     1425     1395     1395        0     1446     1473        0
         1440     1407     1404        0     1404     1476     1464        0
         1225     1434        0     1221     1410     1458        0     1464
         1431        0     1224     1405     1428        0     1470     1407
            0     1461     1380     1371        0     1425     1416        0

Atom Distribution No.   151 at run step   40236:

  Count of atoms assigned to each task:
            0     1445     1445        0     1190     1179     1410        0
         1418     1259        0     1229     1413     1395        0     1407
         1382        0     1449     1239     1383        0     1404     1389
            0     1384     1475     1446        0     1395     1367        0
         1402     1243     1490        0     1212     1398     1392        0
         1383     1429        0     1422     1398     1389        0     1398
         1408        0     1437     1401     1383        0     1431     1389
            0     1204     1440     1362        0     1458     1440        0
         1401     1425     1422        0     1428     1500     1431        0
         1458     1461        0     1434     1455     1476        0     1443
         1461        0     1440     1374     1425        0     1452     1446
            0     1413     1380     1392        0     1443     1470        0
         1449     1422     1401        0     1401     1464     1458        0
         1234     1440        0     1221     1404     1449        0     1470
         1428        0     1426     1203     1416        0     1470     1407
            0     1455     1380     1380        0     1422     1419        0

Atom Distribution No.   152 at run step   40509:

  Count of atoms assigned to each task:
            0     1445     1233        0     1193     1395     1407        0
         1416     1262        0     1223     1413     1383        0     1407
         1379        0     1215     1473     1389        0     1407     1394
            0     1382     1469     1443        0     1389     1382        0
         1393     1236     1242        0     1439     1392     1398        0
         1368     1447        0     1413     1386     1404        0     1398
         1404        0     1444     1407     1374        0     1431     1395
            0     1198     1455     1365        0     1443     1437        0
         1413     1434     1434        0     1431     1488     1434        0
         1443     1470        0     1440     1446     1476        0     1437
         1461        0     1440     1380     1428        0     1437     1446
            0     1431     1386     1389        0     1455     1467        0
         1440     1410     1395        0     1401     1467     1467        0
         1225     1443        0     1221     1401     1455        0     1467
         1434        0     1221     1405     1425        0     1470     1416
            0     1461     1379     1386        0     1419     1419        0

Atom Distribution No.   153 at run step   40772:

  Count of atoms assigned to each task:
            0     1436     1445        0     1169     1383     1401        0
         1410     1268        0     1223     1410     1395        0     1404
         1400        0     1439     1230     1392        0     1410     1377
            0     1407     1444     1440        0     1380     1361        0
         1400     1235     1481        0     1197     1395     1392        0
         1377     1432        0     1419     1392     1395        0     1398
         1411        0     1434     1407     1374        0     1425     1395
            0     1204     1431     1362        0     1452     1437        0
         1410     1434     1437        0     1437     1497     1440        0
         1455     1452        0     1437     1452     1476        0     1437
         1470        0     1434     1371     1431        0     1452     1449
            0     1422     1383     1392        0     1449     1482        0
         1437     1425     1395        0     1407     1485     1467        0
         1231     1434        0     1224     1395     1470        0     1449
         1443        0     1429     1197     1428        0     1488     1401
            0     1464     1191     1395        0     1425     1413        0

Atom Distribution No.   154 at run step   41054:

  Count of atoms assigned to each task:
            0     1434     1221        0     1193     1385     1401        0
         1413     1262        0     1229     1404     1386        0     1410
         1378        0     1215     1461     1386        0     1410     1389
            0     1381     1460     1452        0     1395     1388        0
         1398     1241     1248        0     1436     1392     1392        0
         1359     1439        0     1419     1389     1404        0     1398
         1401        0     1446     1401     1383        0     1434     1404
            0     1207     1443     1368        0     1458     1434        0
         1416     1428     1440        0     1434     1485     1449        0
         1446     1458        0     1434     1449     1473        0     1437
         1467        0     1434     1380     1437        0     1428     1461
            0     1422     1386     1398        0     1452     1476        0
         1431     1413     1401        0     1401     1476     1458        0
         1225     1440        0     1215     1395     1452        0     1470
         1431        0     1230     1402     1425        0     1467     1412
            0     1425     1425     1389        0     1416     1425        0

Atom Distribution No.   155 at run step   41321:

  Count of atoms assigned to each task:
            0     1440     1452        0     1193     1179     1398        0
         1409     1256        0     1226     1416     1386        0     1413
         1378        0     1449     1236     1392        0     1404     1386
            0     1384     1470     1443        0     1389     1379        0
         1388     1235     1472        0     1209     1386     1398        0
         1374     1423        0     1431     1386     1407        0     1401
         1404        0     1453     1404     1377        0     1428     1410
            0     1195     1446     1362        0     1443     1440        0
         1416     1440     1416        0     1440     1491     1440        0
         1449     1458        0     1437     1452     1470        0     1446
         1446        0     1443     1383     1440        0     1455     1455
            0     1419     1386     1389        0     1449     1473        0
         1443     1413     1407        0     1398     1464     1467        0
         1225     1428        0     1218     1398     1458        0     1470
         1425        0     1432     1200     1419        0     1476     1416
            0     1428     1421     1377        0     1422     1413        0

Atom Distribution No.   156 at run step   41601:

  Count of atoms assigned to each task:
            0     1440     1452        0     1172     1389     1395        0
         1404     1265        0     1220     1410     1392        0     1398
         1390        0     1437     1230     1383        0     1413     1377
            0     1408     1451     1431        0     1401     1367        0
         1400     1239     1251        0     1424     1401     1407        0
         1377     1429        0     1437     1404     1392        0     1395
         1402        0     1443     1401     1377        0     1449     1392
            0     1207     1431     1383        0     1434     1434        0
         1407     1434     1422        0     1443     1491     1431        0
         1449     1449        0     1434     1446     1461        0     1437
         1467        0     1431     1380     1428        0     1449     1449
            0     1425     1386     1395        0     1464     1470        0
         1446     1428     1407        0     1401     1479     1461        0
         1228     1434        0     1218     1398     1473        0     1452
         1437        0     1231     1389     1425        0     1482     1400
            0     1467     1193     1389        0     1422     1419        0

Atom Distribution No.   157 at run step   41854:

  Count of atoms assigned to each task:
            0     1440     1454        0     1166     1386     1398        0
         1409     1274        0     1223     1410     1398        0     1398
         1401        0     1208     1449     1389        0     1392     1389
            0     1404     1453     1446        0     1392     1364        0
         1401     1258     1457        0     1209     1392     1413        0
         1377     1426        0     1431     1398     1386        0     1392
         1411        0     1446     1407     1386        0     1440     1375
            0     1206     1434     1383        0     1428     1431        0
         1410     1434     1428        0     1437     1488     1440        0
         1446     1461        0     1434     1458     1455        0     1446
         1461        0     1449     1383     1431        0     1455     1443
            0     1413     1380     1392        0     1464     1473        0
         1428     1422     1398        0     1419     1476     1467        0
         1213     1431        0     1218     1407     1473        0     1458
         1434        0     1231     1392     1437        0     1476     1403
            0     1446     1203     1380        0     1425     1413        0

Atom Distribution No.   158 at run step   42132:

  Count of atoms assigned to each task:
            0     1437     1218        0     1187     1382     1407        0
         1415     1271        0     1229     1410     1398        0     1407
         1381        0     1212     1467     1392        0     1407     1389
            0     1387     1454     1449        0     1392     1382        0
         1402     1237     1248        0     1439     1389     1398        0
         1368     1438        0     1416     1380     1407        0     1398
         1404        0     1450     1401     1383        0     1443     1185
            0     1417     1431     1362        0     1446     1440        0
         1416     1434     1416        0     1434     1500     1431        0
         1449     1467        0     1437     1446     1482        0     1446
         1452        0     1437     1377     1428        0     1437     1449
            0     1425     1395     1386        0     1446     1473        0
         1446     1410     1404        0     1404     1473     1467        0
         1225     1443        0     1215     1398     1452        0     1473
         1431        0     1224     1399     1416        0     1479     1419
            0     1431     1410     1380        0     1419     1425        0

Atom Distribution No.   159 at run step   42401:

  Count of atoms assigned to each task:
            0     1435     1446        0     1193     1164     1395        0
         1409     1262        0     1217     1413     1395        0     1407
         1379        0     1446     1227     1398        0     1398     1388
            0     1391     1466     1443        0     1392     1376        0
         1399     1236     1454        0     1218     1383     1395        0
         1368     1430        0     1425     1377     1389        0     1410
         1407        0     1455     1404     1377        0     1452     1401
            0     1195     1446     1371        0     1452     1443        0
         1407     1428     1419        0     1443     1503     1437        0
         1455     1470        0     1431     1458     1476        0     1446
         1452        0     1437     1383     1434        0     1446     1458
            0     1425     1389     1392        0     1449     1470        0
         1443     1413     1401        0     1401     1467     1464        0
         1222     1434        0     1227     1401     1452        0     1471
         1427        0     1426     1209     1434        0     1473     1415
            0     1413     1415     1380        0     1413     1425        0

Atom Distribution No.   160 at run step   42666:

  Count of atoms assigned to each task:
            0     1426     1464        0     1175     1389     1389        0
         1406     1277        0     1220     1407     1392        0     1401
         1402        0     1221     1452     1389        0     1398     1386
            0     1414     1451     1434        0     1395     1379        0
         1396     1255     1253        0     1407     1398     1395        0
         1377     1438        0     1437     1398     1389        0     1383
         1408        0     1452     1398     1380        0     1440     1383
            0     1204     1431     1383        0     1440     1428        0
         1413     1440     1425        0     1452     1479     1443        0
         1446     1458        0     1434     1461     1464        0     1446
         1464        0     1428     1389     1422        0     1461     1449
            0     1413     1386     1383        0     1449     1458        0
         1428     1426     1401        0     1395     1467     1464        0
         1233     1428        0     1224     1398     1473        0     1444
         1451        0     1246     1380     1431        0     1485     1400
            0     1449     1211     1386        0     1419     1419        0

Atom Distribution No.   161 at run step   42934:

  Count of atoms assigned to each task:
            0     1420     1455        0     1166     1386     1395        0
         1406     1289        0     1235     1410     1395        0     1404
         1393        0     1213     1461     1401        0     1407     1393
            0     1409     1444     1437        0     1395     1363        0
         1409     1247     1235        0     1407     1392     1404        0
         1374     1436        0     1425     1398     1386        0     1389
         1395        0     1446     1407     1386        0     1440     1380
            0     1213     1428     1395        0     1443     1434        0
         1404     1419     1431        0     1449     1476     1437        0
         1449     1470        0     1428     1452     1461        0     1455
         1470        0     1428     1392     1437        0     1452     1443
            0     1416     1392     1392        0     1458     1476        0
         1434     1230     1401        0     1407     1464     1464        0
         1423     1428        0     1212     1398     1476        0     1449
         1440        0     1228     1386     1434        0     1479     1409
