Cpptraj Generated trajectory                                                    
  53.362   8.844  -3.645  53.151   9.539  -4.347  52.783   8.032  -3.807  54.365
   8.744  -3.579  52.941   9.364  -2.352  52.193   8.700  -1.918  54.139   9.464
  -1.377  53.790   9.154  -0.392  54.906   8.772  -1.725  54.685  10.774  -1.295
  55.421  10.776  -0.679  52.263  10.720  -2.533  52.224  11.281  -3.638  51.710
  11.230  -1.434  51.722  10.681  -0.586  51.025  12.512  -1.416  50.782  12.816
  -2.434  49.732  12.413  -0.615  49.948  11.901   0.323  49.381  13.423  -0.404
  48.668  11.659  -1.364  49.004  10.638  -1.542  47.752  11.642  -0.774  48.340
  12.458  -2.943  47.742  14.032  -2.344  48.518  14.513  -1.749  47.486  14.670
  -3.190  46.857  13.874  -1.727  51.898  13.617  -0.867  51.383  14.649  -0.421
  53.208  13.411  -0.861  53.611  12.486  -0.808  54.104  14.548  -0.921  53.994
  15.146  -0.016  55.557  14.097  -1.034  55.695  13.767  -2.064  56.166  14.982
  -0.852  55.979  12.993  -0.091  55.661  13.228   0.925  55.490  12.076  -0.421
  57.485  12.801  -0.118  58.070  12.950  -1.215  58.083  12.534   0.952  53.724
  15.382  -2.141  52.801  15.029  -2.891  54.443  16.484  -2.351  55.089  16.758
  -1.624  54.288  17.365  -3.510  54.951  18.224  -3.409  54.640  16.622  -4.813
  55.134  15.682  -4.566  53.714  16.415  -5.349  55.574  17.444  -5.737  55.426
  18.668  -5.866  56.542  16.767  -6.369  57.178  17.256  -6.983  56.632  15.771
  -6.229  52.893  17.984  -3.603  52.632  18.777  -4.512  51.999  17.659  -2.671
  52.210  16.908  -2.029  50.687  18.296  -2.585  50.599  19.055  -3.363  49.569
  17.276  -2.771  49.776  16.341  -2.250  48.641  17.704  -2.393  49.324  16.922
  -4.208  49.225  17.922  -5.166  49.313  18.963  -4.854  49.018  17.615  -6.499
  48.934  18.409  -7.241  48.918  16.297  -6.887  48.753  16.049  -7.936  49.027
  15.285  -5.943  48.947  14.242  -6.250  49.237  15.600  -4.613  49.336  14.805
  -3.874  50.586  19.015  -1.247  50.375  18.387  -0.205  50.749  20.334  -1.288
  51.060  20.746  -2.156  50.526  21.216  -0.142  50.794  20.702   0.781  51.386
  22.471  -0.270  52.370  22.139  -0.601  50.928  23.082  -1.048  51.530  23.292
   0.997  51.674  24.342   0.742  50.621  23.183   1.589  52.720  22.826   1.839
  52.568  22.458   3.009  53.914  22.828   1.235  54.734  22.530   1.743  53.990
  23.127   0.273  49.044  21.588  -0.088  48.585  22.451  -0.840  48.275  20.945
   0.791  48.587  20.121   1.285  46.915  21.410   1.015  46.313  21.236   0.123
  46.277  20.655   2.195  47.042  20.578   2.968  45.456  21.275   2.557  45.746
  19.246   1.855  44.913  19.362   1.162  46.550  18.696   1.366  45.274  18.468
   3.101  45.278  19.156   3.946  44.255  18.127   2.916  46.179  17.246   3.423
  47.198  17.626   3.499  45.858  16.870   4.395  46.134  16.118   2.403  46.432
  16.466   1.503  46.750  15.374   2.697  45.190  15.765   2.332  46.967  22.912
   1.270  47.860  23.406   1.961  46.052  23.661   0.661  45.360  23.229   0.066
  46.070  25.113   0.757  46.850  25.452   1.438  46.309  25.751  -0.620  45.850
  25.130  -1.390  45.700  27.129  -0.658  46.158  27.751   0.111  45.873  27.576
  -1.637  44.628  27.058  -0.476  47.804  25.804  -0.881  48.212  24.793  -0.866
  47.987  26.255  -1.856  48.287  26.402  -0.108  44.800  25.670   1.384  44.860
  26.597   2.187  43.640  25.137   1.025  43.525  24.554   0.208  42.458  25.471
   1.807  42.674  25.326   2.865  42.033  26.919   1.591  41.416  27.205   2.443
  42.940  27.524   1.581  41.275  27.143   0.333  42.001  27.301  -0.464  40.692
  26.247   0.120  40.344  28.345   0.417  39.662  28.516   1.460  40.289  29.117
  -0.571  41.338  24.505   1.447  41.297  23.963   0.339  40.448  24.272   2.404
  40.536  24.700   3.315  39.347  23.350   2.179  39.675  22.537   1.532  38.865
  22.760   3.494  39.612  22.044   3.837  38.780  23.571   4.217  37.539  22.072
   3.357  36.790  22.813   3.078  37.617  21.321   2.571  37.131  21.407   4.649
  37.922  20.720   4.951  37.008  22.176   5.412  35.825  20.639   4.488  35.054
  21.337   4.163  35.968  19.875   3.724  35.407  19.996   5.757  35.274  20.704
   6.465  34.540  19.498   5.612  36.122  19.349   6.058  38.207  24.063   1.468
  37.765  25.126   1.908  37.726  23.476   0.370  38.088  22.573   0.097  36.766
  24.130  -0.510  36.436  25.055  -0.037  37.395  24.451  -1.880  36.689  25.046
  -2.460  38.682  25.220  -1.713  39.388  24.626  -1.134  39.107  25.435  -2.693
  38.482  26.156  -1.191  37.704  23.176  -2.637  38.171  22.480  -1.940  36.759
  22.760  -2.987  38.622  23.399  -3.815  39.567  23.815  -3.466  38.807  22.449
  -4.317  38.156  24.094  -4.513  35.485  23.323  -0.690  34.690  23.637  -1.573
  35.270  22.287   0.110  35.944  22.031   0.818  34.061  21.493  -0.009  33.230
  22.062   0.407  33.876  21.300  -1.066  34.168  20.172   0.722  35.237  19.708
   1.108  33.014  19.545   0.938  32.130  20.028   0.870  33.011  18.160   1.382
  33.749  17.599   0.809  33.356  18.039   2.882  33.828  17.062   2.984  34.095
  18.820   3.064  32.224  18.164   3.896  31.758  19.140   3.763  31.494  17.382
   3.688  32.724  18.027   5.352  32.860  19.056   6.059  32.982  16.885   5.787
  31.662  17.536   1.048  30.618  18.189   1.137  31.713  16.290   0.599  32.611
  15.852   0.452  30.523  15.526   0.308  29.642  16.117   0.558  30.503  15.275
  -0.752  30.504  14.247   1.118  31.336  14.052   2.015  29.560  13.356   0.808
  28.887  13.527   0.074  29.437  12.129   1.587  29.352  12.352   2.651  28.204
  11.344   1.154  28.073  11.450   0.077  28.370   9.859   1.505  28.500   9.752
   2.582  27.483   9.309   1.191  29.245   9.459   0.992  27.033  11.875   1.806
  26.260  11.377   1.530  30.681  11.258   1.477  31.057  10.601   2.454  31.344
  11.244   0.317  31.002  11.769  -0.475  32.512  10.391   0.128  32.602   9.695
   0.962  32.378   9.588  -1.165  32.330  10.268  -2.016  33.261   8.955  -1.256
  31.141   8.724  -1.141  31.041   7.649  -0.248  31.874   7.441   0.423  29.887
   6.842  -0.209  29.821   6.006   0.487  28.817   7.123  -1.070  27.674   6.330
  -1.034  27.728   5.624  -0.386  28.901   8.196  -1.967  28.076   8.416  -2.644
  30.059   8.991  -1.990  30.128   9.834  -2.677  33.827  11.170   0.158  34.790
  10.794  -0.517  33.899  12.245   0.941  33.087  12.637   1.396  35.180  12.883
   1.156  35.527  12.529   2.127  35.836  12.499   0.375  35.225  14.396   1.138
  34.260  15.081   0.793  36.388  14.900   1.510  37.094  14.227   1.774  36.711
  16.311   1.611  35.835  16.959   1.649  37.546  16.538   2.882  38.395  15.855
   2.876  38.047  17.965   2.935  37.198  18.649   2.941  38.636  18.110   3.840
  38.668  18.165   2.062  36.726  16.184   4.110  36.428  15.137   4.059  37.324
  16.347   5.006  35.837  16.813   4.148  37.463  16.766   0.364  38.218  16.006
  -0.254  37.289  18.032   0.004  36.665  18.627   0.530  37.931  18.581  -1.177
  38.656  17.891  -1.609  36.896  18.936  -2.248  36.294  19.778  -1.905  37.605
  19.313  -3.538  38.207  18.472  -3.882  36.866  19.565  -4.299  38.251  20.173
  -3.360  35.961  17.771  -2.432  35.456  17.557  -1.490  35.220  18.016  -3.193
  36.529  16.895  -2.746  38.756  19.805  -0.792  38.241  20.734  -0.161  40.030
  19.820  -1.205  40.365  19.042  -1.755  40.959  20.902  -0.900  40.430  21.669
  -0.334  42.166  20.429  -0.076  42.671  19.715  -0.727  42.810  21.294   0.083
  41.864  19.771   1.260  41.506  20.529   2.383  41.438  21.613   2.287  41.239
  19.920   3.606  40.936  20.513   4.469  41.354  18.535   3.717  41.112  17.902
   4.914  40.869  18.509   5.617  41.722  17.767   2.629  41.811  16.685   2.721
  41.980  18.386   1.408  42.278  17.789   0.546  41.490  21.509  -2.186  41.720
  20.799  -3.169  41.668  22.824  -2.181  41.151  23.423  -1.554  42.613  23.437
  -3.095  42.451  23.057  -4.104  42.434  24.945  -3.110  41.398  25.138  -3.388
  42.608  25.295  -2.092  43.350  25.674  -4.054  44.386  25.482  -3.774  43.178
  25.321  -5.071  43.073  27.174  -3.983  42.041  27.344  -4.289  43.203  27.495
  -2.949  44.010  27.975  -4.886  44.992  27.507  -4.822  43.629  27.883  -5.903
  44.124  29.426  -4.525  44.477  29.512  -3.583  44.758  29.883  -5.165  43.214
  29.860  -4.584  44.003  23.073  -2.618  44.309  23.227  -1.437  44.828  22.536
  -3.506  44.522  22.375  -4.455  46.167  22.112  -3.133  46.448  22.592  -2.196
  46.253  20.592  -2.950  45.983  20.097  -3.883  47.271  20.316  -2.674  45.566
  20.281  -2.163  47.149  22.578  -4.192  46.774  22.880  -5.327  48.418  22.628
  -3.801  48.644  22.249  -2.892  49.491  23.211  -4.591  49.101  23.546  -5.552
  50.099  24.408  -3.867  49.278  25.105  -3.697  50.458  24.030  -2.910  51.214
  25.113  -4.574  51.981  24.395  -4.866  50.831  25.616  -5.462  51.816  26.141
  -3.629  51.050  26.878  -3.386  52.131  25.631  -2.718  52.967  26.833  -4.199
  52.856  27.812  -4.422  54.148  26.257  -4.430  54.331  24.969  -4.159  53.572
  24.424  -3.776  55.228  24.541  -4.337  55.147  26.965  -4.944  55.011  27.942
  -5.160  56.039  26.523  -5.117  50.553  22.157  -4.833  50.929  21.420  -3.917
  51.008  22.066  -6.077  50.549  22.560  -6.829  52.150  21.220  -6.401  52.046
  20.254  -5.908  52.233  20.992  -7.908  51.226  20.834  -8.293  52.665  21.877
  -8.375  53.082  19.792  -8.268  54.308  19.817  -8.132  52.432  18.730  -8.734
  52.946  17.900  -8.991  51.427  18.759  -8.829  53.415  21.890  -5.877  53.709
  23.039  -6.232  54.137  21.195  -4.993  53.869  20.265  -4.703  55.287  21.816
  -4.347  55.009  22.792  -3.949  55.780  20.936  -3.189  55.562  19.901  -3.454
  56.859  21.072  -3.116  55.124  21.269  -1.826  55.435  22.276  -1.548  54.043
  21.249  -1.967  55.512  20.289  -0.714  56.580  20.087  -0.791  55.299  20.757
   0.247  54.739  18.980  -0.823  53.700  19.207  -0.586  54.812  18.657  -1.861
  55.229  17.886   0.076  55.161  18.185   1.038  54.664  17.060  -0.060  56.192
  17.675  -0.144  56.388  22.097  -5.362  57.007  23.169  -5.335  56.608  21.164
  -6.294  56.142  20.273  -6.203  57.531  21.352  -7.411  58.461  21.795  -7.054
  57.851  20.003  -8.069  58.305  19.445  -7.250  56.952  19.487  -8.405  58.848
  20.105  -9.234  58.429  20.773  -9.986  60.220  20.648  -8.770  60.640  19.980
  -8.018  60.896  20.705  -9.623  60.092  21.642  -8.342  58.995  18.767  -9.998
  58.028  18.473 -10.406  59.710  18.889 -10.812  59.351  17.995  -9.315  56.984
  22.316  -8.466  57.502  23.433  -8.628  55.923  21.887  -9.179  55.450  21.039
  -8.901  55.482  22.557 -10.399  56.325  22.936 -10.977  54.676  21.587 -11.283
  54.725  21.934 -12.315  55.239  20.156 -11.196  55.190  19.808 -10.164  54.650
  19.494 -11.830  56.276  20.152 -11.532  53.291  21.585 -10.905  52.807  20.975
 -11.467  54.674  23.822 -10.135  54.541  24.644 -11.044  54.158  24.017  -8.919
  54.289  23.320  -8.200  53.403  25.214  -8.588  53.343  25.259  -7.501  53.980
  26.063  -8.955  52.002  25.284  -9.163  51.255  26.216  -8.826  51.620  24.346
 -10.026  52.285  23.699 -10.425  50.234  24.256 -10.448  49.929  25.188 -10.924
  50.059  23.116 -11.451  49.913  22.199 -10.881  49.162  23.328 -12.033  51.251
  22.945 -12.395  51.250  23.802 -13.069  52.168  22.948 -11.806  51.174  21.658
 -13.209  50.646  21.721 -14.343  51.618  20.590 -12.711  49.354  24.037  -9.227
  49.800  23.520  -8.201  48.107  24.470  -9.322  47.826  25.013 -10.126  47.135
  24.254  -8.263  47.607  23.774  -7.406  46.508  25.580  -7.800  45.751  25.378
  -7.042  47.585  26.475  -7.213  48.342  26.678  -7.970  47.139  27.414  -6.885
  48.048  25.977  -6.361  45.834  26.276  -8.959  45.050  25.635  -9.363  45.395
  27.213  -8.615  46.569  26.483  -9.736  46.086  23.274  -8.771  45.706  23.312
  -9.948  45.656  22.364  -7.895  46.018  22.402  -6.953  44.701  21.316  -8.225
  44.253  21.487  -9.204  45.328  19.905  -8.209  44.529  19.174  -8.337  46.355
  19.730  -9.313  47.154  20.460  -9.185  46.772  18.724  -9.266  45.878  19.880
 -10.281  45.945  19.642  -6.859  45.176  19.705  -6.089  46.387  18.646  -6.849
  46.718  20.384  -6.662  43.586  21.375  -7.200  43.730  21.982  -6.139  42.470
  20.719  -7.516  42.290  20.476  -8.480  41.466  20.370  -6.515  41.618  20.958
  -5.610  40.050  20.615  -7.024  39.880  20.025  -7.925  39.332  20.322  -6.258
  39.924  21.673  -7.254  41.651  18.906  -6.142  41.598  18.024  -7.007  41.867
  18.650  -4.863  41.828  19.418  -4.208  42.193  17.325  -4.354  42.416  16.644
  -5.176  43.423  17.425  -3.456  44.070  18.070  -4.050  43.044  17.981  -2.599
  44.216  16.223  -2.969  43.616  15.681  -2.238  44.560  15.314  -4.103  45.160
  15.856  -4.834  45.127  14.462  -3.727  43.644  14.960  -4.576  45.478  16.743
  -2.309  45.211  17.387  -1.471  46.072  15.904  -1.947  46.059  17.313  -3.034
  40.983  16.792  -3.593  40.564  17.395  -2.599  40.399  15.690  -4.069  40.687
  15.325  -4.966  39.308  15.019  -3.366  38.889  15.680  -2.607  38.201  14.646
  -4.354  37.954  15.570  -4.877  38.658  13.944  -5.052  36.926  14.032  -3.776
  37.146  13.021  -3.432  36.593  14.638  -2.933  35.790  13.980  -4.865  35.033
  14.710  -4.580  36.237  14.273  -5.815  35.126  12.572  -5.014  35.947  11.855
  -5.001  34.513  12.438  -4.123  34.273  12.344  -6.256  34.841  12.467  -7.082
  33.900  11.405  -6.241  33.512  13.008  -6.268  39.867  13.792  -2.647  40.496
  12.933  -3.272  39.662  13.722  -1.333  39.135  14.462  -0.891  40.203  12.656
  -0.489  40.900  12.047  -1.065  40.948  13.249   0.714  41.834  13.743   0.314
  40.283  13.994   1.150  41.365  12.250   1.788  40.512  11.613   2.024  42.178
  11.637   1.399  41.831  12.971   3.059  42.571  13.722   2.781  40.971  13.461
   3.516  42.454  11.985   4.065  41.673  11.286   4.364  43.245  11.444   3.545
  43.024  12.654   5.289  42.291  13.155   5.771  43.415  11.954   5.904  43.748
  13.301   5.012  39.071  11.738  -0.025  38.090  12.209   0.560  39.213  10.437
  -0.280  40.054  10.144  -0.757  38.222   9.420   0.064  37.360   9.851   0.573
  37.753   8.662  -1.180  38.613   8.188  -1.653  36.738   7.602  -0.801  35.877
   8.075  -0.328  36.414   7.072  -1.697  37.192   6.896  -0.105  37.196   9.631
  -2.210  36.347  10.147  -1.763  37.976  10.354  -2.449  36.758   8.943  -3.458
  35.978   8.220  -3.220  36.368   9.679  -4.161  37.607   8.427  -3.906  38.838
   8.447   1.062  39.813   7.753   0.739  38.275   8.377   2.265  37.516   8.986
   2.533  38.806   7.454   3.262  39.889   7.387   3.159  38.480   7.933   4.672
  37.398   7.908   4.799  38.944   7.248   5.381  38.987   9.342   4.924  39.842
   9.501   4.266  38.186  10.028   4.649  39.400   9.597   6.358  40.039   8.776
   6.683  39.962  10.530   6.393  38.264   9.699   7.276  38.271   9.069   8.065
  37.241  10.555   7.151  37.168  11.389   6.107  37.892  11.376   5.402  36.390
  12.028   6.028  36.275  10.573   8.076  36.322   9.942   8.863  35.503  11.218
   7.983  38.238   6.071   2.976  37.024   5.863   3.049  39.108   5.136   2.605
  40.098   5.322   2.532  38.625   3.815   2.230  37.751   3.905   1.585  39.709
   3.063   1.476  40.636   3.194   2.034  39.506   1.999   1.355  39.845   3.709
   0.112  40.130   4.752   0.253  40.893   3.008  -0.742  40.609   1.965  -0.884
  40.961   3.501  -1.712  41.861   3.056  -0.242  38.475   3.725  -0.564  37.775
   4.295   0.046  38.560   4.188  -1.547  38.112   2.703  -0.674  38.177   3.026
   3.448  37.162   2.319   3.401  38.910   3.153   4.555  39.707   3.774   4.551
  38.643   2.377   5.764  38.552   1.320   5.515  39.787   2.547   6.764  39.459
   2.129   7.716  40.648   1.987   6.400  40.178   4.011   6.959  41.014   4.297
   7.849  39.643   4.886   6.227  37.314   2.787   6.389  36.894   2.206   7.393
  36.648   3.773   5.799  37.112   4.220   5.022  35.344   4.276   6.206  35.113
   4.053   7.248  35.343   5.791   6.019  35.799   6.011   5.054  33.957   6.375
   6.063  33.500   6.156   7.028  34.013   7.455   5.925  33.353   5.938   5.268
  36.154   6.377   7.039  36.162   7.331   6.933  34.187   3.653   5.427  33.020
   3.944   5.723  34.475   2.808   4.446  35.433   2.513   4.321  33.473   2.324
   3.502  32.494   2.727   3.760  33.826   2.770   2.080  34.765   2.283   1.817
  33.033   2.407   1.426  33.973   4.284   1.912  34.731   4.628   2.615  34.308
   4.479   0.893  32.656   5.034   2.171  31.575   4.462   1.861  32.708   6.186
   2.680  33.403   0.807   3.615  34.320   0.105   3.173  32.311   0.295   4.192
  31.612   0.880   4.627  32.160  -1.156   4.291  32.997  -1.590   4.839  30.856
  -1.503   5.030  30.729  -2.586   5.031  30.897  -0.991   6.480  31.023   0.092
   6.480  29.965  -1.248   6.983  31.732  -1.454   7.006  29.737  -0.913   4.363
  28.930  -1.136   4.833  32.224  -1.817   2.911  32.780  -2.908   2.764  31.724
  -1.137   1.878  31.359  -0.211   2.052  31.620  -1.680   0.526  31.627  -2.769
   0.559  30.311  -1.218  -0.125  30.364  -0.133  -0.211  30.278  -1.659  -1.121
  29.066  -1.602   0.637  29.062  -1.098   1.604  28.211  -1.266   0.050  28.977
  -3.087   0.846  29.060  -3.824  -0.160  28.851  -3.518   2.015  32.801  -1.304
  -0.388  32.658  -1.353  -1.621  33.955  -0.938   0.180  34.058  -0.853   1.181
  35.105  -0.651  -0.657  35.993  -0.645  -0.025  35.193  -1.444  -1.399  34.997
   0.687  -1.373  34.253   1.581  -0.957  35.756   0.826  -2.459  36.362   0.087
  -2.786  35.754   2.098  -3.190  36.120   2.899  -2.548  36.627   2.040  -4.447
  36.231   1.297  -5.139  36.616   3.400  -5.108  37.012   4.144  -4.417  37.234
   3.373  -6.005  35.594   3.664  -5.379  38.040   1.639  -4.110  38.037   0.654
  -3.643  38.636   1.606  -5.022  38.470   2.366  -3.421  34.319   2.440  -3.565
  33.626   1.599  -4.173  33.824   3.638  -3.231  34.509   4.679  -2.447  35.116
   5.298  -3.107  35.148   4.214  -1.696  33.368   5.435  -1.837  33.661   6.471
  -1.668  33.088   4.978  -0.888  32.249   5.337  -2.828  32.386   6.091  -3.603
  31.260   5.449  -2.384  32.396   3.940  -3.430  31.813   3.194  -2.889  32.002
   3.921  -4.903  32.728   4.417  -5.767  30.813   3.374  -5.174  30.228   3.007
  -4.436  30.355   3.236  -6.553  31.005   2.543  -7.087  28.924   2.698  -6.600
  28.250   3.540  -6.757  28.847   2.010  -7.442  28.568   2.025  -5.408  27.666
   1.704  -5.479  30.437   4.559  -7.302  30.939   4.606  -8.428  29.946   5.649
  -6.698  29.513   5.597  -5.787  29.997   6.950  -7.369  29.407   6.929  -8.285
  29.460   8.061  -6.467  30.295   8.670  -6.122  28.478   8.932  -7.220  27.642
   8.323  -7.565  28.107   9.717  -6.560  28.976   9.384  -8.078  28.818   7.497
  -5.320  28.485   8.202  -4.761  31.412   7.308  -7.789  31.617   7.894  -8.856
  32.404   6.992  -6.954  32.237   6.535  -6.069  33.769   7.375  -7.286  33.769
   8.412  -7.621  34.665   7.260  -6.060  34.683   6.225  -5.718  35.676   7.574
  -6.318  34.278   7.898  -5.265  34.312   6.531  -8.428  35.020   7.050  -9.297
  33.990   5.229  -8.445  33.479   4.811  -7.681  34.432   4.364  -9.540  35.505
   4.443  -9.712  34.062   2.892  -9.272  32.976   2.796  -9.252  34.638   1.984
 -10.379  35.724   2.079 -10.400  34.369   0.947 -10.176  34.229   2.283 -11.344
  34.527   2.434  -7.885  35.614   2.508  -7.860  34.100   3.117  -7.151  34.107
   1.007  -7.555  34.534   0.323  -8.289  34.466   0.743  -6.560  33.020   0.933
  -7.580  33.835   4.839 -10.854  34.546   5.033 -11.848  32.517   5.032 -10.881
  31.934   4.829 -10.081  31.873   5.485 -12.108  32.107   4.804 -12.927  30.359
   5.519 -11.919  30.079   4.588 -11.425  30.140   6.359 -11.260  29.564   5.667
 -13.213  29.886   6.579 -13.716  29.774   4.808 -13.850  28.060   5.741 -12.936
  27.847   6.651 -12.375  27.525   5.767 -13.885  27.588   4.592 -12.163  27.476
   3.720 -12.660  27.303   4.623 -10.864  27.427   5.755 -10.177  27.739   6.594
 -10.644  27.209   5.770  -9.191  26.892   3.521 -10.253  26.797   2.662 -10.776
  26.676   3.545  -9.267  32.394   6.854 -12.532  32.658   7.088 -13.718  32.557
   7.776 -11.579  32.309   7.597 -10.616  33.025   9.114 -11.937  32.425   9.506
 -12.758  32.903  10.067 -10.744  31.848  10.102 -10.470  33.476   9.629  -9.926
  33.406  11.485 -11.016  34.430  11.411 -11.382  32.773  11.915 -11.792  33.371
  12.387  -9.768  33.007  11.904  -8.659  33.713  13.587  -9.894  34.459   9.078
 -12.464  34.766   9.685 -13.496  35.358   8.368 -11.778  35.152   7.953 -10.881
  36.717   8.256 -12.297  37.169   9.243 -12.394  37.591   7.379 -11.380  37.119
   6.403 -11.269  38.987   7.204 -11.975  39.460   8.180 -12.086  39.589   6.582
 -11.313  38.909   6.726 -12.951  37.702   7.980  -9.974  38.159   8.964 -10.079
  36.688   8.090  -9.589  38.526   7.138  -9.003  39.540   7.028  -9.387  38.557
   7.630  -8.031  38.070   6.154  -8.897  36.685   7.716 -13.721  37.264   8.303
 -14.643  35.984   6.598 -13.929  35.422   6.178 -13.202  36.073   5.915 -15.217
  37.117   5.720 -15.463  35.330   4.586 -15.160  35.658   4.034 -14.279  34.260
   4.781 -15.089  35.593   3.823 -16.318  35.118   2.990 -16.267  35.528   6.783
 -16.338  36.107   6.841 -17.426  34.416   7.466 -16.091  33.944   7.382 -15.202
  33.817   8.314 -17.114  33.630   7.742 -18.023  32.493   8.853 -16.598  31.769
   8.041 -16.668  32.648   9.112 -15.551  31.969  10.061 -17.343  32.615  10.920
 -17.162  31.956   9.746 -18.806  31.310   8.887 -18.988  31.581  10.606 -19.360
  32.968   9.515 -19.137  30.567  10.356 -16.861  30.586  10.561 -15.791  30.176
  11.225 -17.390  29.927   9.495 -17.055  34.744   9.457 -17.506  34.979   9.709
 -18.692  35.294  10.158 -16.516  35.097   9.951 -15.547  36.139  11.307 -16.820
  35.648  11.950 -17.551  36.393  12.119 -15.547  36.787  11.423 -14.806  37.133
  12.893 -15.748  35.117  12.763 -15.011  34.404  11.978 -14.759  35.413  13.587
 -13.781  36.126  14.373 -14.032  34.491  14.038 -13.414  35.837  12.947 -13.007
  34.478  13.635 -16.075  34.230  13.026 -16.944  33.569  14.087 -15.677  35.175
  14.420 -16.369  37.453  10.890 -17.471  38.058  11.680 -18.205  37.922   9.667
 -17.218  37.520   9.069 -16.510  39.112   9.201 -17.923  39.928   9.909 -17.779
  39.551   7.832 -17.388  38.655   7.237 -17.210  40.160   7.351 -18.154  40.355
   7.941 -16.093  40.795   8.938 -16.058  39.662   7.821 -15.260  41.440   6.912
 -15.992  40.995   5.949 -15.741  41.950   6.837 -16.952  42.444   7.305 -14.912
  41.894   7.801 -14.113  42.894   6.389 -14.528  43.514   8.211 -15.415  43.097
   9.060 -15.770  44.146   8.437 -14.660  44.024   7.751 -16.156  38.911   9.144
 -19.430  39.899   9.099 -20.171  37.677   9.176 -19.899  36.881   9.168 -19.277
  37.432   9.176 -21.328  38.379   9.216 -21.867  36.690   7.905 -21.739  35.754
   7.898 -21.181  36.477   8.001 -22.804  37.441   6.602 -21.487  38.333   6.616
 -22.113  37.734   6.526 -20.440  36.578   5.404 -21.861  36.253   5.249 -23.070
  36.195   4.643 -20.943  36.635  10.378 -21.810  36.797  10.781 -22.964  35.773
  10.947 -20.972  35.594  10.517 -20.076  35.061  12.172 -21.304  34.641  12.100
 -22.307  33.925  12.398 -20.316  34.091  11.623 -19.568  34.079  13.378 -19.863
  32.511  12.301 -20.836  32.183  11.262 -20.845  31.623  13.100 -19.918  31.950
  14.140 -19.909  30.593  13.047 -20.271  31.682  12.692 -18.909  32.459  12.793
 -22.258  33.115  12.182 -22.879  31.437  12.722 -22.631  32.787  13.832 -22.296
  36.021  13.356 -21.256  36.314  13.884 -20.179  36.500  13.813 -22.404  36.239
  13.372 -23.274  37.454  14.910 -22.446  37.580  15.329 -21.448  38.811  14.416
 -22.943  39.010  13.467 -22.444  38.801  14.263 -24.022  39.915  15.378 -22.604
  40.547  15.271 -21.545  40.129  16.367 -23.481  40.858  17.044 -23.306  39.561
  16.432 -24.313  36.932  16.037 -23.331  36.585  15.813 -24.489  36.872  17.241
 -22.794  37.124  17.402 -21.829  36.374  18.365 -23.574  36.854  18.387 -24.552
  34.857  18.224 -23.775  34.626  17.300 -24.305  34.365  18.217 -22.802  34.233
  19.340 -24.564  33.969  20.583 -24.026  33.424  21.354 -24.951  33.144  22.382
 -24.721  33.321  20.657 -26.069  32.947  20.990 -26.946  33.809  19.390 -25.850
  33.797  18.655 -26.655  36.733  19.666 -22.864  36.896  19.666 -21.637  36.902
  20.782 -23.589  37.052  20.868 -25.051  36.069  20.843 -25.521  37.646  20.026
 -25.407  37.754  22.191 -25.244  37.434  22.633 -26.188  38.831  22.026 -25.267
  37.376  23.036 -24.099  36.410  23.519 -24.246  38.132  23.793 -23.891  37.291
  22.045 -22.929  38.267  21.873 -22.475  36.322  22.541 -21.872  36.716  23.369
 -21.038  35.063  22.106 -21.889  34.754  21.483 -22.622  34.079  22.589 -20.934
  34.529  23.327 -20.270  32.922  23.244 -21.677  32.490  22.494 -22.339  32.160
  23.596 -20.981  33.389  24.411 -22.510  33.351  24.355 -23.736  33.876  25.465
 -21.848  34.202  26.272 -22.360  33.916  25.449 -20.839  33.605  21.485 -20.000
  32.510  21.563 -19.437  34.431  20.456 -19.823  35.216  20.370 -20.453  34.245
  19.427 -18.807  33.391  19.675 -18.177  34.034  18.035 -19.433  34.897  17.786
 -20.050  33.872  16.984 -18.339  33.009  17.232 -17.722  33.724  16.005 -18.794
  34.768  16.964 -17.719  32.802  18.057 -20.349  31.957  18.378 -19.740  32.993
  18.799 -21.125  32.486  16.739 -20.986  32.294  15.997 -20.211  31.603  16.842
 -21.616  33.331  16.417 -21.595  35.472  19.435 -17.903  36.605  19.411 -18.392
  35.245  19.472 -16.586  34.300  19.512 -16.231  36.347  19.512 -15.629  37.014
  20.353 -15.818  35.800  19.632 -14.202  35.120  20.482 -14.142  35.040  18.337
 -13.834  35.720  17.487 -13.893  34.650  18.420 -12.820  34.214  18.190 -14.530
  36.920  19.883 -13.249  37.427  20.810 -13.519  36.524  19.967 -12.237  37.628
  19.056 -13.294  37.209  18.266 -15.779  36.695  17.142 -15.868  38.528  18.458
 -15.776  38.888  19.391 -15.636  39.481  17.378 -16.020  39.044  16.643 -16.696
  40.757  17.932 -16.658  40.938  18.912 -16.217  41.570  17.258 -16.390  40.686
  18.061 -18.155  40.520  17.068 -18.573  39.840  18.704 -18.399  41.944  18.645
 -18.737  42.339  19.403 -18.061  42.684  17.855 -18.868  41.633  19.283 -20.093
  41.220  20.274 -19.904  42.574  19.380 -20.635  40.659  18.482 -20.917  39.787
  18.393 -20.415  40.495  18.952 -21.796  41.042  17.564 -21.093  39.843  16.612
 -14.748  40.085  17.203 -13.691  39.874  15.285 -14.870  39.436  14.868 -15.679
  40.488  14.402 -13.882  40.408  14.850 -12.891  39.794  13.044 -13.861  38.773
  13.274 -13.558  39.791  12.652 -14.878  40.380  12.002 -12.918  41.440  11.875
 -13.138  40.212  12.451 -11.475  39.152  12.577 -11.254  40.634  11.699 -10.808
  40.729  13.399 -11.326  39.705  10.664 -13.160  39.871  10.354 -14.192  40.124
   9.918 -12.485  38.635  10.758 -12.977  41.959  14.240 -14.241  42.283  13.678
 -15.292  42.848  14.724 -13.366  42.517  15.135 -12.505  44.285  14.732 -13.630
  44.466  14.758 -14.704  44.930  15.967 -12.995  44.822  15.833 -11.919  45.989
  15.999 -13.252  44.267  17.272 -13.413  43.193  17.182 -13.252  44.798  18.437
 -12.617  45.872  18.528 -12.777  44.304  19.354 -12.940  44.602  18.273 -11.557
  44.489  17.486 -14.880  44.053  16.658 -15.439  44.017  18.419 -15.187  45.559
  17.537 -15.082  45.009  13.485 -13.130  46.018  13.100 -13.732  44.537  12.847
 -12.053  43.681  13.154 -11.614  45.258  11.723 -11.456  45.494  10.991 -12.229
  46.574  12.190 -10.802  46.895  13.091 -11.324  46.352  12.432  -9.763  47.699
  11.138 -10.855  47.478   9.987 -11.298  48.828  11.485 -10.440  44.365  11.048
 -10.424  43.429  11.654  -9.896  44.683   9.786 -10.135  45.390   9.340 -10.702
  44.050   9.005  -9.080  43.548   9.656  -8.364  43.027   8.002  -9.632  43.529
   7.324 -10.322  42.412   7.206  -8.501  41.910   7.883  -7.810  41.688   6.498
  -8.906  43.194   6.662  -7.971  41.954   8.711 -10.418  42.408   9.246 -11.253
  41.240   7.981 -10.800  41.437   9.420  -9.771  45.161   8.282  -8.327  45.900
   7.485  -8.919  45.281   8.566  -7.032  44.576   9.157  -6.616  46.388   8.115
  -6.195  47.041   7.411  -6.712  47.220   9.303  -5.681  46.569   9.971  -5.117
  48.351   8.823  -4.786  49.003   8.156  -5.350  48.926   9.680  -4.434  47.937
   8.289  -3.931  47.732  10.150  -6.857  48.457   9.539  -7.395  46.875  10.347
  -7.501  48.387  11.484  -6.451  49.244  11.287  -5.807  48.718  12.014  -7.344
  47.663  12.096  -5.913  45.827   7.304  -5.026  44.973   7.790  -4.272  46.331
   6.084  -4.859  46.994   5.741  -5.540  45.939   5.199  -3.771  45.048   5.585
  -3.275  45.627   3.809  -4.322  44.811   3.852  -5.043  46.518   3.408  -4.806
  45.225   2.821  -3.281  45.556   1.485  -3.356  45.058   0.854  -2.308  45.215
  -0.217  -2.180  44.412   1.730  -1.560  43.928   1.532  -0.696  44.502   2.969
  -2.147  44.029   3.831  -1.676  47.070   5.157  -2.745  48.218   4.860  -3.093
  46.751   5.479  -1.489  45.785   5.642  -1.244  47.769   5.636  -0.445  48.604
   4.965  -0.648  48.295   7.059  -0.376  47.464   7.757  -0.477  48.989   7.285
   0.963  49.820   6.587   1.064  49.365   8.307   1.010  48.278   7.123   1.773
  49.225   7.279  -1.447  49.557   8.179  -1.403  47.151   5.246   0.889  46.459
   6.061   1.506  47.415   4.011   1.319  47.779   3.336   0.662  47.135   3.568
   2.682  47.169   2.480   2.732  48.182   4.139   3.657  48.956   4.607   3.049
  47.677   4.901   4.251  48.834   3.084   4.609  48.871   2.147   4.054  49.849
   3.422   4.820  48.076   2.864   5.942  47.850   3.849   6.692  47.716   1.695
   6.238  45.730   3.953   3.127  45.538   4.957   3.826  44.742   3.166   2.723
  44.930   2.419   2.069  43.366   3.401   3.123  42.710   2.687   2.624  43.209
   3.234   4.637  44.058   3.704   5.133  42.288   3.722   4.955  43.152   1.764
   5.054  42.127   1.088   4.860  44.247   1.263   5.629  44.262   0.297   5.923
  45.056   1.852   5.767  42.865   4.767   2.673  41.880   5.283   3.215  43.521
   5.359   1.679  44.375   4.949   1.329  43.073   6.614   1.101  42.048   6.811
   1.415  43.963   7.791   1.554  44.994   7.449   1.458  43.782   8.601   0.847
  43.726   8.291   2.968  43.299   9.293   2.925  43.029   7.621   3.471  45.044
   8.331   3.743  45.350   7.303   3.937  45.788   8.819   3.114  44.924   9.086
   5.070  44.016   8.763   5.580  45.790   8.852   5.689  44.864  10.559   4.834
  44.061  10.776   4.261  44.785  11.039   5.719  45.705  10.859   4.362  43.079
   6.504  -0.421  43.937   5.841  -1.013  42.122   7.180  -1.050  41.384   7.592
  -0.498  42.071   7.337  -2.502  42.997   6.965  -2.940  40.896   6.556  -3.103
  40.999   5.581  -2.627  39.989   7.042  -2.743  40.810   6.376  -4.615  40.810
   7.357  -5.090  41.998   5.565  -5.123  41.998   4.584  -4.649  41.922   5.446
  -6.204  42.924   6.085  -4.880  39.490   5.705  -4.967  38.663   6.328  -4.626
  39.425   5.575  -6.047  39.436   4.731  -4.480  41.931   8.819  -2.797  40.970
   9.444  -2.356  42.879   9.387  -3.522  43.638   8.823  -3.875  42.890  10.815
  -3.806  42.135  11.314  -3.198  44.257  11.426  -3.487  44.960  10.726  -3.938
  44.319  12.385  -4.001  44.604  11.616  -2.011  44.198  12.756  -1.314  43.603
  13.504  -1.838  44.542  12.951   0.042  44.207  13.847   0.564  45.310  11.998
   0.714  45.655  12.179   2.054  45.312  12.997   2.422  45.730  10.860   0.031
  46.324  10.106   0.546  45.387  10.682  -1.328  45.735   9.801  -1.867  42.544
  11.022  -5.278  43.226  10.492  -6.161  41.485  11.775  -5.548  40.874  12.055
  -4.794  41.151  12.201  -6.905  41.625  11.526  -7.618  39.645  12.189  -7.149
  39.226  12.664  -6.262  39.451  12.813  -8.021  38.999  10.827  -7.347  39.333
  10.420  -8.301  39.377   9.867  -6.225  39.043  10.274  -5.270  38.899   8.902
  -6.395  40.459   9.738  -6.206  37.510  10.976  -7.415  37.247  11.624  -8.251
  37.052   9.997  -7.557  37.146  11.416  -6.487  41.695  13.606  -7.109  41.342
  14.524  -6.356  42.555  13.775  -8.109  42.810  12.985  -8.684  43.174  15.061
  -8.390  43.025  15.754  -7.562  44.677  14.918  -8.643  44.838  14.439  -9.609
  45.323  16.281  -8.644  45.163  16.760  -7.678  46.393  16.176  -8.824  44.881
  16.893  -9.430  45.309  14.039  -7.602  44.851  13.050  -7.634  46.377  13.951
  -7.800  45.158  14.477  -6.615  42.483  15.650  -9.605  42.621  15.119 -10.712
  41.758  16.755  -9.415  41.696  17.126  -8.478  41.044  17.448 -10.482  41.052
  16.831 -11.381  39.595  17.727 -10.096  39.577  18.281  -9.157  39.093  18.308
 -10.870  38.773  16.498  -9.883  37.966  16.010 -10.895  37.948  16.527 -11.854
  37.194  14.889 -10.704  36.564  14.512 -11.510  37.218  14.244  -9.493  36.603
  13.358  -9.337  38.022  14.717  -8.471  38.050  14.200  -7.512  38.788  15.844
  -8.668  39.413  16.226  -7.861  41.704  18.778 -10.812  42.447  19.341 -10.009
  41.398  19.302 -11.998  40.885  18.803 -12.710  41.869  20.640 -12.300  42.925
  20.712 -12.039  41.707  20.987 -13.782  42.351  21.844 -13.980  42.062  20.127
 -14.350  40.305  21.312 -14.194  39.768  20.365 -14.152  39.884  22.001 -13.462
  40.171  21.911 -15.593  40.626  23.057 -15.822  39.569  21.238 -16.458  41.093
  21.608 -11.430  39.954  21.346 -11.044  41.737  22.707 -11.075  42.668  22.885
 -11.425  41.161  23.653 -10.140  40.361  23.171  -9.579  42.212  24.156  -9.155
  42.534  23.341  -8.507  43.074  24.559  -9.687  41.715  25.246  -8.257  40.922
  24.957  -7.161  40.655  23.921  -6.953  40.467  25.973  -6.329  39.845  25.732
  -5.467  40.801  27.286  -6.593  40.454  28.087  -5.940  41.576  27.580  -7.687
  41.832  28.617  -7.906  42.032  26.566  -8.511  42.651  26.804  -9.376  40.538
  24.818 -10.895  41.164  25.402 -11.783  39.301  25.136 -10.547  38.780  24.486
  -9.977  38.637  26.348 -10.990  39.364  26.998 -11.476  37.516  26.047 -11.978
  36.857  25.356 -11.453  36.979  26.972 -12.187  37.973  25.415 -13.292  39.061
  25.445 -13.354  37.507  23.984 -13.342  36.419  23.953 -13.281  37.831  23.528
 -14.278  37.933  23.433 -12.504  37.433  26.211 -14.469  37.803  27.235 -14.417
  37.764  25.753 -15.401  36.344  26.217 -14.435  38.120  27.048  -9.744  37.595
  26.399  -8.831  38.294  28.365  -9.696  38.490  28.914 -10.521  38.298  29.034
  -8.408  38.733  28.381  -7.652  39.130  30.323  -8.481  39.470  30.616  -7.488
  39.993  30.159  -9.126  38.393  31.495  -9.044  37.835  31.486 -10.302  37.250
  32.650 -10.532  36.743  32.841 -11.478  37.416  33.415  -9.467  37.075  34.359
  -9.354  38.134  32.719  -8.525  38.382  33.188  -7.573  36.906  29.330  -7.886
  36.763  29.669  -6.705  35.874  29.156  -8.695  35.947  28.778  -9.629  34.570
  29.582  -8.225  34.458  29.363  -7.163  34.430  31.084  -8.430  35.233  31.570
  -7.875  34.550  31.286  -9.494  33.131  31.609  -7.975  32.374  31.324  -8.706
  32.858  31.213  -6.997  33.175  33.073  -7.893  33.093  33.754  -8.901  33.350
  33.588  -6.686  33.388  34.590  -6.569  33.444  32.976  -5.888  33.468  28.828
  -8.956  33.626  28.447 -10.118  32.339  28.632  -8.288  32.246  28.787  -7.294
  31.212  28.064  -9.005  31.565  27.599  -9.925  30.496  27.003  -8.164  29.742
  26.517  -8.783  31.252  26.273  -7.874  29.844  27.569  -6.929  28.991  28.469
  -7.065  30.161  27.101  -5.816  30.269  29.179  -9.453  30.392  30.337  -9.049
  29.330  28.814 -10.329  29.243  27.852 -10.623  28.440  29.805 -10.930  29.027
  30.616 -11.361  27.601  29.165 -12.039  28.351  28.656 -12.645  26.925  28.429
 -11.604  26.802  30.134 -12.922  26.049  30.623 -12.305  27.709  31.192 -13.554
  28.462  30.703 -14.172  27.111  31.861 -14.173  28.201  31.766 -12.769  26.014
  29.403 -13.985  25.314  28.715 -13.511  25.462  30.123 -14.589  26.697  28.842
 -14.623  27.526  30.445  -9.897  27.172  31.620 -10.026  27.137  29.695  -8.866
  27.392  28.720  -8.797  26.257  30.254  -7.845  25.375  30.692  -8.313  25.805
  29.159  -6.882  25.325  28.389  -7.486  26.707  28.752  -6.424  24.858  29.614
  -5.805  25.177  30.579  -5.411  23.849  29.702  -6.208  24.870  28.580  -4.687
  24.319  27.704  -5.029  25.906  28.304  -4.490  24.236  29.111  -3.410  23.175
  29.275  -3.598  24.354  28.358  -2.631  24.868  30.393  -2.964  24.758  31.091
  -3.685  24.421  30.712  -2.116  25.851  30.241  -2.789  26.944  31.395  -7.101
  26.416  32.511  -7.031  28.141  31.148  -6.563  28.543  30.222  -6.548  28.887
  32.238  -5.934  28.325  32.601  -5.074  30.283  31.791  -5.457  30.747  31.310
  -6.318  30.820  32.710  -5.222  30.339  30.840  -4.247  29.663  31.222  -3.482
  30.000  29.856  -4.571  31.791  30.725  -3.654  32.105  31.739  -3.405  31.706
  30.137  -2.740  32.860  30.063  -4.608  32.957  30.755  -5.445  33.786  30.058
  -4.032  32.587  28.672  -5.134  31.730  28.676  -5.668  33.351  28.380  -5.726
  32.498  28.031  -4.359  29.042  33.398  -6.900  28.923  34.563  -6.508  29.327
  33.102  -8.167  29.462  32.148  -8.471  29.519  34.172  -9.141  30.219  34.908
  -8.745  30.082  33.617 -10.449  31.068  33.188 -10.274  29.423  32.855 -10.866
  30.251  34.660 -11.505  31.301  35.557 -11.441  32.006  35.490 -10.613  31.464
  36.536 -12.416  32.300  37.232 -12.349  30.572  36.628 -13.466  30.703  37.392
 -14.232  29.510  35.747 -13.544  28.797  35.817 -14.365  29.353  34.762 -12.562
  28.519  34.063 -12.620  28.218  34.928  -9.406  28.218  36.163  -9.518  27.103
  34.203  -9.532  27.140  33.194  -9.570  25.807  34.854  -9.684  25.828  35.527
 -10.541  24.713  33.810  -9.909  24.897  32.998  -9.205  23.763  34.288  -9.671
  24.659  33.249 -11.330  24.509  34.092 -12.005  25.626  32.789 -11.533  23.349
  32.027 -11.603  23.530  30.947 -10.171  23.388  31.526  -9.258  22.784  30.153
 -10.217  24.528  30.508 -10.170  25.476  35.720  -8.473  25.006  36.853  -8.624
  25.679  35.194  -7.260  25.978  34.237  -7.141  25.413  35.990  -6.064  24.364
  36.286  -6.043  25.718  35.177  -4.799  26.708  34.736  -4.912  25.725  35.874
  -3.961  24.691  34.067  -4.532  23.608  34.080  -5.162  24.974  33.172  -3.694
  26.235  37.276  -6.080  25.703  38.376  -5.877  27.542  37.150  -6.332  27.954
  36.242  -6.492  28.420  38.315  -6.321  28.358  38.793  -5.343  29.862  37.878
  -6.559  29.942  37.406  -7.538  30.517  38.749  -6.522  30.159  37.167  -5.788
  27.999  39.345  -7.359  28.284  40.536  -7.200  27.329  38.910  -8.422  27.133
  37.923  -8.503  26.900  39.789  -9.500  27.488  40.707  -9.489  27.097  39.099
 -10.849  26.325  38.340 -10.977  27.012  39.840 -11.644  28.371  38.490 -10.908
  28.481  38.061 -11.760  25.449  40.222  -9.381  24.922  40.817 -10.321  24.788
  39.935  -8.259  25.263  39.572  -7.445  23.336  40.079  -8.207  22.913  39.567
  -9.071  22.798  39.425  -6.942  23.206  39.933  -6.068  21.711  39.498  -6.929
  23.092  38.376  -6.922  22.893  41.534  -8.273  21.782  41.821  -8.733  23.729
  42.467  -7.816  24.619  42.233  -7.401  23.330  43.869  -7.852  22.265  43.959
  -7.638  24.105  44.660  -6.808  25.121  44.269  -6.855  24.116  45.727  -7.029
  23.537  44.436  -5.406  23.758  43.422  -5.072  24.188  45.438  -4.456  23.967
  46.452  -4.790  23.795  45.294  -3.450  25.267  45.285  -4.449  21.982  44.524
  -5.363  21.556  43.765  -6.019  21.636  44.357  -4.343  21.664  45.512  -5.697
  23.534  44.469  -9.231  22.594  45.011  -9.825  24.760  44.372  -9.754  25.517
  43.965  -9.223  25.056  44.915 -11.076  24.629  45.914 -11.160  26.567  45.013
 -11.266  26.778  45.419 -12.255  27.165  45.914 -10.215  26.955  45.508  -9.225
  28.243  45.977 -10.360  26.729  46.910 -10.299  27.151  43.716 -11.130  28.101
  43.779 -11.250  24.423  44.075 -12.182  23.957  44.619 -13.187  24.354  42.760
 -11.996  24.592  42.372 -11.094  23.947  41.852 -13.048  23.432  41.003 -12.598
  23.265  42.376 -13.718  25.136  41.342 -13.850  26.223  41.919 -13.850  24.928
  40.222 -14.535  24.075  39.692 -14.433  25.967  39.700 -15.422  26.950  40.022
 -15.078  25.933  38.164 -15.510  25.030  37.855 -16.037  27.144  37.663 -16.252
  28.047  37.972 -15.725  27.111  36.575 -16.309  27.152  38.079 -17.259  25.866
  37.537 -14.119  26.824  37.721 -13.632  25.075  38.047 -13.569  25.589  36.058
 -14.138  26.379  35.547 -14.687  25.555  35.681 -13.116  24.631  35.873 -14.624
  25.753  40.339 -16.789  24.610  40.390 -17.271  26.795  40.850 -17.440  28.206
  40.837 -17.033  28.639  39.858 -17.237  28.284  41.053 -15.968  28.798  41.910
 -17.874  29.844  41.674 -18.070  28.734  42.859 -17.341  28.005  41.953 -19.133
  28.471  41.257 -19.831  27.940  42.939 -19.593  26.605  41.458 -18.760  25.882
  42.269 -18.676  26.094  40.424 -19.755  26.546  39.277 -19.770  25.137  40.840
 -20.587  24.757  41.773 -20.507  24.562  39.941 -21.585  23.958  39.174 -21.100
  23.664  40.743 -22.538  23.980  41.775 -22.388  23.910  40.432 -23.553  22.152
  40.637 -22.324  21.635  41.362 -22.953  21.712  39.240 -22.699  22.228  38.515
 -22.070  20.636  39.146 -22.553  21.954  39.051 -23.745  21.771  40.960 -20.876
  22.085  41.976 -20.635  20.691  40.876 -20.757  22.266  40.259 -20.204  25.611
  39.174 -22.375  25.448  37.954 -22.547  26.679  39.788 -22.876  26.966  41.232
 -22.917  27.420  41.544 -21.977  26.041  41.787 -23.075  27.916  41.349 -24.088
  28.573  42.209 -23.960  27.360  41.453 -25.020  28.698  40.043 -24.065  29.497
  40.087 -23.325  29.117  39.779 -25.036  27.653  38.998 -23.643  27.140  38.588
 -24.513  28.257  37.867 -22.834  28.534  36.799 -23.398  28.446  38.054 -21.527
  28.258  38.945 -21.090  28.995  36.983 -20.704  29.810  36.493 -21.237  29.533
  37.531 -19.388  30.179  38.360 -19.678  28.708  37.908 -18.784  30.339  36.517
 -18.573  29.655  35.734 -18.246  31.479  35.895 -19.363  32.164  36.677 -19.690
  32.014  35.185 -18.732  31.078  35.377 -20.234  30.888  37.140 -17.320  30.066
  37.505 -16.705  31.456  36.395 -16.762  31.541  37.972 -17.583  27.964  35.902
 -20.431  28.316  34.718 -20.378  26.693  36.277 -20.249  26.429  37.245 -20.129
  25.651  35.256 -20.143  25.884  34.560 -19.337  24.276  35.895 -19.887  24.106
  36.664 -20.640  23.167  34.865 -19.958  23.336  34.095 -19.205  22.208  35.349
 -19.773  23.157  34.408 -20.948  24.250  36.576 -18.531  24.431  35.820 -17.767
  25.050  37.316 -18.506  22.943  37.247 -18.267  22.143  36.507 -18.291  22.969
  37.721 -17.286  22.761  38.003 -19.031  25.642  34.409 -21.402  25.585  33.174
 -21.340  25.747  35.060 -22.564  25.777  36.069 -22.594  25.747  34.332 -23.825
  24.876  33.679 -23.877  25.695  35.310 -24.999  24.990  36.099 -24.737  26.691
  35.737 -25.114  25.269  34.665 -26.301  26.051  33.971 -26.609  24.346  34.114
 -26.122  25.040  35.696 -27.404  25.957  36.276 -27.512  24.843  35.154 -28.329
  23.876  36.636 -27.108  22.987  36.057 -26.858  24.130  37.289 -26.273  23.604
  37.470 -28.333  23.368  36.865 -29.107  22.834  38.097 -28.149  24.428  38.007
 -28.565  26.963  33.426 -23.918  26.842  32.247 -24.263  28.146  33.949 -23.597
  28.262  34.921 -23.347  29.332  33.105 -23.657  29.467  32.735 -24.673  30.575
  33.887 -23.255  30.678  34.760 -23.899  30.481  34.210 -22.218  31.721  33.062
 -23.391  32.503  33.557 -23.137  29.173  31.888 -22.761  29.450  30.758 -23.174
  28.718  32.099 -21.525  28.494  33.027 -21.196  28.603  30.985 -20.587  29.550
  30.447 -20.536  28.255  31.493 -19.189  27.527  32.288 -19.347  27.780  30.665
 -18.663  29.413  32.024 -18.357  30.742  31.850 -18.743  30.953  31.322 -19.673
  31.795  32.338 -17.961  32.829  32.197 -18.274  31.515  32.999 -16.783  32.521
  33.506 -15.983  33.399  33.346 -16.337  30.207  33.168 -16.384  29.990  33.684
 -15.449  29.168  32.685 -17.167  28.135  32.824 -16.848  27.570  29.956 -21.048
  27.797  28.745 -20.931  26.417  30.409 -21.545  26.187  31.392 -21.574  25.423
  29.451 -22.019  25.188  28.741 -21.226  24.141  30.167 -22.428  23.847  30.798
 -21.589  24.318  30.789 -23.305  23.028  29.171 -22.728  23.326  28.540 -23.565
  22.768  28.307 -21.512  22.470  28.938 -20.675  21.971  27.597 -21.734  23.676
  27.763 -21.251  21.760  29.911 -23.142  21.960  30.504 -24.035  20.971  29.190
 -23.354  21.442  30.569 -22.333  25.974  28.650 -23.185  25.803  27.424 -23.255
  26.662  29.332 -24.100  26.764  30.334 -24.025  27.230  28.665 -25.264  26.443
  28.179 -25.841  27.926  29.693 -26.156  27.249  30.518 -26.378  28.816  30.078
 -25.658  28.376  29.143 -27.471  27.455  28.903 -28.481  26.401  29.116 -28.301
  27.857  28.403 -29.695  27.129  28.221 -30.486  29.191  28.131 -29.910  29.512
  27.728 -30.870  30.118  28.367 -28.917  31.173  28.157 -29.093  29.710  28.868
 -27.703  30.441  29.051 -26.915  28.197  27.564 -24.844  28.070  26.411 -25.272
  29.171  27.903 -23.997  29.290  28.863 -23.706  30.122  26.907 -23.506  30.667
  26.469 -24.342  31.126  27.560 -22.557  30.542  28.006 -21.752  31.739  26.753
 -22.156  32.025  28.618 -23.177  32.650  28.137 -23.929  31.423  29.395 -23.648
  32.924  29.263 -22.141  33.821  28.614 -21.597  32.673  30.540 -21.843  33.243
  31.017 -21.159  31.915  31.023 -22.303  29.410  25.763 -22.801  29.768  24.594
 -22.993  28.405  26.085 -21.969  28.180  27.050 -21.776  27.655  25.046 -21.270
  28.343  24.410 -20.714  26.653  25.662 -20.286  26.204  26.471 -20.863  25.900
  24.901 -20.081  27.193  26.218 -18.959  27.975  26.946 -19.173  26.093  26.880
 -18.174  25.311  26.152 -17.959  26.496  27.267 -17.238  25.674  27.701 -18.756
  27.837  25.145 -18.121  28.669  24.705 -18.670  28.205  25.581 -17.192  27.103
  24.372 -17.893  26.942  24.144 -22.261  26.905  22.920 -22.085  26.376  24.724
 -23.321  26.315  25.727 -23.422  25.739  23.888 -24.332  25.073  23.166 -23.859
  24.920  24.760 -25.275  25.548  25.619 -25.513  24.675  24.225 -26.192  23.628
  25.242 -24.604  23.849  25.510 -23.571  23.057  26.446 -25.327  22.835  26.179
 -26.360  22.141  26.768 -24.831  23.783  27.259 -25.310  22.597  24.107 -24.544
  23.005  23.275 -23.970  21.687  24.467 -24.065  22.366  23.771 -25.555  26.760
  23.042 -25.098  26.471  21.890 -25.445  27.962  23.567 -25.346  28.168  24.535
 -25.144  28.995  22.758 -25.990  28.601  22.308 -26.901  30.196  23.630 -26.356
  30.503  24.154 -25.451  30.995  22.962 -26.677  29.912  24.635 -27.448  29.448
  24.149 -28.306  29.233  25.387 -27.046  31.167  25.317 -27.904  31.945  25.827
 -27.092  31.399  25.307 -29.211  32.229  25.751 -29.577  30.744  24.855 -29.834
  29.420  21.597 -25.097  29.458  20.438 -25.534  29.750  21.891 -23.842  29.814
  22.844 -23.512  30.030  20.818 -22.905  30.949  20.318 -23.212  30.166  21.248
 -21.913  28.911  19.802 -22.852  29.145  18.599 -22.945  27.671  20.272 -22.702
  27.486  21.260 -22.601  26.551  19.345 -22.601  26.758  18.588 -21.845  25.289
  20.099 -22.201  25.587  20.668 -21.320  25.021  20.786 -23.003  24.083  19.221
 -21.857  23.788  18.646 -22.735  24.454  18.274 -20.736  24.749  18.848 -19.857
  23.596  17.648 -20.490  25.285  17.643 -21.053  22.861  20.059 -21.477  22.588
  20.704 -22.312  22.027  19.399 -21.240  23.097  20.673 -20.607  26.340  18.577
 -23.905  26.051  17.376 -23.881  26.469  19.242 -25.057  26.641  20.237 -25.091
  26.302  18.524 -26.319  25.328  18.035 -26.321  26.367  19.489 -27.503  27.340
  19.979 -27.520  26.223  18.936 -28.431  25.584  20.241 -27.403  27.356  17.443
 -26.468  27.090  16.378 -27.029  28.560  17.696 -25.969  28.805  18.610 -25.616
  29.585  16.661 -25.975  29.742  16.286 -26.986  30.895  17.252 -25.465  31.125
  18.175 -25.998  30.814  17.460 -24.398  32.068  16.359 -25.636  32.728  16.298
 -26.851  32.378  16.910 -27.682  33.826  15.468 -27.016  34.336  15.420 -27.978
  34.274  14.701 -25.959  35.143  14.055 -26.085  33.620  14.752 -24.740  33.966
  14.143 -23.905  32.523  15.580 -24.584  32.006  15.625 -23.625  29.153  15.474
 -25.131  29.256  14.320 -25.558  28.659  15.745 -23.922  28.641  16.695 -23.579
  28.179  14.682 -23.043  28.999  14.011 -22.789  27.617  15.278 -21.751  26.923
  16.088 -21.976  27.104  14.511 -21.171  28.869  15.982 -20.655  28.021  16.370
 -19.706  27.121  13.839 -23.730  27.207  12.608 -23.764  26.115  14.495 -24.290
  26.063  15.503 -24.254  25.018  13.770 -24.907  24.641  13.002 -24.232  23.887
  14.745 -25.216  24.265  15.601 -25.775  23.107  14.250 -25.794  23.229  15.292
 -23.989  22.217  16.229 -24.026  21.834  16.508 -22.793  21.037  17.228 -22.609
  22.564  15.790 -21.957  22.492  15.795 -20.950  23.447  15.026 -22.680  24.145
  14.366 -22.165  25.478  13.037 -26.154  25.087  11.892 -26.388  26.305  13.678
 -26.974  26.535  14.656 -26.867  26.843  12.964 -28.123  26.028  12.559 -28.723
  27.668  13.910 -28.994  27.719  13.499 -30.002  27.171  14.880 -29.022  28.976
  14.066 -28.483  29.471  14.664 -29.048  27.668  11.764 -27.669  27.779  10.767
 -28.393  28.217  11.818 -26.460  28.276  12.691 -25.956  28.858  10.646 -25.886
  29.180   9.967 -26.675  30.080  11.075 -25.084  29.888  11.866 -24.359  30.454
  10.192 -24.566  31.190  11.559 -25.962  30.963  12.392 -27.038  32.105  12.619
 -27.665  32.138  13.266 -28.541  33.062  11.953 -27.043  34.039  11.938 -27.298
  32.514  11.275 -25.980  33.146  10.654 -25.345  27.902   9.794 -25.061  28.328
   8.808 -24.480  26.612  10.044 -25.099  26.300  10.929 -25.473  25.617   9.178
 -24.416  24.628   9.628 -24.496  25.573   7.792 -25.043  26.413   7.226 -24.640
  24.638   7.325 -24.733  25.653   7.805 -26.553  26.140   8.742 -26.821  26.297
   6.970 -26.828  24.354   7.693 -27.282  24.153   8.681 -27.697  24.522   6.986
 -28.094  23.201   7.265 -26.527  23.192   7.463 -25.537  22.183   6.594 -27.047
  22.169   6.261 -28.324  22.944   6.519 -28.919  21.384   5.750 -28.701  21.152
   6.294 -26.296  21.139   6.575 -25.326  20.375   5.783 -26.691  25.788   9.192
 -22.895  25.611   8.149 -22.289  26.096  10.344 -22.331  26.318  11.123 -22.935
  26.183  10.540 -20.895  25.912   9.633 -20.354  27.606  10.947 -20.489  27.976
  11.678 -21.208  27.631  11.542 -19.114  27.261  10.811 -18.395  28.653  11.820
 -18.856  26.997  12.428 -19.089  28.516   9.733 -20.550  28.527   9.337 -21.566
  29.527  10.021 -20.262  28.148   8.968 -19.866  25.159  11.603 -20.508  25.162
  12.703 -21.071  24.255  11.259 -19.597  24.184  10.295 -19.305  23.364  12.233
 -18.984  23.178  13.047 -19.685  22.031  11.600 -18.609  22.313  10.844 -17.876
  21.493  12.406 -18.110  21.140  10.975 -19.661  21.657  10.144 -20.141  19.887
  10.466 -18.987  19.369  11.296 -18.507  19.233  10.012 -19.731  20.154   9.722
 -18.236  20.792  12.018 -20.706  21.706  12.384 -21.173  20.150  11.572 -21.466
  20.269  12.848 -20.231  24.006  12.768 -17.717  24.369  11.986 -16.833  24.097
  14.093 -17.594  23.816  14.723 -18.332  24.694  14.663 -16.384  25.624  14.143
 -16.155  24.999  16.146 -16.576  25.588  16.245 -17.488  24.107  16.768 -16.652
  25.822  16.714 -15.473  25.293  17.012 -14.236  26.255  17.463 -13.450  26.037
  17.775 -12.428  27.391  17.442 -14.127  28.296  17.720 -13.776  27.147  16.978
 -15.395  27.965  16.888 -16.109  23.800  14.460 -15.162  24.248  13.954 -14.127
  22.540  14.873 -15.245  22.293  15.437 -16.046  21.519  14.630 -14.228  20.548
  14.934 -14.620  21.444  13.150 -13.826  22.410  12.889 -13.393  20.670  13.066
 -13.063  21.133  12.211 -14.962  20.501  12.736 -15.678  22.070  11.931 -15.443
  20.422  10.966 -14.480  19.709  11.256 -13.708  19.887  10.529 -15.323  21.327
   9.959 -13.927  22.076   9.650 -14.531  21.231   9.425 -12.706  20.257   9.797
 -11.862  19.582  10.492 -12.149  20.203   9.381 -10.943  22.124   8.513 -12.322
  22.861   8.235 -12.954  22.059   8.104 -11.401  21.686  15.465 -12.949  20.851
  15.348 -12.040  22.716  16.301 -12.833  23.470  16.313 -13.505  22.824  17.162
 -11.652  21.835  17.309 -11.219  23.736  16.536 -10.589  23.542  15.463 -10.598
  24.773  16.719 -10.872  23.484  17.091  -9.176  22.338  17.518  -8.890  24.446
  17.116  -8.358  23.300  18.561 -12.054  24.068  19.211 -11.337  22.842  19.055
 -13.197  22.279  18.505 -13.830  23.198  20.408 -13.590  24.272  20.550 -13.468
  22.833  20.674 -15.047  21.760  20.493 -15.106  23.038  21.721 -15.272  23.555
  19.786 -16.059  23.405  18.744 -15.776  23.028  20.009 -17.457  23.178  21.051
 -17.740  23.561  19.363 -18.154  21.964  19.774 -17.486  25.031  20.049 -16.017
  25.411  19.834 -15.018  25.535  19.410 -16.742  25.221  21.094 -16.260  22.495
  21.389 -12.666  21.266  21.442 -12.612  23.282  22.134 -11.913  24.267  21.911
 -11.928  22.834  23.221 -11.059  22.012  23.747 -11.545  22.348  22.700  -9.701
  22.039  23.564  -9.112  21.485  22.061  -9.887  23.398  21.920  -8.939  23.756
  21.099  -9.559  24.230  22.581  -8.696  22.808  21.369  -7.670  22.346  22.190
  -7.122  22.046  20.636  -7.936  23.844  20.721  -6.815  24.392  19.972  -7.387
  24.541  21.468  -6.434  23.158  20.072  -5.690  22.513  19.380  -6.043  23.839
  19.624  -5.094  22.651  20.766  -5.160  24.010  24.166 -10.880  25.163  23.758
 -11.043  23.757  25.434 -10.576  22.445  26.074 -10.413  21.818  25.461  -9.765
  21.967  26.180 -11.387  22.786  27.388  -9.802  22.596  27.317  -8.731  22.128
  28.140 -10.238  24.227  27.708 -10.083  24.735  28.066  -9.188  24.294  28.464
 -10.865  24.875  26.398 -10.563  25.210  26.513 -11.594  26.055  25.980  -9.689
  27.204  26.241 -10.076  25.822  25.325  -8.543  24.884  25.178  -8.198  26.941
  24.861  -7.726  27.595  25.701  -7.490  26.441  24.245  -6.412  25.764  23.436
  -6.686  27.316  23.832  -5.909  25.726  25.210  -5.475  25.994  24.963  -4.448
  26.058  26.223  -5.703  24.197  25.153  -5.610  23.626  25.355  -6.707  23.524
  24.873  -4.489  22.516  24.820  -4.509  24.027  24.715  -3.628  27.822  23.848
  -8.459  28.960  23.623  -8.039  27.338  23.226  -9.535  26.391  23.408  -9.836
  28.110  22.219 -10.253  28.963  21.906  -9.651  27.239  20.992 -10.544  26.263
  21.327 -10.895  27.716  20.391 -11.318  27.042  20.133  -9.319  27.757  20.308
  -8.339  26.085  19.204  -9.358  25.927  18.612  -8.555  25.523  19.097 -10.190
  28.724  22.748 -11.545  29.199  21.954 -12.365  28.716  24.063 -11.751  28.258
  24.647 -11.066  29.309  24.704 -12.922  29.732  23.943 -13.578  28.264  25.497
 -13.705  28.022  26.357 -13.081  28.714  25.840 -14.636  26.996  24.722 -14.012
  26.554  24.374 -13.078  26.010  25.604 -14.736  26.451  25.952 -15.670  25.104
  25.037 -14.951  25.761  26.462 -14.111  27.348  23.505 -14.847  28.040  22.871
 -14.292  26.441  22.943 -15.071  27.816  23.825 -15.778  30.419  25.622 -12.433
  30.173  26.522 -11.615  31.635  25.397 -12.915  31.783  24.689 -13.620  32.795
  26.113 -12.402  32.494  26.728 -11.554  33.889  25.145 -11.941  34.269  24.678
 -12.850  34.693  25.695 -11.452  33.362  24.064 -10.995  32.645  23.448 -11.538
  34.462  23.207 -10.483  35.179  23.822  -9.939  34.052  22.450  -9.814  34.963
  22.719 -11.319  32.608  24.660  -9.838  31.759  25.232 -10.213  32.249  23.862
  -9.188  33.269  25.318  -9.274  33.332  27.057 -13.460  33.317  26.745 -14.659
  33.791  28.214 -13.002  33.707  28.411 -12.015  34.362  29.237 -13.862  34.392
  28.854 -14.882  33.539  30.542 -13.827  33.970  31.253 -14.532  32.097  30.268
 -14.204  31.665  29.558 -13.499  31.530  31.199 -14.174  32.057  29.851 -15.210
  33.578  31.145 -12.431  33.162  30.411 -11.741  34.622  31.329 -12.179  32.807
  32.423 -12.323  31.762  32.240 -12.575  32.873  32.803 -11.304  33.223  33.158
 -13.012  35.798  29.489 -13.421  36.138  29.379 -12.236  36.647  29.806 -14.390
  36.384  29.669 -15.355  37.996  30.248 -14.102  38.222  30.090 -13.047  39.005
  29.453 -14.945  40.012  29.682 -14.596  38.802  28.392 -14.797  38.925  29.761
 -16.440  38.243  30.699 -16.871  39.642  28.967 -17.240  39.631  29.119 -18.238
  40.192  28.218 -16.843  38.055  31.758 -14.326  37.032  32.411 -14.562  39.258
  32.323 -14.243  40.060  31.758 -14.004  39.451  33.755 -14.420  38.540  34.315
 -14.210  40.558  34.256 -13.491  40.685  35.329 -13.638  40.198  33.981 -12.029
  40.071  32.909 -11.881  40.997  34.344 -11.383  39.269  34.494 -11.780  41.801
  33.622 -13.833  42.493  33.939 -13.248  39.771  34.130 -15.858  40.151  35.270
 -16.124  39.635  33.197 -16.789  39.345  32.268 -16.517  39.949  33.439 -18.189
  40.398  34.426 -18.303  40.940  32.387 -18.701  40.433  31.422 -18.678  41.185
  32.644 -19.732  42.229  32.306 -17.874  42.639  33.313 -17.801  41.947  31.956
 -16.881  43.288  31.364 -18.467  42.946  30.529 -19.347  44.471  31.469 -18.054
  38.706  33.450 -19.060  38.826  33.480 -20.284  37.520  33.416 -18.459  37.471
  33.338 -17.453  36.283  33.488 -19.202  35.591  34.089 -18.612  36.503  34.001
 -20.138  35.639  32.161 -19.510  34.637  32.135 -20.232  36.166  31.066 -18.983
  36.981  31.136 -18.391  35.626  29.743 -19.261  35.056  29.793 -20.189  36.740
  28.709 -19.427  37.314  28.641 -18.503  36.303  27.737 -19.655  37.398  29.011
 -20.242  34.691  29.283 -18.155  34.808  29.685 -16.996  33.760  28.417 -18.532
  33.605  28.248 -19.516  32.910  27.733 -17.574  33.317  27.779 -16.564  31.483
  28.294 -17.575  31.518  29.365 -17.373  30.837  28.057 -18.915  30.801  26.987
 -19.117  29.824  28.459 -18.907  31.418  28.554 -19.692  30.685  27.684 -16.419
  30.462  26.650 -16.682  31.320  27.705 -15.533  29.388  28.424 -16.130  28.752
  28.403 -17.015  28.871  27.941 -15.301  29.610  29.458 -15.867  32.928  26.256
 -17.935  33.143  25.890 -19.095  32.736  25.396 -16.935  32.539  25.706 -15.994
  32.874  23.964 -17.177  32.630  23.743 -18.216  34.323  23.496 -16.899  34.481
  23.570 -15.823  34.385  22.451 -17.204  35.397  24.304 -17.628  35.117  24.360
 -18.680  35.409  25.307 -17.201  36.776  23.687 -17.505  36.997  23.526 -16.450
  36.782  22.730 -18.027  37.827  24.597 -18.108  37.386  25.121 -18.956  38.132
  25.322 -17.353  39.012  23.830 -18.563  38.730  23.159 -19.263  39.692  24.464
 -18.959  39.421  23.345 -17.777  31.895  23.157 -16.332  31.622  23.499 -15.173
  31.385  22.072 -16.932  31.579  21.905 -17.909  30.535  21.122 -16.224  29.751
  21.656 -15.688  29.881  20.154 -17.209  30.727  19.629 -17.652  29.274  19.449
 -16.641  29.030  20.782 -18.321  29.679  21.324 -19.009  28.290  19.702 -19.073
  27.640  19.160 -18.386  27.688  20.155 -19.861  29.007  19.011 -19.516  28.048
  21.815 -17.790  28.596  22.616 -17.294  27.471  22.228 -18.618  27.372  21.342
 -17.077  31.361  20.340 -15.217  32.423  19.822 -15.564  30.874  20.246 -13.975
  30.008  20.715 -13.750  31.564  19.526 -12.916  32.312  18.870 -13.362  32.264
  20.477 -11.944  31.526  21.134 -11.483  32.769  19.899 -11.170  32.996  21.077
 -12.485  30.577  18.655 -12.155  29.362  18.719 -12.358  31.128  17.855 -11.242
  32.137  17.835 -11.196  30.380  16.955 -10.378  31.077  16.338  -9.811  29.501
  17.723  -9.398  29.996  18.652  -9.114  28.565  17.952  -9.908  29.213  16.910
  -8.163  29.461  15.665  -8.211  28.771  17.493  -7.146  29.543  15.963 -11.188
  28.317  16.083 -11.288  30.240  14.968 -11.733  31.242  14.985 -11.611  29.659
  13.895 -12.528  28.714  14.222 -12.962  30.610  13.507 -13.663  31.645  13.538
 -13.323  30.372  12.501 -14.010  30.525  14.405 -14.860  31.133  15.645 -14.854
  31.674  15.977 -13.968  31.058  16.458 -15.957  31.540  17.436 -15.949  30.364
  16.032 -17.088  30.303  16.677 -17.965  29.756  14.797 -17.098  29.208  14.459
 -17.977  29.843  13.994 -15.998  29.372  13.011 -16.002  29.326  12.651 -11.709
  29.208  11.563 -12.279  29.201  12.778 -10.390  29.324  13.667  -9.926  28.879
  11.616  -9.579  29.662  10.872  -9.722  28.858  11.924  -8.534  27.541  11.000
  -9.939  27.372   9.774  -9.879  26.571  11.837 -10.319  26.742  12.832 -10.324
  25.238  11.364 -10.666  25.056  10.405 -10.180  24.153  12.362 -10.210  24.525
  13.271 -10.682  23.233  12.047 -10.703  23.868  12.637  -8.717  24.740  13.127
  -8.283  22.639  13.531  -8.537  21.767  13.042  -8.970  22.467  13.704  -7.475
  22.806  14.485  -9.038  23.703  11.360  -7.898  24.617  10.769  -7.957  23.505
  11.618  -6.858  22.869  10.780  -8.293  25.074  11.093 -12.157  23.971  10.731
 -12.574  26.126  11.249 -12.963  27.010  11.567 -12.591  26.023  11.018 -14.403
  25.158  11.561 -14.784  27.279  11.531 -15.120  28.153  10.991 -14.755  27.176
  11.372 -16.193  27.402  12.596 -14.921  25.816   9.534 -14.716  26.311   8.654
 -14.011  25.076   9.258 -15.789  24.587   9.991 -16.282  24.920   7.888 -16.257
  25.727   7.285 -15.841  23.585   7.267 -15.846  22.803   7.889 -16.282  23.550
   6.274 -16.294  23.366   7.154 -14.352  23.451   8.160 -13.940  22.350   6.787
 -14.205  24.361   6.217 -13.632  24.344   5.241 -14.116  25.363   6.640 -13.703
  24.021   6.044 -12.208  23.330   5.336 -12.004  24.544   6.740 -11.188  25.473
   7.686 -11.385  25.794   7.887 -12.321  25.848   8.193 -10.596  24.133   6.482
  -9.948  23.436   5.769  -9.788  24.521   7.000  -9.173  25.035   7.823 -17.771
  24.595   8.731 -18.492  25.631   6.736 -18.243  26.131   6.114 -17.624  25.609
   6.426 -19.659  25.668   7.338 -20.254  26.774   5.517 -20.043  26.723   4.596
 -19.462  26.716   5.280 -21.105  27.716   6.025 -19.836  24.295   5.756 -19.984
  23.722   5.037 -19.160  23.793   6.030 -21.169  24.224   6.721 -21.767  22.569
   5.402 -21.618  22.361   4.534 -20.992  21.363   6.372 -21.536  20.461   5.844
 -21.845  21.234   6.746 -20.520  21.484   7.585 -22.432  20.689   7.723 -23.550
  19.953   6.951 -23.774  20.815   8.823 -24.383  20.176   8.908 -25.262  21.734
   9.799 -24.109  21.833  10.663 -24.766  22.532   9.685 -23.002  23.262  10.462
 -22.774  22.411   8.576 -22.167  23.052   8.481 -21.291  22.806   4.904 -23.033
  23.446   5.581 -23.843  22.377   3.684 -23.298  22.208   3.001 -22.573  22.138
   3.301 -24.668  22.545   4.015 -25.384  22.510   2.303 -24.900  20.636   3.301
 -24.775  20.037   3.967 -25.628  20.032   2.560 -23.851  20.606   1.908 -23.335
  18.603   2.601 -23.563  17.979   2.584 -24.457  18.194   1.426 -22.654  17.967
   1.811 -21.660  16.965   0.712 -23.216  17.191   0.326 -24.210  16.692  -0.114
 -22.560  16.134   1.414 -23.280  19.374   0.451 -22.437  20.203   0.981 -21.968
  19.056  -0.368 -21.792  19.697   0.051 -23.398  18.283   3.937 -22.898  19.197
   4.633 -22.423  17.025   4.363 -22.874  16.074   4.295 -23.997  15.539   3.346
 -23.965  16.616   4.375 -24.939  15.172   5.475 -23.752  14.169   5.251 -24.116
  15.561   6.348 -24.275  15.180   5.692 -22.269  14.487   4.993 -21.800  14.938
   6.708 -21.956  16.619   5.349 -21.865  17.277   6.215 -21.941  16.705   4.766
 -20.450  16.481   3.571 -20.227  17.055   5.650 -19.482  17.137   6.612 -19.779
  17.360   5.325 -18.087  17.752   4.320 -17.932  18.397   6.348 -17.558  18.055
   7.348 -17.825  18.571   6.258 -16.054  18.914   5.258 -15.787  19.307   6.993
 -15.728  17.618   6.458 -15.565  19.740   6.186 -18.273  19.605   6.347 -19.343
  20.450   6.916 -17.883  20.124   5.180 -18.103  16.073   5.347 -17.263  15.151
   6.091 -17.598  15.998   4.571 -16.166  16.774   3.963 -15.947  14.805   4.512
 -15.311  13.944   4.902 -15.853  14.509   3.063 -14.897  14.937   2.418 -15.665
  15.023   2.891 -13.951  13.006   2.741 -14.733  12.591   3.477 -14.044  12.541
   2.859 -15.712  12.725   1.314 -14.196  12.404   0.685 -15.026  13.645   0.913
 -13.771  11.681   1.297 -13.161  10.812   1.763 -13.381  11.811   0.725 -11.964
  12.937   0.091 -11.644  13.694   0.044 -12.311  13.029  -0.340 -10.735  10.806
   0.778 -11.093   9.950   1.251 -11.343  10.904   0.345 -10.186  14.942   5.408
 -14.063  16.039   5.846 -13.709  13.805   5.672 -13.388  12.990   5.121 -13.614
  13.676   6.719 -12.365  14.529   7.397 -12.371  12.402   7.534 -12.589  11.623
   7.166 -11.921  12.657   9.011 -12.306  13.436   9.380 -12.974  11.740   9.577
 -12.470  12.978   9.133 -11.272  11.931   7.349 -13.932  11.131   7.864 -14.064
  13.630   6.175 -10.934  13.145   5.060 -10.687  14.077   7.010  -9.977  14.376
   7.945 -10.215  14.238   6.559  -8.588  13.496   5.793  -8.362  15.635   5.967
  -8.368  16.331   6.706  -8.764  15.865   5.778  -7.319  15.765   4.688  -9.148
  16.476   4.649 -10.344  16.977   5.554 -10.687  16.554   3.489 -11.094  17.128
   3.469 -12.020  15.894   2.343 -10.659  15.974   1.173 -11.417  16.506   1.275
 -12.210  15.160   2.372  -9.473  14.641   1.480  -9.123  15.094   3.543  -8.740
  14.507   3.579  -7.822  13.952   7.674  -7.588  14.776   8.568  -7.388  12.813
   7.565  -6.909  12.270   6.761  -7.190  12.251   8.463  -5.901  11.494   7.917
  -5.339  13.291   9.032  -4.906  13.929   9.744  -5.430  12.591   9.736  -3.739
  11.953   9.024  -3.215  13.339  10.129  -3.050  11.982  10.556  -4.121  14.107
   7.975  -4.393  14.749   8.336  -3.777  11.510   9.629  -6.546  10.727  10.299
  -5.855  11.700   9.877  -7.849  12.071   9.112  -8.394  11.462  11.151  -8.519
  11.379  10.955  -9.588  10.188  11.892  -8.052  10.263  12.073  -6.980  10.099
  12.844  -8.575   8.889  11.153  -8.276   8.802   9.779  -8.382   7.541   9.427
  -8.568   7.267   8.378  -8.679   6.802  10.521  -8.583   5.801  10.560  -8.708
   7.618  11.614  -8.399   7.190  12.616  -8.376  12.692  12.031  -8.281  12.680
  13.215  -8.664  13.758  11.491  -7.663  13.733  10.496  -7.492  14.915  12.254
  -7.169  14.648  13.305  -7.053  15.359  11.708  -5.806  14.878  12.341  -5.060
  14.953  10.698  -5.742  16.893  11.668  -5.542  17.381  12.235  -6.335  17.073
  12.155  -4.584  17.467  10.235  -5.507  16.801   9.347  -4.923  18.575  10.002
  -6.063  16.044  12.188  -8.202  16.895  11.285  -8.179  16.084  13.166  -9.109
  15.331  13.818  -9.276  17.212  13.157 -10.038  18.039  12.507  -9.752  16.768
  12.791 -11.490  17.435  12.017 -11.869  15.342  12.289 -11.527  14.674  13.063
 -11.148  15.069  12.044 -12.553  15.254  11.398 -10.906  17.000  13.907 -12.497
  18.062  14.150 -12.533  16.668  13.582 -13.483  16.436  14.790 -12.197  18.004
  14.468  -9.928  19.144  14.469  -9.447  17.423  15.602 -10.319  16.426  15.701
 -10.444  18.279  16.711 -10.703  19.307  16.370 -10.829  17.802  17.340 -12.029
  17.650  18.410 -11.886  18.849  17.116 -13.114  19.001  16.046 -13.258  18.507
  17.562 -14.048  19.789  17.579 -12.814  16.477  16.753 -12.507  15.708  16.930
 -11.755  16.185  17.229 -13.443  16.590  15.680 -12.665  18.435  17.784  -9.631
  19.119  18.780  -9.897  17.894  17.598  -8.422  17.489  16.705  -8.182  17.846
  18.679  -7.421  17.715  18.233  -6.435  19.104  19.580  -7.393  19.395  19.809
  -8.418  18.821  20.903  -6.628  18.530  20.675  -5.602  19.720  21.519  -6.622
  18.014  21.444  -7.122  20.204  18.909  -6.760  20.971  19.487  -6.755  16.636
  19.569  -7.695  16.487  20.075  -8.813  15.828  19.835  -6.661  16.166  19.717
  -5.717  14.430  20.223  -6.854  13.873  19.421  -7.339  13.802  20.498  -5.495
  14.047  19.614  -4.906  14.268  21.374  -5.045  12.289  20.686  -5.524  12.077
  21.620  -6.045  11.564  19.532  -6.229  11.775  18.598  -5.708  10.490  19.718
  -6.221  11.912  19.459  -7.260  11.785  20.857  -4.106  12.255  21.731  -3.656
  10.703  20.992  -4.118  12.033  19.971  -3.522  14.271  21.429  -7.781  13.463
  21.403  -8.720  15.011  22.510  -7.517  15.675  22.514  -6.756  14.838  23.733
  -8.288  13.805  24.075  -8.216  15.752  24.828  -7.750  16.764  24.446  -7.615
  15.772  25.670  -8.442  15.327  25.363  -6.448  14.334  24.887  -5.660  13.787
  24.018  -6.026  14.233  25.646  -4.516  13.562  25.505  -3.775  15.178  26.637
  -4.556  15.453  27.648  -3.652  14.858  27.716  -2.741  16.465  28.504  -3.967
  16.716  29.310  -3.277  17.191  28.377  -5.151  17.997  29.072  -5.388  16.919
  27.388  -6.043  17.521  27.331  -6.950  15.887  26.492  -5.758  15.107  23.534
  -9.776  14.557  24.278 -10.592  15.964  22.583 -10.152  16.413  22.022  -9.442
  16.364  22.389 -11.543  15.952  23.180 -12.170  17.894  22.432 -11.643  18.384
  21.573 -11.185  18.119  22.452 -12.709  18.400  23.705 -10.997  18.444  24.894
 -11.707  18.152  24.892 -12.757  18.850  26.070 -11.105  18.894  26.992 -11.685
  19.207  26.076  -9.770  19.617  27.235  -9.156  19.620  27.992  -9.747  19.148
  24.919  -9.037  19.418  24.919  -7.981  18.741  23.741  -9.649  18.683  22.818
  -9.071  15.784  21.108 -12.131  16.198  20.680 -13.213  14.802  20.518 -11.447
  14.488  20.962 -10.596  14.188  19.255 -11.834  14.938  18.583 -12.251  13.567
  18.592 -10.608  14.317  18.613  -9.818  12.712  19.200 -10.313  13.120  17.180
 -10.835  12.263  17.166 -11.508  13.933  16.599 -11.271  12.730  16.583  -9.516
  11.902  17.155  -9.096  12.416  15.551  -9.670  13.836  16.598  -8.568  14.735
  16.902  -8.915  13.737  16.241  -7.293  12.577  15.848  -6.798  11.761  15.819
  -7.393  12.511  15.578  -5.827  14.803  16.278  -6.510  15.691  16.578  -6.885
  14.724  16.006  -5.541  13.129  19.480 -12.913  12.288  20.379 -12.801  13.168
  18.655 -13.947  13.863  17.924 -13.997  12.245  18.806 -15.060  12.194  19.857
 -15.345  12.727  17.996 -16.264  12.774  16.940 -15.997  12.033  18.130 -17.094
  13.718  18.340 -16.561  10.833  18.365 -14.663  10.662  17.461 -13.837   9.797
  18.981 -15.253   9.804  19.831 -16.456  10.504  19.429 -17.189  10.100  20.846
 -16.190   8.341  19.752 -16.930   8.205  18.901 -17.597   8.061  20.669 -17.449
   7.562  19.592 -15.687   6.596  19.135 -15.900   7.411  20.523 -15.140   8.423
  18.630 -14.856   8.327  18.815 -13.786   8.079  17.186 -15.150   7.307  16.586
 -14.397   8.630  16.600 -16.218   9.180  17.110 -16.894   8.347  15.195 -16.476
   7.269  15.035 -16.492   8.926  14.763 -17.827   8.541  13.762 -18.022   8.528
  15.456 -18.569  10.434  14.747 -17.912  10.817  14.602 -16.902  10.730  13.904
 -18.537  11.000  16.021 -18.486  10.386  17.087 -18.258  12.053  15.952 -19.171
   8.860  14.319 -15.339   8.215  13.321 -14.992   9.988  14.695 -14.720  10.590
  15.401 -15.120  10.419  14.032 -13.487  10.440  12.951 -13.625  11.814  14.521
 -13.054  11.772  15.592 -12.857  12.258  13.794 -11.800  12.301  12.723 -11.996
  13.245  14.149 -11.504  11.547  13.987 -10.996  12.829  14.309 -14.171  12.483
  14.859 -15.046  13.783  14.718 -13.838  13.000  12.887 -14.521  12.047  12.477
 -14.854  13.734  12.795 -15.322  13.346  12.336 -13.646   9.396  14.247 -12.378
   8.956  13.294 -11.727   9.005  15.506 -12.146   9.398  16.274 -12.672   8.061
  15.812 -11.073   8.435  15.430 -10.123   7.885  17.327 -10.956   7.582  17.618
 -11.962   7.073  17.534 -10.259   9.120  18.122 -10.548   9.996  17.673 -11.016
   9.000  19.583 -10.986   8.124  20.033 -10.518   9.894  20.128 -10.683   8.896
  19.631 -12.070   9.316  17.991  -9.050   9.452  16.941  -8.791  10.197  18.556
  -8.748   8.439  18.381  -8.533   6.713  15.117 -11.286   6.058  14.700 -10.320
   6.275  14.988 -12.535   6.779  15.403 -13.306   5.018  14.310 -12.817   4.313
  14.480 -12.003   4.408  14.847 -14.112   5.237  14.837 -14.820   3.619  14.184
 -14.468   3.861  16.268 -13.988   4.608  16.891 -13.495   3.544  16.846 -15.358
   2.797  16.224 -15.851   3.156  17.858 -15.245   4.451  16.871 -15.961   2.638
  16.301 -13.074   2.915  15.944 -12.082   2.266  17.323 -13.001   1.859  15.660
 -13.486   5.177  12.800 -12.898   4.187  12.099 -13.144   6.393  12.290 -12.713
   7.200  12.897 -12.727   6.602  10.873 -12.489   7.513  10.779 -11.898   5.753
  10.518 -11.905   6.733  10.024 -13.732   6.204   8.908 -13.772   7.426  10.515
 -14.755   7.795  11.455 -14.756   7.629   9.692 -15.941   6.671   9.292 -16.275
   8.240  10.507 -17.077   8.258   9.942 -18.009   7.704  11.443 -17.230   9.953
  10.962 -16.734  10.151  11.624 -17.870   8.532   8.511 -15.591   9.241   8.519
 -14.576   8.500   7.477 -16.444   7.924   7.485 -17.273   9.250   6.259 -16.131
   9.227   6.076 -15.057   8.631   5.048 -16.849   7.589   5.302 -17.042   9.161
   4.945 -17.796   8.701   3.708 -16.070   9.751   3.452 -15.927   8.228   3.854
 -15.099   7.988   2.559 -16.823   6.966   2.879 -17.024   8.513   2.406 -17.766
   7.965   1.239 -16.028   7.453   1.451 -15.089   7.374   0.534 -16.613   9.319
   0.640 -15.738   9.867   1.293 -15.196   9.203  -0.217 -15.217   9.793   0.444
 -16.608  10.736   6.387 -16.475  11.581   5.823 -15.763  11.076   7.163 -17.514
  10.349   7.701 -17.963  12.437   7.243 -18.057  13.153   6.856 -17.332  12.536
   6.402 -19.345  11.823   6.800 -20.067  13.548   6.513 -19.735  12.247   4.943
 -19.106  13.051   4.202 -18.230  13.886   4.704 -17.741  12.808   2.874 -17.982
  13.437   2.309 -17.293  11.741   2.252 -18.617  11.513   0.912 -18.356  12.144
   0.538 -17.737  10.924   2.964 -19.502  10.091   2.473 -20.005  11.181   4.304
 -19.737  10.547   4.869 -20.421  12.858   8.680 -18.359  12.101   9.410 -19.008
  14.062   9.087 -17.907  14.588   8.558 -17.226  14.642  10.325 -18.420  13.833
  11.048 -18.522  15.748  10.944 -17.539  16.642  10.978 -18.162  15.348  11.951
 -17.424  16.101  10.386 -16.185  17.347   9.834 -15.946  18.063   9.782 -16.766
  17.696   9.347 -14.680  18.674   8.899 -14.507  16.780   9.443 -13.636  17.075
   8.971 -12.366  17.953   8.587 -12.303  15.546  10.018 -13.866  14.823  10.099
 -13.055  15.226  10.493 -15.132  14.259  10.965 -15.309  15.287  10.094 -19.776
  15.586   8.970 -20.189  15.541  11.198 -20.459  14.955  12.019 -20.401  16.634
  11.199 -21.412  17.401  10.497 -21.085  16.153  10.785 -22.810  15.455   9.952
 -22.723  15.654  11.628 -23.288  17.272  10.387 -23.598  16.972  10.128 -24.472
  17.284  12.578 -21.375  17.082  13.345 -20.427  18.055  12.895 -22.418  18.181
  12.224 -23.162  18.778  14.153 -22.496  19.576  14.206 -21.755  19.393  14.289
 -23.885  19.746  15.312 -24.016  20.558  13.325 -24.052  20.205  12.302 -23.921
  20.983  13.437 -25.049  21.321  13.544 -23.305  18.394  14.029 -24.878  18.782
  14.115 -25.752  17.929  15.385 -22.189  18.493  16.434 -21.848  16.601  15.309
 -22.294  16.113  14.464 -22.554  15.822  16.528 -22.107  16.245  17.284 -22.768
  14.364  16.295 -22.502  13.924  15.547 -21.843  13.809  17.229 -22.413  14.318
  15.943 -23.533  15.904  17.068 -20.681  15.676  18.263 -20.488  16.226  16.238
 -19.679  16.380  15.251 -19.826  16.256  16.748 -18.307  15.430  17.423 -18.084
  16.236  15.591 -17.289  16.196  16.003 -16.281  15.023  14.708 -17.523  15.062
  14.295 -18.531  15.020  13.894 -16.798  14.115  15.300 -17.408  17.518  14.802
 -17.339  18.358  15.457 -17.105  17.476  13.992 -16.610  17.650  14.385 -18.337
  17.452  17.671 -18.072  17.358  18.632 -17.295  18.578  17.421 -18.745  18.680
  16.585 -19.303  19.717  18.328 -18.642  19.942  18.522 -17.593  20.952  17.709
 -19.301  20.620  17.295 -20.253  21.683  18.497 -19.483  21.592  16.605 -18.462
  21.409  16.581 -17.218  22.310  15.769 -19.065  19.411  19.685 -19.274  19.818
  20.726 -18.737  18.710  19.691 -20.422  18.451  18.821 -20.864  18.374  20.942
 -21.103  19.260  21.564 -21.233  17.737  20.666 -22.473  16.976  19.895 -22.358
  17.103  21.921 -23.032  17.864  22.693 -23.147  16.658  21.702 -24.003  16.330
  22.273 -22.349  18.795  20.119 -23.426  19.217  19.230 -22.957  18.280  19.835
 -24.344  19.910  21.095 -23.753  20.426  21.379 -22.836  20.617  20.624 -24.436
  19.489  21.984 -24.223  17.463  21.781 -20.232  17.645  22.998 -20.118  16.476
  21.144 -19.591  16.259  20.177 -19.786  15.642  21.860 -18.630  15.079  22.639
 -19.144  14.651  20.909 -17.948  13.991  20.423 -18.667  15.196  20.151 -17.385
  13.759  21.626 -16.957  14.021  21.860 -15.642  14.967  21.480 -15.255  12.984
  22.558 -15.066  12.932  22.837 -14.097  12.026  22.796 -16.014  10.800  23.451
 -15.908  10.516  23.865 -14.940  10.022  23.534 -17.037   9.060  24.044 -16.988
  10.433  22.980 -18.251   9.810  23.051 -19.143  11.653  22.320 -18.357  11.925
  21.892 -19.322  12.472  22.224 -17.219  16.501  22.565 -17.585  16.314  23.755
 -17.311  17.447  21.846 -16.981  17.552  20.856 -17.150  18.321  22.476 -16.000
  17.736  22.832 -15.152  19.351  21.465 -15.493  19.806  20.956 -16.343  20.123
  21.988 -14.928  18.719  20.515 -14.658  19.369  19.883 -14.343  19.005  23.695
 -16.598  18.906  24.805 -16.063  19.700  23.507 -17.725  19.804  22.590 -18.136
  20.375  24.631 -18.363  21.154  25.013 -17.703  21.018  24.203 -19.680  20.300
  23.505 -20.111  21.090  25.087 -20.314  22.383  23.533 -19.586  22.253  22.467
 -19.397  23.132  23.727 -20.888  23.263  24.792 -21.077  24.109  23.248 -20.821
  22.564  23.281 -21.704  23.160  24.109 -18.416  22.609  23.934 -17.492  24.135
  23.626 -18.354  23.295  25.181 -18.561  19.410  25.775 -18.609  19.764  26.941
 -18.429  18.182  25.467 -19.021  17.899  24.513 -19.195  17.209  26.523 -19.231
  17.602  27.212 -19.979  16.286  26.075 -19.599  16.910  27.295 -17.956  16.775
  28.526 -17.974  16.804  26.583 -16.825  16.848  25.574 -16.826  16.565  27.264
 -15.557  15.727  27.954 -15.658  16.233  26.251 -14.467  17.022  25.501 -14.416
  16.157  26.763 -13.508  14.719  25.357 -14.668  14.835  24.636 -13.557  17.771
  28.095 -15.152  17.621  29.176 -14.571  18.979  27.603 -15.445  19.068  26.676
 -15.835  20.201  28.337 -15.115  20.196  28.797 -14.127  21.414  27.382 -15.233
  21.332  26.839 -16.175  22.749  28.146 -15.196  22.832  28.689 -14.254  23.575
  27.440 -15.281  22.788  28.852 -16.026  21.337  26.278 -14.148  21.528  26.764
 -13.191  20.317  25.894 -14.162  22.315  25.126 -14.336  23.335  25.509 -14.321
  22.187  24.404 -13.529  22.124  24.639 -15.292  20.329  29.584 -15.998  20.663
  30.672 -15.519  20.025  29.446 -17.291  19.888  28.513 -17.653  19.945  30.572
 -18.224  20.930  31.008 -18.393  19.401  30.049 -19.568  20.039  29.243 -19.930
  18.389  29.672 -19.418  19.321  31.073 -20.683  19.982  32.289 -20.616  20.579
  32.518 -19.733  19.892  33.214 -21.657  20.415  34.168 -21.588  19.142  32.921
 -22.771  19.062  33.637 -23.589  18.481  31.696 -22.849  17.890  31.453 -23.732
  18.574  30.792 -21.810  18.052  29.837 -21.870  19.078  31.701 -17.670  19.516
  32.855 -17.596  17.826  31.394 -17.296  17.448  30.464 -17.411  16.954  32.435
 -16.747  16.885  33.251 -17.466  15.554  31.891 -16.492  15.606  31.079 -15.767
  14.920  32.687 -16.101  15.133  31.517 -17.425  17.525  33.001 -15.456  17.410
  34.209 -15.188  18.142  32.129 -14.644  18.164  31.146 -14.877  18.711  32.550
 -13.371  17.961  33.083 -12.786  19.182  31.323 -12.567  18.327  30.650 -12.500
  19.970  30.851 -13.154  19.711  31.628 -11.146  20.715  32.033 -11.271  19.064
  32.390 -10.711  19.764  30.409 -10.215  19.245  29.328 -10.583  20.321  30.544
  -9.097  19.839  33.552 -13.594  19.918  34.569 -12.897  20.698  33.308 -14.592
  20.698  32.432 -15.095  21.710  34.303 -14.935  22.308  34.536 -14.054  22.636
  33.780 -16.028  22.002  33.337 -16.796  23.158  34.643 -16.441  23.638  32.766
 -15.562  24.186  33.184 -14.718  23.102  31.873 -15.240  24.806  32.320 -16.865
  23.856  31.243 -17.959  22.996  31.788 -18.349  24.486  30.919 -18.787  23.511
  30.372 -17.402  21.071  35.615 -15.378  21.572  36.695 -15.050  19.969  35.545
 -16.131  19.580  34.655 -16.409  19.347  36.765 -16.647  20.089  37.467 -17.027
  18.350  36.442 -17.778  17.693  35.636 -17.453  17.517  37.669 -18.118  18.174
  38.476 -18.444  16.818  37.424 -18.918  16.961  37.987 -17.236  19.083  35.939
 -19.000  19.636  35.035 -18.746  18.365  35.716 -19.789  19.778  36.703 -19.348
  18.673  37.539 -15.523  18.795  38.766 -15.443  17.945  36.841 -14.644  17.907
  35.834 -14.708  17.136  37.500 -13.627  16.957  38.536 -13.915  15.780  36.788
 -13.485  15.128  37.398 -12.859  15.132  36.581 -14.836  15.783  35.971 -15.462
  14.175  36.076 -14.707  14.971  37.547 -15.314  15.968  35.508 -12.878  15.120
  35.067 -12.791  17.817  37.580 -12.264  17.373  38.357 -11.416  18.878  36.810
 -12.034  19.143  36.132 -12.735  19.613  36.820 -10.762  20.430  36.099 -10.803
  20.199  38.210 -10.489  19.501  38.954 -10.872  20.301  38.330  -9.410  21.580
  38.404 -11.162  22.319  38.600 -10.386  21.841  37.486 -11.688  21.559  39.572
 -12.153  22.564  39.752 -12.534  20.892  39.341 -12.983  21.083  40.789 -11.494
  21.647  41.137 -10.732  19.966  41.438 -11.803  19.207  41.005 -12.800  19.482
  40.184 -13.320  18.358  41.498 -13.035  19.627  42.540 -11.133  20.222  42.879
 -10.391  18.777  43.031 -11.371  18.758  36.331  -9.589  18.912  36.791  -8.451
  17.882  35.368  -9.876  17.872  35.064 -10.839  16.954  34.744  -8.947  17.437
  34.633  -7.976  15.670  35.595  -8.767  15.974  36.475  -8.200  15.370  35.896
  -9.771  14.470  34.907  -8.052  13.578  35.515  -8.202  14.317  33.923  -8.495
  14.740  34.754  -6.540  15.561  34.044  -6.439  15.060  35.731  -6.179  13.610
  34.291  -5.713  12.729  34.770  -5.830  13.675  33.276  -4.842  14.812  32.595
  -4.686  15.626  32.847  -5.228  14.853  31.831  -4.027  12.607  32.952  -4.110
  11.749  33.475  -4.215  12.661  32.186  -3.455  16.645  33.393  -9.566  16.464
  33.316 -10.779  16.618  32.334  -8.766  16.896  32.369  -7.796  16.203  31.054
  -9.319  16.900  30.734 -10.093  16.150  29.982  -8.239  15.449  30.284  -7.461
  15.822  29.040  -8.678  17.141  29.854  -7.804  14.838  31.210  -9.968  13.985
  31.957  -9.484  14.637  30.516 -11.087  15.359  29.923 -11.471  13.381  30.646
 -11.825  13.105  31.697 -11.907  13.534  30.067 -13.238  14.328  30.679 -13.665
  13.898  29.050 -13.093  12.331  30.049 -14.194  11.502  29.514 -13.731  11.919
  31.444 -14.483  12.747  31.979 -14.947  11.066  31.438 -15.161  11.641  31.941
 -13.554  12.656  29.331 -15.483  12.937  28.301 -15.265  11.782  29.338 -16.134
  13.484  29.835 -15.982  12.239  29.962 -11.091  11.150  30.517 -10.973  12.473
  28.758 -10.596  13.420  28.409 -10.639  11.445  27.902 -10.010  10.523  28.469
  -9.883  11.161  26.705 -10.913  12.082  26.141 -11.062  10.406  26.056 -10.469
  10.662  27.074 -12.269   9.619  27.979 -12.417   9.178  28.432 -11.529   9.134
  28.311 -13.684   8.315  29.023 -13.785   9.689  27.741 -14.801   9.316  27.997
 -15.793  10.735  26.831 -14.664  11.175  26.374 -15.550  11.217  26.506 -13.403
  12.039  25.798 -13.300  11.925  27.421  -8.649  12.346  26.268  -8.496  11.880
  28.276  -7.636  11.485  29.694  -7.708  10.416  29.764  -7.907  12.036  30.185
  -8.510  11.857  30.225  -6.345  10.962  30.271  -5.725  12.274  31.226  -6.455
  12.875  29.279  -5.771  12.821  29.273  -4.682  13.895  29.504  -6.082  12.449
  27.913  -6.322  13.304  27.262  -6.502  11.451  27.201  -5.406  11.126  27.679
  -4.319  10.975  26.031  -5.832  11.304  25.605  -6.687   9.954  25.332  -5.060
   9.166  26.045  -4.818   9.545  24.536  -5.683  10.487  24.727  -3.770  11.659
  24.369  -3.649   9.608  24.606  -2.775   8.693  25.030  -2.827   9.995  23.945
  -1.532  11.072  23.777  -1.535   9.634  24.794  -0.301  10.014  24.270   0.576
  10.149  25.749  -0.405   8.149  25.037  -0.139   7.309  24.389  -0.809   7.820
  25.909   0.691   9.416  22.544  -1.389   9.662  21.890  -0.375   8.684  22.053
  -2.378   8.405  22.647  -3.145   8.247  20.667  -2.386   9.029  20.050  -1.945
   6.953  20.456  -1.595   6.768  19.385  -1.510   7.080  20.883  -0.600   5.850
  21.076  -2.238   5.054  20.928  -1.722   8.040  20.290  -3.832   8.053  21.144
  -4.717   7.829  19.007  -4.077   7.880  18.291  -3.367   7.602  18.597  -5.457
   8.405  18.968  -6.094   7.570  17.074  -5.551   6.688  16.732  -5.010   7.473
  16.814  -6.605   8.804  16.406  -4.978   9.669  16.906  -5.413   8.818  16.531
  -3.895   8.852  14.930  -5.316   9.089  14.607  -6.502   8.624  14.093  -4.408
   6.324  19.223  -6.013   6.289  19.679  -7.165   5.260  19.269  -5.211   5.234
  18.850  -4.293   4.036  19.852  -5.737   3.854  19.541  -6.766   2.827  19.466
  -4.863   2.780  18.379  -4.793   2.947  20.050  -3.488   2.994  21.137  -3.557
   2.080  19.761  -2.893   3.854  19.677  -3.012   1.523  19.912  -5.536   0.708
  19.635  -4.867   1.566  20.997  -5.626   1.281  19.296  -6.915   1.237  18.211
  -6.826   0.338  19.665  -7.318   2.095  19.573  -7.585   4.203  21.361  -5.883
   3.750  21.956  -6.871   4.896  21.997  -4.926   5.207  21.511  -4.097   5.165
  23.431  -5.031   4.230  23.968  -5.194   5.815  23.959  -3.749   5.157  23.712
  -2.916   6.770  23.451  -3.619   6.043  25.469  -3.787   5.045  26.211  -3.966
   7.214  25.917  -3.643   6.048  23.735  -6.229   5.828  24.731  -6.928   7.052
  22.888  -6.485   7.290  22.152  -5.835   7.871  23.045  -7.683   8.364  24.017
  -7.670   8.944  21.953  -7.742   9.451  21.950  -6.777   8.428  21.004  -7.884
   9.988  22.148  -8.875  10.615  21.258  -8.915   9.465  22.266  -9.824  10.882
  23.365  -8.656  11.127  23.767  -7.521  11.358  23.957  -9.739  11.955  24.767
  -9.647  11.123  23.597 -10.653   7.007  23.014  -8.936   7.112  23.891  -9.801
   6.130  22.012  -9.045   6.101  21.267  -8.364   5.228  21.939 -10.189   5.801
  21.827 -11.109   4.297  20.739 -10.046   4.195  20.604  -8.969   3.328  20.999
 -10.473   4.797  19.445 -10.674   5.715  19.139 -10.173   3.752  18.348 -10.532
   2.833  18.654 -11.033   4.125  17.430 -10.986   3.548  18.174  -9.475   5.142
  19.688 -12.132   5.920  20.448 -12.200   5.500  18.761 -12.581   4.254  20.029
 -12.664   4.421  23.221 -10.337   4.351  23.796 -11.430   3.798  23.684  -9.241
   3.896  23.222  -8.348   2.905  24.841  -9.329   2.155  24.662 -10.099   2.191
  25.093  -8.002   2.895  25.008  -7.175   1.744  26.087  -7.997   1.082  24.123
  -7.723   0.783  23.107  -8.629   1.361  23.022  -9.549  -0.246  22.204  -8.366
  -0.472  21.410  -9.078  -0.980  22.316  -7.200  -1.784  21.610  -6.993  -0.693
  23.326  -6.294  -1.272  23.418  -5.375   0.333  24.220  -6.559   0.561  25.014
  -5.848   3.659  26.088  -9.752   3.146  26.901 -10.533   4.873  26.271  -9.238
   5.248  25.686  -8.505   5.660  27.414  -9.681   5.071  28.327  -9.590   6.919
  27.557  -8.825   7.434  26.597  -8.810   7.563  28.307  -9.284   6.590  27.974
  -7.411   6.063  28.927  -7.455   5.935  27.217  -6.980   7.831  28.121  -6.546
   8.458  27.238  -6.669   8.384  29.005  -6.863   7.493  28.262  -5.134   7.548
  27.436  -4.555   7.130  29.404  -4.572   7.052  30.514  -5.298   7.271  30.486
  -6.284   6.774  31.381  -4.861   6.837  29.430  -3.284   6.892  28.581  -2.739
   6.559  30.299  -2.850   5.995  27.292 -11.162   5.996  28.293 -11.884   6.247
  26.077 -11.646   6.389  25.269 -11.056   6.419  25.921 -13.085   7.110  26.674
 -13.464   6.948  24.522 -13.430   6.345  23.769 -12.923   6.866  24.308 -14.933
   7.469  25.061 -15.441   7.241  23.315 -15.180   5.829  24.395 -15.257   8.395
  24.373 -12.937   9.027  24.951 -13.611   8.442  24.804 -11.937   8.876  22.961
 -12.893   8.830  22.530 -13.893   9.905  22.938 -12.535   8.245  22.382 -12.219
   5.115  26.219 -13.811   5.107  26.871 -14.860   3.990  25.752 -13.275   3.979
  25.157 -12.459   2.721  26.061 -13.922   2.752  25.741 -14.964   1.574  25.342
 -13.226   1.569  25.598 -12.166   0.619  25.622 -13.671   1.662  23.866 -13.305
   2.566  23.263 -14.155   3.215  23.885 -14.771   2.654  21.895 -14.230   3.378
  21.432 -14.901   1.831  21.110 -13.461   1.902  20.024 -13.517   0.913  21.698
 -12.617   0.250  21.079 -12.012   0.834  23.074 -12.539   0.113  23.541 -11.868
   2.467  27.561 -13.937   2.012  28.106 -14.949   2.751  28.250 -12.821   3.115
  27.796 -11.996   2.449  29.679 -12.750   1.386  29.837 -12.933   2.800  30.249
 -11.362   3.625  29.642 -10.989   3.149  31.267 -11.536   1.656  30.267 -10.314
   0.776  30.696 -10.794   1.449  29.234 -10.034   2.009  31.100  -9.023   3.046
  31.426  -9.103   1.355  31.972  -8.993   1.846  30.339  -7.757   0.899  30.080
  -7.518   2.838  29.992  -6.917   2.575  29.296  -5.799   1.624  29.030  -5.585
   3.329  29.042  -5.177   4.096  30.357  -7.185   4.297  30.892  -8.018   4.840
  30.096  -6.554   3.164  30.461 -13.852   2.673  31.509 -14.283   4.300  29.970
 -14.345   4.676  29.098 -14.000   5.065  30.705 -15.348   4.770  31.754 -15.365
   6.569  30.622 -15.039   6.881  29.578 -15.077   7.368  31.426 -16.051   7.057
  32.470 -16.013   8.430  31.355 -15.815   7.191  31.031 -17.051   6.821  31.123
 -13.723   7.761  31.069 -13.535   4.810  30.213 -16.770   4.522  31.018 -17.660
   4.919  28.908 -17.009   5.153  28.286 -16.248   4.766  28.342 -18.339   5.117
  29.049 -19.091   5.591  27.057 -18.453   5.216  26.407 -17.662   5.428  26.582
 -19.421   7.083  27.296 -18.249   7.241  27.720 -17.258   7.852  25.995 -18.370
   7.695  25.570 -19.361   8.915  26.185 -18.221   7.500  25.293 -17.614   7.582
  28.338 -19.252   7.043  29.274 -19.103   8.649  28.505 -19.102   7.410  27.978
 -20.266   3.320  28.048 -18.697   3.030  27.803 -19.874   2.416  28.078 -17.716
   2.719  28.344 -16.790   1.020  27.748 -17.914   0.399  28.392 -17.291   0.755
  27.891 -18.961   0.768  26.308 -17.536   1.612  25.446 -17.795  -0.363  26.033
 -16.906  -0.982  26.768 -16.594  -0.726  24.658 -16.615   0.035  24.204 -15.980
  -2.062  24.588 -15.897  -2.838  24.993 -16.546  -2.395  23.145 -15.547  -1.619
  22.740 -14.897  -3.355  23.108 -15.033  -2.449  22.552 -16.460  -1.979  25.365
 -14.702  -2.819  25.329 -14.238  -0.790  23.868 -17.916  -1.558  24.235 -18.823
  -0.008  22.804 -18.051   0.871  22.215 -17.033   0.325  22.108 -16.096   1.735
  22.862 -16.878   1.246  20.897 -17.633   0.545  20.133 -17.296   2.254  20.629
 -17.317   1.183  21.079 -19.102   0.945  20.117 -19.556   2.090  21.480 -19.555
   0.020  22.054 -19.309   0.184  22.756 -20.127  -1.280  21.307 -19.538  -2.045
  21.042 -18.611  -1.524  20.964 -20.802  -0.972  21.366 -21.546  -2.640  20.091
 -21.161  -2.822  19.403 -20.335  -3.948  20.870 -21.454  -4.717  20.132 -21.684
  -4.219  21.405 -20.544  -3.831  21.867 -22.618  -2.837  21.845 -23.384  -4.763
  22.693 -22.761  -2.219  19.229 -22.342  -1.091  19.333 -22.839  -3.143  18.368
 -22.793  -4.068  18.345 -22.389  -2.818  17.398 -23.832  -1.957  16.807 -23.520
  -3.988  16.454 -24.092  -4.870  17.077 -24.237  -3.764  15.921 -25.016  -4.254
  15.450 -22.979  -4.283  15.997 -22.036  -5.230  15.003 -23.169  -3.207  14.360
 -22.898  -2.579  14.039 -23.930  -3.010  13.825 -21.789  -2.409  18.063 -25.132
  -1.645  17.464 -25.890  -2.871  19.286 -25.402  -3.568  19.727 -24.820  -2.448
  19.975 -26.619  -2.506  19.321 -27.489  -3.322  21.212 -26.876  -3.514  21.721
 -25.931  -2.606  22.161 -27.827  -2.414  21.653 -28.772  -3.230  23.036 -28.006
  -1.660  22.474 -27.385  -4.654  20.771 -27.441  -5.152  20.113 -26.728  -5.278
  21.645 -27.625  -4.493  20.236 -28.377  -0.962  20.337 -26.562  -0.212  20.085
 -27.518  -0.504  20.945 -25.461  -1.074  21.193 -24.665   0.904  21.327 -25.449
   1.283  21.578 -26.440   1.221  22.488 -24.493   2.234  22.839 -24.689   0.234
  23.640 -24.695  -0.779  23.289 -24.499   0.476  24.451 -24.009   0.301  24.001
 -25.721   1.277  22.001 -23.049   2.054  21.243 -22.950   1.503  22.840 -22.391
   0.314  21.571 -22.772   1.792  20.157 -25.088   2.984  20.169 -25.416   1.252
  19.136 -24.443   0.261  19.128 -24.249   2.064  18.034 -23.938   2.945  17.904
 -24.567   2.522  18.322 -22.511   3.003  19.298 -22.449   1.667  18.295 -21.835
   3.484  17.350 -22.006   3.994  16.285 -22.674   3.649  16.134 -23.697   4.873
  15.602 -21.873   5.381  14.766 -22.125   4.946  16.244 -20.663   5.699  15.944
 -19.533   6.354  15.074 -19.564   5.569  16.765 -18.448   6.136  16.553 -17.541
   4.722  17.876 -18.473   4.632  18.533 -17.608   3.968  18.177 -19.602   3.330
  19.060 -19.579   4.076  17.346 -20.718   1.266  16.744 -24.017   0.727  16.263
 -23.010   1.201  16.128 -25.198   2.023  16.409 -26.388   3.058  16.129 -26.195
   1.973  17.471 -26.627   1.388  15.563 -27.432   2.148  15.254 -28.149   0.622
  16.145 -27.944   0.789  14.392 -26.736   1.562  13.627 -26.663  -0.091  13.974
 -27.226   0.420  14.892 -25.339  -0.640  15.130 -25.246   0.809  13.891 -24.267
   1.987  13.672 -23.999  -0.192  13.300 -23.634  -1.144  13.533 -23.878   0.028
  12.323 -22.596  -0.792  11.607 -22.658   0.967  11.821 -22.830   0.099  12.870
 -21.184   0.010  12.090 -20.227   0.241  14.183 -21.013   0.242  14.828 -21.790
   0.501  14.710 -19.675   1.375  14.246 -19.219   0.720  16.234 -19.721   1.451
  16.465 -20.496  -0.592  16.950 -20.030  -1.323  16.720 -19.255  -0.421  18.026
 -20.059  -0.970  16.616 -20.996   1.302  16.716 -18.410   2.258  16.223 -18.233
   1.453  17.795 -18.454   0.615  16.478 -17.598  -0.618  14.342 -18.704  -0.359
  14.079 -17.525  -1.874  14.324 -19.163  -2.103  14.538 -20.123  -2.970  14.058
 -18.231  -2.808  14.585 -17.291  -4.306  14.508 -18.819  -5.108  14.208 -18.144
  -4.333  16.016 -18.997  -3.532  16.317 -19.672  -5.293  16.316 -19.417  -4.193
  16.499 -18.030  -4.499  13.863 -20.078  -5.337  14.141 -20.455  -3.064  12.593
 -17.823  -3.828  12.270 -16.913  -2.283  11.710 -18.438  -1.740  12.018 -19.232
  -2.230  10.302 -18.070  -3.081  10.038 -17.442  -2.280   9.458 -19.339  -1.398
   9.661 -19.947  -2.301   8.401 -19.073  -3.450   9.784 -20.078  -3.482   9.253
 -20.877  -0.999   9.939 -17.226  -0.822   8.767 -16.888  -0.158  10.928 -16.848
  -0.364  11.878 -17.122   1.060  10.676 -16.090   1.575   9.807 -16.499   1.995
  11.874 -16.163   1.509  12.711 -15.663   2.912  11.618 -15.633   2.326  12.260
 -17.580   2.492  11.338 -18.137   1.457  12.778 -17.986   3.764  13.310 -17.740
   5.079  12.157 -17.310   5.071  11.320 -18.008   6.041  12.666 -17.364   4.921
  11.786 -16.297   0.761  10.365 -14.627  -0.157  10.938 -14.041   1.572   9.499
 -14.007   2.889   9.013 -14.473   3.609   9.831 -14.437   2.799   8.654 -15.498
   3.216   7.920 -13.515   4.296   7.862 -13.379   2.848   6.970 -13.902   2.522
   8.282 -12.238   3.127   8.965 -11.642   2.288   7.396 -11.649   1.224   8.980
 -12.674   0.411   8.267 -12.814   0.800  10.040 -11.674  -0.096   9.788 -10.850
   1.418  11.221 -11.711   2.114  11.400 -12.421   1.201  12.235 -10.684   0.546
  11.848  -9.903   2.542  12.617 -10.053   3.234  12.985 -10.811   2.321  13.416
  -9.345   3.174  11.447  -9.315   2.695  11.109  -8.212   4.110  10.824  -9.854
   0.455  13.465 -11.192   0.370  14.467 -10.472  -0.103  13.405 -12.399   0.129
  12.658 -13.039  -1.037  14.427 -12.842  -0.596  15.413 -12.696  -1.371  14.256
 -14.324  -0.437  14.301 -14.884  -1.817  13.268 -14.441  -2.332  15.313 -14.854
  -3.711  15.100 -14.863  -4.102  14.154 -14.490  -4.583  16.074 -15.339  -5.659
  15.899 -15.341  -4.073  17.273 -15.825  -4.911  18.267 -16.306  -5.840  18.029
 -16.261  -2.713  17.496 -15.824  -2.313  18.435 -16.207  -1.856  16.527 -15.336
  -0.781  16.707 -15.323  -2.311  14.348 -12.016  -2.816  13.260 -11.727  -2.823
  15.511 -11.630  -2.294  16.355 -11.796  -4.100  15.621 -10.944  -4.593  14.649
 -10.933  -3.909  16.090  -9.496  -3.436  17.072  -9.531  -4.899  16.180  -9.049
  -3.050  15.138  -8.650  -2.057  15.074  -9.096  -2.969  15.544  -7.642  -3.682
  13.718  -8.588  -4.480  13.745  -7.846  -4.106  13.504  -9.569  -2.664  12.610
  -8.212  -1.665  13.016  -8.372  -2.800  12.387  -7.154  -2.829  11.334  -9.024
  -2.703  11.540 -10.005  -2.139  10.657  -8.731  -3.754  10.958  -8.875  -4.957
  16.603 -11.728  -4.557  17.768 -11.890  -6.124  16.212 -12.239  -6.873  14.976
 -11.983  -7.392  15.042 -11.027  -6.196  14.122 -11.970  -7.812  14.941 -13.144
  -8.686  14.337 -12.902  -7.313  14.523 -14.018  -8.183  16.370 -13.374  -9.009
  16.635 -12.714  -8.462  16.580 -14.406  -6.932  17.176 -12.995  -6.363  17.480
 -13.874  -7.281  18.395 -12.175  -7.688  19.421 -12.741  -7.118  18.312 -10.853
  -6.830  17.430 -10.454  -7.401  19.416  -9.951  -8.278  19.967 -10.291  -7.679
  18.871  -8.552  -7.781  19.705  -7.857  -8.606  18.297  -8.569  -6.619  18.039
  -8.135  -6.804  17.702  -7.255  -6.279  20.450  -9.897  -6.417  21.444  -9.177
  -5.192  20.260 -10.633  -5.032  19.395 -11.130  -4.189  21.309 -10.733  -3.677
  21.416  -9.777  -3.152  20.977 -11.808  -3.652  20.655 -12.722  -2.539  21.853
 -12.019  -2.221  19.889 -11.429  -2.114  19.493 -10.105  -2.724  19.989  -9.351
  -1.250  18.486  -9.738  -1.172  18.180  -8.695  -0.481  17.863 -10.699   0.207
  17.068 -10.413  -0.583  18.247 -12.026   0.020  17.752 -12.787  -1.452  19.260
 -12.384  -1.532  19.566 -13.427  -4.864  22.629 -11.088  -5.637  22.677 -12.053
  -4.589  23.713 -10.363  -3.680  23.823  -9.210  -2.647  23.769  -9.552  -3.874
  23.008  -8.512  -4.027  25.163  -8.635  -3.154  25.591  -8.142  -4.836  25.057
  -7.913  -4.459  25.997  -9.805  -3.556  26.402 -10.261  -5.142  26.812  -9.567
  -5.133  25.014 -10.768  -6.218  24.999 -10.660  -4.772  25.302 -12.220  -3.789
  24.783 -12.754  -5.578  26.132 -12.867  -6.382  26.507 -12.385  -5.383  26.488
 -14.272  -4.707  25.779 -14.750  -6.721  26.451 -15.000  -7.485  26.311 -14.235
  -6.847  27.429 -15.464  -6.857  25.379 -16.047  -7.866  25.450 -16.452  -6.134
  25.601 -16.832  -6.619  23.971 -15.522  -5.598  23.895 -15.148  -7.318  23.767
 -14.711  -6.831  22.940 -16.656  -7.894  22.950 -16.897  -6.261  23.294 -17.515
  -6.413  21.557 -16.322  -6.941  21.229 -15.526  -6.585  20.953 -17.113  -5.428
  21.548 -16.099  -4.733  27.877 -14.333  -5.401  28.890 -14.108  -3.427  27.933
 -14.624  -2.928  27.067 -14.766  -2.686  29.187 -14.743  -3.304  30.005 -14.373
  -1.384  29.154 -13.937  -0.938  28.173 -14.099  -0.695  29.927 -14.278  -1.518
  29.322 -12.475  -1.737  30.489 -11.795  -1.847  31.395 -12.391  -1.772  30.246
 -10.438  -1.917  30.938  -9.717  -1.566  28.907 -10.226  -1.511  28.185  -9.035
  -1.662  28.714  -8.094  -1.268  26.839  -9.127  -1.212  26.241  -8.217  -1.088
  26.206 -10.372  -0.895  25.135 -10.432  -1.150  26.919 -11.550  -1.015  26.381
 -12.488  -1.390  28.296 -11.489  -2.326  29.468 -16.195  -1.933  28.561 -16.933
  -2.407  30.732 -16.592  -2.747  31.452 -15.971  -2.040  31.109 -17.953  -2.373
  30.326 -18.634  -2.694  32.431 -18.370  -2.363  33.227 -17.703  -2.407  32.672
 -19.393  -3.778  32.335 -18.311  -0.533  31.240 -18.086   0.166  31.633 -17.152
  -0.033  30.908 -19.262  -0.595  30.470 -19.978   1.370  31.145 -19.539   1.980
  30.671 -18.770   1.760  30.571 -20.888   1.531  29.505 -20.870   1.146  31.061
 -21.643   3.201  30.764 -21.218   3.454  31.824 -21.252   3.838  30.262 -20.490
   3.412  30.165 -22.552   3.196  29.098 -22.493   2.728  30.636 -23.258   4.768
  30.338 -23.034   5.006  31.215 -23.474   5.710  29.411 -22.919   5.431  28.252
 -22.313   4.505  28.088 -21.946   6.148  27.546 -22.225   6.920  29.640 -23.417
   7.115  30.517 -23.879   7.640  28.936 -23.331   1.643  32.637 -19.515   0.827
  33.445 -19.962   2.793  33.003 -18.982   3.445  32.311 -18.641   3.144  34.402
 -18.849   2.237  35.006 -18.810   3.940  34.639 -17.577   4.677  33.838 -17.530
   4.449  35.593 -17.715   3.158  34.671 -16.303   2.429  35.478 -16.366   2.642
  33.729 -16.116   4.088  34.950 -15.145   4.745  36.001 -15.103   4.190  33.997
 -14.217   4.798  34.133 -13.422   3.659  33.144 -14.313   3.965  34.864 -20.040
   4.713  34.090 -20.651   3.833  36.147 -20.353   3.139  36.732 -19.909   4.662
  36.730 -21.392   4.560  36.159 -22.315   4.231  38.174 -21.660   3.142  38.206
 -21.615   4.645  38.809 -20.877   4.695  38.674 -23.013   4.241  38.126 -24.050
   5.522  39.608 -23.040   6.119  36.657 -20.955   6.457  37.006 -19.819   6.985
  36.161 -21.837   6.718  35.803 -22.743   8.380  36.057 -21.439   8.447  35.595
 -20.454   9.162  35.205 -22.430   8.692  35.262 -23.412  10.197  35.539 -22.503
   9.205  33.759 -22.061   8.171  33.189 -21.343   7.323  33.805 -21.044   8.206
  31.857 -21.006   7.379  31.417 -20.449   9.284  31.078 -21.371   9.311  30.021
 -21.105  10.324  31.636 -22.070  11.182  31.027 -22.356  10.282  32.974 -22.412
  11.107  33.421 -22.966   9.030  37.420 -21.288  10.096  37.523 -20.667   8.414
  38.465 -21.843   7.647  38.336 -22.487   8.891  39.820 -21.600   9.958  39.885
 -21.812   8.148  40.809 -22.514   8.665  41.768 -22.476   8.175  40.423 -23.533
   6.797  40.983 -22.109   6.364  41.604 -22.699   8.754  40.225 -20.131   9.430
  41.163 -19.695   7.899  39.549 -19.360   7.242  38.906 -19.778   7.862  39.732
 -17.912   8.158  40.752 -17.666   6.452  39.484 -17.362   6.360  38.409 -17.208
   6.396  39.994 -16.401   5.335  39.960 -18.247   5.565  39.686 -19.277   4.412
  39.468 -17.939   5.165  41.442 -18.152   5.057  41.724 -17.105   6.045  41.931
 -18.570   3.927  41.877 -18.925   3.408  40.982 -19.269   3.280  42.434 -18.247
   4.274  42.736 -20.102   4.873  42.220 -20.730   3.428  43.002 -20.586   4.755
  43.565 -19.784   8.837  38.790 -17.218   9.542  39.194 -16.290   8.886  37.535
 -17.670   8.312  37.256 -18.453   9.688  36.516 -17.004   9.545  36.498 -15.924
   9.321  35.134 -17.571   9.616  35.091 -18.620  10.034  34.039 -16.800   9.740
  34.081 -15.751   9.764  33.067 -17.214  11.112  34.180 -16.880   7.815  34.946
 -17.535   7.337  35.720 -18.136   7.561  33.966 -17.938   7.464  35.017 -16.506
  11.185  36.809 -17.136  11.946  36.648 -16.176  11.633  37.232 -18.316  11.000
  37.292 -19.101  13.044  37.559 -18.535  13.566  37.714 -17.591  13.757  36.444
 -19.312  14.639  36.858 -19.801  14.176  35.334 -18.371  13.294  34.919 -17.882
  14.681  34.550 -18.935  14.855  35.733 -17.617  12.839  35.908 -20.404  12.579
  36.715 -21.089  13.350  35.117 -20.953  11.931  35.509 -19.952  13.142  38.891
 -19.274  13.457  38.915 -20.473  12.883  40.012 -18.605  12.525  40.128 -17.178
  13.421  40.015 -16.567  11.808  39.350 -16.918  11.936  41.501 -17.086  12.108
  41.914 -16.092  10.865  41.460 -17.282  12.642  42.298 -18.139  13.624  42.595
 -17.770  12.100  43.181 -18.479  12.799  41.304 -19.295  11.930  41.283 -19.953
  14.044  41.595 -20.111  13.940  41.963 -21.292  15.239  41.435 -19.531  15.542
  40.943 -18.177  15.549  39.853 -18.175  14.787  41.303 -17.478  16.890  41.525
 -17.908  17.427  40.893 -17.201  16.780  42.526 -17.490  17.576  41.572 -19.221
  18.063  40.624 -19.448  18.313  42.374 -19.251  16.459  41.846 -20.245  16.358
  42.911 -20.454  16.721  41.094 -21.549  17.614  41.507 -22.300  15.984  40.027
 -21.864  15.217  39.757 -21.265  16.271  39.202 -23.036  17.343  39.182 -23.230
  15.793  37.773 -22.786  15.493  37.808 -21.739  14.910  37.646 -23.413  16.742
  36.601 -23.003  16.695  36.307 -24.052  18.159  36.967 -22.648  18.207  37.261
 -21.599  18.809  36.108 -22.815  18.488  37.798 -23.273  16.256  35.451 -22.168
  15.246  35.180 -22.475  16.919  34.596 -22.305  16.250  35.741 -21.117  15.604
  39.756 -24.291  14.454  40.200 -24.246  16.325  39.718 -25.416  17.310  39.495
 -25.396  15.732  40.116 -26.688  15.016  40.920 -26.520  16.806  40.612 -27.667
  16.290  40.938 -28.570  17.304  41.465 -27.206  17.850  39.544 -28.031  17.766
  38.403 -27.530  18.772  39.858 -28.827  14.902  38.961 -27.253  14.683  37.936
 -26.598  14.388  39.124 -28.470  14.538  39.939 -29.047  13.454  38.110 -28.937
  12.752  37.864 -28.141  12.663  38.615 -30.149  13.335  39.209 -30.768  12.320
  37.748 -30.714  11.441  39.480 -29.736  11.790  40.508 -29.643  10.714  39.415
 -30.545  10.766  39.033 -28.389  10.248  37.886 -28.285  10.757  39.842 -27.425
  14.162  36.793 -29.225  13.577  35.722 -29.026  15.427  36.839 -29.642  15.897
  37.708 -29.851  16.141  35.590 -29.888  15.538  34.929 -30.511  17.453  35.879
 -30.611  17.842  36.820 -30.221  18.155  35.075 -30.387  17.272  35.991 -32.128
  16.232  35.516 -32.657  18.175  36.544 -32.792  16.381  34.820 -28.592  16.209
  33.594 -28.547  16.759  35.528 -27.525  16.910  36.524 -27.592  16.964  34.884
 -26.236  17.682  34.076 -26.376  17.380  35.625 -25.554  15.693  34.316 -25.632
  15.715  33.229 -25.053  14.572  35.044 -25.738  14.588  35.978 -26.123  13.292
  34.509 -25.268  13.367  34.249 -24.212  12.184  35.542 -25.438  12.131  35.769
 -26.503  11.258  35.060 -25.123  12.373  36.806 -24.669  12.541  36.575 -23.617
  13.231  37.351 -25.062  11.130  37.657 -24.806  11.033  38.015 -25.831  10.247
  37.075 -24.540  11.217  38.808 -23.916  11.082  38.644 -22.929  11.470  40.048
 -24.325  11.644  40.287 -25.624  11.583  39.527 -26.287  11.836  41.227 -25.940
  11.540  41.045 -23.438  11.400  40.854 -22.456  11.732  41.985 -23.754  12.909
  33.248 -26.021  12.356  32.310 -25.437  13.172  33.224 -27.326  13.514  34.049
 -27.798  12.916  32.032 -28.119  11.865  31.751 -28.054  13.256  32.315 -29.581
  12.571  33.070 -29.968  14.279  32.686 -29.646  13.135  31.136 -30.343  13.350
  31.324 -31.259  13.713  30.841 -27.591  13.153  29.771 -27.319  15.028  31.012
 -27.438  15.471  31.893 -27.658  15.870  29.906 -27.000  15.780  29.073 -27.697
  17.329  30.341 -26.947  17.554  30.520 -27.998  17.418  31.276 -26.393  18.319
  29.314 -26.379  18.096  29.190 -25.319  18.239  27.950 -27.081  18.462  28.073
 -28.141  18.963  27.268 -26.635  17.236  27.540 -26.966  19.745  29.853 -26.411
  19.804  30.762 -25.813  20.426  29.106 -26.003  20.026  30.077 -27.440  15.421
  29.395 -25.647  15.210  28.192 -25.463  15.276  30.297 -24.680  15.523  31.267
 -24.817  14.788  29.888 -23.371  15.499  29.206 -22.904  14.620  31.106 -22.473
  15.609  31.555 -22.381  13.936  31.825 -22.923  14.112  30.717 -21.097  13.199
  30.131 -21.201  15.167  29.889 -20.375  16.080  30.475 -20.270  14.799  29.612
 -19.387  15.378  28.987 -20.950  13.758  31.945 -20.328  12.981  32.495 -20.858
  13.393  31.663 -19.340  14.641  32.575 -20.223  13.466  29.148 -23.492  13.247
  28.125 -22.830  12.565  29.663 -24.323  12.754  30.511 -24.839  11.256  29.043
 -24.470  10.725  29.051 -23.518  10.435  29.823 -25.493  10.584  30.891 -25.334
  10.765  29.556 -26.497   9.064  29.513 -25.351   8.555  30.008 -25.998  11.389
  27.590 -24.886  10.697  26.710 -24.361  12.297  27.322 -25.823  12.849  28.073
 -26.211  12.477  25.981 -26.364  11.510  25.501 -26.513  13.194  26.065 -27.713
  14.208  26.419 -27.528  13.232  25.059 -28.132  12.500  27.002 -28.701  11.462
  26.686 -28.802  12.534  28.014 -28.296  13.145  27.008 -30.084  13.325  25.952
 -30.691  13.495  28.197 -30.587  13.925  28.249 -31.499  13.328  29.037 -30.052
  13.239  25.071 -25.408  13.067  23.845 -25.459  14.093  25.640 -24.549  14.336
  26.618 -24.617  14.745  24.837 -23.526  15.057  23.884 -23.954  15.977  25.551
 -22.974  15.629  26.462 -22.486  16.426  24.891 -22.232  17.002  25.902 -24.019
  17.398  24.984 -24.453  16.527  26.497 -24.799  18.356  26.847 -23.296  19.203
  25.586 -22.371  19.537  24.800 -23.048  20.066  26.022 -21.868  18.526  25.162
 -21.629  13.795  24.497 -22.391  14.066  23.554 -21.643  12.686  25.234 -22.255
  12.542  26.029 -22.861  11.708  24.980 -21.204  12.086  24.210 -20.531  11.436
  26.248 -20.392  11.111  26.967 -21.144  10.611  26.038 -19.711  12.612  26.831
 -19.604  13.417  27.081 -20.295  12.178  28.074 -18.867  11.373  27.825 -18.175
  13.022  28.480 -18.310  11.824  28.816 -19.582  13.167  25.802 -18.648  13.512
  24.933 -19.209  14.002  26.232 -18.095  12.388  25.497 -17.949  10.409  24.418
 -21.761   9.373  24.488 -21.106  10.447  23.858 -22.956  11.286  23.911 -23.515
   9.288  23.180 -23.515   8.463  23.877 -23.659   9.680  22.599 -24.874  10.458
  23.221 -25.317  10.046  21.577 -24.773   8.564  22.556 -25.850   7.593  21.576
 -25.820   6.725  21.794 -26.792   5.879  21.124 -26.943   7.096  22.883 -27.444
   6.619  23.291 -28.235   8.245  23.380 -26.873   8.707  24.282 -27.274   8.810
  22.074 -22.572   9.615  21.298 -22.051   7.493  21.994 -22.343   6.846  22.658
 -22.744   6.964  20.961 -21.452   7.456  21.029 -20.482   5.458  21.132 -21.250
   5.080  21.549 -22.184   5.023  20.145 -21.091   5.078  22.040 -20.103   5.387
  21.711 -18.782   5.922  20.784 -18.576   5.018  22.555 -17.728   5.265  22.290
 -16.700   4.319  23.737 -17.998   3.944  24.602 -16.983   4.214  24.299 -16.113
   3.999  24.067 -19.303   3.453  24.985 -19.520   4.377  23.220 -20.341   4.125
  23.474 -21.371   7.252  19.563 -21.985   7.662  18.674 -21.233   7.024  19.339
 -23.270   6.721  20.099 -23.862   7.132  18.005 -23.856   6.714  17.260 -23.179
   6.352  17.959 -25.177   5.316  18.204 -24.945   6.765  18.719 -25.841   6.411
  16.593 -25.866   7.064  15.656 -25.335   5.805  16.459 -26.961   8.594  17.618
 -24.066   9.280  18.223 -24.901   9.107  16.619 -23.342   8.437  15.807 -22.320
   7.741  15.117 -22.797   7.892  16.456 -21.634   9.583  15.100 -21.652   9.244
  14.119 -21.319   9.902  15.685 -20.790  10.669  14.987 -22.643  10.557  14.077
 -23.232  11.651  14.995 -22.171  10.513  16.216 -23.547  11.141  17.039 -23.207
  10.848  15.888 -24.994  11.999  16.088 -25.413   9.885  15.399 -25.783   8.962
  15.183 -25.435  10.186  15.097 -27.179  11.141  14.576 -27.244   9.103  14.208
 -27.787   8.120  14.653 -27.628   9.296  14.128 -28.857   9.107  12.839 -27.198
  10.166  12.304 -26.862   7.924  12.261 -27.037   7.868  11.333 -26.642   7.084
  12.751 -27.310  10.350  16.352 -28.012  11.014  16.309 -29.049   9.769  17.466
 -27.588   9.191  17.472 -26.760   9.901  18.697 -28.344  10.206  18.474 -29.366
   8.561  19.442 -28.384   8.363  19.774 -27.365   8.711  20.310 -29.025   7.358
  18.622 -28.901   7.348  17.685 -28.345   6.459  19.192 -28.667   7.396  18.323
 -30.406   6.430  17.909 -30.695   7.561  19.262 -30.935   8.509  17.327 -30.770
   9.459  17.856 -30.695   8.482  16.523 -30.034   8.366  16.746 -32.154   8.391
  17.491 -32.836   9.125  16.103 -32.329   7.486  16.255 -32.224  10.974  19.616
 -27.793  11.430  20.508 -28.510  11.409  19.408 -26.558  11.009  18.685 -25.977
  12.433  20.269 -25.983  12.100  21.307 -25.977  12.699  19.835 -24.547  11.731
  19.584 -24.114  13.315  18.937 -24.603  13.385  20.861 -23.682  14.390  21.049
 -24.060  12.815  21.790 -23.689  13.469  20.335 -22.273  14.018  19.393 -22.267
  13.985  21.060 -21.643  12.137  20.103 -21.725  11.392  20.695 -22.064  11.847
  19.177 -20.811  12.797  18.376 -20.333  13.746  18.470 -20.665  12.564  17.678
 -19.641  10.603  19.045 -20.380   9.879  19.647 -20.746  10.384  18.343 -19.687
  13.719  20.244 -26.817  14.185  19.185 -27.246  14.291  21.431 -27.047  13.909
  22.265 -26.625  15.433  21.571 -27.943  15.196  21.177 -28.931  15.802  23.055
 -28.060  14.901  23.634 -28.264  16.424  23.532 -26.781  17.325  22.954 -26.577
  16.683  24.587 -26.873  15.717  23.402 -25.962  16.775  23.287 -29.214  17.695
  22.750 -28.982  16.326  22.865 -30.113  17.093  24.764 -29.448  17.543  25.186
 -28.549  17.789  24.859 -30.281  16.174  25.302 -29.680  16.623  20.759 -27.456
  16.887  20.668 -26.255  17.364  20.182 -28.392  17.069  20.212 -29.358  18.591
  19.471 -28.067  18.442  18.880 -27.164  18.996  18.535 -29.201  19.725  17.821
 -28.818  18.110  18.001 -29.543  19.559  19.248 -30.277  19.804  18.635 -30.974
  19.711  20.462 -27.802  19.641  21.632 -28.176  20.760  19.986 -27.142  20.773
  19.058 -26.743  21.913  20.851 -26.919  21.581  21.765 -26.426  22.932  20.153
 -26.019  23.280  19.241 -26.503  23.779  20.817 -25.845  22.465  19.903 -25.066
  22.545  21.259 -28.244  22.866  22.433 -28.458  22.721  20.293 -29.152  22.520
  19.332 -28.913  23.250  20.580 -30.484  24.257  20.991 -30.410  23.308  19.284
 -31.304  23.837  18.561 -30.682  22.273  18.965 -31.431  23.985  19.371 -32.671
  23.440  18.735 -33.369  23.942  20.405 -33.013  25.428  18.922 -32.602  25.985
  19.631 -31.990  25.465  17.936 -32.139  26.045  18.854 -33.983  26.051  19.854
 -34.416  27.069  18.491 -33.894  25.280  17.951 -34.850  24.331  18.287 -34.933
  25.707  17.920 -35.765  25.275  17.024 -34.449  22.394  21.624 -31.187  22.897
  22.648 -31.661  21.089  21.378 -31.261  20.694  20.515 -30.916  20.199  22.339
 -31.895  20.484  22.466 -32.939  18.763  21.836 -31.840  18.460  21.713 -30.800
  18.106  22.557 -32.326  18.693  20.877 -32.354  20.308  23.694 -31.227  20.301
  24.731 -31.903  20.420  23.708 -29.896  20.414  22.856 -29.354  20.491  24.982
 -29.183  19.615  25.578 -29.440  20.501  24.754 -27.668  21.377  24.166 -27.394
  20.535  25.715 -27.156  19.598  24.218 -27.375  21.718  25.770 -29.609  21.663
  26.998 -29.740  22.842  25.078 -29.824  22.900  24.092 -29.613  24.039  25.751
 -30.320  24.351  26.525 -29.619  25.175  24.745 -30.472  24.753  23.923 -31.051
  25.992  25.202 -31.031  25.704  24.212 -29.145  24.863  23.908 -28.522  26.612
  23.024 -29.381  27.454  23.327 -30.003  26.982  22.654 -28.425  26.054  22.234
 -29.885  26.440  25.301 -28.378  25.759  26.128 -28.177  26.808  24.897 -27.435
  27.281  25.659 -28.972  23.780  26.455 -31.646  24.400  27.486 -31.929  22.880
  25.912 -32.474  22.431  25.044 -32.219  22.544  26.510 -33.751  23.462  26.913
 -34.180  21.988  25.457 -34.696  21.064  25.051 -34.285  21.785  25.910 -35.666
  22.716  24.654 -34.815  21.530  27.631 -33.646  21.237  28.263 -34.661  20.977
  27.897 -32.470  21.248  27.405 -31.631  19.926  28.899 -32.374  19.114  28.644
 -33.055  19.368  28.967 -30.953  19.199  27.966 -30.557  20.074  29.496 -30.313
  18.060  29.698 -30.846  17.981  31.066 -30.675  16.711  31.424 -30.600  16.439
  32.471 -30.462  15.961  30.341 -30.718  14.952  30.311 -30.700  16.779  29.248
 -30.871  16.345  28.254 -30.982  20.459  30.270 -32.778  21.644  30.558 -32.585
  19.595  31.143 -33.318  18.175  30.918 -33.634  17.584  30.964 -32.719  18.053
  29.938 -34.095  17.863  32.029 -34.572  16.822  32.319 -34.428  18.001  31.668
 -35.591  18.774  33.141 -34.282  18.337  33.802 -33.534  19.011  33.714 -35.179
  20.048  32.491 -33.724  20.813  32.357 -34.489  20.610  33.319 -32.590  21.320
  34.297 -32.853  20.280  32.975 -31.342  19.628  32.218 -31.190  20.792  33.691
 -30.178  20.446  34.725 -30.180  20.276  33.005 -28.909  19.191  32.906 -28.920
  20.730  32.015 -28.857  20.630  33.708 -27.630  20.127  34.961 -27.347  19.482
  35.449 -28.077  20.430  35.596 -26.160  20.029  36.589 -25.957  21.232  34.982
 -25.239  21.474  35.482 -24.301  21.734  33.728 -25.500  22.374  33.236 -24.767
  21.429  33.092 -26.688  21.820  32.095 -26.888  22.310  33.744 -30.178  22.893
  34.710 -29.672  22.958  32.714 -30.736  22.398  31.975 -31.138  24.408  32.574
 -30.762  24.857  33.237 -30.022  24.812  31.133 -30.437  24.333  30.454 -31.142
  25.894  31.018 -30.501  24.412  30.678 -29.064  24.941  31.284 -27.932  25.656
  32.099 -28.045  24.571  30.866 -26.680  24.987  31.355 -25.799  23.674  29.828
 -26.534  23.382  29.498 -25.537  23.148  29.209 -27.645  22.443  28.385 -27.532
  23.515  29.634 -28.904  23.099  29.148 -29.786  25.025  32.961 -32.099  26.203
  32.674 -32.319  24.273  33.590 -33.005  23.301  33.812 -32.843  24.841  33.882
 -34.319  25.137  32.953 -34.807  23.814  34.594 -35.205  24.299  34.784 -36.162
  22.985  33.901 -35.349  23.289  35.897 -34.638  22.771  35.701 -33.699  24.136
  36.559 -34.454  22.335  36.586 -35.580  22.407  36.391 -36.796  21.422  37.390
 -35.027  20.759  37.875 -35.614  21.399  37.509 -34.024  26.134  34.693 -34.188
  27.186  34.287 -34.700  26.093  35.815 -33.461  25.219  36.154 -33.085  27.290
  36.635 -33.280  27.716  36.897 -34.249  26.925  37.933 -32.536  27.856  38.458
 -32.321  26.315  38.537 -33.208  26.155  37.692 -31.219  25.751  36.541 -30.935
  25.952  38.673 -30.462  28.443  35.902 -32.566  29.527  36.484 -32.433  28.257
  34.654 -32.125  27.341  34.235 -32.201  29.310  33.902 -31.441  30.229  34.484
 -31.367  28.877  33.475 -30.014  27.910  32.977 -30.084  29.897  32.523 -29.368
  30.864  33.020 -29.297  29.556  32.248 -28.370  29.994  31.625 -29.979  28.677
  34.688 -29.127  27.903  35.326 -29.553  28.374  34.365 -28.131  29.611  35.246
 -29.058  29.777  32.682 -32.236  30.794  32.069 -31.864  29.087  32.316 -33.320
  28.298  32.874 -33.614  29.403  31.116 -34.078  30.468  30.896 -34.004  28.613
  29.906 -33.551  28.705  29.875 -32.465  27.133  30.004 -33.935  27.040  30.035
 -35.021  26.599  29.136 -33.550  26.706  30.912 -33.508  29.156  28.697 -34.093
  28.659  27.946 -33.761  29.088  31.349 -35.548  28.027  31.885 -35.883  30.024
  30.973 -36.423  30.965  30.723 -36.153  29.686  30.962 -37.843  28.849  31.638
 -38.018  30.871  31.413 -38.711  31.103  32.440 -38.430  31.715  30.770 -38.462
  30.603  31.344 -40.221  30.396  30.305 -40.478  29.724  31.952 -40.434  31.778
  31.846 -41.047  32.673  31.308 -40.735  31.576  31.635 -42.097  31.997  33.353
 -40.862  31.962  33.552 -39.791  32.993  33.581 -41.241  30.987  34.212 -41.563
  30.064  34.001 -41.211  31.198  35.185 -41.394  31.019  34.028 -42.556  29.245
  29.560 -38.270  29.779  28.553 -37.766  28.269  29.480 -39.181  27.478  30.592
 -39.747  28.152  31.372 -40.103  26.825  31.001 -38.976  26.708  29.938 -40.865
  27.272  30.013 -41.795  25.743  30.431 -40.985  26.530  28.501 -40.444  26.470
  27.868 -41.329  25.649  28.341 -39.823  27.801  28.166 -39.647  27.577  27.556
 -38.772  28.843  27.454 -40.510  29.535  28.061 -41.338  28.952  26.152 -40.287
  28.383  25.745 -39.559  29.876  25.286 -41.005  30.702  25.854 -41.432  30.453
  24.195 -40.086  31.292  23.708 -40.582  30.929  24.826 -38.789  30.090  25.313
 -38.292  31.338  24.054 -38.137  31.701  25.564 -39.005  29.421  23.097 -39.802
  29.117  22.632 -40.740  29.862  22.343 -39.150  28.550  23.534 -39.314  29.117
  24.659 -42.193  28.039  24.098 -41.973  29.641  24.753 -43.402  30.899  25.416
 -43.777  31.741  24.824 -43.418  30.934  26.408 -43.326  30.830  25.471 -45.270
  31.835  25.377 -45.681  30.400  26.425 -45.576  29.955  24.327 -45.695  30.548
  23.415 -45.770  29.444  24.506 -46.641  28.928  24.190 -44.564  28.040  24.798
 -44.735  28.517  22.738 -44.363  29.348  21.865 -44.108  27.222  22.473 -44.505
  26.565  23.215 -44.701  26.706  21.122 -44.330  27.226  20.633 -43.506  25.204
  21.154 -44.012  25.041  21.773 -43.130  24.648  21.568 -44.853  24.596  19.808
 -43.713  24.859  19.107 -42.552  24.190  17.965 -42.566  24.272  17.264 -41.735
  23.495  17.902 -43.689  22.891  17.144 -43.972  23.725  19.044 -44.422  23.231
  19.183 -45.384  26.981  20.317 -45.592  26.685  20.760 -46.706  27.574  19.151
 -45.419  27.951  18.901 -44.516  27.741  18.216 -46.518  27.847  18.754 -47.460
  29.001  17.380 -46.288  29.791  18.109 -46.465  29.001  17.093 -45.237  29.244
  16.151 -47.149  28.346  15.534 -47.121  29.565  16.514 -48.591  30.464  17.130
 -48.620  29.731  15.604 -49.167  28.731  17.069 -49.021  30.347  15.352 -46.532
  30.058  15.050 -45.525  30.536  14.465 -47.137  31.252  15.958 -46.484  26.502
  17.331 -46.617  26.091  16.732 -45.619  25.904  17.251 -47.814  26.246  17.785
 -48.600  24.710  16.428 -48.001  23.940  16.744 -47.297  24.160  16.559 -49.413
  24.989  16.397 -50.102  23.418  15.772 -49.548  23.534  17.887 -49.691  22.942
  17.819 -50.604  22.886  18.157 -48.858  24.601  18.942 -49.861  24.874  19.337
 -48.882  25.478  18.493 -50.328  24.137  20.047 -50.700  24.095  19.883 -51.696
  23.763  21.238 -50.236  23.807  21.487 -48.929  24.125  20.770 -48.292  23.523
  22.391 -48.580  23.353  22.184 -51.079  23.327  21.995 -52.071  23.070  23.086
 -50.723  24.970  14.955 -47.713  24.657  14.466 -46.624  25.501  14.228 -48.685
  25.720  14.648 -49.577  25.735  12.794 -48.517  25.885  12.572 -47.460  24.533
  11.968 -49.029  24.377  12.504 -49.965  24.912  10.968 -49.242  23.194  11.859
 -48.270  22.545  11.199 -48.845  23.343  11.312 -46.841  23.992  11.971 -46.265
  22.363  11.262 -46.366  23.780  10.314 -46.877  22.431  13.187 -48.272  22.219
  13.483 -49.299  21.494  13.069 -47.728  23.036  13.955 -47.790  27.010  12.369
 -49.247  28.036  13.036 -49.166  26.427  11.411 -49.622  29.880   1.124 -41.744
  29.916   0.887 -40.763  30.805   1.396 -42.046  29.382   0.396 -42.236  29.061
   2.318 -41.891  29.695   3.064 -42.370  28.247   2.048 -42.563  28.472   2.913
 -40.610  29.141   2.987 -39.567  27.196   3.337 -40.693  26.718   3.163 -41.566
  26.482   4.069 -39.645  26.831   3.758 -38.661  26.743   5.576 -39.805  27.813
   5.742 -39.680  26.448   5.857 -40.816  26.029   6.367 -38.867  26.229   7.295
 -39.013  24.983   3.752 -39.710  24.331   4.067 -40.720  24.389   3.104 -38.657
  25.085   2.338 -37.613  25.219   2.961 -36.729  26.059   2.018 -37.982  24.120
   1.137 -37.360  23.615   1.272 -36.404  24.692   0.209 -37.340  23.139   1.141
 -38.507  22.173   0.719 -38.228  23.505   0.645 -39.406  22.997   2.641 -38.761
  22.657   2.896 -39.765  22.043   3.234 -37.738  21.140   2.533 -37.276  22.216
   4.459 -37.360  22.997   5.054 -37.598  21.196   4.985 -36.466  20.649   4.163
 -36.005  21.839   5.830 -35.356  22.558   6.421 -35.923  21.066   6.486 -34.956
  22.559   5.120 -34.197  23.081   4.248 -34.589  23.571   6.063 -33.522  23.049
   6.936 -33.129  24.068   5.539 -32.705  24.314   6.383 -34.253  21.549   4.571
 -33.183  20.890   3.857 -33.676  22.081   4.073 -32.372  20.957   5.392 -32.778
  20.182   5.819 -37.241  20.401   6.166 -38.407  19.045   6.139 -36.624  18.537
   5.535 -35.372  19.275   5.671 -34.582  18.366   4.470 -35.530  17.254   6.292
 -35.105  17.446   7.098 -34.397  16.509   5.614 -34.690  16.802   6.835 -36.459
  16.262   7.767 -36.291  16.181   6.155 -37.042  18.113   7.119 -37.207  18.039
   6.934 -38.279  18.595   8.552 -36.969  19.545   8.797 -36.221  17.921   9.514
 -37.605  17.201   9.296 -38.279  18.263  10.923 -37.384  19.340  11.091 -37.415
  17.592  11.855 -38.401  16.566  12.053 -38.091  18.363  13.169 -38.475  19.389
  12.972 -38.786  17.886  13.831 -39.198  18.366  13.645 -37.494  17.479  11.189
 -39.766  16.882  10.281 -39.680  17.000  11.873 -40.466  18.474  10.935 -40.131
  17.866  11.295 -35.955  16.679  11.448 -35.649  18.866  11.470 -35.090  19.821
  11.417 -35.414  18.630  11.696 -33.671  17.771  11.114 -33.337  19.854  11.267
 -32.865  20.616  11.973 -33.195  19.631  11.440 -31.812  20.370   9.833 -33.050
  20.508   9.630 -34.112  21.700   9.675 -32.327  21.563   9.877 -31.265  22.067
   8.657 -32.458  22.424  10.377 -32.740  19.362   8.779 -32.562  18.433   8.877
 -33.123  19.775   7.782 -32.715  19.163   8.930 -31.501  18.312  13.168 -33.408
  19.090  14.053 -33.785  17.165  13.427 -32.761  16.518  12.670 -32.592  16.772
  14.778 -32.360  17.097  15.494 -33.115  15.240  14.879 -32.211  14.992  15.928
 -32.045  14.794  14.544 -33.148  14.731  14.097 -31.138  13.777  14.198 -31.093
  17.455  15.235 -31.072  17.231  16.375 -30.646  18.289  14.376 -30.461  18.342
  13.440 -30.838  19.062  14.684 -29.258  18.784  15.668 -28.882  18.785  13.637
 -28.155  19.457  13.821 -27.316  17.752  13.730 -27.820  18.983  12.178 -28.562
  18.053  11.344 -29.147  17.066  11.765 -29.341  18.606  10.098 -29.369  18.133
   9.312 -29.791  19.904  10.101 -28.923  20.861   9.078 -28.929  20.580   8.108
 -29.340  22.103   9.364 -28.413  22.870   8.589 -28.400  22.410  10.633 -27.901
  23.399  10.852 -27.499  21.456  11.656 -27.891  21.745  12.627 -27.488  20.179
  11.392 -28.407  20.571  14.778 -29.494  21.297  15.181 -28.575  21.063  14.421
 -30.686  20.447  13.956 -31.337  22.463  14.609 -31.068  22.751  15.637 -30.849
  23.386  13.664 -30.288  23.116  12.631 -30.504  24.420  13.838 -30.585  23.279
  13.851 -29.219  22.625  14.405 -32.576  21.739  14.780 -33.352  23.749  13.834
 -33.011  24.495  13.655 -32.354  23.974  13.513 -34.420  23.069  13.721 -34.991
  25.124  14.353 -34.999  25.547  14.976 -34.211  25.887  13.669 -35.369  24.676
  15.260 -36.155  23.478  15.355 -36.469  25.642  15.943 -36.780  25.407  16.556
 -37.548  26.602  15.843 -36.481  24.258  12.019 -34.567  25.170  11.491 -33.919
  23.493  11.342 -35.433  22.900  11.826 -36.092  23.428   9.881 -35.384  23.322
   9.542 -34.353  22.219   9.395 -36.185  21.912   8.460 -35.717  21.445  10.147
 -36.035  22.428   9.169 -37.692  23.435   8.772 -37.821  21.700   8.423 -38.010
  22.266  10.430 -38.538  21.304  10.895 -38.325  23.067  11.133 -38.309  22.323
  10.102 -39.961  22.923   9.336 -40.232  21.655  10.749 -40.908  20.868  11.771
 -40.584  20.782  12.051 -39.618  20.360  12.262 -41.306  21.764  10.363 -42.176
  22.355   9.579 -42.413  21.255  10.856 -42.896  24.720   9.226 -35.878  25.337
   8.425 -35.167  25.129   9.544 -37.107  24.503  10.027 -37.735  26.442   9.162
 -37.601  26.514   8.079 -37.701  26.657   9.799 -38.984  27.466  10.520 -38.867
  26.980   8.995 -39.645  25.396  10.519 -39.608  25.456  10.320 -40.678  24.514
  10.028 -39.197  25.293  12.069 -39.368  25.078  12.526 -38.212  25.407  12.833
 -40.358  27.534   9.579 -36.624  28.524   8.860 -36.460  27.373  10.744 -35.978
  26.569  11.324 -36.171  28.375  11.241 -35.040  29.372  11.175 -35.476  28.077
  12.711 -34.720  27.987  13.210 -35.685  27.109  12.713 -34.218  29.107  13.457
 -33.851  29.353  12.815 -33.006  30.000  13.622 -34.453  28.579  14.812 -33.331
  29.194  15.370 -32.385  27.550  15.309 -33.867  28.407  10.389 -33.775  29.489
  10.031 -33.291  27.228  10.045 -33.233  26.362  10.408 -33.604  27.171   9.196
 -32.047  27.800   9.588 -31.248  25.728   9.081 -31.525  25.094   8.678 -32.314
  25.679   8.167 -30.324  26.313   8.570 -29.534  24.653   8.094 -29.964  26.036
   7.176 -30.606  25.182  10.429 -31.169  25.186  11.068 -32.052  24.161  10.323
 -30.802  25.801  10.879 -30.393  27.751   7.829 -32.358  28.523   7.269 -31.567
  27.409   7.279 -33.523  26.787   7.748 -34.166  27.869   5.941 -33.860  27.611
   5.245 -33.062  27.205   5.469 -35.153  26.164   5.773 -35.257  27.780   5.849
 -35.997  27.227   3.999 -35.256  28.212   3.227 -35.809  29.058   3.750 -36.254
  27.900   1.896 -35.673  28.452   1.124 -36.019  26.702   1.786 -35.014  25.971
   0.651 -34.662  26.373  -0.330 -34.914  24.779   0.848 -34.014  24.181  -0.013
 -33.716  24.303   2.147 -33.721  23.351   2.294 -33.211  25.031   3.269 -34.073
  24.616   4.249 -33.837  26.251   3.098 -34.734  29.388   5.892 -33.974  30.034
   4.983 -33.434  29.977   6.867 -34.675  29.428   7.560 -35.163  31.426   6.905
 -34.823  31.788   5.950 -35.203  31.822   8.007 -35.811  30.923   8.598 -35.985
  32.566   8.620 -35.302  32.386   7.530 -37.152  33.474   7.570 -37.106  32.067
   6.501 -37.318  31.887   8.417 -38.314  30.908   8.041 -38.610  31.785   9.430
 -37.926  32.827   8.428 -39.542  33.195   7.408 -39.651  32.203   8.682 -40.399
  34.007   9.388 -39.471  34.585   9.152 -38.677  34.552   9.315 -40.318  33.666
  10.333 -39.370  32.108   7.094 -33.477  33.190   6.549 -33.258  31.487   7.844
 -32.568  30.675   8.389 -32.822  32.001   7.961 -31.208  33.022   8.342 -31.206
  31.100   8.903 -30.386  30.058   8.640 -30.568  31.399   8.781 -28.910  32.441
   9.044 -28.727  30.751   9.455 -28.350  31.222   7.755 -28.586  31.279  10.356
 -30.833  30.902  10.449 -31.852  30.693  10.992 -30.170  32.731  10.785 -30.791
  33.318  10.149 -31.454  32.813  11.822 -31.116  33.108  10.693 -29.773  32.108
   6.582 -30.567  33.160   6.194 -30.047  31.037   5.827 -30.574  30.170   6.188
 -30.947  31.027   4.493 -29.948  31.439   4.544 -28.940  29.598   3.987 -29.863
  29.224   3.875 -30.881  29.620   3.012 -29.375  28.686   4.918 -29.090  28.668
   5.867 -29.627  27.690   4.474 -29.103  29.185   5.215 -27.370  28.738   6.939
 -27.206  27.669   7.056 -27.382  28.980   7.284 -26.201  29.293   7.530 -27.935
  31.950   3.508 -30.679  32.538   2.691 -29.999  32.044   3.575 -32.005  31.451
   4.163 -32.573  33.007   2.710 -32.677  32.863   1.679 -32.354  32.826   2.776
 -34.189  32.762   3.831 -34.456  33.700   2.333 -34.666  31.574   2.058 -34.662
  30.719   2.361 -34.058  31.333   2.423 -36.075  32.188   2.120 -36.680  30.437
   1.917 -36.434  31.197   3.502 -36.154  31.740   0.556 -34.523  31.919   0.305
 -33.478  30.834   0.056 -34.866  32.587   0.226 -35.125  34.422   3.093 -32.290
  35.272   2.226 -32.044  34.688   4.393 -32.207  34.012   5.101 -32.458  36.028
   4.820 -31.835  36.767   4.265 -32.413  36.209   6.313 -32.116  35.323   6.848
 -31.776  37.082   6.673 -31.571  36.410   6.597 -33.603  36.799   5.708 -34.366
  36.147   7.831 -34.019  36.265   8.068 -34.994  35.831   8.527 -33.359  36.319
   4.482 -30.387  37.478   4.227 -30.031  35.302   4.396 -29.551  34.365   4.611
 -29.859  35.496   3.951 -28.153  36.251   4.566 -27.664  34.188   4.084 -27.386
  33.624   4.847 -27.922  33.695   3.119 -27.502  34.252   4.443 -25.921  34.935
   3.774 -25.398  34.588   5.473 -25.799  32.874   4.296 -25.349  32.542   5.252
 -24.943  32.185   3.975 -26.131  32.901   3.270 -24.254  32.014   3.349 -23.625
  32.965   2.263 -24.667  34.101   3.546 -23.446  34.042   4.479 -23.063  34.161
   2.876 -22.692  34.923   3.472 -24.028  35.904   2.488 -28.146  36.824   2.162
 -27.435  35.208   1.656 -28.903  34.407   1.961 -29.437  35.539   0.238 -28.905
  35.507  -0.162 -27.892  34.520  -0.513 -29.759  33.533  -0.236 -29.390  34.639
  -0.155 -30.782  34.662  -2.004 -29.733  35.350  -2.327 -30.515  35.066  -2.278
 -28.758  33.334  -2.672 -29.929  32.537  -2.630 -28.969  33.074  -3.207 -31.035
  36.973   0.001 -29.383  37.683  -0.850 -28.833  37.434   0.766 -30.378  36.844
   1.433 -30.855  38.817   0.606 -30.841  38.968  -0.415 -31.190  39.127   1.569
 -31.994  38.926   2.574 -31.624  40.191   1.467 -32.209  38.325   1.327 -33.271
  38.602   0.355 -33.679  37.264   1.327 -33.023  38.604   2.410 -34.306  38.503
   3.384 -33.828  39.624   2.289 -34.671  37.634   2.316 -35.472  37.766   1.354
 -35.967  36.615   2.392 -35.093  37.886   3.424 -36.456  38.830   3.354 -36.808
  37.234   3.347 -37.224  37.763   4.316 -35.998  39.832   0.822 -29.722  40.878
   0.171 -29.702  39.563   1.732 -28.792  38.708   2.269 -28.814  40.530   2.012
 -27.733  41.540   2.018 -28.144  40.255   3.371 -27.093  41.146   3.701 -26.559
  39.900   4.383 -28.150  39.008   4.054 -28.684  39.706   5.347 -27.680  40.728
   4.481 -28.852  39.171   3.254 -26.167  38.999   4.109 -25.766  40.546   0.959
 -26.634  41.477   0.958 -25.822  39.547   0.078 -26.578  38.794   0.159 -27.246
  39.470  -0.981 -25.571  40.084  -0.715 -24.711  38.036  -1.177 -25.102  37.378
  -0.995 -25.952  37.964  -2.223 -24.805  37.623  -0.301 -23.954  37.345   1.044
 -24.146  37.437   1.464 -25.148  36.953   1.857 -23.083  36.749   2.916 -23.243
  36.826   1.313 -21.823  36.437   2.096 -20.762  36.278   3.010 -21.009  37.088
  -0.027 -21.618  36.985  -0.458 -20.622  37.482  -0.824 -22.681  37.687  -1.883
 -22.522  40.017  -2.267 -26.174  39.330  -2.944 -26.938  41.241  -2.620 -25.815
  41.772  -2.061 -25.163  41.871  -3.799 -26.384  41.515  -3.950 -27.403  43.389
  -3.636 -26.416  43.648  -3.503 -25.366  43.818  -4.570 -26.780  43.944  -2.473
 -27.227  43.908  -1.563 -26.628  45.394  -2.767 -27.620  45.431  -3.677 -28.219
  45.790  -1.934 -28.200  45.995  -2.900 -26.720  43.088  -2.212 -28.450  42.072
  -1.969 -28.138  43.504  -1.377 -29.014  43.071  -3.102 -29.079  41.508  -5.051
 -25.594  41.483  -5.042 -24.359  41.235  -6.136 -26.316  41.074  -6.038 -27.308
  41.113  -7.460 -25.725  41.440  -7.420 -24.686  39.675  -7.965 -25.764  39.319
  -7.849 -26.788  39.697  -9.024 -25.505  38.736  -7.228 -24.812  38.073  -7.958
 -24.348  39.337  -6.743 -24.043  37.904  -6.180 -25.543  38.546  -5.570 -26.178
  37.144  -6.666 -26.155  37.242  -5.313 -24.578  37.486  -5.436 -23.606  36.343
  -4.382 -24.895  35.808  -3.643 -23.932  36.085  -3.792 -22.972  35.126  -2.935
 -24.163  35.970  -4.185 -26.165  36.373  -4.748 -26.900  35.287  -3.474 -26.383
  42.030  -8.414 -26.471  42.255  -8.260 -27.671  42.578  -9.389 -25.755  42.299
  -9.525 -24.794  43.620 -10.256 -26.303  43.766 -10.025 -27.358  44.944 -10.058
 -25.573  45.264  -9.027 -25.724  44.774 -10.233 -24.511  46.026 -11.003 -26.076
  45.871 -11.586 -27.177  47.038 -11.163 -25.366  43.197 -11.716 -26.216  43.194
 -12.304 -25.127  42.907 -12.310 -27.374  42.959 -11.770 -28.226  42.475 -13.700
 -27.461  41.571 -13.869 -26.876  42.174 -13.998 -28.913  42.836 -14.788 -29.268
  41.138 -14.322 -29.011  42.391 -12.755 -29.734  41.453 -12.204 -29.803  43.142
 -12.134 -29.246  42.861 -13.075 -31.118  42.776 -14.227 -31.569  43.364 -12.059
 -31.817  43.698 -12.213 -32.758  43.409 -11.139 -31.403  43.494 -14.709 -26.931
  43.126 -15.865 -26.696  44.768 -14.333 -26.767  45.054 -13.393 -27.001  45.790
 -15.276 -26.312  45.361 -16.277 -26.261  46.989 -15.305 -27.267  47.474 -14.330
 -27.325  47.705 -16.045 -26.910  46.636 -15.692 -28.668  46.654 -14.792 -29.713
  46.279 -15.402 -30.823  46.230 -14.858 -31.767  46.015 -16.665 -30.535  45.706
 -17.370 -31.188  46.229 -16.873 -29.192  46.062 -17.860 -28.760  46.280 -14.971
 -24.904  47.333 -15.477 -24.502  45.552 -14.150 -24.142  44.646 -13.803 -24.423
  46.133 -13.646 -22.899  47.078 -13.148 -23.114  45.189 -12.638 -22.218  45.704
 -12.060 -21.451  44.816 -11.965 -22.990  43.974 -13.252 -21.554  44.087 -13.957
 -20.361  45.073 -14.074 -19.911  42.974 -14.507 -19.744  43.083 -15.073 -18.819
  41.728 -14.336 -20.304  40.848 -14.762 -19.822  41.594 -13.621 -21.481  40.609
 -13.485 -21.926  42.713 -13.078 -22.094  42.606 -12.505 -23.015  46.505 -14.784
 -21.959  47.431 -14.642 -21.151  45.814 -15.924 -22.068  45.048 -16.010 -22.721
  46.106 -17.052 -21.194  46.085 -16.733 -20.152  45.064 -18.143 -21.389  44.898
 -18.229 -22.463  45.444 -19.089 -21.004  43.754 -17.806 -20.701  43.306 -16.925
 -21.160  42.821 -18.983 -20.855  43.268 -19.864 -20.395  41.872 -18.761 -20.367
  42.648 -19.174 -21.914  44.022 -17.488 -19.243  44.700 -16.637 -19.175  43.083
 -17.245 -18.745  44.476 -18.353 -18.759  47.502 -17.622 -21.411  48.005 -18.333
 -20.533  48.132 -17.332 -22.556  47.643 -16.897 -23.325  49.529 -17.706 -22.747
  49.648 -18.782 -22.618  49.985 -17.330 -24.155  49.648 -16.312 -24.348  51.075
 -17.359 -24.166  49.444 -18.254 -25.230  49.894 -19.235 -25.078  48.363 -18.327
 -25.107  49.761 -17.764 -26.632  50.502 -16.761 -26.764  49.262 -18.376 -27.607
  50.422 -17.059 -21.698  51.442 -17.638 -21.304  50.041 -15.882 -21.209  49.259
 -15.392 -21.619  50.777 -15.231 -20.131  51.847 -15.245 -20.337  50.320 -13.776
 -20.020  49.259 -13.771 -19.771  50.883 -13.304 -19.215  50.540 -13.007 -21.311
  51.614 -12.924 -21.477  50.090 -13.574 -22.126  49.940 -11.608 -21.302  49.346
 -11.171 -20.304  50.093 -10.895 -22.424  49.717  -9.959 -22.479  50.584 -11.296
 -23.210  50.630 -15.945 -18.790  51.293 -15.561 -17.821  49.797 -16.974 -18.709
  49.294 -17.255 -19.539  49.529 -17.687 -17.462  50.266 -17.407 -16.710  48.136
 -17.336 -16.936  47.392 -17.740 -17.623  47.965 -17.739 -15.938  47.886 -15.861
 -16.852  48.132 -15.124 -15.710  47.839 -13.855 -15.939  47.958 -13.108 -15.154
  47.423 -13.741 -17.190  47.134 -12.886 -17.644  47.445 -14.980 -17.783  47.137
 -15.092 -18.823  49.675 -19.179 -17.731  48.681 -19.918 -17.776  50.914 -19.652
 -17.935  52.192 -18.922 -17.842  52.499 -18.856 -16.798  52.069 -17.918 -18.248
  53.120 -19.759 -18.662  54.144 -19.645 -18.306  53.065 -19.464 -19.710  52.630
 -21.159 -18.475  52.981 -21.575 -17.531  52.929 -21.814 -19.293  51.104 -21.019
 -18.448  50.684 -21.049 -19.454  50.450 -22.091 -17.596  50.023 -23.121 -18.131
  50.342 -21.881 -16.289  50.810 -21.100 -15.852  49.613 -22.814 -15.438  49.894
 -23.839 -15.679  49.949 -22.546 -13.961  50.013 -21.459 -13.911  49.115 -22.889
 -13.349  51.258 -23.161 -13.435  51.235 -23.186 -12.346  51.410 -24.582 -13.973
  51.434 -24.558 -15.062  52.338 -25.015 -13.599  50.567 -25.188 -13.642  52.496
 -22.334 -13.781  52.403 -21.339 -13.345  53.384 -22.823 -13.381  52.586 -22.249
 -14.864  48.094 -22.769 -15.650  47.371 -23.506 -14.969  47.595 -21.952 -16.578
  48.226 -21.371 -17.110  46.165 -21.818 -16.818  45.619 -22.402 -16.078  45.714
 -20.354 -16.718  46.418 -19.849 -17.380  44.710 -20.285 -17.136  45.740 -19.682
 -15.332  46.777 -19.553 -15.023  45.054 -18.330 -15.376  44.016 -18.458 -15.685
  45.085 -17.874 -14.386  45.567 -17.685 -16.089  45.112 -20.553 -14.249  45.658
 -21.493 -14.176  45.156 -20.032 -13.292  44.072 -20.757 -14.503  45.789 -22.386
 -18.183  46.604 -22.416 -19.114  44.535 -22.831 -18.284  43.974 -22.705 -17.454
  43.933 -23.485 -19.426  44.602 -23.414 -20.284  43.669 -24.979 -19.128  43.175
 -25.024 -18.157  42.987 -25.338 -19.899  44.926 -25.864 -19.104  45.575 -25.548
 -18.287  44.612 -26.895 -18.940  45.719 -25.796 -20.415  45.185 -26.058 -21.507
  46.997 -25.427 -20.309  47.571 -25.364 -21.137  47.384 -25.213 -19.401  42.626
 -22.792 -19.791  41.898 -22.344 -18.898  42.296 -22.698 -21.085  43.086 -23.118
 -22.255  42.995 -24.195 -22.395  44.134 -22.859 -22.105  42.452 -22.330 -23.382
  42.570 -22.864 -24.325  42.918 -21.348 -23.461  41.009 -22.208 -22.999  40.446
 -23.111 -23.233  40.535 -21.351 -23.477  41.054 -22.001 -21.479  41.188 -20.949
 -21.228  39.789 -22.526 -20.806  38.907 -21.722 -20.478  39.659 -23.840 -20.590
  40.346 -24.501 -20.925  38.464 -24.359 -19.922  37.576 -24.114 -20.504  38.556
 -25.886 -19.787  38.616 -26.288 -20.798  39.484 -26.100 -19.256  37.375 -26.542
 -19.042  37.625 -27.587 -18.861  37.246 -26.029 -18.089  36.067 -26.460 -19.849
  35.786 -25.410 -19.932  36.256 -26.865 -20.843  34.923 -27.246 -19.185  35.328
 -28.173 -18.778  34.511 -26.644 -18.375  33.838 -27.565 -20.173  34.219 -28.123
 -20.923  33.102 -28.080 -19.711  33.463 -26.706 -20.550  38.248 -23.708 -18.552
  37.100 -23.534 -18.117  39.329 -23.341 -17.853  40.268 -23.507 -18.186  39.159
 -22.732 -16.537  38.545 -23.382 -15.913  40.504 -22.523 -15.847  40.970 -21.659
 -16.320  40.290 -22.294 -14.803  41.437 -23.696 -15.920  40.885 -24.610 -15.701
  41.860 -23.759 -16.923  42.754 -23.512 -14.740  44.146 -23.898 -15.763  44.195
 -23.193 -16.593  45.061 -23.829 -15.174  44.041 -24.910 -16.153  38.422 -21.411
 -16.653  37.529 -21.121 -15.853  38.786 -20.594 -17.645  39.594 -20.790 -18.218
  38.054 -19.355 -17.882  38.095 -18.723 -16.995  38.670 -18.594 -19.051  39.709
 -18.396 -18.789  38.634 -19.257 -19.916  37.973 -17.284 -19.387  36.928 -17.481
 -19.627  38.028 -16.614 -18.529  38.656 -16.631 -20.586  39.657 -16.325 -20.283
  38.728 -17.372 -21.382  37.947 -15.467 -21.095  38.311 -14.557 -20.852  36.866
 -15.533 -21.860  36.360 -16.714 -22.191  36.801 -17.560 -21.859  35.537 -16.762
 -22.774  36.289 -14.417 -22.283  36.675 -13.522 -22.021  35.466 -14.467 -22.866
  36.584 -19.639 -18.139  35.703 -18.970 -17.582  36.302 -20.641 -18.973  37.031
 -21.121 -19.481  34.921 -21.026 -19.221  34.399 -20.201 -19.705  34.874 -22.247
 -20.148  35.385 -23.085 -19.673  33.836 -22.517 -20.341  35.368 -22.008 -21.090
  34.195 -21.312 -17.911  33.087 -20.810 -17.677  34.812 -22.120 -17.039  35.723
 -22.505 -17.246  34.147 -22.537 -15.806  33.127 -22.884 -15.971  34.960 -23.645
 -15.106  36.009 -23.349 -15.082  34.458 -23.870 -13.669  33.409 -24.167 -13.692
  35.047 -24.656 -13.197  34.561 -22.947 -13.099  34.930 -24.932 -15.934  33.888
 -25.237 -16.026  35.327 -24.695 -16.921  35.734 -26.061 -15.325  35.337 -26.299
 -14.338  35.668 -26.941 -15.965  36.777 -25.757 -15.233  33.921 -21.340 -14.886
  32.853 -21.203 -14.269  34.918 -20.458 -14.778  35.798 -20.614 -15.248  34.781
 -19.272 -13.945  34.536 -19.564 -12.924  36.089 -18.479 -13.926  36.799 -19.144
 -13.434  36.437 -18.259 -14.935  35.976 -17.173 -13.129  35.123 -16.607 -13.503
  35.785 -17.457 -11.631  36.638 -18.022 -11.256  35.708 -16.515 -11.089  34.873
 -18.036 -11.484  37.178 -16.301 -13.389  37.235 -16.067 -14.452  37.087 -15.377
 -12.818  38.082 -16.828 -13.085  33.643 -18.385 -14.445  32.707 -18.076 -13.695
  33.726 -17.953 -15.715  34.535 -18.186 -16.274  32.697 -17.101 -16.307  32.657
 -16.147 -15.781  33.012 -16.836 -17.772  33.127 -17.823 -18.219  32.141 -16.342
 -18.203  34.252 -16.007 -18.050  35.133 -16.544 -17.698  34.376 -15.755 -19.546
  33.496 -15.217 -19.899  35.268 -15.159 -19.742  34.454 -16.708 -20.070  34.171
 -14.702 -17.307  34.101 -14.896 -16.237  35.064 -14.111 -17.511  33.289 -14.151
 -17.634  31.314 -17.723 -16.176  30.338 -17.022 -15.888  31.213 -19.037 -16.406
  32.013 -19.568 -16.718  29.938 -19.730 -16.257  29.181 -19.258 -16.883  30.084
 -21.187 -16.683  30.348 -21.185 -17.741  30.887 -21.650 -16.110  28.810 -21.969
 -16.485  27.864 -21.767 -17.279  28.745 -22.763 -15.523  29.432 -19.660 -14.826
  28.221 -19.540 -14.594  30.343 -19.759 -13.856  31.305 -19.978 -14.072  29.963
 -19.623 -12.457  29.134 -20.290 -12.220  31.151 -19.994 -11.581  31.403 -21.048
 -11.693  32.002 -19.383 -11.882  30.951 -19.757 -10.130  30.168 -20.478  -9.275
  29.612 -21.314  -9.699  30.260 -19.963  -8.006  29.765 -20.303  -7.194  31.123
 -18.899  -8.024  31.533 -18.058  -6.995  31.141 -18.235  -5.993  32.410 -17.054
  -7.308  32.753 -16.377  -6.526  32.877 -16.876  -8.607  33.578 -16.076  -8.845
  32.467 -17.708  -9.635  32.857 -17.523 -10.636  31.573 -18.741  -9.346  29.470
 -18.210 -12.158  28.503 -18.027 -11.406  30.087 -17.200 -12.769  30.906 -17.337
 -13.344  29.633 -15.838 -12.528  29.546 -15.655 -11.457  30.636 -14.847 -13.112
  30.769 -15.188 -14.139  30.203 -13.847 -13.115  31.996 -14.813 -12.405  32.420
 -15.817 -12.394  32.932 -13.881 -13.130  32.509 -12.876 -13.141  33.895 -13.864
 -12.620  33.070 -14.228 -14.154  31.868 -14.420 -10.935  31.235 -15.142 -10.419
  32.856 -14.409 -10.474  31.422 -13.428 -10.861  28.226 -15.610 -13.078  27.418
 -14.915 -12.450  27.902 -16.194 -14.240  28.580 -16.691 -14.799  26.530 -16.090
 -14.742  26.278 -15.038 -14.877  26.359 -16.809 -16.079  26.629 -17.850 -15.901
  25.299 -16.746 -16.324  27.174 -16.268 -17.229  26.946 -15.212 -17.374  28.236
 -16.384 -17.012  26.775 -17.174 -18.739  28.107 -16.663 -19.810  29.060 -16.954
 -19.369  27.996 -17.142 -20.783  28.080 -15.580 -19.934  25.544 -16.675 -13.750
  24.469 -16.104 -13.514  25.875 -17.830 -13.172  26.706 -18.349 -13.417  24.955
 -18.415 -12.208  23.961 -18.495 -12.648  25.423 -19.810 -11.802  25.608 -20.383
 -12.710  26.353 -19.706 -11.243  24.397 -20.533 -10.947  24.493 -20.160  -9.927
  23.413 -20.272 -11.338  24.559 -22.046 -10.951  23.648 -22.717 -10.418  25.572
 -22.564 -11.482  24.797 -17.501 -10.996  23.674 -17.262 -10.527  25.909 -16.957
 -10.492  26.823 -17.259 -10.797  25.828 -15.962  -9.423  25.361 -16.371  -8.527
  27.232 -15.455  -9.057  27.746 -15.121  -9.959  27.114 -14.321  -8.106  26.601
 -14.654  -7.204  28.109 -13.960  -7.845  26.545 -13.515  -8.570  28.053 -16.585
  -8.459  28.142 -17.394  -9.185  29.046 -16.217  -8.203  27.561 -16.956  -7.560
  24.910 -14.814  -9.837  24.027 -14.394  -9.082  25.097 -14.294 -11.048  25.859
 -14.594 -11.640  24.240 -13.213 -11.520  24.339 -12.344 -10.869  24.646 -12.810
 -12.938  24.807 -13.674 -13.583  23.920 -12.142 -13.401  26.196 -11.915 -12.910
  26.267 -11.719 -14.224  22.773 -13.605 -11.464  21.931 -12.823 -11.002  22.444
 -14.815 -11.917  23.120 -15.444 -12.326  21.041 -15.215 -11.912  20.434 -14.441
 -12.382  20.854 -16.524 -12.690  20.951 -16.296 -13.751  21.651 -17.205 -12.391
  19.501 -17.181 -12.433  19.628 -17.859 -11.589  18.812 -16.383 -12.156  18.938
 -17.947 -13.618  17.748 -17.731 -13.942  19.667 -18.756 -14.233  20.504 -15.331
 -10.487  19.407 -14.846 -10.192  21.272 -15.945  -9.583  22.153 -16.364  -9.846
  20.825 -16.082  -8.196  19.894 -16.645  -8.134  21.890 -16.799  -7.350  22.857
 -16.319  -7.498  21.509 -16.721  -5.894  20.542 -17.201  -5.745  22.263 -17.229
  -5.293  21.446 -15.676  -5.590  22.028 -18.235  -7.786  22.325 -18.270  -8.834
  22.786 -18.729  -7.178  21.073 -18.746  -7.662  20.500 -14.719  -7.603  19.498
 -14.547  -6.900  21.364 -13.740  -7.846  22.202 -13.943  -8.371  21.185 -12.395
  -7.328  20.567 -12.421  -6.430  22.536 -11.785  -6.972  23.238 -11.946  -7.790
  22.375 -10.715  -6.836  23.096 -12.369  -5.712  22.756 -11.845  -4.473  22.079
 -10.992  -4.433  23.258 -12.384  -3.303  22.982 -11.955  -2.340  24.107 -13.479
  -3.356  24.611 -14.019  -2.190  24.310 -13.560  -1.403  24.456 -14.024  -4.577
  25.129 -14.880  -4.629  23.939 -13.469  -5.752  24.197 -13.901  -6.719  20.449
 -11.492  -8.297  20.363 -10.285  -8.061  19.930 -12.043  -9.385  20.169 -12.993
  -9.629  19.089 -11.284 -10.303  18.902 -11.869 -11.204  17.745 -10.954  -9.645
  17.953 -10.417  -8.719  17.194 -10.304 -10.325  16.897 -12.211  -9.333  16.473
 -12.565 -10.272  17.567 -12.970  -8.928  15.764 -11.940  -8.329  16.207 -11.885
  -7.334  15.319 -10.978  -8.581  14.666 -13.039  -8.347  13.768 -12.571  -7.943
  14.506 -13.285  -9.397  14.966 -14.298  -7.577  15.114 -14.070  -6.604  14.188
 -14.936  -7.659  15.798 -14.732  -7.952  19.802 -10.024 -10.788  19.205  -8.954
 -10.890  21.092 -10.153 -11.100  21.567 -11.026 -10.920  21.864  -9.048 -11.660
  21.528  -8.105 -11.228  23.347  -9.225 -11.351  23.658 -10.048 -11.994  23.885
  -8.320 -11.634  23.661  -9.569  -9.898  23.225 -10.538  -9.657  25.160  -9.624
  -9.688  25.597  -8.655  -9.928  25.373  -9.870  -8.648  25.591 -10.387 -10.337
  23.018  -8.576  -8.949  21.937  -8.591  -9.084  23.259  -8.847  -7.921  23.396
  -7.575  -9.159  21.658  -8.945 -13.175  21.225  -9.890 -13.836  21.993  -7.783
 -13.725  22.360  -7.028 -13.164  21.800  -7.553 -15.151  20.831  -7.942 -15.462
  21.846  -6.058 -15.455  22.737  -5.602 -15.025  21.847  -5.909 -16.535  20.677
  -5.299 -14.920  19.398  -5.476 -15.402  18.568  -4.682 -14.751  17.503  -4.676
 -14.983  19.267  -3.992 -13.867  18.896  -3.309 -13.223  20.592  -4.351 -13.960
  21.332  -3.876 -13.316  22.856  -8.274 -15.988  23.999  -8.464 -15.569  22.458
  -8.672 -17.198  21.482  -8.665 -17.458  23.427  -9.173 -18.166  23.848 -10.115
 -17.816  22.749  -9.412 -19.520  22.385  -8.446 -19.869  23.518  -9.777 -20.201
  21.591 -10.408 -19.479  21.981 -11.361 -19.121  20.850 -10.031 -18.774  20.938
 -10.607 -20.848  20.651  -9.641 -21.264  21.639 -11.099 -21.523  19.747 -11.436
 -20.727  18.860 -10.957 -20.669  19.755 -12.766 -20.682  20.897 -13.437 -20.768
  21.768 -12.935 -20.868  20.890 -14.446 -20.733  18.617 -13.436 -20.557  17.743
 -12.934 -20.496  18.630 -14.445 -20.523  24.578  -8.196 -18.324  25.745  -8.596
 -18.379  24.264  -6.902 -18.393  23.301  -6.604 -18.450  25.304  -5.887 -18.453
  25.896  -6.013 -19.359  24.677  -4.496 -18.469  24.131  -4.391 -19.406  23.979
  -4.439 -17.634  25.701  -3.377 -18.351  25.162  -2.455 -18.134  26.346  -3.627
 -17.508  26.557  -3.185 -19.611  26.311  -3.864 -20.640  27.477  -2.338 -19.571
  26.277  -6.021 -17.289  27.491  -5.873 -17.467  25.769  -6.306 -16.089  24.774
  -6.336 -15.919  26.669  -6.529 -14.964  27.335  -5.674 -14.848  25.885  -6.717
 -13.666  25.270  -7.613 -13.753  26.825  -6.862 -12.483  27.440  -5.966 -12.395
  26.244  -6.995 -11.571  27.468  -7.730 -12.633  25.039  -5.583 -13.457  24.545
  -5.698 -12.642  27.553  -7.738 -15.222  28.766  -7.696 -14.985  26.973  -8.824
 -15.731  25.974  -8.918 -15.849  27.817  -9.956 -16.077  28.374 -10.275 -15.196
  26.992 -11.125 -16.579  26.529 -11.597 -15.712  26.220 -10.852 -17.298  27.826
 -12.156 -17.226  28.630 -12.978 -16.464  28.612 -12.868 -15.380  29.443 -13.922
 -17.046  30.064 -14.573 -16.431  29.468 -14.039 -18.400  30.104 -14.784 -18.878
  28.674 -13.198 -19.178  28.689 -13.294 -20.264  27.877 -12.254 -18.585  27.282
 -11.579 -19.200  28.858  -9.572 -17.125  30.035  -9.937 -17.004  28.452  -8.837
 -18.168  27.497  -8.527 -18.281  29.396  -8.584 -19.256  29.979  -9.482 -19.459
  28.645  -8.193 -20.526  27.761  -7.600 -20.293  29.334  -7.597 -21.125  28.236
  -9.424 -21.303  29.169 -10.138 -22.060  30.197  -9.778 -22.103  28.805 -11.292
 -22.753  29.540 -11.830 -23.351  27.502 -11.746 -22.687  27.138 -12.882 -23.358
  27.865 -13.282 -23.841  26.563 -11.069 -21.940  25.535 -11.428 -21.891  26.936
  -9.913 -21.241  26.202  -9.381 -20.636  30.465  -7.556 -18.879  31.587  -7.629
 -19.392  30.165  -6.612 -17.980  29.217  -6.441 -17.677  31.231  -5.769 -17.435
  31.755  -5.271 -18.251  30.664  -4.708 -16.500  29.986  -5.255 -15.845  31.497
  -4.319 -15.915  29.920  -3.556 -17.149  29.164  -3.929 -17.840  29.249  -2.774
 -16.042  30.005  -2.400 -15.351  28.702  -1.934 -16.470  28.556  -3.423 -15.506
  30.896  -2.705 -17.933  31.370  -3.312 -18.704  30.363  -1.877 -18.400  31.659
  -2.312 -17.260  32.238  -6.617 -16.687  33.452  -6.490 -16.880  31.745  -7.499
 -15.821  30.755  -7.545 -15.627  32.635  -8.379 -15.079  33.305  -7.779 -14.464
  31.822  -9.297 -14.164  31.153  -9.911 -14.766  32.498  -9.941 -13.602  31.236
  -8.694 -13.471  33.503  -9.188 -16.029  34.730  -9.215 -15.893  32.884  -9.835
 -17.019  31.876  -9.857 -17.083  33.657 -10.590 -18.000  34.170 -11.420 -17.514
  32.725 -11.153 -19.074  32.118 -11.928 -18.606  32.081 -10.339 -19.406  33.456
 -11.736 -20.265  34.456 -12.029 -19.946  32.916 -12.615 -20.617  33.581 -10.758
 -21.407  32.605 -10.111 -21.789  34.782 -10.646 -21.967  34.920 -10.005 -22.735
  35.551 -11.202 -21.621  34.750  -9.726 -18.626  35.915 -10.133 -18.699  34.398
  -8.517 -19.065  33.443  -8.192 -19.013  35.384  -7.664 -19.718  35.908  -8.220
 -20.495  34.682  -6.469 -20.362  33.868  -6.855 -20.975  34.273  -5.846 -19.567
  35.605  -5.649 -21.215  36.101  -6.166 -22.239  35.839  -4.480 -20.851  36.474
  -7.213 -18.742  37.656  -7.159 -19.106  36.112  -6.875 -17.504  35.144  -6.800
 -17.226  37.141  -6.547 -16.523  37.733  -5.704 -16.879  36.507  -6.169 -15.182
  35.880  -6.985 -14.823  37.288  -5.963 -14.451  35.631  -4.944 -15.234  35.631
  -4.122 -16.338  36.279  -4.362 -17.181  34.833  -3.020 -16.385  34.845  -2.380
 -17.267  34.020  -2.716 -15.333  33.380  -1.835 -15.374  34.008  -3.523 -14.219
  33.361  -3.281 -13.376  34.807  -4.626 -14.170  34.800  -5.265 -13.287  38.106
  -7.714 -16.337  39.328  -7.525 -16.318  37.573  -8.932 -16.215  36.570  -9.048
 -16.196  38.412 -10.120 -16.058  39.015 -10.036 -15.154  37.533 -11.367 -15.945
  36.867 -11.291 -15.085  36.941 -11.474 -16.854  38.312 -12.662 -15.779  38.836
 -13.025 -14.543  38.686 -12.364 -13.689  39.544 -14.213 -14.387  39.950 -14.482
 -13.412  39.732 -15.051 -15.469  40.288 -15.981 -15.353  39.211 -14.705 -16.705
  39.357 -15.363 -17.562  38.501 -13.516 -16.853  38.085 -13.247 -17.824  39.390
 -10.284 -17.216  40.605 -10.383 -17.006  38.872 -10.390 -18.446  37.876 -10.349
 -18.609  39.750 -10.644 -19.584  40.301 -11.571 -19.426  38.932 -10.774 -20.873
  38.288  -9.898 -20.950  39.627 -10.789 -21.713  38.079 -12.033 -20.899  38.431
 -12.993 -20.182  37.062 -12.081 -21.626  40.801  -9.548 -19.719  41.968  -9.828
 -20.025  40.415  -8.293 -19.478  39.463  -8.054 -19.240  41.372  -7.215 -19.657
  41.978  -7.392 -20.546  40.627  -5.893 -19.829  39.832  -5.852 -19.085  41.332
  -5.081 -19.652  40.028  -5.750 -21.218  40.763  -6.097 -21.944  39.139  -6.379
 -21.273  39.651  -4.316 -21.527  40.497  -3.661 -21.317  39.376  -4.228 -22.578
  38.520  -3.894 -20.712  37.660  -4.405 -20.849  38.544  -2.921 -19.801  39.649
  -2.206 -19.577  40.488  -2.400 -20.105  39.641  -1.474 -18.881  37.435  -2.648
 -19.128  36.594  -3.175 -19.312  37.437  -1.914 -18.434  42.368  -7.163 -18.505
  43.557  -6.895 -18.727  41.915  -7.466 -17.283  40.931  -7.617 -17.113  42.832
  -7.524 -16.146  43.364  -6.577 -16.058  42.073  -7.783 -14.839  41.400  -6.942
 -14.672  41.489  -8.693 -14.979  42.991  -7.948 -13.628  43.678  -6.852 -13.103
  43.545  -5.877 -13.571  44.522  -6.987 -12.001  45.060  -6.121 -11.616  44.678
  -8.233 -11.393  45.514  -8.340 -10.297  45.922  -7.506 -10.054  43.996  -9.343
 -11.890  44.105 -10.319 -11.417  43.163  -9.195 -13.009  42.635 -10.059 -13.413
  43.892  -8.594 -16.356  45.093  -8.336 -16.216  43.457  -9.816 -16.670  42.470
 -10.029 -16.689  44.400 -10.893 -16.931  44.967 -11.124 -16.029  43.644 -12.143
 -17.364  43.072 -11.889 -18.257  44.383 -12.906 -17.610  42.715 -12.669 -16.308
  42.048 -11.865 -15.997  42.128 -13.483 -16.733  43.625 -13.281 -14.864  44.001
 -14.959 -15.368  44.599 -14.940 -16.279  44.560 -15.460 -14.577  43.073 -15.499
 -15.554  45.431 -10.506 -17.983  46.582 -10.944 -17.908  45.043  -9.690 -18.970
  44.083  -9.393 -19.069  46.005  -9.266 -19.978  46.460 -10.152 -20.422  45.292
  -8.482 -21.075  44.839  -7.587 -20.647  46.011  -8.194 -21.842  44.516  -9.104
 -21.521  47.131  -8.438 -19.366  48.231  -8.375 -19.928  46.880  -7.791 -18.233
  45.945  -7.795 -17.852  47.904  -7.032 -17.536  48.600  -6.604 -18.258  47.265
  -5.895 -16.740  48.043  -5.197 -16.431  46.243  -5.169 -17.584  45.464  -5.867
 -17.893  45.797  -4.362 -17.002  46.729  -4.754 -18.467  46.614  -6.438 -15.590
  46.210  -5.728 -15.086  48.748  -7.877 -16.588  49.718  -7.356 -16.038  48.416
  -9.148 -16.377  47.638  -9.544 -16.885  49.093  -9.982 -15.387  49.869  -9.402
 -14.888  48.103 -10.486 -14.332  47.387 -11.129 -14.845  48.672 -11.077 -13.614
  47.353  -9.374 -13.596  46.937  -8.686 -14.332  46.543  -9.830 -13.027  48.235
  -8.588 -12.641  48.251  -7.353 -12.681  48.969  -9.299 -11.771  49.571  -8.822
 -11.115  48.916 -10.308 -11.776  49.812 -11.167 -16.035  49.644 -11.465 -17.227
  50.636 -11.838 -15.214  50.731 -11.508 -14.264  51.404 -13.011 -15.619  50.947
 -13.435 -16.513  52.864 -12.686 -15.925  53.359 -12.542 -14.965  53.282 -13.563
 -16.420  53.078 -11.482 -16.781  52.960 -11.796 -17.818  52.333 -10.722 -16.545
  54.467 -10.906 -16.583  55.446 -11.697 -16.604  54.572  -9.670 -16.377  51.385
 -14.054 -14.513  51.297 -13.724 -13.325  51.463 -15.322 -14.933  51.300 -15.507
 -15.912  51.687 -16.460 -14.039  51.566 -17.389 -14.596  53.098 -16.427 -13.443
  53.168 -15.547 -12.804  53.267 -17.323 -12.846  54.166 -16.342 -14.495  54.317
 -17.242 -15.306  54.937 -15.263 -14.473  55.671 -15.156 -15.159  54.787 -14.553
 -13.771  50.647 -16.540 -12.921  50.958 -16.908 -11.779  49.392 -16.224 -13.232
  49.158 -15.800 -14.119  48.328 -16.428 -12.265  48.605 -16.104 -11.262  47.067
 -15.664 -12.697  46.875 -15.864 -13.751  45.870 -16.104 -11.872  46.061 -15.904
 -10.818  44.986 -15.553 -12.191  45.703 -17.172 -12.014  47.308 -14.164 -12.574
  48.142 -13.876 -13.214  46.412 -13.625 -12.881  47.543 -13.917 -11.539  48.057
 -17.918 -12.125  48.106 -18.676 -13.102  47.784 -18.348 -10.904  47.803 -17.710
 -10.121  47.521 -19.750 -10.643  47.790 -20.368 -11.500  48.292 -20.250  -9.417
  48.061 -21.301  -9.243  49.779 -20.095  -9.665  50.011 -19.044  -9.839  50.332
 -20.450  -8.795  50.065 -20.679 -10.540  47.852 -19.478  -8.171  46.785 -19.628
  -8.008  48.405 -19.840  -7.304  48.052 -18.416  -8.311  46.023 -19.950 -10.469
  45.281 -19.035 -10.112  45.589 -21.184 -10.732  46.253 -21.890 -11.015  44.173
 -21.540 -10.697  43.625 -21.015 -11.480  44.037 -23.055 -10.933  44.523 -23.250
 -11.889  44.605 -23.530 -10.133  42.617 -23.625 -10.958  41.936 -22.868 -10.568
  42.355 -23.850 -11.992  42.501 -24.908 -10.108  43.296 -24.888  -9.363  41.534
 -24.890  -9.606  42.617 -26.178 -10.940  41.868 -26.142 -11.731  43.612 -26.210
 -11.384  42.403 -27.403 -10.106  41.481 -27.374  -9.695  42.487 -28.225 -10.687
  43.097 -27.437  -9.373  43.513 -21.121  -9.384  42.352 -20.696  -9.375  44.240
 -21.218  -8.265  45.204 -21.517  -8.296  43.637 -20.958  -6.959  42.712 -21.524
  -6.849  44.604 -21.377  -5.844  45.020 -22.354  -6.088  45.739 -20.361  -5.699
  45.323 -19.384  -5.454  46.412 -20.679  -4.903  46.291 -20.296  -6.637  43.894
 -21.466  -4.601  44.500 -21.728  -3.904  43.229 -19.496  -6.767  42.467 -19.194
  -5.840  43.726 -18.587  -7.603  44.393 -18.870  -8.306  43.386 -17.174  -7.503
  43.087 -16.926  -6.484  44.612 -16.330  -7.873  45.431 -16.857  -7.384  44.744
 -16.378  -8.954  44.608 -14.872  -7.426  43.772 -14.347  -7.887  44.466 -14.821
  -5.918  45.302 -15.345  -5.456  44.462 -13.782  -5.588  43.531 -15.299  -5.624
  45.870 -14.131  -7.894  45.924 -14.156  -8.982  45.830 -13.095  -7.556  46.752
 -14.615  -7.476  42.200 -16.783  -8.381  41.684 -15.673  -8.235  41.749 -17.667
  -9.274  42.124 -18.604  -9.319  40.735 -17.281 -10.248  41.089 -16.430 -10.830
  40.440 -18.434 -11.200  40.380 -19.308 -10.551  39.474 -18.270 -11.677  41.500
 -18.667 -12.268  42.464 -18.801 -11.777  41.183 -19.892 -13.100  40.219 -19.759
 -13.592  41.959 -20.031 -13.853  41.143 -20.770 -12.455  41.623 -17.440 -13.133
  41.911 -16.588 -12.517  42.382 -17.608 -13.897  40.665 -17.235 -13.612  39.453
 -16.834  -9.574  38.830 -15.860  -9.995  39.016 -17.556  -8.550  39.517 -18.353
  -8.185  37.720 -17.236  -7.978  36.960 -17.245  -8.759  37.336 -18.263  -6.910
  37.658 -19.244  -7.258  37.869 -18.009  -5.994  35.852 -18.289  -6.637  35.521
 -17.285  -6.374  35.347 -18.610  -7.548  35.478 -19.223  -5.527  36.297 -19.536
  -4.667  34.231 -19.669  -5.525  33.925 -20.301  -4.799  33.591 -19.375  -6.249
  37.717 -15.827  -7.410  36.713 -15.110  -7.529  38.843 -15.403  -6.827  39.642
 -16.015  -6.742  38.930 -14.068  -6.245  38.063 -13.881  -5.611  40.190 -13.947
  -5.396  40.172 -14.792  -4.708  41.065 -14.023  -6.042  40.256 -12.649  -4.603
  40.174 -11.803  -5.285  39.123 -12.606  -3.610  39.205 -13.452  -2.928  39.171
 -11.676  -3.043  38.172 -12.659  -4.140  41.580 -12.527  -3.896  42.386 -12.534
  -4.630  41.608 -11.593  -3.335  41.705 -13.366  -3.211  38.913 -12.994  -7.325
  38.258 -11.956  -7.170  39.629 -13.220  -8.426  40.222 -14.033  -8.518  39.634
 -12.236  -9.501  39.803 -11.218  -9.151  40.697 -12.600 -10.548  40.534 -13.625
 -10.882  40.601 -11.640 -11.762  40.764 -10.615 -11.429  41.359 -11.907 -12.498
  39.612 -11.722 -12.213  42.086 -12.608  -9.898  42.375 -11.570  -9.734  41.993
 -13.115  -8.938  43.143 -13.300 -10.734  43.237 -12.793 -11.695  44.099 -13.267
 -10.212  42.855 -14.338 -10.898  38.246 -12.117 -10.128  37.775 -11.010 -10.437
  37.567 -13.246 -10.313  37.974 -14.135 -10.060  36.236 -13.238 -10.877  36.296
 -12.764 -11.857  35.922 -14.275 -10.995  35.210 -12.504 -10.036  34.574 -11.556
 -10.515  35.025 -12.932  -8.782  35.537 -13.719  -8.409  33.980 -12.333  -7.957
  33.030 -12.281  -8.488  33.795 -13.137  -6.647  33.869 -14.199  -6.880  34.859
 -12.767  -5.605  34.785 -11.705  -5.371  34.699 -13.350  -4.698  35.850 -12.982
  -6.005  32.394 -12.929  -6.068  32.352 -13.462  -5.118  32.270 -11.861  -5.890
  31.298 -13.416  -6.962  31.421 -14.484  -7.140  30.334 -13.236  -6.487  31.340
 -12.883  -7.912  34.273 -10.858  -7.696  33.348 -10.043  -7.614  35.549 -10.476
  -7.590  36.313 -11.137  -7.589  35.858  -9.058  -7.401  35.255  -8.652  -6.589
  37.332  -8.879  -7.050  37.946  -9.237  -7.876  37.536  -7.822  -6.877  37.639
  -9.616  -5.881  38.567  -9.500  -5.664  35.497  -8.260  -8.644  34.970  -7.146
  -8.545  35.761  -8.825  -9.826  36.302  -9.676  -9.884  35.320  -8.199 -11.069
  35.757  -7.205 -11.163  35.764  -9.043 -12.265  35.228  -9.991 -12.232  35.501
  -8.508 -13.178  37.155  -9.288 -12.248  37.396  -9.819 -13.011  33.807  -8.017
 -11.079  33.294  -6.974 -11.502  33.073  -9.040 -10.637  33.487  -9.933 -10.409
  31.629  -8.904 -10.537  31.223  -8.543 -11.482  30.992 -10.257 -10.216  31.407
 -10.947 -10.950  31.293 -10.568  -9.216  29.468 -10.265 -10.314  29.071  -9.499
  -9.648  29.010  -9.986 -11.736  29.406 -10.752 -12.403  27.921  -9.998 -11.776
  29.374  -9.008 -12.050  28.931 -11.587  -9.836  29.225 -11.745  -8.798  27.843
 -11.586  -9.909  29.335 -12.389 -10.454  31.248  -7.870  -9.487  30.224  -7.192
  -9.636  32.065  -7.724  -8.435  32.867  -8.328  -8.324  31.789  -6.738  -7.389
  30.774  -6.865  -7.013  32.772  -6.925  -6.222  32.743  -7.948  -5.846  33.777
  -6.697  -6.576  32.514  -6.018  -5.033  31.280  -6.001  -4.401  30.483  -6.640
  -4.780  31.051  -5.183  -3.297  30.074  -5.182  -2.814  32.052  -4.381  -2.819
  31.873  -3.738  -1.957  33.287  -4.387  -3.429  34.084  -3.748  -3.048  33.518
  -5.206  -4.528  34.498  -5.215  -5.004  31.867  -5.320  -7.943  30.972  -4.497
  -7.705  32.949  -5.015  -8.672  33.713  -5.671  -8.751  33.081  -3.714  -9.330
  33.000  -2.881  -8.631  34.423  -3.626 -10.080  34.493  -4.459 -10.780  34.522
  -2.317 -10.840  34.452  -1.484 -10.140  35.477  -2.272 -11.364  33.708  -2.253
 -11.562  35.593  -3.813  -9.118  35.689  -2.897  -8.534  35.344  -4.642  -8.455
  36.883  -4.099  -9.808  37.132  -3.271 -10.471  37.673  -4.221  -9.067  36.788
  -5.015 -10.391  31.922  -3.496 -10.284  31.267  -2.446 -10.286  31.670  -4.487
 -11.130  32.239  -5.322 -11.134  30.612  -4.371 -12.116  30.811  -3.522 -12.770
  30.555  -5.642 -12.968  30.347  -6.500 -12.328  29.765  -5.545 -13.713  31.512
  -5.787 -13.470  29.286  -4.107 -11.438  28.526  -3.241 -11.863  28.989  -4.838
 -10.372  29.601  -5.557 -10.013  27.689  -4.661  -9.743  26.922  -4.721 -10.515
  27.438  -5.766  -8.718  28.193  -5.713  -7.934  26.449  -5.637  -8.278  27.492
  -6.737  -9.209  27.576  -3.277  -9.112  26.535  -2.616  -9.234  28.649  -2.804
  -8.463  29.458  -3.382  -8.283  28.637  -1.443  -7.929  27.806  -1.330  -7.232
  29.948  -1.136  -7.185  30.759  -1.556  -7.780  30.049  -0.051  -7.149  30.012
  -1.696  -5.776  29.062  -1.473  -5.290  30.134  -2.776  -5.856  31.158  -1.114
  -4.947  31.167  -0.036  -5.110  30.942  -1.320  -3.899  32.510  -1.689  -5.306
  32.502  -2.768  -5.155  32.737  -1.470  -6.349  33.539  -1.079  -4.440  33.329
  -1.282  -3.473  34.445  -1.459  -4.675  33.547  -0.079  -4.580  28.396  -0.428
  -9.040  27.699   0.571  -8.838  28.952  -0.677 -10.225  29.524  -1.497 -10.370
  28.795   0.262 -11.332  28.939   1.284 -10.981  29.832  -0.033 -12.412  29.743
  -1.092 -12.652  29.572   0.561 -13.288  31.262   0.274 -11.999  31.491  -0.242
 -11.066  32.196  -0.191 -13.067  31.968   0.325 -14.000  33.223   0.028 -12.773
  32.081  -1.266 -13.209  31.427   1.755 -11.789  30.747   2.089 -11.006  32.454
   1.968 -11.493  31.200   2.281 -12.716  27.391   0.215 -11.930  26.828   1.255
 -12.280  26.803  -0.968 -12.060  27.180  -1.791 -11.611  25.637  -1.123 -12.920
  25.513  -0.243 -13.551  25.824  -2.348 -13.820  26.631  -2.105 -14.512  26.137
  -3.165 -13.171  24.583  -2.772 -14.612  24.824  -3.709 -15.114  23.780  -2.941
 -13.894  24.133  -1.744 -15.644  24.956  -0.877 -16.039  22.946  -1.816 -16.051
  24.308  -1.237 -12.176  23.279  -0.814 -12.707  24.282  -1.787 -10.968  25.142
  -2.080 -10.526  23.027  -2.015 -10.259  22.216  -2.160 -10.973  23.139  -3.264
  -9.386  23.816  -3.036  -8.563  22.148  -3.484  -8.990  23.652  -4.455 -10.140
  24.532  -4.142 -10.702  23.935  -5.224  -9.421  22.623  -5.010 -11.088  21.429
  -4.735 -10.856  22.995  -5.720 -12.053  22.647  -0.823  -9.385  23.507  -0.177
  -8.782  21.345  -0.548  -9.304  20.673  -0.987  -9.917  20.868   0.461  -8.365
  21.407   1.401  -8.487  19.364   0.706  -8.552  18.810  -0.170  -8.215  18.940
   1.915  -7.742  19.494   2.791  -8.079  17.872   2.087  -7.876  19.149   1.738
  -6.687  19.040   0.887 -10.030  19.246  -0.059 -10.531  17.977   1.115 -10.109
  19.825   1.966 -10.670  20.888   1.738 -10.591  19.547   2.044 -11.721  19.619
   2.912 -10.169  21.181   0.041  -6.934  21.809   0.786  -6.175  20.752  -1.159
  -6.542  20.200  -1.711  -7.183  21.001  -1.693  -5.206  21.566  -0.965  -4.624
  19.696  -1.990  -4.480  19.167  -2.742  -5.066  19.917  -2.391  -3.491  18.835
  -0.765  -4.343  17.643  -0.633  -5.060  17.335  -1.441  -5.724  16.848   0.513
  -4.936  15.916   0.605  -5.494  17.257   1.539  -4.091  16.490   2.688  -3.945
  15.690   2.675  -4.475  18.448   1.420  -3.380  18.770   2.222  -2.716  19.225
   0.279  -3.517  20.163   0.190  -2.969  21.850  -2.947  -5.354  21.331  -4.071
  -5.298  23.161  -2.795  -5.540  23.931  -1.547  -5.601  23.608  -0.875  -4.806
  23.777  -1.066  -6.567  25.333  -2.019  -5.418  25.569  -2.084  -4.356  26.024
  -1.329  -5.902  25.377  -3.345  -6.061  26.170  -3.927  -5.592  25.529  -3.328
  -7.140  24.010  -3.966  -5.733  23.603  -4.559  -6.552  24.072  -4.812  -4.481
  23.881  -4.306  -3.357  24.357  -6.112  -4.606  24.636  -6.876  -5.838  25.647
  -6.660  -6.182  23.922  -6.596  -6.612  24.472  -8.283  -5.400  25.089  -8.937
  -6.017  23.427  -8.579  -5.490  24.915  -8.307  -3.961  26.002  -8.393  -3.970
  24.494  -9.099  -3.341  24.506  -6.939  -3.410  23.563  -6.967  -2.865  25.585
  -6.347  -2.523  26.487  -5.655  -2.996  25.471  -6.598  -1.222  24.670  -7.088
  -0.849  26.485  -6.125  -0.292  26.793  -5.115  -0.563  25.935  -6.101   1.129
  25.654  -7.124   1.378  26.749  -5.780   1.779  24.764  -5.205   1.323  24.019
  -5.426   0.558  24.338  -5.389   2.309  25.175  -3.771   1.218  26.098  -3.611
   1.776  25.334  -3.510   0.172  24.079  -2.899   1.795  23.166  -3.062   1.222
  23.913  -3.190   2.832  24.446  -1.472   1.738  24.600  -1.202   0.777  23.698
  -0.916   2.128  25.291  -1.320   2.270  27.733  -7.009  -0.358  27.677  -8.183
  -0.740  28.874  -6.415   0.014  28.880  -5.449   0.309  30.147  -7.123  -0.060
  30.409  -7.307  -1.102  31.257  -6.289   0.583  31.369  -5.436  -0.086  30.908
  -5.944   1.556  32.602  -6.988   0.744  32.446  -7.977   1.174  33.269  -7.125
  -0.603  33.426  -6.136  -1.034  34.230  -7.625  -0.484  32.634  -7.713  -1.265
  33.488  -6.240   1.707  33.003  -6.187   2.682  34.441  -6.760   1.804  33.662
  -5.231   1.333  30.067  -8.492   0.598  30.601  -9.470   0.058  29.411  -8.593
   1.767  28.994  -7.792   2.219  29.370  -9.881   2.461  30.381 -10.283   2.527
  28.801  -9.747   3.881  28.873 -10.691   4.421  29.363  -8.980   4.414  27.367
  -9.336   3.929  26.972  -8.020   4.072  25.653  -7.948   4.084  25.145  -6.990
   4.188  25.175  -9.174   3.954  24.198  -9.428   3.916  26.227 -10.062   3.878
  26.033 -11.131   3.795  28.586 -10.932   1.689  28.738 -12.127   1.963  27.774
 -10.535   0.716  27.520  -9.574   0.538  27.148 -11.572  -0.086  26.944 -12.445
   0.534  25.838 -11.075  -0.670  25.856  -9.985  -0.672  25.760 -11.439  -1.695
  24.655 -11.554   0.122  24.354 -12.543  -0.223  24.923 -11.604   1.177  23.496
 -10.620  -0.033  23.663  -9.472  -0.490  22.298 -11.092   0.337  21.480 -10.505
   0.254  22.218 -12.032   0.697  28.072 -12.069  -1.183  28.053 -13.262  -1.511
  28.900 -11.193  -1.748  28.817 -10.196  -1.612  29.903 -11.680  -2.680  29.431
 -12.253  -3.478  30.636 -10.502  -3.296  30.898  -9.782  -2.521  31.541 -10.830
  -3.807  29.808  -9.756  -4.318  28.922  -8.761  -3.933  28.824  -8.511  -2.877
  28.161  -8.084  -4.882  27.469  -7.303  -4.568  28.284  -8.405  -6.236  27.693
  -7.875  -6.982  29.156  -9.395  -6.626  29.257  -9.655  -7.680  29.910 -10.064
  -5.670  30.601 -10.850  -5.973  30.855 -12.663  -1.999  31.161 -13.726  -2.557
  31.314 -12.344  -0.779  31.150 -11.429  -0.383  32.117 -13.298  -0.013  33.004
 -13.562  -0.588  32.560 -12.666   1.305  31.682 -12.404   1.896  33.173 -13.375
   1.861  33.141 -11.767   1.100  31.341 -14.588   0.247  31.863 -15.693   0.048
  30.084 -14.462   0.681  29.681 -13.547   0.821  29.283 -15.631   1.027  29.751
 -16.180   1.844  27.887 -15.185   1.474  28.003 -14.719   2.453  27.532 -14.443
   0.759  26.885 -16.313   1.569  26.053 -16.619   0.502  26.130 -16.032  -0.413
  25.139 -17.647   0.586  24.491 -17.876  -0.260  25.046 -18.391   1.751  24.139
 -19.427   1.842  23.623 -19.545   1.041  25.859 -18.098   2.825  25.788 -18.680
   3.744  26.766 -17.063   2.733  27.405 -16.821   3.582  29.189 -16.611  -0.138
  29.252 -17.827   0.059  29.032 -16.105  -1.360  29.002 -15.107  -1.512  28.782
 -16.983  -2.492  28.072 -17.782  -2.281  28.233 -16.130  -3.652  27.607 -15.338
  -3.240  29.360 -15.517  -4.449  29.986 -16.308  -4.861  28.948 -14.920  -5.262
  29.961 -14.880  -3.799  27.342 -16.953  -4.523  26.507 -17.332  -3.934  26.961
 -16.338  -5.338  27.907 -17.790  -4.933  30.006 -17.795  -2.893  29.882 -18.740
  -3.688  31.180 -17.476  -2.344  31.243 -16.658  -1.756  32.396 -18.234  -2.605
  32.355 -18.664  -3.606  33.639 -17.331  -2.508  34.518 -17.920  -2.771  33.529
 -16.147  -3.440  32.650 -15.558  -3.177  34.422 -15.528  -3.349  33.436 -16.500
  -4.467  33.786 -16.845  -1.167  34.562 -16.283  -1.114  32.580 -19.421  -1.667
  33.640 -20.050  -1.717  31.597 -19.728  -0.806  30.818 -19.090  -0.721  31.641
 -20.904   0.090  30.807 -20.861   0.791  31.539 -22.216  -0.719  30.857 -22.038
  -1.550  32.535 -22.429  -1.106  31.036 -23.431   0.113  30.493 -23.257   1.235
  31.189 -24.574  -0.386  32.900 -20.896   0.971  33.499 -21.941   1.244  33.324
 -19.703   1.405  32.798 -18.881   1.146  34.507 -19.532   2.233  34.294 -18.686
   2.887  34.587 -20.441   2.830  35.833 -19.287   1.521  36.834 -19.034   2.205
  35.890 -19.369   0.184  35.065 -19.581  -0.359  37.162 -19.208  -0.520  37.903
 -19.798   0.020  37.052 -19.748  -1.943  36.320 -19.162  -2.499  38.022 -19.678
  -2.435  36.735 -20.790  -1.913  37.654 -17.763  -0.581  38.813 -17.537  -0.950
  36.811 -16.782  -0.266  35.891 -17.006   0.086  37.165 -15.376  -0.432  38.248
 -15.267  -0.367  36.700 -14.837  -1.786  35.617 -14.914  -1.881  37.003 -13.798
  -1.913  37.387 -15.730  -3.183  36.783 -15.006  -4.121  36.525 -14.567   0.676
  35.308 -14.632   0.862  37.337 -13.795   1.388  38.336 -13.839   1.244  36.828
 -12.906   2.419  35.904 -13.312   2.832  37.847 -12.756   3.553  37.425 -12.111
   4.324  38.053 -13.740   3.975  39.052 -12.188   3.071  39.677 -12.102   3.795
  36.495 -11.535   1.832  37.026 -11.136   0.787  35.602 -10.816   2.514  35.094
 -11.208   3.294  35.339  -9.439   2.145  34.778  -9.418   1.211  34.753  -8.961
   2.931  36.632  -8.675   1.961  36.841  -8.016   0.938  37.527  -8.792   2.943
  37.337  -9.347   3.765  38.786  -8.058   2.879  38.584  -6.994   2.756  39.595
  -8.257   4.159  39.266  -9.183   4.631  40.645  -8.346   3.879  39.426  -7.098
   5.140  38.874  -6.036   4.731  39.840  -7.253   6.320  39.610  -8.465   1.677
  40.325  -7.634   1.108  39.544  -9.733   1.277  39.058 -10.444   1.804  40.269
 -10.136   0.077  41.294  -9.768   0.120  40.301 -11.665  -0.030  39.272 -12.009
   0.071  40.667 -11.903  -1.029  41.180 -12.367   1.018  42.142 -11.858   1.069
  40.672 -12.279   1.978  41.400 -13.833   0.695  40.399 -14.571   0.590  42.568
 -14.249   0.527  39.654  -9.501  -1.167  40.373  -9.101  -2.090  38.329  -9.368
  -1.196  37.744  -9.775  -0.481  37.683  -8.714  -2.329  38.050  -9.073  -3.290
  36.160  -8.924  -2.250  35.829  -8.669  -1.243  35.422  -8.057  -3.262  35.753
  -8.312  -4.269  34.349  -8.232  -3.177  35.635  -7.006  -3.065  35.860 -10.420
  -2.436  36.135 -10.660  -3.463  36.521 -10.950  -1.750  34.420 -10.846  -2.184
  33.759 -10.317  -2.870  34.325 -11.920  -2.345  34.144 -10.607  -1.157  38.069
  -7.235  -2.387  38.473  -6.721  -3.439  37.969  -6.532  -1.254  37.599  -6.940
  -0.407  38.325  -5.118  -1.242  37.673  -4.566  -1.919  38.167  -4.540   0.169
  38.761  -5.208   0.793  38.562  -3.527   0.244  36.710  -4.556   0.646  36.417
  -5.594   0.801  36.516  -3.779   1.932  36.808  -2.740   1.777  35.468  -3.821
   2.228  37.132  -4.216   2.718  35.757  -4.056  -0.441  35.839  -4.697  -1.319
  34.733  -4.081  -0.067  36.019  -3.033  -0.712  39.737  -4.914  -1.764  39.996
  -3.978  -2.524  40.666  -5.790  -1.388  40.467  -6.539  -0.740  42.027  -5.662
  -1.900  42.404  -4.648  -1.767  42.973  -6.630  -1.198  42.688  -7.653  -1.442
  44.420  -6.375  -1.662  44.705  -5.352  -1.418  45.092  -7.069  -1.157  44.488
  -6.523  -2.740  42.852  -6.471   0.215  43.447  -7.080   0.658  42.081  -5.931
  -3.394  42.785  -5.231  -4.130  41.369  -6.960  -3.859  40.811  -7.549  -3.257
  41.457  -7.302  -5.269  42.500  -7.303  -5.584  40.871  -8.687  -5.520  41.471
  -9.395  -4.949  39.853  -8.678  -5.131  40.850  -9.108  -6.997  40.271 -10.030
  -7.045  40.322  -8.320  -7.533  42.453  -9.375  -7.767  43.062 -10.683  -6.719
  42.389 -11.539  -6.777  44.057 -10.981  -7.050  43.113 -10.330  -5.689  40.769
  -6.259  -6.137  41.222  -5.992  -7.255  39.687  -5.644  -5.658  39.265  -5.859
  -4.766  39.020  -4.681  -6.523  38.792  -5.145  -7.483  37.715  -4.202  -5.890
  37.136  -3.761  -6.702  37.212  -5.100  -5.532  37.834  -3.211  -4.762  38.084
  -3.757  -3.852  38.639  -2.516  -5.001  36.532  -2.430  -4.547  35.601  -2.534
  -5.399  36.445  -1.714  -3.525  39.955  -3.527  -6.850  40.035  -3.087  -8.002
  40.722  -3.070  -5.859  40.602  -3.410  -4.916  41.707  -2.020  -6.096  41.233
  -1.157  -6.563  42.320  -1.580  -4.765  42.458  -2.526  -4.241  43.293  -1.134
  -4.969  41.495  -0.628  -3.892  40.441  -0.883  -4.003  41.898  -0.736  -2.401
  42.952  -0.481  -2.290  41.294  -0.048  -1.810  41.732  -1.755  -2.052  41.649
   0.797  -4.407  41.296   0.852  -5.437  41.062   1.474  -3.786  42.699   1.087
  -4.367  42.792  -2.478  -7.065  43.204  -1.724  -7.953  43.294  -3.700  -6.898
  43.020  -4.293  -6.128  44.309  -4.194  -7.826  45.179  -3.538  -7.803  44.752
  -5.607  -7.439  43.865  -6.236  -7.509  45.477  -5.918  -8.191  45.367  -5.749
  -6.053  46.361  -5.302  -6.051  44.738  -5.238  -5.324  45.499  -7.496  -5.604
  46.266  -8.166  -7.086  47.229  -7.682  -7.248  46.414  -9.239  -6.966  45.620
  -7.983  -7.945  43.772  -4.186  -9.248  44.443  -3.725 -10.182  42.547  -4.688
  -9.429  42.034  -5.106  -8.666  41.958  -4.727 -10.760  42.621  -5.227 -11.466
  40.603  -5.451 -10.730  39.994  -5.032  -9.929  39.881  -5.281 -12.056  40.489
  -5.700 -12.858  38.923  -5.800 -12.018  39.712  -4.221 -12.245  40.824  -6.930
 -10.410  41.310  -7.373 -11.279  41.500  -6.972  -9.556  39.549  -7.708 -10.088
  38.872  -7.667 -10.942  39.801  -8.747  -9.874  39.063  -7.266  -9.218  41.840
  -3.318 -11.308  42.352  -3.010 -12.387  41.231  -2.424 -10.535  40.877  -2.661
  -9.619  40.960  -1.091 -11.057  40.465  -1.164 -12.025  40.044  -0.322 -10.095
  40.525  -0.285  -9.118  39.919   0.692 -10.476  38.669  -0.992  -9.963  38.291
  -1.104 -10.979  38.855  -1.977  -9.534  37.433  -0.129  -8.960  38.185  -0.175
  -7.345  39.147   0.337  -7.377  37.533   0.321  -6.626  38.336  -1.211  -7.043
  42.255  -0.338 -11.347  42.375   0.316 -12.387  43.249  -0.437 -10.466  43.135
  -0.892  -9.571  44.528   0.206 -10.758  44.370   1.255 -11.006  45.446   0.126
  -9.539  45.654  -0.925  -9.339  46.376   0.640  -9.780  44.818   0.765  -8.302
  44.161   1.565  -8.643  44.226  -0.001  -7.801  45.844   1.331  -7.329  46.560
   1.926  -7.896  45.323   1.972  -6.618  46.576   0.240  -6.581  45.850  -0.418
  -6.104  47.179  -0.335  -7.284  47.462   0.841  -5.540  46.903   1.373  -4.889
  47.947   0.106  -5.045  48.135   1.450  -5.982  45.176  -0.416 -11.990  45.618
   0.298 -12.896  45.204  -1.753 -12.064  44.835  -2.327 -11.319  45.835  -2.419
 -13.207  46.870  -2.082 -13.268  45.825  -3.935 -13.018  44.795  -4.288 -12.965
  46.328  -4.410 -13.860  46.344  -4.190 -12.094  45.156  -2.052 -14.516  45.813
  -1.949 -15.560  43.843  -1.876 -14.488  43.310  -2.063 -13.651  43.127  -1.461
 -15.682  43.591  -1.905 -16.563  41.667  -1.914 -15.618  41.333  -1.554 -14.645
  41.130  -1.384 -16.404  41.386  -3.415 -15.731  41.770  -3.925 -14.847  39.876
  -3.645 -15.836  39.491  -3.136 -16.720  39.675  -4.713 -15.916  39.385  -3.250
 -14.947  42.102  -4.029 -16.926  43.177  -3.887 -16.818  41.880  -5.095 -16.975
  41.762  -3.545 -17.842  43.176   0.041 -15.900  42.512   0.536 -16.815  43.922
   0.781 -15.079  44.405   0.347 -14.306  43.986   2.235 -15.208  44.546   2.655
 -14.373  44.686   2.629 -16.516  44.118   2.203 -17.343  44.674   3.716 -16.590
  46.134   2.129 -16.580  46.640   2.427 -15.662  46.118   1.041 -16.649  46.873
   2.697 -17.768  46.694   2.055 -18.631  46.490   3.697 -17.973  48.375   2.774
 -17.493  48.678   3.802 -17.689  48.513   2.550 -16.435  49.214   1.840 -18.316
  49.086   2.048 -19.296  50.187   1.957 -18.071  48.933   0.887 -18.135  42.595
   2.870 -15.106  42.321   3.900 -15.722  41.704   2.269 -14.314  41.952   1.369
 -13.928  40.369   2.794 -14.044  39.826   2.104 -13.398  40.453   4.152 -13.346
  41.007   4.863 -13.959  39.459   4.548 -13.140  41.164   4.075 -12.030  42.500
   4.272 -11.799  43.119   4.520 -12.661  42.777   4.105 -10.465  43.688   4.188
 -10.037  41.614   3.801  -9.807  41.389   3.545  -8.461  42.233   3.583  -7.773
  40.106   3.258  -8.083  39.886   3.053  -7.035  39.063   3.221  -9.015  38.045
   2.987  -8.703  39.287   3.477 -10.345  38.439   3.430 -11.028  40.581   3.774
 -10.762  39.528   2.893 -15.300  38.559   3.660 -15.352  39.906   2.132 -16.318
  40.741   1.577 -16.199  39.209   2.067 -17.599  38.765   3.035 -17.833  40.187
   1.702 -18.702  41.150   1.566 -18.210  39.843   0.746 -19.097  40.335   2.684
 -19.827  39.469   3.343 -19.892  41.239   3.283 -19.712  40.437   1.842 -21.113
  40.409   0.791 -20.824  39.568   2.072 -21.730  41.644   2.079 -21.898  42.495
   1.609 -21.625  41.674   2.881 -22.956  40.556   3.504 -23.328  39.704   3.361
 -22.805  40.566   4.117 -24.131  42.810   3.063 -23.635  43.652   2.588 -23.342
  42.822   3.675 -24.438  38.117   1.019 -17.445  38.296  -0.157 -17.761  36.975
   1.438 -16.925  36.817   2.425 -16.782  35.954   0.507 -16.482  36.212  -0.507
 -16.789  35.845   0.543 -14.960  35.380   1.497 -14.712  35.199  -0.272 -14.633
  37.195   0.436 -14.253  37.957   0.945 -14.843  37.099   1.076 -12.902  36.337
   0.567 -12.312  38.061   1.001 -12.395  36.829   2.126 -13.015  37.607  -1.024
 -14.126  37.688  -1.467 -15.119  38.571  -1.087 -13.621  36.858  -1.565 -13.548
  34.620   0.816 -17.133  33.567   0.508 -16.577  34.658   1.427 -18.318  35.551
   1.616 -18.749  33.446   1.884 -19.002  32.563   1.513 -18.482  33.396   3.408
 -19.021  34.184   3.772 -19.680  32.426   3.717 -19.410  33.578   3.948 -17.726
  33.542   4.906 -17.771  33.382   1.338 -20.423  33.245   2.096 -21.382  33.493
   0.025 -20.601  33.540  -1.048 -19.590  32.679  -0.956 -18.928  34.457  -0.955
 -19.008  33.506  -2.327 -20.421  32.484  -2.698 -20.494  34.136  -3.088 -19.960
  34.043  -1.929 -21.768  33.622  -2.606 -22.511  35.127  -1.895 -21.880  33.456
  -0.529 -21.949  34.034   0.113 -22.614  32.028  -0.612 -22.444  31.071  -0.644
 -21.673  31.897  -0.632 -23.756  32.622  -0.274 -24.361  30.679  -1.131 -24.363
  29.813  -0.779 -23.803  30.565  -0.632 -25.801  31.312  -1.188 -26.368  29.574
  -0.841 -26.204  30.853   0.862 -25.911  31.837   1.067 -25.489  30.826   1.296
 -27.355  29.842   1.092 -27.778  31.033   2.364 -27.418  31.583   0.746 -27.914
  29.852   1.630 -25.084  29.928   1.322 -24.041  30.058   2.698 -25.163  28.846
   1.427 -25.450  30.747  -2.652 -24.281  31.598  -3.277 -24.923  29.891  -3.257
 -23.469  29.226  -2.744 -22.908  29.915  -4.702 -23.356  30.938  -5.044 -23.203
  29.067  -5.163 -22.179  29.143  -6.247 -22.090  29.544  -4.519 -20.900  29.468
  -3.435 -20.988  28.927  -4.860 -20.069  30.582  -4.796 -20.718  27.701  -4.795
 -22.416  27.159  -5.083 -21.677  29.390  -5.351 -24.634  28.829  -4.702 -25.522
  29.563  -6.668 -24.706  30.159  -7.154 -24.051  28.966  -7.431 -25.794  29.287
  -7.044 -26.761  29.372  -8.911 -25.673  29.268  -9.215 -24.632  28.505  -9.792
 -26.544  28.609  -9.489 -27.586  28.817 -10.831 -26.436  27.463  -9.693 -26.239
  30.836  -9.050 -26.068  30.895  -8.925 -27.149  31.383  -8.244 -25.579  31.428
 -10.341 -25.692  30.882 -11.148 -26.181  32.472 -10.368 -26.005  31.370 -10.467
 -24.611  27.456  -7.246 -25.801  26.840  -7.048 -26.854  26.830  -7.290 -24.629
  27.305  -7.418 -23.747  25.382  -7.238 -24.629  24.948  -7.758 -25.483  24.810
  -7.847 -23.343  25.290  -8.808 -23.158  25.064  -6.917 -22.162  24.584  -5.956
 -22.346  24.653  -7.360 -21.255  26.137  -6.769 -22.040  23.328  -8.133 -23.532
  23.195  -8.834 -24.356  22.922  -8.566 -22.618  22.804  -7.204 -23.758  24.875
  -5.821 -24.822  23.731  -5.641 -25.261  25.687  -4.805 -24.528  26.584  -4.933
 -24.081  25.240  -3.445 -24.803  24.273  -3.270 -24.332  26.243  -2.437 -24.247
  25.768  -1.458 -24.189  26.548  -2.752 -23.249  27.385  -2.359 -25.088  28.006
  -1.722 -24.726  25.036  -3.230 -26.298  24.122  -2.506 -26.709  25.873  -3.852
 -27.126  26.680  -4.349 -26.777  25.669  -3.791 -28.571  25.586  -2.752 -28.890
  26.846  -4.433 -29.301  27.102  -5.382 -28.830  26.598  -4.604 -30.349  28.056
  -3.620 -29.286  29.180  -3.829 -28.542  29.186  -4.697 -27.882  30.103  -2.846
 -28.805  31.021  -2.773 -28.390  29.576  -1.981 -29.728  30.126  -0.840 -30.308
  31.134  -0.541 -30.021  29.356  -0.163 -31.209  29.749   0.740 -31.677  28.067
  -0.600 -31.550  27.465  -0.051 -32.274  27.524  -1.731 -30.983  26.523  -2.036
 -31.289  28.284  -2.442 -30.049  24.376  -4.481 -28.969  23.590  -3.943 -29.751
  24.164  -5.701 -28.477  24.860  -6.163 -27.910  22.924  -6.411 -28.763  22.875
  -6.656 -29.824  22.852  -7.705 -27.961  23.624  -8.352 -28.377  23.060  -7.524
 -26.906  21.495  -8.380 -28.102  20.717  -7.780 -27.631  21.208  -8.505 -29.590
  21.986  -9.106 -30.061  20.241  -8.986 -29.735  21.192  -7.513 -30.042  21.458
  -9.739 -27.386  21.661  -9.597 -26.325  20.473 -10.189 -27.510  22.214 -10.397
 -27.815  21.735  -5.548 -28.421  20.755  -5.480 -29.171  21.799  -4.888 -27.274
  22.600  -4.955 -26.663  20.671  -4.091 -26.841  19.750  -4.671 -26.903  20.879
  -3.667 -25.405  20.904  -4.531 -24.741  21.834  -3.144 -25.356  19.810  -2.746
 -24.946  19.994  -1.522 -24.933  18.646  -3.313 -24.603  17.882  -2.736 -24.283
  18.538  -4.315 -24.666  20.476  -2.880 -27.741  19.349  -2.538 -28.107  21.561
  -2.218 -28.112  22.469  -2.411 -27.714  21.439  -1.110 -29.045  20.698  -0.382
 -28.713  22.795  -0.397 -29.198  23.591  -1.137 -29.114  22.893   0.294 -30.529
  22.098   1.034 -30.614  23.860   0.790 -30.611  22.792  -0.440 -31.328  22.964
   0.603 -28.062  22.932   0.078 -27.107  23.923   1.112 -28.165  22.158   1.336
 -28.100  20.887  -1.599 -30.377  20.003  -0.966 -30.966  21.386  -2.741 -30.867
  22.117  -3.249 -30.390  20.914  -3.250 -32.153  21.098  -2.508 -32.930  21.642
  -4.540 -32.527  21.487  -5.236 -31.702  21.168  -4.932 -33.427  23.117  -4.372
 -32.771  23.655  -3.120 -33.067  22.992  -2.256 -33.115  24.995  -2.967 -33.296
  25.419  -1.991 -33.533  25.817  -4.085 -33.232  27.163  -3.980 -33.445  27.444
  -3.082 -33.633  25.307  -5.332 -32.943  25.959  -6.204 -32.896  23.971  -5.468
 -32.715  23.555  -6.448 -32.484  19.412  -3.485 -32.121  18.713  -3.215 -33.105
  18.893  -3.961 -30.985  19.480  -4.155 -30.186  17.472  -4.280 -30.893  17.159
  -4.833 -31.779  17.197  -5.138 -29.659  17.655  -4.640 -28.804  16.117  -5.177
 -29.520  17.744  -6.553 -29.774  18.819  -6.465 -29.932  17.557  -7.043 -28.819
  17.026  -7.548 -31.104  15.473  -8.056 -30.361  14.883  -7.174 -30.113  14.919
  -8.677 -31.065  15.673  -8.626 -29.454  16.621  -3.018 -30.866  15.534  -2.984
 -31.459  17.094  -1.971 -30.180  17.900  -2.054 -29.577  16.413  -0.682 -30.251
  15.398  -0.781 -29.867  17.146   0.356 -29.422  18.206   0.270 -29.661  16.782
   1.334 -29.735  16.955   0.202 -27.951  15.963   0.563 -27.679  17.048  -0.848
 -27.672  17.987   1.000 -27.183  18.700   1.826 -27.768  18.084   0.756 -25.870
  18.758   1.263 -25.314  17.483   0.066 -25.442  16.295  -0.206 -31.687  15.220
   0.211 -32.121  17.399  -0.248 -32.438  18.292  -0.486 -32.031  17.359   0.130
 -33.850  17.042   1.161 -34.005  18.746  -0.059 -34.488  19.067  -1.091 -34.347
  18.685   0.254 -35.973  18.364   1.286 -36.114  19.672   0.117 -36.415  17.975
  -0.416 -36.457  19.775   0.798 -33.780  19.826   0.512 -32.729  20.751   0.653
 -34.244  19.490   1.847 -33.857  16.291  -0.664 -34.598  15.572  -0.124 -35.449
  16.182  -1.964 -34.309  16.829  -2.419 -33.681  15.155  -2.776 -34.950  15.283
  -2.725 -36.031  15.292  -4.234 -34.510  15.157  -4.303 -33.431  14.534  -4.838
 -35.010  16.283  -4.603 -34.776  13.761  -2.247 -34.634  12.930  -2.088 -35.536
  13.506  -1.944 -33.359  14.260  -2.066 -32.699  12.185  -1.590 -32.844  11.394
  -2.134 -33.360  12.166  -1.989 -31.350  11.772  -3.004 -31.305  13.236  -2.005
 -31.142  11.455  -1.118 -30.304  10.413  -1.646 -29.527  10.105  -2.677 -29.699
   9.773  -0.880 -28.550   8.947  -1.299 -27.976  10.193   0.426 -28.314   9.572
   1.199 -27.343   8.863   0.735 -26.891  11.245   0.964 -29.051  11.575   1.987
 -28.868  11.879   0.189 -30.028  12.718   0.600 -30.590  11.794  -0.125 -33.115
  10.599   0.174 -33.184  12.750   0.793 -33.304  13.714   0.604 -33.069  12.409
   2.120 -33.826  11.476   2.455 -33.372  13.510   3.157 -33.514  14.363   2.582
 -33.874  13.309   3.978 -34.203  13.828   3.727 -32.111  14.192   2.925 -31.469
  14.903   4.819 -32.225  14.539   5.622 -32.866  15.124   5.217 -31.235  15.810
   4.394 -32.655  12.608   4.259 -31.345  11.888   3.453 -31.202  12.925   4.638
 -30.374  12.143   5.064 -31.915  12.182   2.102 -35.334  11.576   3.042 -35.868
  12.642   1.051 -36.017  12.989   0.259 -35.495  12.738   1.015 -37.478  13.168
   0.063 -37.789  11.351   1.168 -38.135  10.743   1.813 -37.501  11.472   1.631
 -39.114  10.625  -0.167 -38.312  10.599  -0.995 -37.396  10.041  -0.382 -39.500
   9.549  -1.248 -39.668  10.096   0.323 -40.221  13.703   2.103 -37.989  13.697
   3.254 -37.524   8.221 -12.261 -37.257   9.041 -12.286 -38.485   8.972 -11.321
 -38.988   8.676 -13.069 -39.150  10.447 -12.575 -37.961  11.160 -11.904 -38.440
  10.714 -13.608 -38.185  10.387 -12.338 -36.429  10.508 -11.292 -36.147  11.105
 -12.947 -35.880   8.968 -12.798 -36.116   8.882 -13.883 -36.170   8.492 -12.316
 -34.743   8.320 -13.153 -33.854   8.279 -11.005 -34.583   8.589 -10.387 -35.320
   7.681 -10.410 -33.381   7.801  -9.327 -33.408   6.188 -10.735 -33.304   6.098
 -11.783 -33.017   5.759 -10.107 -32.523   5.446 -10.503 -34.602   6.175 -10.436
 -35.410   4.778 -11.345 -34.785   4.628  -9.232 -34.583   3.392  -9.272 -34.672
   5.311  -8.089 -34.474   4.816  -7.209 -34.456   6.319  -8.111 -34.410   8.348
 -10.847 -32.077   9.279 -11.659 -32.086   7.865 -10.301 -30.947   7.102  -9.652
 -31.075   8.383 -10.506 -29.589   7.827  -9.892 -28.881   8.233 -11.973 -29.187
   8.489 -12.565 -30.066   8.948 -12.178 -28.391   6.845 -12.338 -28.722   5.861
 -11.364 -28.563   6.103 -10.325 -28.786   4.593 -11.700 -28.130   3.825 -10.936
 -28.011   4.301 -13.029 -27.846   3.049 -13.393 -27.416   2.446 -12.649 -27.345
   5.264 -14.010 -27.989   5.036 -15.051 -27.762   6.523 -13.660 -28.424   7.291
 -14.424 -28.541   9.844 -10.069 -29.411  10.747 -10.922 -29.438  10.121  -8.764
 -29.202   9.239  -7.596 -29.336   8.680  -7.444 -28.413   8.543  -7.748 -30.161
  10.220  -6.482 -29.609   9.794  -5.524 -29.310  10.471  -6.453 -30.669  11.390
  -6.818 -28.807  11.233  -6.559 -27.760  12.298  -6.335 -29.168  11.512  -8.341
 -28.955  12.097  -8.614 -29.834  12.130  -8.973 -27.721  13.307  -9.364 -27.755
  11.379  -9.083 -26.622  10.445  -8.705 -26.561  11.954  -9.701 -25.432  12.846
  -9.155 -25.124  10.949  -9.676 -24.289   9.956  -9.829 -24.712  11.187 -10.499
 -23.615  10.975  -8.379 -23.526  12.010  -8.111 -23.313  10.518  -7.602 -24.138
  10.223  -8.470 -22.222   9.227  -9.192 -22.131  10.693  -7.740 -21.194  10.222
  -7.769 -20.301  11.515  -7.166 -21.320  12.425 -11.126 -25.715  13.528 -11.517
 -25.308  11.614 -11.911 -26.428  10.718 -11.579 -26.754  11.961 -13.307 -26.664
  12.269 -13.787 -25.735  10.729 -14.041 -27.210   9.897 -13.735 -26.576  10.578
 -13.656 -28.219  10.803 -15.582 -27.253  10.037 -15.920 -27.951  11.785 -15.876
 -27.622  10.565 -16.261 -25.896  11.370 -17.090 -25.456   9.453 -15.929 -25.245
   9.252 -16.349 -24.349   8.815 -15.259 -25.650  13.177 -13.438 -27.590  14.066
 -14.262 -27.342  13.258 -12.629 -28.649  12.523 -11.986 -28.907  14.423 -12.741
 -29.529  14.671 -13.789 -29.697  14.174 -12.049 -30.883  13.654 -12.741 -31.546
  13.339 -10.814 -30.693  13.859 -10.122 -30.031  13.171 -10.336 -31.658  12.380
 -11.087 -30.252  15.509 -11.696 -31.552  16.028 -11.010 -30.882  16.077 -12.623
 -31.634  15.377 -11.057 -32.930  14.809 -10.130 -32.848  16.369 -10.841 -33.328
  14.859 -11.742 -33.601  15.678 -12.185 -28.861  16.798 -12.608 -29.186  15.534
 -11.220 -27.945  14.651 -10.755 -27.788  16.699 -10.764 -27.196  17.481 -10.451
 -27.888  16.338  -9.582 -26.301  15.817  -8.816 -26.876  15.704  -9.912 -25.478
  17.533  -8.917 -25.683  18.018  -9.326 -24.457  17.523 -10.141 -23.929  19.126
  -8.708 -23.897  19.503  -9.043 -22.931  19.752  -7.670 -24.561  20.622  -7.182
 -24.122  19.274  -7.254 -25.778  19.760  -6.433 -26.305  18.174  -7.878 -26.335
  17.796  -7.554 -27.305  17.288 -11.911 -26.379  18.470 -12.241 -26.518  16.461
 -12.549 -25.544  15.546 -12.146 -25.403  16.818 -13.744 -24.778  17.492 -13.482
 -23.962  15.549 -14.418 -24.202  14.718 -14.191 -24.870  15.693 -15.928 -24.066
  16.523 -16.156 -23.397  14.773 -16.346 -23.657  15.886 -16.365 -25.046  15.243
 -13.826 -22.850  14.292 -13.297 -22.902  15.171 -14.631 -22.118  16.317 -12.878
 -22.441  16.389 -12.073 -23.172  16.080 -12.460 -21.463  17.269 -13.407 -22.389
  17.606 -14.726 -25.629  18.630 -15.257 -25.195  17.128 -14.988 -26.838  16.339
 -14.494 -27.228  17.681 -16.105 -27.587  17.909 -16.937 -26.921  16.650 -16.572
 -28.619  16.523 -15.788 -29.366  17.023 -17.475 -29.101  15.282 -16.872 -27.946
  15.459 -17.615 -27.168  14.933 -15.945 -27.490  14.192 -17.397 -28.885  14.297
 -17.309 -30.126  13.126 -17.952 -28.285  12.370 -18.319 -28.845  13.086 -18.000
 -27.277  19.023 -15.750 -28.210  19.931 -16.586 -28.219  19.186 -14.515 -28.695
  18.405 -13.880 -28.776  20.490 -14.075 -29.187  20.936 -14.806 -29.861  20.378
 -12.717 -29.904  20.044 -11.962 -29.192  21.727 -12.314 -30.472  22.062 -13.068
 -31.185  21.637 -11.352 -30.977  22.453 -12.232 -29.663  19.305 -12.751 -30.994
  19.703 -13.335 -31.824  18.435 -13.259 -30.578  18.900 -11.383 -31.490  19.770
 -10.875 -31.907  18.136 -11.487 -32.261  18.501 -10.799 -30.661  21.478 -14.004
 -28.036  22.601 -14.512 -28.125  21.069 -13.374 -26.932  20.180 -12.896 -26.901
  21.925 -13.320 -25.753  22.811 -12.729 -25.986  21.187 -12.657 -24.592  20.303
 -13.243 -24.341  21.845 -12.605 -23.725  20.886 -11.650 -24.880  22.390 -14.705
 -25.343  23.562 -14.897 -25.009  21.473 -15.680 -25.337  20.501 -15.460 -25.503
  21.828 -17.065 -25.035  22.187 -17.148 -24.009  20.595 -17.954 -25.194  19.766
 -17.381 -24.779  20.454 -18.069 -26.269  20.640 -19.330 -24.538  21.529 -19.845
 -24.902  20.714 -19.197 -23.459  19.384 -20.174 -24.869  18.881 -20.124 -26.029
  18.895 -20.883 -23.962  22.959 -17.545 -25.927  23.847 -18.265 -25.465  22.958
 -17.139 -27.200  22.175 -16.631 -27.586  24.068 -17.480 -28.087  24.288 -18.545
 -28.021  23.697 -17.147 -29.532  22.867 -17.821 -29.741  23.344 -16.116 -29.563
  24.788 -17.343 -30.581  25.600 -16.645 -30.378  25.323 -18.766 -30.547  24.512
 -19.465 -30.751  26.099 -18.881 -31.303  25.742 -18.974 -29.562  24.261 -16.999
 -31.957  23.936 -15.959 -31.972  25.050 -17.143 -32.695  23.417 -17.647 -32.196
  25.350 -16.754 -27.676  26.426 -17.359 -27.598  25.255 -15.454 -27.405  24.394
 -14.945 -27.544  26.431 -14.714 -26.973  27.240 -14.837 -27.693  26.091 -13.227
 -26.869  25.190 -13.218 -26.256  26.894 -12.713 -26.341  25.813 -12.514 -28.193
  25.206 -13.169 -28.818  25.079 -11.200 -27.973  25.686 -10.544 -27.348  24.897
 -10.719 -28.934  24.127 -11.393 -27.478  27.119 -12.300 -28.947  27.585 -13.264
 -29.148  26.916 -11.792 -29.890  27.792 -11.690 -28.344  26.966 -15.258 -25.655
  28.180 -15.398 -25.491  26.078 -15.575 -24.708  25.095 -15.384 -24.837  26.507
 -16.172 -23.446  27.113 -15.459 -22.888  25.295 -16.556 -22.594  24.615 -17.132
 -23.221  25.663 -17.186 -21.784  24.551 -15.351 -22.007  25.078 -14.209 -22.038
  23.412 -15.566 -21.518  27.367 -17.405 -23.689  28.382 -17.606 -23.014  26.970
 -18.254 -24.646  26.100 -18.114 -25.140  27.758 -19.444 -24.955  27.990 -19.984
 -24.037  26.975 -20.373 -25.883  26.078 -20.593 -25.304  26.696 -19.853 -26.800
  27.689 -21.684 -26.236  28.734 -21.456 -26.444  27.606 -22.709 -25.102  26.561
 -22.938 -24.894  28.125 -23.621 -25.397  28.073 -22.299 -24.206  27.167 -22.280
 -27.545  27.330 -21.572 -28.358  27.698 -23.207 -27.760  26.101 -22.486 -27.451
  29.095 -19.065 -25.580  30.153 -19.523 -25.131  29.064 -18.211 -26.611  28.183
 -17.861 -26.960  30.290 -17.785 -27.276  30.766 -18.636 -27.763  29.973 -16.735
 -28.333  29.380 -15.924 -27.911  30.887 -16.329 -28.765  29.044 -17.370 -29.672
  28.970 -16.225 -30.345  31.303 -17.208 -26.304  32.508 -17.413 -26.470  30.847
 -16.438 -25.313  29.863 -16.262 -25.166  31.805 -15.732 -24.479  32.578 -15.223
 -25.055  31.077 -14.691 -23.603  30.279 -14.237 -24.190  30.492 -15.335 -22.374
  31.290 -15.789 -21.786  29.985 -14.580 -21.774  29.778 -16.103 -22.671  32.014
 -13.548 -23.224  32.372 -13.056 -24.128  31.478 -12.827 -22.607  32.863 -13.943
 -22.666  32.637 -16.707 -23.652  33.729 -16.349 -23.194  32.169 -17.946 -23.477
  31.271 -18.215 -23.853  32.911 -18.926 -22.685  33.276 -18.462 -21.769  32.005
 -20.102 -22.311  31.728 -20.524 -23.277  32.584 -20.834 -21.748  30.736 -19.742
 -21.527  30.118 -19.103 -22.158  29.938 -20.978 -21.118  30.555 -21.617 -20.486
  29.050 -20.671 -20.566  29.639 -21.529 -22.009  31.071 -18.902 -20.294  31.562
 -17.980 -20.604  30.153 -18.661 -19.757  31.737 -19.465 -19.640  34.154 -19.449
 -23.399  34.999 -20.087 -22.756  34.284 -19.200 -24.697  33.518 -18.748 -25.175
  35.457 -19.577 -25.475  36.044 -20.316 -24.929  35.030 -20.184 -26.815  34.347
 -21.004 -26.594  34.503 -19.415 -27.379  36.205 -20.709 -27.643  37.334 -20.168
 -27.552  35.977 -21.680 -28.405  36.311 -18.324 -25.680  35.885 -17.377 -26.346
  37.524 -18.325 -25.123  37.846 -19.127 -24.601  38.372 -17.146 -25.168  37.900
 -16.256 -24.751  39.669 -17.429 -24.383  39.415 -17.891 -23.429  40.562 -18.357
 -25.169  40.816 -17.896 -26.123  41.474 -18.549 -24.604  40.041 -19.298 -25.348
  40.381 -16.127 -24.044  39.727 -15.503 -23.435  41.294 -16.345 -23.490  40.632
 -15.599 -24.964  38.663 -16.696 -26.599  39.052 -15.545 -26.822  38.468 -17.569
 -27.591  38.199 -18.527 -27.418  38.721 -17.159 -28.970  39.736 -16.773 -29.067
  38.564 -18.359 -29.904  37.667 -18.902 -29.604  38.437 -17.980 -30.918  39.761
 -19.295 -29.860  40.922 -18.801 -29.806  39.528 -20.529 -29.880  37.812 -16.017
 -29.409  38.158 -15.276 -30.338  36.667 -15.843 -28.748  36.372 -16.481 -28.023
  35.771 -14.756 -29.117  35.446 -14.878 -30.150  34.532 -14.754 -28.209  33.761
 -14.124 -28.652  34.156 -15.772 -28.110  34.776 -14.134 -26.503  33.517 -14.307
 -26.111  36.477 -13.404 -29.065  36.087 -12.471 -29.785  37.522 -13.274 -28.242
  37.849 -14.028 -27.655  38.162 -11.972 -28.113  37.418 -11.206 -27.892  39.173
 -12.010 -26.976  39.851 -12.839 -27.180  39.742 -11.083 -26.911  38.450 -12.258
 -25.650  37.916 -13.204 -25.739  39.391 -12.316 -24.448  39.925 -11.370 -24.358
  38.813 -12.494 -23.541  40.108 -13.125 -24.586  37.397 -11.168 -25.430  36.675
 -11.189 -26.246  36.882 -11.345 -24.486  37.883 -10.193 -25.401  38.812 -11.512
 -29.407  39.186 -10.341 -29.516  38.939 -12.399 -30.389  38.746 -13.377 -30.227
  39.394 -11.996 -31.709  40.409 -11.600 -31.661  39.389 -13.211 -32.622  39.712
 -14.059 -32.018  38.357 -13.362 -32.937  40.268 -13.095 -33.830  39.878 -12.321
 -34.491  41.265 -12.814 -33.491  40.342 -14.404 -34.578  40.028 -15.452 -33.966
  40.692 -14.385 -35.774  38.520 -10.899 -32.297  39.009 -10.039 -33.034  37.246
 -10.900 -31.977  36.886 -11.501 -31.249  36.315 -10.058 -32.694  36.798  -9.629
 -33.572  35.113 -10.883 -33.153  34.462 -11.168 -32.327  34.546 -10.298 -33.877
  35.510 -12.153 -33.845  35.913 -12.137 -35.171  35.910 -11.192 -35.715  36.313
 -13.293 -35.802  36.629 -13.268 -36.845  36.313 -14.484 -35.111  36.625 -15.402
 -35.610  35.920 -14.517 -33.795  35.916 -15.461 -33.250  35.530 -13.352 -33.162
  35.234 -13.374 -32.113  35.844  -8.905 -31.832  35.559  -9.094 -30.642  35.785
  -7.702 -32.391  36.216  -7.312 -33.741  35.527  -7.723 -34.479  37.220  -7.693
 -33.930  36.174  -5.815 -33.686  35.927  -5.423 -34.672  37.149  -5.436 -33.379
  35.129  -5.467 -32.685  34.165  -5.525 -33.191  35.229  -4.493 -32.205  35.234
  -6.578 -31.638  35.909  -6.323 -30.821  33.876  -6.959 -31.072  33.107  -7.699
 -31.696  33.602  -6.471 -29.863  34.283  -5.927 -29.353  32.336  -6.771 -29.216
  32.267  -7.835 -28.988  32.244  -5.987 -27.913  32.574  -4.972 -28.136  31.207
  -5.966 -27.579  33.110  -6.569 -26.826  33.811  -7.750 -27.028  33.735  -8.249
 -27.994  34.598  -8.296 -26.026  35.150  -9.219 -26.203  34.680  -7.666 -24.796
  35.468  -8.212 -23.800  35.908  -9.021 -24.071  33.977  -6.495 -24.569  34.031
  -5.997 -23.601  33.202  -5.957 -25.582  32.647  -5.034 -25.412  31.156  -6.464
 -30.127  30.241  -7.281 -30.264  31.159  -5.289 -30.763  31.891  -4.608 -30.621
  30.086  -4.965 -31.690  29.154  -4.895 -31.129  30.305  -4.001 -32.150  29.930
  -6.006 -32.778  28.819  -6.260 -33.249  31.036  -6.638 -33.176  31.937  -6.366
 -32.810  30.990  -7.674 -34.205  30.311  -7.409 -35.016  32.397  -7.925 -34.776
  33.087  -8.130 -33.957  32.366  -9.115 -35.722  31.677  -8.911 -36.541  33.365
  -9.287 -36.123  32.034 -10.001 -35.181  32.929  -6.669 -35.476  32.673  -5.812
 -34.853  34.013  -6.762 -35.538  32.370  -6.474 -36.841  31.286  -6.381 -36.780
  32.788  -5.568 -37.279  32.626  -7.330 -37.465  30.378  -8.960 -33.659  29.572
  -9.615 -34.335  30.767  -9.363 -32.446  31.524  -8.906 -31.958  30.138 -10.524
 -31.818  30.335 -11.417 -32.410  30.695 -10.736 -30.419  30.707  -9.762 -29.930
  30.072 -11.422 -29.845  32.107 -11.280 -30.495  32.651 -10.754 -31.279  32.820
 -11.080 -29.159  32.276 -11.606 -28.374  33.834 -11.475 -29.225  32.859 -10.017
 -28.923  32.074 -12.743 -30.880  31.594 -12.853 -31.852  33.092 -13.128 -30.933
  31.512 -13.303 -30.133  28.626 -10.371 -31.764  27.888 -11.263 -32.193  28.140
  -9.242 -31.242  28.744  -8.532 -30.852  26.695  -9.057 -31.135  26.288  -9.901
 -30.578  26.386  -7.773 -30.369  26.779  -6.918 -30.919  25.307  -7.667 -30.257
  26.851  -7.816 -29.384  26.023  -9.068 -32.512  24.977  -9.707 -32.696  26.611
  -8.391 -33.503  27.440  -7.833 -33.360  26.000  -8.396 -34.829  24.968  -8.060
 -34.726  26.731  -7.442 -35.762  27.763  -7.770 -35.882  26.237  -7.434 -36.734
  26.717  -6.437 -35.339  25.969  -9.794 -35.427  25.001 -10.162 -36.095  27.020
 -10.586 -35.204  27.817 -10.256 -34.679  27.070 -11.937 -35.764  26.802 -11.914
 -36.820  28.478 -12.504 -35.631  28.686 -12.722 -34.584  28.559 -13.421 -36.215
  29.411 -11.557 -36.109  30.299 -11.913 -36.026  26.067 -12.861 -35.089  25.481
 -13.728 -35.739  25.864 -12.702 -33.785  26.441 -12.087 -33.229  24.825 -13.469
 -33.113  24.952 -14.527 -33.344  24.940 -13.283 -31.605  24.806 -12.230 -31.357
  24.172 -13.874 -31.106  25.925 -13.611 -31.272  23.437 -13.061 -33.598  22.545
 -13.911 -33.738  23.227 -11.765 -33.856  23.930 -11.067 -33.660  21.932 -11.319
 -34.377  21.129 -11.703 -33.748  21.856  -9.795 -34.388  22.026  -9.426 -33.377
  22.628  -9.405 -35.051  20.491  -9.333 -34.873  19.798 -10.174 -34.871  19.980
  -8.266 -33.962  20.672  -7.424 -33.964  19.001  -7.932 -34.306  19.893  -8.662
 -32.950  20.624  -8.800 -36.251  21.002  -9.582 -36.909  19.650  -8.466 -36.608
  21.318  -7.959 -36.251  21.673 -11.865 -35.777  20.549 -12.265 -36.100  22.701
 -11.884 -36.619  23.584 -11.461 -36.372  22.565 -12.472 -37.941  21.833 -11.918
 -38.529  23.905 -12.419 -38.658  24.060 -11.396 -39.002  24.675 -12.678 -37.932
  23.985 -13.358 -39.829  23.413 -13.022 -41.043  22.899 -12.065 -41.134  23.484
 -13.876 -42.130  23.032 -13.590 -43.080  24.131 -15.087 -42.012  24.197 -15.950
 -43.094  23.759 -15.605 -43.876  24.712 -15.442 -40.806  25.228 -16.397 -40.706
  24.636 -14.578 -39.723  25.092 -14.854 -38.772  22.064 -13.907 -37.866  21.202
 -14.318 -38.655  22.610 -14.696 -36.938  23.308 -14.347 -36.297  22.246 -16.106
 -36.863  22.372 -16.574 -37.839  23.131 -16.826 -35.863  23.386 -16.141 -35.054
  22.637 -17.706 -35.451  24.419 -17.295 -36.447  24.527 -18.470 -37.156  25.776
 -18.628 -37.553  26.069 -19.509 -38.123  26.479 -17.591 -37.140  27.465 -17.440
 -37.298  25.651 -16.737 -36.453  26.047 -15.810 -36.039  20.795 -16.307 -36.486
  20.238 -17.379 -36.748  20.172 -15.311 -35.872  20.684 -14.503 -35.549  18.766
 -15.403 -35.555  18.419 -16.429 -35.674  18.541 -14.978 -34.115  19.222 -14.152
 -33.909  17.520 -14.672 -33.887  18.882 -16.057 -33.161  20.197 -16.286 -32.795
  20.982 -15.642 -33.192  20.521 -17.324 -31.931  21.557 -17.481 -31.632  19.534
 -18.154 -31.452  19.784 -18.972 -30.776  18.222 -17.948 -31.831  17.438 -18.603
 -31.452  17.902 -16.911 -32.691  16.869 -16.762 -33.004  17.908 -14.611 -36.513
  16.708 -14.455 -36.267  18.488 -14.131 -37.614  19.484 -14.228 -37.748  17.725
 -13.401 -38.615  16.725 -13.827 -38.694  17.598 -11.919 -38.236  17.195 -11.391
 -39.100  16.893 -11.850 -37.408  18.833 -11.330 -37.856  18.692 -10.407 -37.631
  18.352 -13.538 -39.993  18.250 -14.599 -40.622  18.993 -12.465 -40.458  19.099
 -11.670 -39.844  19.526 -12.369 -41.815  20.001 -13.312 -42.084  18.420 -12.072
 -42.829  18.822 -12.144 -43.840  17.611 -12.792 -42.708  17.924 -10.765 -42.611
  17.230 -10.576 -43.246  20.575 -11.265 -41.861  20.660 -10.431 -40.957  21.366
 -11.256 -42.939  21.336 -11.983 -43.639  22.356 -10.196 -43.085  22.917 -10.090
 -42.157  23.335 -10.515 -44.214  24.311 -10.106 -43.953  23.410 -11.598 -44.313
  22.904  -9.959 -45.441  23.537 -10.175 -46.130  21.685  -8.857 -43.333  22.167
  -7.822 -42.859  20.564  -8.851 -44.051  20.194  -9.698 -44.459  19.887  -7.592
 -44.340  20.568  -6.906 -44.844  18.688  -7.848 -45.253  18.021  -8.522 -44.715
  18.193  -6.888 -45.400  19.041  -8.462 -46.629  18.158  -8.364 -47.261  19.852
  -7.864 -47.044  19.471  -9.942 -46.572  19.954 -10.476 -47.613  19.329 -10.567
 -45.489  19.473  -6.882 -43.054  19.626  -5.660 -42.933  18.972  -7.630 -42.063
  18.802  -8.620 -42.170  18.597  -6.994 -40.799  18.061  -6.067 -41.002  17.696
  -7.908 -39.975  16.742  -7.933 -40.502  18.115  -8.914 -39.935  17.479  -7.390
 -38.555  18.450  -7.223 -38.089  16.698  -6.095 -38.569  15.726  -6.261 -39.034
  16.556  -5.745 -37.547  17.248  -5.344 -39.136  16.775  -8.432 -37.734  17.381
  -9.337 -37.698  16.623  -8.056 -36.722  15.809  -8.660 -38.185  19.823  -6.606
 -39.982  19.852  -5.528 -39.373  20.832  -7.481 -39.934  20.747  -8.400 -40.344
  22.062  -7.152 -39.227  21.862  -7.027 -38.163  23.078  -8.281 -39.404  22.657
  -9.158 -38.912  23.153  -8.467 -40.475  24.467  -7.998 -38.838  24.315  -7.499
 -37.881  24.937  -8.967 -38.672  25.545  -6.986 -39.869  25.687  -8.043 -41.311
  24.698  -8.211 -41.738  26.325  -7.563 -42.053  26.124  -8.998 -41.020  22.621
  -5.826 -39.721  22.897  -4.919 -38.925  22.774  -5.685 -41.042  22.539  -6.424
 -41.690  23.360  -4.458 -41.574  24.328  -4.278 -41.107  23.560  -4.573 -43.083
  24.262  -5.388 -43.258  22.595  -4.825 -43.522  24.094  -3.294 -43.728  23.245
  -2.647 -43.949  24.766  -2.787 -43.036  24.847  -3.569 -45.023  24.604  -4.579
 -45.702  25.784  -2.679 -45.363  26.316  -2.809 -46.212  25.956  -1.880 -44.770
  22.502  -3.240 -41.244  23.027  -2.158 -40.952  21.177  -3.393 -41.294  20.762
  -4.267 -41.584  20.290  -2.272 -40.992  20.511  -1.431 -41.649  18.833  -2.690
 -41.206  18.757  -3.025 -42.240  18.652  -3.532 -40.537  17.804  -1.612 -40.949
  18.115  -1.029 -40.082  17.750  -0.963 -41.823  16.431  -2.224 -40.684  16.031
  -2.595 -41.628  16.552  -3.055 -39.989  15.464  -1.200 -40.089  16.032  -0.546
 -39.428  15.048  -0.614 -40.909  14.353  -1.842 -39.321  14.739  -2.384 -38.561
  13.744  -1.127 -38.949  13.826  -2.448 -39.934  20.503  -1.765 -39.567  20.583
  -0.555 -39.334  20.625  -2.675 -38.600  20.612  -3.662 -38.812  20.704  -2.269
 -37.200  20.284  -1.278 -37.028  19.970  -3.278 -36.300  19.981  -2.920 -35.270
  18.530  -3.428 -36.769  18.518  -3.786 -37.798  18.012  -4.143 -36.130  18.027
  -2.462 -36.715  20.713  -4.635 -36.290  21.725  -4.493 -35.911  20.180  -5.337
 -35.648  20.758  -5.033 -37.304  22.125  -2.080 -36.668  22.296  -1.438 -35.620
  23.148  -2.620 -37.340  22.981  -3.121 -38.201  24.518  -2.539 -36.840  24.522
  -2.055 -35.863  25.136  -3.938 -36.697  25.921  -3.912 -35.941  24.364  -4.646
 -36.394  25.690  -4.345 -37.939  26.075  -5.219 -37.846  25.440  -1.711 -37.718
  26.546  -1.370 -37.275  25.036  -1.406 -38.950  24.106  -1.670 -39.244  25.880
  -0.707 -39.893  25.231  -0.332 -40.684  26.325   0.133 -39.360  26.978  -1.533
 -40.511  27.580  -1.085 -41.494  27.267  -2.717 -39.977  26.741  -3.067 -39.189
  28.360  -3.524 -40.487  29.226  -2.888 -40.671  28.755  -4.610 -39.488  27.823
  -5.104 -39.212  29.401  -5.318 -40.008  29.450  -4.116 -38.243  30.754  -3.628
 -38.288  31.279  -3.596 -39.242  31.388  -3.183 -37.127  32.405  -2.792 -37.165
  30.714  -3.246 -35.917  31.305  -2.820 -34.738  32.198  -2.492 -34.863  29.428
  -3.734 -35.864  28.902  -3.778 -34.910  28.808  -4.165 -37.011  27.791  -4.556
 -36.967  27.963  -4.167 -41.800  26.816  -4.569 -41.987  28.913  -4.265 -42.714
  29.809  -3.809 -42.614  28.654  -5.014 -43.929  27.601  -4.922 -44.197  29.499
  -4.488 -45.085  30.516  -4.856 -44.946  29.088  -4.897 -46.008  29.516  -2.981
 -45.166  28.498  -2.617 -45.029  30.156  -2.571 -44.385  30.019  -2.507 -46.495
  29.313  -2.606 -47.505  31.257  -2.004 -46.519  31.646  -1.670 -47.389  31.798
  -1.961 -45.667  28.945  -6.482 -43.683  29.578  -6.855 -42.695  28.466  -7.323
 -44.593  27.892  -7.007 -45.362  28.709  -8.751 -44.456  28.275  -9.119 -43.526
  28.067  -9.495 -45.622  26.979  -9.462 -45.560  28.391  -9.047 -46.562  28.442
 -10.917 -45.682  29.311 -11.498 -46.558  29.774 -10.847 -47.300  29.415 -12.848
 -46.296  29.996 -13.504 -46.799  28.608 -13.153 -45.232  28.387 -14.368 -44.600
  28.907 -15.250 -44.973  27.524 -14.381 -43.542  27.326 -15.319 -43.024  26.885
 -13.218 -43.105  26.199 -13.240 -42.258  27.104 -12.001 -43.734  26.583 -11.121
 -43.357  27.982 -11.959 -44.818  30.200  -9.051 -44.374  30.633  -9.881 -43.562
  31.006  -8.376 -45.196  30.638  -7.742 -45.891  32.448  -8.605 -45.162  32.668
  -9.651 -45.375  33.133  -7.737 -46.217  34.209  -7.910 -46.228  32.724  -7.930
 -47.209  32.913  -5.964 -45.919  33.607  -5.558 -46.978  33.041  -8.347 -43.773
  34.001  -9.021 -43.374  32.483  -7.387 -43.017  31.754  -6.797 -43.392  32.937
  -7.143 -41.648  34.021  -7.031 -41.626  32.305  -5.864 -41.115  31.226  -6.010
 -41.070  32.690  -5.689 -40.110  32.613  -4.677 -41.983  33.688  -4.712 -42.626
  31.795  -3.723 -42.025  32.604  -8.289 -40.706  33.295  -8.475 -39.703  31.577
  -9.058 -41.029  31.178  -8.960 -41.952  30.953  -9.988 -40.104  31.298  -9.892
 -39.074  29.416  -9.803 -40.153  29.157  -9.556 -41.182  28.627 -11.021 -39.712
  28.886 -11.269 -38.683  27.560 -10.806 -39.777  28.867 -11.864 -40.360  29.023
  -8.573 -39.351  29.211  -7.691 -39.963  27.959  -8.637 -39.125  29.800  -8.470
 -38.073  30.864  -8.405 -38.299  29.489  -7.578 -37.529  29.612  -9.352 -37.461
  31.331 -11.427 -40.402  31.163 -12.293 -39.529  31.879 -11.700 -41.581  32.245
 -10.957 -42.159  31.895 -13.058 -42.109  30.903 -13.505 -42.046  32.318 -13.015
 -43.572  31.709 -12.255 -44.063  33.365 -12.713 -43.597  32.157 -14.328 -44.291
  32.567 -15.108 -43.650  31.096 -14.514 -44.456  32.878 -14.334 -45.611  33.481
 -15.380 -45.929  32.852 -13.293 -46.313  32.798 -13.994 -41.302  32.389 -15.112
 -40.967  34.047 -13.585 -41.017  34.409 -12.705 -41.355  34.935 -14.445 -40.229
  35.103 -15.378 -40.767  36.291 -13.774 -39.977  36.133 -12.844 -39.430  36.898
 -14.450 -39.375  37.038 -13.462 -41.257  36.847 -14.127 -42.278  37.888 -12.437
 -41.216  38.412 -12.186 -42.042  38.005 -11.916 -40.359  34.295 -14.795 -38.900
  34.343 -15.949 -38.455  33.689 -13.800 -38.252  33.724 -12.853 -38.602  33.019
 -14.042 -36.984  33.707 -14.507 -36.278  32.538 -12.721 -36.397  33.337 -11.980
 -36.382  31.687 -12.326 -36.953  31.992 -12.891 -34.716  31.664 -11.613 -34.546
  31.859 -15.020 -37.144  31.711 -15.953 -36.346  31.032 -14.839 -38.176  31.135
 -14.056 -38.806  29.889 -15.730 -38.360  29.253 -15.747 -37.475  29.045 -15.275
 -39.563  29.704 -15.065 -40.405  28.066 -16.360 -39.948  27.406 -16.570 -39.106
  27.473 -16.029 -40.800  28.612 -17.265 -40.215  28.304 -13.993 -39.229  29.022
 -13.211 -38.982  27.710 -13.681 -40.088  27.646 -14.164 -38.377  30.343 -17.181
 -38.508  29.735 -18.097 -37.935  31.412 -17.421 -39.284  31.877 -16.671 -39.775
  31.895 -18.791 -39.488  31.066 -19.431 -39.790  32.969 -18.833 -40.581  33.519
 -17.894 -40.515  33.633 -19.661 -40.335  32.439 -19.012 -41.999  31.748 -19.855
 -42.010  31.909 -18.105 -42.291  33.577 -19.275 -42.982  33.278 -18.889 -43.956
  34.457 -18.736 -42.632  33.905 -20.758 -43.103  34.985 -20.874 -43.013  33.414
 -21.282 -42.282  33.444 -21.339 -44.417  33.899 -20.854 -45.177  33.681 -22.320
 -44.453  32.443 -21.232 -44.500  32.445 -19.389 -38.197  32.163 -20.550 -37.876
  33.253 -18.618 -37.458  33.609 -17.748 -37.827  33.695 -19.041 -36.130  34.287
 -19.953 -36.205  34.563 -17.944 -35.493  35.502 -17.878 -36.043  34.083 -16.965
 -35.475  34.920 -18.273 -34.072  35.938 -19.074 -33.655  36.580 -19.494 -34.429
  35.930 -19.180 -32.283  36.594 -19.705 -31.731  34.888 -18.443 -31.785  34.487
 -18.233 -30.466  35.054 -18.715 -29.669  33.402 -17.432 -30.254  33.061 -17.248
 -29.235  32.712 -16.837 -31.319  31.845 -16.201 -31.141  33.113 -17.040 -32.635
  32.551 -16.548 -33.429  34.225 -17.857 -32.880  32.506 -19.382 -35.223  32.567
 -20.332 -34.429  31.404 -18.628 -35.345  31.375 -17.918 -36.063  30.271 -18.735
 -34.431  30.610 -18.957 -33.419  29.531 -17.394 -34.416  30.289 -16.635 -34.222
  29.132 -17.260 -35.422  28.410 -17.257 -33.406  27.591 -17.915 -33.696  28.781
 -17.551 -32.424  27.806 -15.557 -33.328  29.252 -14.804 -32.596  30.111 -14.953
 -33.250  29.078 -13.736 -32.463  29.450 -15.263 -31.627  29.324 -19.882 -34.780
  28.538 -20.311 -33.922  29.422 -20.415 -35.995  30.134 -20.043 -36.607  28.524
 -21.446 -36.520  27.518 -21.060 -36.686  29.060 -22.004 -37.846  30.149 -22.024
 -37.817  28.534 -23.412 -38.057  27.445 -23.393 -38.087  28.916 -23.806 -38.999
  28.863 -24.050 -37.237  28.664 -21.099 -38.994  29.079 -20.104 -38.833  29.050
 -21.506 -39.928  27.577 -21.034 -39.048  28.280 -22.595 -35.547  27.117 -22.877
 -35.226  29.320 -23.304 -35.082  30.754 -23.023 -35.246  31.022 -22.139 -34.668
  30.974 -22.848 -36.299  31.404 -24.271 -34.725  32.359 -24.007 -34.272  31.574
 -24.953 -35.558  30.489 -24.863 -33.741  30.709 -24.457 -32.754  30.562 -25.950
 -33.710  29.076 -24.444 -34.176  28.582 -25.227 -34.751  28.215 -24.073 -32.984
  27.230 -24.765 -32.688  28.574 -22.990 -32.286  29.424 -22.495 -32.514  27.777
 -22.513 -31.162  27.763 -23.263 -30.371  28.375 -21.225 -30.603  28.236 -20.418
 -31.322  27.895 -20.959 -29.661  29.837 -21.304 -30.329  30.309 -21.952 -29.207
  29.602 -22.412 -28.516  31.655 -22.020 -28.957  32.024 -22.539 -28.072  32.542
 -21.430 -29.828  33.613 -21.479 -29.633  32.074 -20.777 -30.948  32.774 -20.309
 -31.640  30.734 -20.717 -31.190  30.363 -20.199 -32.074  26.339 -22.268 -31.581
  25.395 -22.656 -30.880  26.152 -21.596 -32.718  26.917 -21.174 -33.224  24.799
 -21.394 -33.218  24.241 -20.799 -32.495  24.830 -20.642 -34.549  25.378 -21.229
 -35.286  23.811 -20.480 -34.899  25.324 -19.680 -34.412  24.073 -22.725 -33.359
  22.921 -22.861 -32.934  24.739 -23.734 -33.919  25.705 -23.655 -34.202  24.032
 -24.972 -34.216  23.083 -24.746 -34.703  24.858 -25.853 -35.145  25.912 -25.584
 -35.070  24.731 -26.900 -34.872  24.378 -25.639 -36.583  25.024 -24.903 -37.061
  24.447 -26.586 -37.119  22.633 -25.038 -36.634  22.461 -24.374 -38.282  22.648
 -25.161 -39.013  21.450 -23.988 -38.415  23.180 -23.567 -38.426  23.670 -25.710
 -32.951  22.527 -26.143 -32.781  24.635 -25.864 -32.052  25.596 -25.672 -32.294
  24.350 -26.399 -30.725  24.093 -27.458 -30.729  25.571 -26.194 -29.817  25.966
 -25.191 -29.980  25.188 -26.357 -28.351  24.793 -27.360 -28.187  26.068 -26.207
 -27.726  24.428 -25.621 -28.089  26.677 -27.165 -30.235  26.956 -26.975 -31.271
  27.547 -27.024 -29.593  26.317 -28.189 -30.138  23.088 -25.763 -30.143  22.174
 -26.464 -29.694  23.007 -24.424 -30.158  23.769 -23.859 -30.504  21.839 -23.744
 -29.591  21.642 -24.131 -28.591  22.066 -22.225 -29.517  22.340 -21.852 -30.504
  20.783 -21.531 -29.047  20.509 -21.903 -28.060  20.949 -20.455 -28.996  19.977
 -21.741 -29.750  23.200 -21.890 -28.561  23.874 -22.746 -28.525  23.732 -21.026
 -28.959  22.712 -21.582 -27.182  22.180 -22.446 -26.783  23.561 -21.350 -26.539
  22.038 -20.726 -27.217  20.575 -24.062 -30.382  19.498 -24.233 -29.800  20.668
 -24.103 -31.717  21.530 -23.884 -32.195  19.484 -24.399 -32.523  18.660 -23.753
 -32.219  19.770 -24.161 -34.007  20.721 -24.649 -34.218  18.974 -24.664 -34.557
  19.842 -22.701 -34.439  20.546 -22.193 -33.780  20.218 -22.674 -35.462  18.497
 -22.002 -34.377  17.712 -22.692 -34.686  18.306 -21.667 -33.358  18.475 -20.839
 -35.265  19.251 -20.733 -35.903  17.511 -19.926 -35.282  16.486 -20.037 -34.446
  16.445 -20.814 -33.802  15.752 -19.344 -34.457  17.570 -18.904 -36.134  18.351
 -18.824 -36.769  16.833 -18.213 -36.141  18.996 -25.829 -32.296  17.782 -26.068
 -32.248  19.921 -26.795 -32.146  20.906 -26.580 -32.209  19.527 -28.192 -31.940
  18.952 -28.540 -32.798  20.759 -29.088 -31.780  21.302 -28.707 -30.915  20.382
 -30.087 -31.561  21.693 -29.151 -32.975  21.122 -29.530 -33.823  22.035 -28.139
 -33.191  22.905 -30.058 -32.729  22.944 -30.708 -31.656  23.815 -30.116 -33.603
  18.623 -28.341 -30.721  17.632 -29.076 -30.758  18.953 -27.647 -29.625  19.723
 -26.995 -29.665  18.262 -27.825 -28.350  17.985 -28.868 -28.198  19.158 -27.382
 -27.190  18.680 -27.661 -26.251  20.528 -28.042 -27.278  21.007 -27.763 -28.216
  21.146 -27.711 -26.443  20.413 -29.125 -27.238  19.303 -25.952 -27.212  19.865
 -25.676 -26.484  16.949 -27.061 -28.256  16.157 -27.352 -27.351  16.698 -26.109
 -29.161  17.302 -26.013 -29.965  15.574 -25.196 -29.030  15.276 -24.824 -30.010
  14.730 -25.704 -28.563  15.985 -24.025 -28.163  16.800 -24.191 -27.241  15.466
 -22.833 -28.430  14.813 -22.663 -29.181  15.932 -21.695 -27.650  16.938 -21.895
 -27.282  15.965 -20.420 -28.494  15.067 -20.372 -29.110  16.000 -19.552 -27.836
  17.112 -20.427 -29.329  17.129 -19.625 -29.857  15.074 -21.499 -26.406  13.866
 -21.762 -26.408  15.726 -21.030 -25.339  16.697 -20.766 -25.428  15.105 -20.944
 -24.024  14.617 -21.889 -23.783  16.156 -20.651 -22.956  16.783 -19.825 -23.291
  15.654 -20.372 -22.030  16.963 -21.796 -22.730  17.618 -21.598 -22.057  14.004
 -19.885 -23.984  13.933 -18.979 -24.822  13.123 -20.032 -22.994  13.251 -20.808
 -22.360  11.977 -19.157 -22.792  11.711 -18.691 -23.740  10.759 -19.929 -22.266
  11.053 -20.334 -21.298   9.971 -19.190 -22.125  10.244 -21.059 -23.155  11.098
 -21.674 -23.439   9.548 -21.655 -22.564   9.540 -20.554 -24.414   8.759 -19.851
 -24.125  10.268 -20.047 -25.047   8.919 -21.715 -25.184   9.609 -22.558 -25.145
   7.985 -21.988 -24.694   8.649 -21.362 -26.602   9.515 -21.109 -27.057   8.240
 -22.155 -27.074   8.009 -20.581 -26.639  12.335 -18.056 -21.805  13.229 -18.213
 -20.968  11.631 -16.934 -21.923  10.999 -16.800 -22.699  11.784 -15.852 -20.965
  12.829 -15.550 -20.903  10.954 -14.649 -21.408  11.236 -14.554 -22.457   9.906
 -14.940 -21.339  11.158 -13.306 -20.701  10.744 -13.379 -19.695  12.642 -12.936
 -20.616  13.057 -12.863 -21.621  12.749 -11.977 -20.108  13.177 -13.704 -20.058
  10.366 -12.203 -21.408   9.305 -12.452 -21.396  10.522 -11.255 -20.893  10.706
 -12.115 -22.440  11.356 -16.327 -19.582  10.385 -17.074 -19.444  12.111 -15.923
 -18.560  12.953 -15.402 -18.761  11.809 -16.239 -17.169  11.093 -17.060 -17.127
  13.080 -16.657 -16.415  13.831 -15.892 -16.612  12.833 -16.658 -15.353  13.632
 -18.028 -16.811  12.986 -18.786 -16.367  13.586 -18.103 -17.897  15.078 -18.251
 -16.344  15.649 -18.642 -17.186  15.489 -17.287 -16.043  15.164 -19.221 -15.182
  14.947 -18.690 -14.255  14.433 -20.017 -15.324  16.526 -19.808 -15.108  17.204
 -19.071 -14.976  16.573 -20.452 -14.332  16.728 -20.300 -15.967  11.156 -15.039
 -16.481  11.231 -13.902 -16.958  10.467 -15.320 -15.371  10.257 -16.288 -15.174
   9.972 -14.304 -14.449  10.036 -13.323 -14.920   8.507 -14.571 -14.066   7.898
 -14.474 -14.965   8.385 -15.572 -13.651   7.937 -13.613 -13.054   7.314 -12.431
 -13.407   6.904 -11.807 -12.312   6.391 -10.848 -12.381   7.231 -12.543 -11.262
   7.048 -12.316 -10.295   7.868 -13.682 -11.698   8.206 -14.427 -10.978  10.869
 -14.320 -13.217  11.232 -15.393 -12.717  11.255 -13.135 -12.747  10.971 -12.292
 -13.226  12.124 -13.009 -11.584  12.328 -13.998 -11.174  13.460 -12.347 -11.958
  13.293 -11.344 -12.349  14.094 -12.290 -11.073  14.256 -13.101 -13.017  14.077
 -12.830 -14.370  13.356 -12.068 -14.665  14.797 -13.510 -15.334  14.639 -13.290
 -16.390  15.715 -14.467 -14.959  16.287 -15.003 -15.716  15.910 -14.747 -13.618
  16.633 -15.507 -13.320  15.189 -14.064 -12.656  15.350 -14.279 -11.600  11.408
 -12.204 -10.509  10.988 -11.067 -10.756  11.250 -12.802  -9.328  11.466 -13.782
  -9.214  10.744 -12.067  -8.176   9.663 -11.949  -8.257  11.059 -12.825  -6.879
  12.051 -13.252  -7.025  11.102 -12.064  -6.100  10.089 -13.926  -6.461   9.111
 -13.489  -6.260  10.002 -14.656  -7.266  10.609 -14.621  -5.194  10.226 -14.103
  -4.315  10.266 -15.656  -5.184  12.080 -14.611  -5.143  12.546 -14.000  -5.799
  12.827 -15.333  -4.304  12.255 -16.155  -3.424  11.249 -16.233  -3.391  12.831
 -16.696  -2.795  14.154 -15.236  -4.352  14.588 -14.617  -5.022  14.720 -15.781
  -3.718  11.379 -10.685  -8.127  12.601 -10.550  -8.176  10.547  -9.659  -8.046
   9.550  -9.776  -8.160  11.055  -8.335  -7.790  10.228  -7.758  -7.375  11.837
  -8.441  -7.038  11.617  -7.600  -8.982  12.197  -6.522  -8.807  11.463  -8.127
 -10.189  11.059  -9.047 -10.288  11.920  -7.442 -11.388  12.381  -6.487 -11.135
  12.939  -8.288 -12.164  12.461  -9.205 -12.510  13.445  -7.506 -13.351  13.923
  -6.589 -13.006  14.168  -8.107 -13.901  12.609  -7.255 -14.005  14.085  -8.675
 -11.245  13.699  -9.253 -10.406  14.808  -9.276 -11.798  14.572  -7.774 -10.872
  10.714  -7.106 -12.252   9.894  -7.983 -12.555  10.599  -5.831 -12.629  11.209
  -5.128 -12.238   9.586  -5.411 -13.585   8.589  -5.451 -13.146   9.869  -3.974
 -14.023  10.860  -3.919 -14.473   9.122  -3.662 -14.753   9.827  -3.314 -13.156
   9.593  -6.343 -14.791  10.658  -6.688 -15.309   8.401  -6.755 -15.250   7.536
  -6.501 -14.795   8.343  -7.680 -16.385   8.991  -8.534 -16.191   6.917  -8.189
 -16.609   6.227  -7.412 -16.280   6.784  -8.363 -17.677   6.633  -9.477 -15.845
   5.456  -9.903 -15.780   7.595 -10.069 -15.303   8.898  -7.066 -17.670   9.495
  -7.781 -18.483   8.736  -5.756 -17.875   8.180  -5.158 -17.280   9.326  -5.178
 -19.080   9.118  -5.825 -19.932   8.747  -3.785 -19.369   9.130  -3.499 -20.348
   7.666  -3.916 -19.427   9.069  -2.703 -18.368  10.024  -2.944 -17.900   9.154
  -1.754 -18.898   8.000  -2.592 -17.303   7.080  -3.442 -17.315   8.075  -1.661
 -16.462  10.849  -5.102 -19.022  11.458  -4.688 -20.018  11.471  -5.495 -17.906
  10.910  -5.773 -17.113  12.922  -5.475 -17.754  13.386  -5.111 -18.671  13.324
  -4.550 -16.601  12.722  -4.798 -15.727  14.375  -4.739 -16.383  13.134  -3.081
 -16.946  13.608  -2.648 -18.033  12.496  -2.360 -16.138  13.504  -6.863 -17.535
  14.703  -6.983 -17.258  12.693  -7.916 -17.672  11.737  -7.794 -17.973  13.142
  -9.259 -17.322  13.679  -9.187 -16.376  11.942 -10.193 -17.133  11.399 -10.283
 -18.074  12.292 -11.177 -16.821  11.280  -9.785 -16.370  14.097  -9.845 -18.352
  14.842 -10.773 -18.026  14.092  -9.337 -19.585  13.383  -8.690 -19.900  15.097
  -9.782 -20.544  15.124 -10.871 -20.567  14.771  -9.269 -21.957  15.522  -9.622
 -22.664  13.788  -9.628 -22.262  14.738  -7.774 -22.077  13.738  -7.000 -21.523
  13.974  -5.726 -21.783  13.294  -4.952 -21.427  15.091  -5.643 -22.487  15.520
  -4.793 -22.824  15.584  -6.910 -22.691  16.501  -7.052 -23.263  16.501  -9.347
 -20.137  17.477  -9.921 -20.636  16.625  -8.368 -19.231  15.788  -7.958 -18.843
  17.915  -7.812 -18.836  18.652  -7.996 -19.617  17.799  -6.296 -18.617  16.973
  -6.096 -17.935  18.729  -5.941 -18.174  17.553  -5.527 -19.925  18.186  -5.798
 -20.959  16.621  -4.569 -19.882  16.416  -4.030 -20.711  16.126  -4.388 -19.020
  18.491  -8.478 -17.595  19.528  -8.037 -17.094  17.849  -9.524 -17.099  16.947
  -9.769 -17.482  18.363 -10.309 -15.989  19.047  -9.732 -15.368  17.212 -10.839
 -15.125  16.581 -11.487 -15.734  17.750 -11.623 -13.944  18.380 -10.976 -13.334
  16.919 -11.991 -13.343  18.338 -12.467 -14.305  16.326  -9.678 -14.673  15.811
  -9.298 -15.555  15.595 -10.080 -13.971  17.086  -8.562 -14.019  17.817  -8.159
 -14.720  16.393  -7.774 -13.725  17.601  -8.941 -13.136  19.206 -11.450 -16.548
  18.758 -12.186 -17.436  20.427 -11.598 -16.033  20.769 -10.969 -15.321  21.315
 -12.652 -16.509  21.382 -12.612 -17.596  22.716 -12.483 -15.927  23.078 -11.497
 -16.217  22.631 -12.533 -14.841  23.688 -13.536 -16.405  24.633 -13.401 -15.878
  23.293 -14.529 -16.192  23.943 -13.426 -17.887  24.180 -12.340 -18.390  23.880
 -14.542 -18.596  24.044 -14.514 -19.592  23.668 -15.417 -18.138  20.777 -14.027
 -16.134  20.310 -14.250 -15.011  20.872 -14.964 -17.075  21.246 -14.722 -17.981
  20.401 -16.321 -16.865  20.004 -16.427 -15.855  19.298 -16.694 -17.868  19.172
 -17.777 -17.871  17.978 -16.029 -17.481  18.103 -14.946 -17.478  17.207 -16.303
 -18.201  17.680 -16.362 -16.487  19.677 -16.276 -19.187  18.984 -16.512 -19.809
  21.558 -17.307 -16.969  22.622 -17.008 -17.520  21.338 -18.495 -16.418  20.468
 -18.665 -15.933  22.325 -19.556 -16.452  23.106 -19.311 -17.172  22.964 -19.732
 -15.084  23.568 -18.857 -14.844  22.202 -19.869 -14.317  23.870 -20.911 -15.000
  23.443 -22.149 -14.569  24.454 -22.998 -14.609  24.319 -24.037 -14.309  25.522
 -22.353 -15.046  26.443 -22.748 -15.174  25.182 -21.047 -15.302  25.933 -20.352
 -15.678  21.655 -20.847 -16.901  20.539 -21.158 -16.464  22.332 -21.577 -17.791
  23.148 -21.153 -18.208  21.950 -22.918 -18.225  21.197 -23.314 -17.544  21.371
 -22.912 -19.648  20.724 -23.784 -19.741  20.775 -22.005 -19.754  22.433 -22.951
 -20.737  23.187 -22.203 -20.491  22.887 -23.942 -20.721  21.870 -22.668 -22.139
  21.626 -21.607 -22.199  22.643 -22.904 -22.870  20.673 -23.443 -22.457  20.171
 -23.863 -21.688  20.209 -23.623 -23.693  20.848 -23.100 -24.730  21.690 -22.563
 -24.582  20.490 -23.241 -25.664  19.104 -24.330 -23.895  18.615 -24.732 -23.108
  18.758 -24.463 -24.834  23.181 -23.813 -18.153  24.244 -23.402 -17.688  23.054
 -25.050 -18.626  22.150 -25.422 -18.881  24.212 -25.943 -18.681  24.910 -25.687
 -17.884  23.785 -27.394 -18.506  22.908 -27.547 -19.134  24.590 -28.047 -18.842
  23.436 -27.721 -17.058  23.107 -26.776 -16.293  23.515 -28.913 -16.680  24.984
 -25.706 -19.981  25.132 -26.574 -20.845  25.469 -24.470 -20.105  25.278 -23.774
 -19.398  26.238 -24.073 -21.272  25.688 -24.323 -22.179  26.497 -22.561 -21.257
  26.987 -22.310 -20.316  27.162 -22.322 -22.087  25.297 -21.811 -21.381  25.503
 -20.873 -21.367  27.563 -24.808 -21.363  28.157 -24.837 -22.445  28.051 -25.390
 -20.266  27.595 -25.325 -19.367  29.341 -26.065 -20.340  30.070 -25.423 -20.834
  29.845 -26.385 -18.935  28.977 -26.824 -18.443  30.659 -27.109 -18.949  30.290
 -25.127 -18.164  29.475 -24.403 -18.191  30.643 -25.446 -16.705  31.458 -26.169
 -16.678  30.952 -24.532 -16.197  29.770 -25.863 -16.202  31.450 -24.412 -18.870
  31.137 -24.110 -19.869  31.736 -23.530 -18.297  32.302 -25.088 -18.946  29.259
 -27.313 -21.210  30.173 -27.589 -21.997  28.167 -28.071 -21.100  27.485 -27.912
 -20.373  27.966 -29.202 -22.002  28.829 -29.866 -21.965  26.723 -29.992 -21.586
  25.831 -29.395 -21.775  26.700 -30.886 -22.209  26.761 -30.397 -20.117  27.507
 -31.348 -19.770  26.069 -29.737 -19.303  27.848 -28.725 -23.443  28.557 -29.214
 -24.332  26.954 -27.758 -23.688  26.320 -27.452 -22.963  26.834 -27.155 -25.013
  26.477 -27.895 -25.729  25.839 -25.994 -24.973  26.258 -25.332 -24.215  25.850
 -25.491 -25.940  24.406 -26.347 -24.602  24.400 -26.796 -23.609  23.523 -25.098
 -24.602  23.529 -24.648 -25.595  22.503 -25.374 -24.334  23.907 -24.381 -23.877
  23.881 -27.407 -25.559  24.504 -28.299 -25.491  22.855 -27.660 -25.294  23.908
 -27.022 -26.578  28.181 -26.665 -25.529  28.469 -26.752 -26.729  29.015 -26.128
 -24.640  28.770 -26.035 -23.665  30.287 -25.582 -25.087  30.119 -24.840 -25.868
  31.012 -24.909 -23.922  30.365 -24.061 -23.699  31.048 -25.574 -23.059  32.418
 -24.407 -24.236  32.981 -25.205 -24.721  32.355 -23.201 -25.156  31.793 -22.403
 -24.671  33.366 -22.854 -25.371  31.861 -23.479 -26.087  33.199 -24.116 -22.957
  33.280 -25.027 -22.365  34.197 -23.760 -23.213  32.679 -23.352 -22.379  31.153
 -26.661 -25.723  31.772 -26.426 -26.768  31.190 -27.860 -25.132  30.692 -28.055
 -24.276  32.041 -28.908 -25.693  33.001 -28.482 -25.986  32.291 -30.017 -24.665
  31.338 -30.515 -24.486  32.996 -30.727 -25.098  32.845 -29.492 -23.346  32.248
 -29.811 -22.292  33.861 -28.760 -23.355  31.439 -29.488 -26.974  32.178 -29.827
 -27.910  30.101 -29.612 -27.035  29.527 -29.410 -26.229  29.443 -30.096 -28.252
  29.825 -31.085 -28.505  27.927 -30.192 -28.054  27.588 -29.198 -27.763  27.502
 -30.451 -29.024  27.474 -31.205 -27.017  27.810 -32.194 -27.328  27.931 -30.951
 -26.061  25.957 -31.207 -26.870  25.594 -30.185 -26.983  25.531 -31.832 -27.655
  25.536 -31.750 -25.501  25.939 -32.758 -25.405  25.977 -31.109 -24.738  24.054
 -31.787 -25.323  23.645 -32.382 -26.029  23.834 -32.152 -24.407  23.681 -30.853
 -25.412  29.746 -29.202 -29.444  29.885 -29.692 -30.567  29.836 -27.893 -29.224
  29.562 -27.492 -28.338  30.272 -26.994 -30.283  29.735 -27.242 -31.198  29.955
 -25.540 -29.907  30.493 -25.274 -28.997  30.263 -24.879 -30.717  28.883 -25.433
 -29.739  31.757 -27.161 -30.570  32.148 -27.430 -31.712  32.587 -26.994 -29.548
  32.211 -26.739 -28.646  34.022 -27.120 -29.683  34.354 -26.600 -30.582  34.739
 -26.506 -28.466  34.258 -26.921 -27.580  35.773 -26.847 -28.511  34.709 -24.972
 -28.393  35.261 -24.586 -29.250  33.668 -24.655 -28.459  35.339 -24.418 -27.077
  35.440 -23.338 -27.180  34.657 -24.642 -26.256  36.655 -24.985 -26.763  36.689
 -25.677 -26.028  37.791 -24.649 -27.373  37.790 -23.744 -28.349  36.923 -23.309
 -28.629  38.657 -23.496 -28.805  38.935 -25.223 -27.009  38.938 -25.912 -26.271
  39.795 -24.967 -27.473  34.407 -28.590 -29.835  35.593 -28.926 -29.901  33.096
 -29.698 -30.022
